  0
SECTION
  2
HEADER
  9
$ACADVER
  1
AC1018
  9
$HANDSEED
  5
FFFFFFFF
  9
$ANGBASE
  50
0.0
  9
$ANGDIR
  70
1
  9
$MEASUREMENT
  70
0
  9
$INSUNITS
  70
1
  0
ENDSEC
  0
SECTION
  2
TABLES
  0
TABLE
  2
APPID
  5
1
330
0
100
AcDbSymbolTable
 70
1
  0
APPID
  5
2
330
1
100
AcDbSymbolTableRecord
100
AcDbRegAppTableRecord
  2
ACAD
 70
0
  0
ENDTAB
  0
TABLE
  2
LTYPE
  5
3
330
0
100
AcDbSymbolTable
 70
6
  0
LTYPE
  5
4
330
3
100
AcDbSymbolTableRecord
100
AcDbLinetypeTableRecord
  2
ByBlock
 70
0
  3

 72
65
 73
0
 40
0
  0
LTYPE
  5
5
330
3
100
AcDbSymbolTableRecord
100
AcDbLinetypeTableRecord
  2
ByLayer
 70
0
  3

 72
65
 73
0
 40
0
  0
LTYPE
  5
6
330
3
100
AcDbSymbolTableRecord
100
AcDbLinetypeTableRecord
  2
CONTINUOUS
 70
0
  3
Solid line
 72
65
 73
0
 40
0
  0
LTYPE
  5
7
330
3
100
AcDbSymbolTableRecord
100
AcDbLinetypeTableRecord
  2
DASHDOT
 70
0
  3
Dash Dot ____ _ ____ _
 72
65
 73
4
 40
2
 49
1.25
 74
0
 49
-0.25
 74
0
 49
0.25
 74
0
 49
-0.25
 74
0
  0
LTYPE
  5
8
330
3
100
AcDbSymbolTableRecord
100
AcDbLinetypeTableRecord
  2
DASHED
 70
0
  3
Dashed __ __ __ __ __
 72
65
 73
2
 40
0.75
 49
0.5
 74
0
 49
-0.25
 74
0
  0
LTYPE
  5
9
330
3
100
AcDbSymbolTableRecord
100
AcDbLinetypeTableRecord
  2
DOTTED
 70
0
  3
Dotted .  .  .  .
 72
65
 73
2
 40
0.2
 49
0.0
 74
0
 49
-0.2
 74
0
  0
ENDTAB
  0
TABLE
  2
STYLE
  5
A
330
0
100
AcDbSymbolTable
 70
4
  0
STYLE
  5
B
330
A
100
AcDbSymbolTableRecord
100
AcDbTextStyleTableRecord
  2
KICAD
 70
0
 40
0
 41
1
 42
1
 50
0
 71
0
  3
isocp.shx
  0
STYLE
  5
C
330
A
100
AcDbSymbolTableRecord
100
AcDbTextStyleTableRecord
  2
KICADB
 70
0
 40
0
 41
1
 42
1
 50
0
 71
0
  3
isocp.shx
  0
STYLE
  5
D
330
A
100
AcDbSymbolTableRecord
100
AcDbTextStyleTableRecord
  2
KICADI
 70
0
 40
0
 41
1
 42
1
 50
15
 71
0
  3
isocp.shx
  0
STYLE
  5
E
330
A
100
AcDbSymbolTableRecord
100
AcDbTextStyleTableRecord
  2
KICADBI
 70
0
 40
0
 41
1
 42
1
 50
15
 71
0
  3
isocp.shx
  0
ENDTAB
  0
TABLE
  2
LAYER
  5
F
330
0
100
AcDbSymbolTable
 70
3
  0
LAYER
  5
12
330
F
100
AcDbSymbolTableRecord
100
AcDbLayerTableRecord
  2
0
 70
0
 62
7
  6
CONTINUOUS
390
10
  0
LAYER
  5
13
330
F
100
AcDbSymbolTableRecord
100
AcDbLayerTableRecord
  2
B.Cu
 70
0
 62
153
420
5078980
  6
CONTINUOUS
390
10
  0
LAYER
  5
14
330
F
100
AcDbSymbolTableRecord
100
AcDbLayerTableRecord
  2
Edge.Cuts
 70
0
 62
254
420
13685453
  6
CONTINUOUS
390
10
  0
ENDTAB
  0
TABLE
  2
VPORT
  5
15
330
0
100
AcDbSymbolTable
 70
0
  0
ENDTAB
  0
TABLE
  2
VIEW
  5
16
330
0
100
AcDbSymbolTable
 70
0
  0
ENDTAB
  0
TABLE
  2
UCS
  5
17
330
0
100
AcDbSymbolTable
 70
0
  0
ENDTAB
  0
TABLE
  2
DIMSTYLE
  5
18
330
0
100
AcDbSymbolTable
 70
1
100
AcDbDimStyleTable
 71
0
  0
DIMSTYLE
105
19
330
18
100
AcDbSymbolTableRecord
100
AcDbDimStyleTableRecord
  2
Standard
 70
0
  0
ENDTAB
  0
TABLE
  2
BLOCK_RECORD
  5
1A
330
0
100
AcDbSymbolTable
 70
3
  0
BLOCK_RECORD
  5
1B
330
1A
100
AcDbSymbolTableRecord
100
AcDbBlockTableRecord
  2
*Model_Space
340
1E
 70
0
280
1
281
0
  0
BLOCK_RECORD
  5
1C
330
1A
100
AcDbSymbolTableRecord
100
AcDbBlockTableRecord
  2
*Paper_Space
340
1F
 70
0
280
1
281
0
  0
BLOCK_RECORD
  5
1D
330
1A
100
AcDbSymbolTableRecord
100
AcDbBlockTableRecord
  2
*Paper_Space0
340
20
 70
0
280
1
281
0
  0
ENDTAB
  0
ENDSEC
  0
SECTION
  2
BLOCKS
  0
BLOCK
  5
24
330
1B
100
AcDbEntity
  8
0
100
AcDbBlockBegin
  2
*Model_Space
 70
0
 10
0.0
 20
0.0
 30
0.0
  3
*Model_Space
  1

  0
ENDBLK
  5
23
330
1B
100
AcDbEntity
  8
0
100
AcDbBlockEnd
  0
BLOCK
  5
26
330
1C
100
AcDbEntity
 67
1
  8
0
100
AcDbBlockBegin
  2
*Paper_Space
 70
0
 10
0.0
 20
0.0
 30
0.0
  3
*Paper_Space
  1

  0
ENDBLK
  5
25
330
1C
100
AcDbEntity
 67
1
  8
0
100
AcDbBlockEnd
  0
BLOCK
  5
28
330
1D
100
AcDbEntity
 67
1
  8
0
100
AcDbBlockBegin
  2
*Paper_Space0
 70
0
 10
0.0
 20
0.0
 30
0.0
  3
*Paper_Space0
  1

  0
ENDBLK
  5
27
330
1D
100
AcDbEntity
 67
1
  8
0
100
AcDbBlockEnd
  0
ENDSEC
  0
SECTION
  2
ENTITIES
  0
LINE
  5
29
330
1B
100
AcDbEntity
  8
B.Cu
  6
CONTINUOUS
100
AcDbLine
 10
3.4448818897637796
 20
-3.3759842519685037
 30
0
 11
3.4694881889763778
 21
-3.3759842519685037
 31
0
  0
LINE
  5
2A
330
1B
100
AcDbEntity
  8
B.Cu
  6
CONTINUOUS
100
AcDbLine
 10
3.4694881889763778
 20
-3.3759842519685037
 30
0
 11
3.4737008267716534
 21
-3.3765980314960631
 31
0
  0
LINE
  5
2B
330
1B
100
AcDbEntity
  8
B.Cu
  6
CONTINUOUS
100
AcDbLine
 10
3.4737008267716534
 20
-3.3765980314960631
 30
0
 11
3.478067086614173
 21
-3.378732559055118
 31
0
  0
LINE
  5
2C
330
1B
100
AcDbEntity
  8
B.Cu
  6
CONTINUOUS
100
AcDbLine
 10
3.478067086614173
 20
-3.378732559055118
 30
0
 11
3.4815036614173227
 21
-3.3821691338582678
 31
0
  0
LINE
  5
2D
330
1B
100
AcDbEntity
  8
B.Cu
  6
CONTINUOUS
100
AcDbLine
 10
3.4815036614173227
 20
-3.3821691338582678
 30
0
 11
3.4836381889763777
 21
-3.3865353937007874
 31
0
  0
LINE
  5
2E
330
1B
100
AcDbEntity
  8
B.Cu
  6
CONTINUOUS
100
AcDbLine
 10
3.4836381889763777
 20
-3.3865353937007874
 30
0
 11
3.484251968503937
 21
-3.390748031496063
 31
0
  0
LINE
  5
2F
330
1B
100
AcDbEntity
  8
B.Cu
  6
CONTINUOUS
100
AcDbLine
 10
3.484251968503937
 20
-3.390748031496063
 30
0
 11
3.484251968503937
 21
-3.420275590551181
 31
0
  0
LINE
  5
30
330
1B
100
AcDbEntity
  8
B.Cu
  6
CONTINUOUS
100
AcDbLine
 10
3.484251968503937
 20
-3.420275590551181
 30
0
 11
3.4836381889763777
 21
-3.4244882283464566
 31
0
  0
LINE
  5
31
330
1B
100
AcDbEntity
  8
B.Cu
  6
CONTINUOUS
100
AcDbLine
 10
3.4836381889763777
 20
-3.4244882283464566
 30
0
 11
3.4815036614173227
 21
-3.4288544881889762
 31
0
  0
LINE
  5
32
330
1B
100
AcDbEntity
  8
B.Cu
  6
CONTINUOUS
100
AcDbLine
 10
3.4815036614173227
 20
-3.4288544881889762
 30
0
 11
3.478067086614173
 21
-3.4322910629921259
 31
0
  0
LINE
  5
33
330
1B
100
AcDbEntity
  8
B.Cu
  6
CONTINUOUS
100
AcDbLine
 10
3.478067086614173
 20
-3.4322910629921259
 30
0
 11
3.4737008267716534
 21
-3.4344255905511809
 31
0
  0
LINE
  5
34
330
1B
100
AcDbEntity
  8
B.Cu
  6
CONTINUOUS
100
AcDbLine
 10
3.4737008267716534
 20
-3.4344255905511809
 30
0
 11
3.4694881889763778
 21
-3.4350393700787403
 31
0
  0
LINE
  5
35
330
1B
100
AcDbEntity
  8
B.Cu
  6
CONTINUOUS
100
AcDbLine
 10
3.4694881889763778
 20
-3.4350393700787403
 30
0
 11
3.420275590551181
 21
-3.4350393700787403
 31
0
  0
LINE
  5
36
330
1B
100
AcDbEntity
  8
B.Cu
  6
CONTINUOUS
100
AcDbLine
 10
3.420275590551181
 20
-3.4350393700787403
 30
0
 11
3.3390023622047242
 21
-3.4350393700787403
 31
0
  0
LINE
  5
37
330
1B
100
AcDbEntity
  8
B.Cu
  6
CONTINUOUS
100
AcDbLine
 10
3.3390023622047242
 20
-3.4350393700787403
 30
0
 11
3.2775590551181102
 21
-3.4964826771653543
 31
0
  0
LINE
  5
38
330
1B
100
AcDbEntity
  8
B.Cu
  6
CONTINUOUS
100
AcDbLine
 10
3.2775590551181102
 20
-3.4964826771653543
 30
0
 11
3.2775590551181102
 21
-3.917322834645669
 31
0
  0
LINE
  5
39
330
1B
100
AcDbEntity
  8
B.Cu
  6
CONTINUOUS
100
AcDbLine
 10
3.2775590551181102
 20
-3.917322834645669
 30
0
 11
3.2774168897637797
 21
-3.9202170472440945
 31
0
  0
LINE
  5
3A
330
1B
100
AcDbEntity
  8
B.Cu
  6
CONTINUOUS
100
AcDbLine
 10
3.2774168897637797
 20
-3.9202170472440945
 30
0
 11
3.2762875984251969
 21
-3.9258942519685038
 31
0
  0
LINE
  5
3B
330
1B
100
AcDbEntity
  8
B.Cu
  6
CONTINUOUS
100
AcDbLine
 10
3.2762875984251969
 20
-3.9258942519685038
 30
0
 11
3.2740724803149606
 21
-3.9312420472440945
 31
0
  0
LINE
  5
3C
330
1B
100
AcDbEntity
  8
B.Cu
  6
CONTINUOUS
100
AcDbLine
 10
3.2740724803149606
 20
-3.9312420472440945
 30
0
 11
3.2732399606299212
 21
-3.9324879921259841
 31
0
  0
LINE
  5
3D
330
1B
100
AcDbEntity
  8
B.Cu
  6
CONTINUOUS
100
AcDbLine
 10
3.2732399606299212
 20
-3.9324879921259841
 30
0
 11
3.2708566141732285
 21
-3.9360549606299213
 31
0
  0
LINE
  5
3E
330
1B
100
AcDbEntity
  8
B.Cu
  6
CONTINUOUS
100
AcDbLine
 10
3.2708566141732285
 20
-3.9360549606299213
 30
0
 11
3.2689106299212596
 21
-3.9382019685039369
 31
0
  0
LINE
  5
3F
330
1B
100
AcDbEntity
  8
B.Cu
  6
CONTINUOUS
100
AcDbLine
 10
3.2689106299212596
 20
-3.9382019685039369
 30
0
 11
2.9625984251968505
 21
-4.244514173228346
 31
0
  0
LINE
  5
40
330
1B
100
AcDbEntity
  8
B.Cu
  6
CONTINUOUS
100
AcDbLine
 10
2.9625984251968505
 20
-4.244514173228346
 30
0
 11
2.9625984251968505
 21
-5.0271393700787401
 31
0
  0
LINE
  5
41
330
1B
100
AcDbEntity
  8
B.Cu
  6
CONTINUOUS
100
AcDbLine
 10
2.9625984251968505
 20
-5.0271393700787401
 30
0
 11
3.0634118110236219
 21
-5.127952755905512
 31
0
  0
LINE
  5
42
330
1B
100
AcDbEntity
  8
B.Cu
  6
CONTINUOUS
100
AcDbLine
 10
3.0634118110236219
 20
-5.127952755905512
 30
0
 11
6.7594228346456688
 21
-5.127952755905512
 31
0
  0
LINE
  5
43
330
1B
100
AcDbEntity
  8
B.Cu
  6
CONTINUOUS
100
AcDbLine
 10
6.7594228346456688
 20
-5.127952755905512
 30
0
 11
6.9389763779527556
 21
-4.9483992125984253
 31
0
  0
LINE
  5
44
330
1B
100
AcDbEntity
  8
B.Cu
  6
CONTINUOUS
100
AcDbLine
 10
6.9389763779527556
 20
-4.9483992125984253
 30
0
 11
6.9389763779527556
 21
-4.3110236220472444
 31
0
  0
LINE
  5
45
330
1B
100
AcDbEntity
  8
B.Cu
  6
CONTINUOUS
100
AcDbLine
 10
6.9389763779527556
 20
-4.3110236220472444
 30
0
 11
6.9389763779527556
 21
-4.3011811023622046
 31
0
  0
LINE
  5
46
330
1B
100
AcDbEntity
  8
B.Cu
  6
CONTINUOUS
100
AcDbLine
 10
6.9389763779527556
 20
-4.3011811023622046
 30
0
 11
6.9391185433070861
 21
-4.2982868897637792
 31
0
  0
LINE
  5
47
330
1B
100
AcDbEntity
  8
B.Cu
  6
CONTINUOUS
100
AcDbLine
 10
6.9391185433070861
 20
-4.2982868897637792
 30
0
 11
6.9402478346456693
 21
-4.2926096850393698
 31
0
  0
LINE
  5
48
330
1B
100
AcDbEntity
  8
B.Cu
  6
CONTINUOUS
100
AcDbLine
 10
6.9402478346456693
 20
-4.2926096850393698
 30
0
 11
6.9424629527559052
 21
-4.2872618897637791
 31
0
  0
LINE
  5
49
330
1B
100
AcDbEntity
  8
B.Cu
  6
CONTINUOUS
100
AcDbLine
 10
6.9424629527559052
 20
-4.2872618897637791
 30
0
 11
6.9456788188976377
 21
-4.2824490157480311
 31
0
  0
LINE
  5
4A
330
1B
100
AcDbEntity
  8
B.Cu
  6
CONTINUOUS
100
AcDbLine
 10
6.9456788188976377
 20
-4.2824490157480311
 30
0
 11
6.9497718503937005
 21
-4.2783559842519683
 31
0
  0
LINE
  5
4B
330
1B
100
AcDbEntity
  8
B.Cu
  6
CONTINUOUS
100
AcDbLine
 10
6.9497718503937005
 20
-4.2783559842519683
 30
0
 11
6.9545847244094485
 21
-4.2751401181102358
 31
0
  0
LINE
  5
4C
330
1B
100
AcDbEntity
  8
B.Cu
  6
CONTINUOUS
100
AcDbLine
 10
6.9545847244094485
 20
-4.2751401181102358
 30
0
 11
6.9599325196850392
 21
-4.2729249999999999
 31
0
  0
LINE
  5
4D
330
1B
100
AcDbEntity
  8
B.Cu
  6
CONTINUOUS
100
AcDbLine
 10
6.9599325196850392
 20
-4.2729249999999999
 30
0
 11
6.9656097244094486
 21
-4.2717957086614176
 31
0
  0
LINE
  5
4E
330
1B
100
AcDbEntity
  8
B.Cu
  6
CONTINUOUS
100
AcDbLine
 10
6.9656097244094486
 20
-4.2717957086614176
 30
0
 11
6.9713981496062987
 21
-4.2717957086614176
 31
0
  0
LINE
  5
4F
330
1B
100
AcDbEntity
  8
B.Cu
  6
CONTINUOUS
100
AcDbLine
 10
6.9713981496062987
 20
-4.2717957086614176
 30
0
 11
6.9770753543307089
 21
-4.2729249999999999
 31
0
  0
LINE
  5
50
330
1B
100
AcDbEntity
  8
B.Cu
  6
CONTINUOUS
100
AcDbLine
 10
6.9770753543307089
 20
-4.2729249999999999
 30
0
 11
6.9824231496062987
 21
-4.2751401181102358
 31
0
  0
LINE
  5
51
330
1B
100
AcDbEntity
  8
B.Cu
  6
CONTINUOUS
100
AcDbLine
 10
6.9824231496062987
 20
-4.2751401181102358
 30
0
 11
6.9872360236220468
 21
-4.2783559842519683
 31
0
  0
LINE
  5
52
330
1B
100
AcDbEntity
  8
B.Cu
  6
CONTINUOUS
100
AcDbLine
 10
6.9872360236220468
 20
-4.2783559842519683
 30
0
 11
6.9913290551181104
 21
-4.2824490157480311
 31
0
  0
LINE
  5
53
330
1B
100
AcDbEntity
  8
B.Cu
  6
CONTINUOUS
100
AcDbLine
 10
6.9913290551181104
 20
-4.2824490157480311
 30
0
 11
6.9945449212598421
 21
-4.2872618897637791
 31
0
  0
LINE
  5
54
330
1B
100
AcDbEntity
  8
B.Cu
  6
CONTINUOUS
100
AcDbLine
 10
6.9945449212598421
 20
-4.2872618897637791
 30
0
 11
6.9967600393700788
 21
-4.2926096850393698
 31
0
  0
LINE
  5
55
330
1B
100
AcDbEntity
  8
B.Cu
  6
CONTINUOUS
100
AcDbLine
 10
6.9967600393700788
 20
-4.2926096850393698
 30
0
 11
6.9978893307086611
 21
-4.2982868897637792
 31
0
  0
LINE
  5
56
330
1B
100
AcDbEntity
  8
B.Cu
  6
CONTINUOUS
100
AcDbLine
 10
6.9978893307086611
 20
-4.2982868897637792
 30
0
 11
6.9980314960629917
 21
-4.3011811023622046
 31
0
  0
LINE
  5
57
330
1B
100
AcDbEntity
  8
B.Cu
  6
CONTINUOUS
100
AcDbLine
 10
6.9980314960629917
 20
-4.3011811023622046
 30
0
 11
6.9980314960629917
 21
-4.3110236220472444
 31
0
  0
LINE
  5
58
330
1B
100
AcDbEntity
  8
B.Cu
  6
CONTINUOUS
100
AcDbLine
 10
6.9980314960629917
 20
-4.3110236220472444
 30
0
 11
6.9980314960629917
 21
-4.9606299212598426
 31
0
  0
LINE
  5
59
330
1B
100
AcDbEntity
  8
B.Cu
  6
CONTINUOUS
100
AcDbLine
 10
6.9980314960629917
 20
-4.9606299212598426
 30
0
 11
6.9978893307086611
 21
-4.9635241338582672
 31
0
  0
LINE
  5
5A
330
1B
100
AcDbEntity
  8
B.Cu
  6
CONTINUOUS
100
AcDbLine
 10
6.9978893307086611
 20
-4.9635241338582672
 30
0
 11
6.9967600787401576
 21
-4.9692012992125987
 31
0
  0
LINE
  5
5B
330
1B
100
AcDbEntity
  8
B.Cu
  6
CONTINUOUS
100
AcDbLine
 10
6.9967600787401576
 20
-4.9692012992125987
 30
0
 11
6.9954624409448813
 21
-4.9723339763779526
 31
0
  0
LINE
  5
5C
330
1B
100
AcDbEntity
  8
B.Cu
  6
CONTINUOUS
100
AcDbLine
 10
6.9954624409448813
 20
-4.9723339763779526
 30
0
 11
6.9945449212598421
 21
-4.9745491338582672
 31
0
  0
LINE
  5
5D
330
1B
100
AcDbEntity
  8
B.Cu
  6
CONTINUOUS
100
AcDbLine
 10
6.9945449212598421
 20
-4.9745491338582672
 30
0
 11
6.9913290551181104
 21
-4.9793620078740153
 31
0
  0
LINE
  5
5E
330
1B
100
AcDbEntity
  8
B.Cu
  6
CONTINUOUS
100
AcDbLine
 10
6.9913290551181104
 20
-4.9793620078740153
 30
0
 11
6.9893830708661415
 21
-4.98150905511811
 31
0
  0
LINE
  5
5F
330
1B
100
AcDbEntity
  8
B.Cu
  6
CONTINUOUS
100
AcDbLine
 10
6.9893830708661415
 20
-4.98150905511811
 30
0
 11
6.7925326771653545
 21
-5.1783594488188971
 31
0
  0
LINE
  5
60
330
1B
100
AcDbEntity
  8
B.Cu
  6
CONTINUOUS
100
AcDbLine
 10
6.7925326771653545
 20
-5.1783594488188971
 30
0
 11
6.7903856299212597
 21
-5.180305433070866
 31
0
  0
LINE
  5
61
330
1B
100
AcDbEntity
  8
B.Cu
  6
CONTINUOUS
100
AcDbLine
 10
6.7903856299212597
 20
-5.180305433070866
 30
0
 11
6.7855727559055117
 21
-5.1835212992125985
 31
0
  0
LINE
  5
62
330
1B
100
AcDbEntity
  8
B.Cu
  6
CONTINUOUS
100
AcDbLine
 10
6.7855727559055117
 20
-5.1835212992125985
 30
0
 11
6.783357598425197
 21
-5.1844388188976378
 31
0
  0
LINE
  5
63
330
1B
100
AcDbEntity
  8
B.Cu
  6
CONTINUOUS
100
AcDbLine
 10
6.783357598425197
 20
-5.1844388188976378
 30
0
 11
6.7802249212598422
 21
-5.1857364566929132
 31
0
  0
LINE
  5
64
330
1B
100
AcDbEntity
  8
B.Cu
  6
CONTINUOUS
100
AcDbLine
 10
6.7802249212598422
 20
-5.1857364566929132
 30
0
 11
6.7745477559055116
 21
-5.1868657086614176
 31
0
  0
LINE
  5
65
330
1B
100
AcDbEntity
  8
B.Cu
  6
CONTINUOUS
100
AcDbLine
 10
6.7745477559055116
 20
-5.1868657086614176
 30
0
 11
6.7716535433070861
 21
-5.1870078740157481
 31
0
  0
LINE
  5
66
330
1B
100
AcDbEntity
  8
B.Cu
  6
CONTINUOUS
100
AcDbLine
 10
6.7716535433070861
 20
-5.1870078740157481
 30
0
 11
3.0511811023622046
 21
-5.1870078740157481
 31
0
  0
LINE
  5
67
330
1B
100
AcDbEntity
  8
B.Cu
  6
CONTINUOUS
100
AcDbLine
 10
3.0511811023622046
 20
-5.1870078740157481
 30
0
 11
3.0482868897637796
 21
-5.1868657086614176
 31
0
  0
LINE
  5
68
330
1B
100
AcDbEntity
  8
B.Cu
  6
CONTINUOUS
100
AcDbLine
 10
3.0482868897637796
 20
-5.1868657086614176
 30
0
 11
3.0426097244094485
 21
-5.1857364566929132
 31
0
  0
LINE
  5
69
330
1B
100
AcDbEntity
  8
B.Cu
  6
CONTINUOUS
100
AcDbLine
 10
3.0426097244094485
 20
-5.1857364566929132
 30
0
 11
3.0394770472440946
 21
-5.1844388188976378
 31
0
  0
LINE
  5
6A
330
1B
100
AcDbEntity
  8
B.Cu
  6
CONTINUOUS
100
AcDbLine
 10
3.0394770472440946
 20
-5.1844388188976378
 30
0
 11
3.0372618897637795
 21
-5.1835212992125985
 31
0
  0
LINE
  5
6B
330
1B
100
AcDbEntity
  8
B.Cu
  6
CONTINUOUS
100
AcDbLine
 10
3.0372618897637795
 20
-5.1835212992125985
 30
0
 11
3.0324490157480315
 21
-5.180305433070866
 31
0
  0
LINE
  5
6C
330
1B
100
AcDbEntity
  8
B.Cu
  6
CONTINUOUS
100
AcDbLine
 10
3.0324490157480315
 20
-5.180305433070866
 30
0
 11
3.0303019685039367
 21
-5.1783594488188971
 31
0
  0
LINE
  5
6D
330
1B
100
AcDbEntity
  8
B.Cu
  6
CONTINUOUS
100
AcDbLine
 10
3.0303019685039367
 20
-5.1783594488188971
 30
0
 11
2.9121917322834645
 21
-5.0602492125984249
 31
0
  0
LINE
  5
6E
330
1B
100
AcDbEntity
  8
B.Cu
  6
CONTINUOUS
100
AcDbLine
 10
2.9121917322834645
 20
-5.0602492125984249
 30
0
 11
2.910245748031496
 21
-5.058102165354331
 31
0
  0
LINE
  5
6F
330
1B
100
AcDbEntity
  8
B.Cu
  6
CONTINUOUS
100
AcDbLine
 10
2.910245748031496
 20
-5.058102165354331
 30
0
 11
2.9070298818897635
 21
-5.053289291338583
 31
0
  0
LINE
  5
70
330
1B
100
AcDbEntity
  8
B.Cu
  6
CONTINUOUS
100
AcDbLine
 10
2.9070298818897635
 20
-5.053289291338583
 30
0
 11
2.9058677559055117
 21
-5.0504837007874013
 31
0
  0
LINE
  5
71
330
1B
100
AcDbEntity
  8
B.Cu
  6
CONTINUOUS
100
AcDbLine
 10
2.9058677559055117
 20
-5.0504837007874013
 30
0
 11
2.9048147244094489
 21
-5.0479414566929135
 31
0
  0
LINE
  5
72
330
1B
100
AcDbEntity
  8
B.Cu
  6
CONTINUOUS
100
AcDbLine
 10
2.9048147244094489
 20
-5.0479414566929135
 30
0
 11
2.9036854724409449
 21
-5.0422642913385829
 31
0
  0
LINE
  5
73
330
1B
100
AcDbEntity
  8
B.Cu
  6
CONTINUOUS
100
AcDbLine
 10
2.9036854724409449
 20
-5.0422642913385829
 30
0
 11
2.9035433070866139
 21
-5.0393700787401574
 31
0
  0
LINE
  5
74
330
1B
100
AcDbEntity
  8
B.Cu
  6
CONTINUOUS
100
AcDbLine
 10
2.9035433070866139
 20
-5.0393700787401574
 30
0
 11
2.9035433070866139
 21
-4.2322834645669287
 31
0
  0
LINE
  5
75
330
1B
100
AcDbEntity
  8
B.Cu
  6
CONTINUOUS
100
AcDbLine
 10
2.9035433070866139
 20
-4.2322834645669287
 30
0
 11
2.9036854724409449
 21
-4.2293892519685041
 31
0
  0
LINE
  5
76
330
1B
100
AcDbEntity
  8
B.Cu
  6
CONTINUOUS
100
AcDbLine
 10
2.9036854724409449
 20
-4.2293892519685041
 30
0
 11
2.9048147244094489
 21
-4.2237120866141735
 31
0
  0
LINE
  5
77
330
1B
100
AcDbEntity
  8
B.Cu
  6
CONTINUOUS
100
AcDbLine
 10
2.9048147244094489
 20
-4.2237120866141735
 30
0
 11
2.9070298818897635
 21
-4.2183642913385828
 31
0
  0
LINE
  5
78
330
1B
100
AcDbEntity
  8
B.Cu
  6
CONTINUOUS
100
AcDbLine
 10
2.9070298818897635
 20
-4.2183642913385828
 30
0
 11
2.9070298818897635
 21
-4.2183642519685041
 31
0
  0
LINE
  5
79
330
1B
100
AcDbEntity
  8
B.Cu
  6
CONTINUOUS
100
AcDbLine
 10
2.9070298818897635
 20
-4.2183642519685041
 30
0
 11
2.910245748031496
 21
-4.213551377952756
 31
0
  0
LINE
  5
7A
330
1B
100
AcDbEntity
  8
B.Cu
  6
CONTINUOUS
100
AcDbLine
 10
2.910245748031496
 20
-4.213551377952756
 30
0
 11
2.9121917322834645
 21
-4.2114043307086613
 31
0
  0
LINE
  5
7B
330
1B
100
AcDbEntity
  8
B.Cu
  6
CONTINUOUS
100
AcDbLine
 10
2.9121917322834645
 20
-4.2114043307086613
 30
0
 11
3.2185039370078741
 21
-3.9050921259842517
 31
0
  0
LINE
  5
7C
330
1B
100
AcDbEntity
  8
B.Cu
  6
CONTINUOUS
100
AcDbLine
 10
3.2185039370078741
 20
-3.9050921259842517
 30
0
 11
3.2185039370078741
 21
-3.484251968503937
 31
0
  0
LINE
  5
7D
330
1B
100
AcDbEntity
  8
B.Cu
  6
CONTINUOUS
100
AcDbLine
 10
3.2185039370078741
 20
-3.484251968503937
 30
0
 11
3.2186461023622046
 21
-3.4813577559055116
 31
0
  0
LINE
  5
7E
330
1B
100
AcDbEntity
  8
B.Cu
  6
CONTINUOUS
100
AcDbLine
 10
3.2186461023622046
 20
-3.4813577559055116
 30
0
 11
3.2188257480314961
 21
-3.4804546062992125
 31
0
  0
LINE
  5
7F
330
1B
100
AcDbEntity
  8
B.Cu
  6
CONTINUOUS
100
AcDbLine
 10
3.2188257480314961
 20
-3.4804546062992125
 30
0
 11
3.2197753543307086
 21
-3.4756805905511809
 31
0
  0
LINE
  5
80
330
1B
100
AcDbEntity
  8
B.Cu
  6
CONTINUOUS
100
AcDbLine
 10
3.2197753543307086
 20
-3.4756805905511809
 30
0
 11
3.2210729527559052
 21
-3.4725479133858266
 31
0
  0
LINE
  5
81
330
1B
100
AcDbEntity
  8
B.Cu
  6
CONTINUOUS
100
AcDbLine
 10
3.2210729527559052
 20
-3.4725479133858266
 30
0
 11
3.2219905118110237
 21
-3.4703327559055119
 31
0
  0
LINE
  5
82
330
1B
100
AcDbEntity
  8
B.Cu
  6
CONTINUOUS
100
AcDbLine
 10
3.2219905118110237
 20
-3.4703327559055119
 30
0
 11
3.2252063779527558
 21
-3.4655198818897639
 31
0
  0
LINE
  5
83
330
1B
100
AcDbEntity
  8
B.Cu
  6
CONTINUOUS
100
AcDbLine
 10
3.2252063779527558
 20
-3.4655198818897639
 30
0
 11
3.2271523622047242
 21
-3.4633728346456691
 31
0
  0
LINE
  5
84
330
1B
100
AcDbEntity
  8
B.Cu
  6
CONTINUOUS
100
AcDbLine
 10
3.2271523622047242
 20
-3.4633728346456691
 30
0
 11
3.3058925196850395
 21
-3.3846326771653543
 31
0
  0
LINE
  5
85
330
1B
100
AcDbEntity
  8
B.Cu
  6
CONTINUOUS
100
AcDbLine
 10
3.3058925196850395
 20
-3.3846326771653543
 30
0
 11
3.3080395669291338
 21
-3.3826866929133859
 31
0
  0
LINE
  5
86
330
1B
100
AcDbEntity
  8
B.Cu
  6
CONTINUOUS
100
AcDbLine
 10
3.3080395669291338
 20
-3.3826866929133859
 30
0
 11
3.3128524409448818
 21
-3.3794708267716533
 31
0
  0
LINE
  5
87
330
1B
100
AcDbEntity
  8
B.Cu
  6
CONTINUOUS
100
AcDbLine
 10
3.3128524409448818
 20
-3.3794708267716533
 30
0
 11
3.3150675984251969
 21
-3.3785532677165353
 31
0
  0
LINE
  5
88
330
1B
100
AcDbEntity
  8
B.Cu
  6
CONTINUOUS
100
AcDbLine
 10
3.3150675984251969
 20
-3.3785532677165353
 30
0
 11
3.3182002755905513
 21
-3.3772556692913387
 31
0
  0
LINE
  5
89
330
1B
100
AcDbEntity
  8
B.Cu
  6
CONTINUOUS
100
AcDbLine
 10
3.3182002755905513
 20
-3.3772556692913387
 30
0
 11
3.3238774409448819
 21
-3.3761264173228347
 31
0
  0
LINE
  5
8A
330
1B
100
AcDbEntity
  8
B.Cu
  6
CONTINUOUS
100
AcDbLine
 10
3.3238774409448819
 20
-3.3761264173228347
 30
0
 11
3.326771653543307
 21
-3.3759842519685037
 31
0
  0
LINE
  5
8B
330
1B
100
AcDbEntity
  8
B.Cu
  6
CONTINUOUS
100
AcDbLine
 10
3.326771653543307
 20
-3.3759842519685037
 30
0
 11
3.4448818897637796
 21
-3.3759842519685037
 31
0
  0
LINE
  5
8C
330
1B
100
AcDbEntity
  8
B.Cu
  6
CONTINUOUS
100
AcDbLine
 10
3.9914262992125984
 20
-4.753324724409449
 30
0
 11
3.9971305905511811
 21
-4.755687519685039
 31
0
  0
LINE
  5
8D
330
1B
100
AcDbEntity
  8
B.Cu
  6
CONTINUOUS
100
AcDbLine
 10
3.9971305905511811
 20
-4.755687519685039
 30
0
 11
4.0022643700787404
 21
-4.7591177952755901
 31
0
  0
LINE
  5
8E
330
1B
100
AcDbEntity
  8
B.Cu
  6
CONTINUOUS
100
AcDbLine
 10
4.0022643700787404
 20
-4.7591177952755901
 30
0
 11
4.006630236220472
 21
-4.7634836614173226
 31
0
  0
LINE
  5
8F
330
1B
100
AcDbEntity
  8
B.Cu
  6
CONTINUOUS
100
AcDbLine
 10
4.006630236220472
 20
-4.7634836614173226
 30
0
 11
4.010060511811024
 21
-4.7686174409448814
 31
0
  0
LINE
  5
90
330
1B
100
AcDbEntity
  8
B.Cu
  6
CONTINUOUS
100
AcDbLine
 10
4.010060511811024
 20
-4.7686174409448814
 30
0
 11
4.012423307086614
 21
-4.7743217322834646
 31
0
  0
LINE
  5
91
330
1B
100
AcDbEntity
  8
B.Cu
  6
CONTINUOUS
100
AcDbLine
 10
4.012423307086614
 20
-4.7743217322834646
 30
0
 11
4.0136278740157483
 21
-4.7803774015748033
 31
0
  0
LINE
  5
92
330
1B
100
AcDbEntity
  8
B.Cu
  6
CONTINUOUS
100
AcDbLine
 10
4.0136278740157483
 20
-4.7803774015748033
 30
0
 11
4.0136278740157483
 21
-4.7865517322834643
 31
0
  0
LINE
  5
93
330
1B
100
AcDbEntity
  8
B.Cu
  6
CONTINUOUS
100
AcDbLine
 10
4.0136278740157483
 20
-4.7865517322834643
 30
0
 11
4.012423307086614
 21
-4.792607401574803
 31
0
  0
LINE
  5
94
330
1B
100
AcDbEntity
  8
B.Cu
  6
CONTINUOUS
100
AcDbLine
 10
4.012423307086614
 20
-4.792607401574803
 30
0
 11
4.0118110236220472
 21
-4.7940855511811025
 31
0
  0
LINE
  5
95
330
1B
100
AcDbEntity
  8
B.Cu
  6
CONTINUOUS
100
AcDbLine
 10
4.0118110236220472
 20
-4.7940855511811025
 30
0
 11
4.0118110236220472
 21
-4.8558795275590549
 31
0
  0
LINE
  5
96
330
1B
100
AcDbEntity
  8
B.Cu
  6
CONTINUOUS
100
AcDbLine
 10
4.0118110236220472
 20
-4.8558795275590549
 30
0
 11
4.1854590551181099
 21
-5.0295275590551176
 31
0
  0
LINE
  5
97
330
1B
100
AcDbEntity
  8
B.Cu
  6
CONTINUOUS
100
AcDbLine
 10
4.1854590551181099
 20
-5.0295275590551176
 30
0
 11
5.2436748031496059
 21
-5.0295275590551176
 31
0
  0
LINE
  5
98
330
1B
100
AcDbEntity
  8
B.Cu
  6
CONTINUOUS
100
AcDbLine
 10
5.2436748031496059
 20
-5.0295275590551176
 30
0
 11
5.4330708661417324
 21
-4.840131496062992
 31
0
  0
LINE
  5
99
330
1B
100
AcDbEntity
  8
B.Cu
  6
CONTINUOUS
100
AcDbLine
 10
5.4330708661417324
 20
-4.840131496062992
 30
0
 11
5.4330708661417324
 21
-4.8228346456692917
 31
0
  0
LINE
  5
9A
330
1B
100
AcDbEntity
  8
B.Cu
  6
CONTINUOUS
100
AcDbLine
 10
5.4330708661417324
 20
-4.8228346456692917
 30
0
 11
5.4330708661417324
 21
-4.8129921259842519
 31
0
  0
LINE
  5
9B
330
1B
100
AcDbEntity
  8
B.Cu
  6
CONTINUOUS
100
AcDbLine
 10
5.4330708661417324
 20
-4.8129921259842519
 30
0
 11
5.4332130314960629
 21
-4.8100979133858264
 31
0
  0
LINE
  5
9C
330
1B
100
AcDbEntity
  8
B.Cu
  6
CONTINUOUS
100
AcDbLine
 10
5.4332130314960629
 20
-4.8100979133858264
 30
0
 11
5.4343423228346452
 21
-4.804420708661417
 31
0
  0
LINE
  5
9D
330
1B
100
AcDbEntity
  8
B.Cu
  6
CONTINUOUS
100
AcDbLine
 10
5.4343423228346452
 20
-4.804420708661417
 30
0
 11
5.436557440944882
 21
-4.7990729133858263
 31
0
  0
LINE
  5
9E
330
1B
100
AcDbEntity
  8
B.Cu
  6
CONTINUOUS
100
AcDbLine
 10
5.436557440944882
 20
-4.7990729133858263
 30
0
 11
5.4397733070866137
 21
-4.7942600393700783
 31
0
  0
LINE
  5
9F
330
1B
100
AcDbEntity
  8
B.Cu
  6
CONTINUOUS
100
AcDbLine
 10
5.4397733070866137
 20
-4.7942600393700783
 30
0
 11
5.4438663385826773
 21
-4.7901670078740155
 31
0
  0
LINE
  5
A0
330
1B
100
AcDbEntity
  8
B.Cu
  6
CONTINUOUS
100
AcDbLine
 10
5.4438663385826773
 20
-4.7901670078740155
 30
0
 11
5.4486792125984254
 21
-4.786951141732283
 31
0
  0
LINE
  5
A1
330
1B
100
AcDbEntity
  8
B.Cu
  6
CONTINUOUS
100
AcDbLine
 10
5.4486792125984254
 20
-4.786951141732283
 30
0
 11
5.4540270078740161
 21
-4.7847360236220471
 31
0
  0
LINE
  5
A2
330
1B
100
AcDbEntity
  8
B.Cu
  6
CONTINUOUS
100
AcDbLine
 10
5.4540270078740161
 20
-4.7847360236220471
 30
0
 11
5.4597042125984254
 21
-4.7836067322834648
 31
0
  0
LINE
  5
A3
330
1B
100
AcDbEntity
  8
B.Cu
  6
CONTINUOUS
100
AcDbLine
 10
5.4597042125984254
 20
-4.7836067322834648
 30
0
 11
5.4654926377952755
 21
-4.7836067322834648
 31
0
  0
LINE
  5
A4
330
1B
100
AcDbEntity
  8
B.Cu
  6
CONTINUOUS
100
AcDbLine
 10
5.4654926377952755
 20
-4.7836067322834648
 30
0
 11
5.4711698425196849
 21
-4.7847360236220471
 31
0
  0
LINE
  5
A5
330
1B
100
AcDbEntity
  8
B.Cu
  6
CONTINUOUS
100
AcDbLine
 10
5.4711698425196849
 20
-4.7847360236220471
 30
0
 11
5.4765176377952756
 21
-4.786951141732283
 31
0
  0
LINE
  5
A6
330
1B
100
AcDbEntity
  8
B.Cu
  6
CONTINUOUS
100
AcDbLine
 10
5.4765176377952756
 20
-4.786951141732283
 30
0
 11
5.4813305118110236
 21
-4.7901670078740155
 31
0
  0
LINE
  5
A7
330
1B
100
AcDbEntity
  8
B.Cu
  6
CONTINUOUS
100
AcDbLine
 10
5.4813305118110236
 20
-4.7901670078740155
 30
0
 11
5.4854235433070864
 21
-4.7942600393700783
 31
0
  0
LINE
  5
A8
330
1B
100
AcDbEntity
  8
B.Cu
  6
CONTINUOUS
100
AcDbLine
 10
5.4854235433070864
 20
-4.7942600393700783
 30
0
 11
5.4886394094488189
 21
-4.7990729133858263
 31
0
  0
LINE
  5
A9
330
1B
100
AcDbEntity
  8
B.Cu
  6
CONTINUOUS
100
AcDbLine
 10
5.4886394094488189
 20
-4.7990729133858263
 30
0
 11
5.4908545275590548
 21
-4.804420708661417
 31
0
  0
LINE
  5
AA
330
1B
100
AcDbEntity
  8
B.Cu
  6
CONTINUOUS
100
AcDbLine
 10
5.4908545275590548
 20
-4.804420708661417
 30
0
 11
5.491983818897638
 21
-4.8100979133858264
 31
0
  0
LINE
  5
AB
330
1B
100
AcDbEntity
  8
B.Cu
  6
CONTINUOUS
100
AcDbLine
 10
5.491983818897638
 20
-4.8100979133858264
 30
0
 11
5.4921259842519685
 21
-4.8129921259842519
 31
0
  0
LINE
  5
AC
330
1B
100
AcDbEntity
  8
B.Cu
  6
CONTINUOUS
100
AcDbLine
 10
5.4921259842519685
 20
-4.8129921259842519
 30
0
 11
5.4921259842519685
 21
-4.8228346456692917
 31
0
  0
LINE
  5
AD
330
1B
100
AcDbEntity
  8
B.Cu
  6
CONTINUOUS
100
AcDbLine
 10
5.4921259842519685
 20
-4.8228346456692917
 30
0
 11
5.4921259842519685
 21
-4.8523622047244093
 31
0
  0
LINE
  5
AE
330
1B
100
AcDbEntity
  8
B.Cu
  6
CONTINUOUS
100
AcDbLine
 10
5.4921259842519685
 20
-4.8523622047244093
 30
0
 11
5.491983818897638
 21
-4.8552564173228347
 31
0
  0
LINE
  5
AF
330
1B
100
AcDbEntity
  8
B.Cu
  6
CONTINUOUS
100
AcDbLine
 10
5.491983818897638
 20
-4.8552564173228347
 30
0
 11
5.4908545275590548
 21
-4.8609336220472441
 31
0
  0
LINE
  5
B0
330
1B
100
AcDbEntity
  8
B.Cu
  6
CONTINUOUS
100
AcDbLine
 10
5.4908545275590548
 20
-4.8609336220472441
 30
0
 11
5.4886394094488189
 21
-4.8662814173228348
 31
0
  0
LINE
  5
B1
330
1B
100
AcDbEntity
  8
B.Cu
  6
CONTINUOUS
100
AcDbLine
 10
5.4886394094488189
 20
-4.8662814173228348
 30
0
 11
5.4854835826771655
 21
-4.8710044488188977
 31
0
  0
LINE
  5
B2
330
1B
100
AcDbEntity
  8
B.Cu
  6
CONTINUOUS
100
AcDbLine
 10
5.4854835826771655
 20
-4.8710044488188977
 30
0
 11
5.4854235433070864
 21
-4.8710942913385828
 31
0
  0
LINE
  5
B3
330
1B
100
AcDbEntity
  8
B.Cu
  6
CONTINUOUS
100
AcDbLine
 10
5.4854235433070864
 20
-4.8710942913385828
 30
0
 11
5.4834775590551184
 21
-4.8732413385826767
 31
0
  0
LINE
  5
B4
330
1B
100
AcDbEntity
  8
B.Cu
  6
CONTINUOUS
100
AcDbLine
 10
5.4834775590551184
 20
-4.8732413385826767
 30
0
 11
5.2767846456692915
 21
-5.0799342519685036
 31
0
  0
LINE
  5
B5
330
1B
100
AcDbEntity
  8
B.Cu
  6
CONTINUOUS
100
AcDbLine
 10
5.2767846456692915
 20
-5.0799342519685036
 30
0
 11
5.2746375984251967
 21
-5.0818802362204725
 31
0
  0
LINE
  5
B6
330
1B
100
AcDbEntity
  8
B.Cu
  6
CONTINUOUS
100
AcDbLine
 10
5.2746375984251967
 20
-5.0818802362204725
 30
0
 11
5.2698247244094487
 21
-5.085096102362205
 31
0
  0
LINE
  5
B7
330
1B
100
AcDbEntity
  8
B.Cu
  6
CONTINUOUS
100
AcDbLine
 10
5.2698247244094487
 20
-5.085096102362205
 30
0
 11
5.2676095669291341
 21
-5.0860136220472443
 31
0
  0
LINE
  5
B8
330
1B
100
AcDbEntity
  8
B.Cu
  6
CONTINUOUS
100
AcDbLine
 10
5.2676095669291341
 20
-5.0860136220472443
 30
0
 11
5.2644768897637793
 21
-5.0873112598425196
 31
0
  0
LINE
  5
B9
330
1B
100
AcDbEntity
  8
B.Cu
  6
CONTINUOUS
100
AcDbLine
 10
5.2644768897637793
 20
-5.0873112598425196
 30
0
 11
5.2587997244094487
 21
-5.0884405118110232
 31
0
  0
LINE
  5
BA
330
1B
100
AcDbEntity
  8
B.Cu
  6
CONTINUOUS
100
AcDbLine
 10
5.2587997244094487
 20
-5.0884405118110232
 30
0
 11
5.2559055118110232
 21
-5.0885826771653546
 31
0
  0
LINE
  5
BB
330
1B
100
AcDbEntity
  8
B.Cu
  6
CONTINUOUS
100
AcDbLine
 10
5.2559055118110232
 20
-5.0885826771653546
 30
0
 11
4.1732283464566926
 21
-5.0885826771653546
 31
0
  0
LINE
  5
BC
330
1B
100
AcDbEntity
  8
B.Cu
  6
CONTINUOUS
100
AcDbLine
 10
4.1732283464566926
 20
-5.0885826771653546
 30
0
 11
4.170334133858268
 21
-5.0884405118110232
 31
0
  0
LINE
  5
BD
330
1B
100
AcDbEntity
  8
B.Cu
  6
CONTINUOUS
100
AcDbLine
 10
4.170334133858268
 20
-5.0884405118110232
 30
0
 11
4.1646569685039365
 21
-5.0873112598425196
 31
0
  0
LINE
  5
BE
330
1B
100
AcDbEntity
  8
B.Cu
  6
CONTINUOUS
100
AcDbLine
 10
4.1646569685039365
 20
-5.0873112598425196
 30
0
 11
4.1615242913385826
 21
-5.0860136220472443
 31
0
  0
LINE
  5
BF
330
1B
100
AcDbEntity
  8
B.Cu
  6
CONTINUOUS
100
AcDbLine
 10
4.1615242913385826
 20
-5.0860136220472443
 30
0
 11
4.1593091338582679
 21
-5.085096102362205
 31
0
  0
LINE
  5
C0
330
1B
100
AcDbEntity
  8
B.Cu
  6
CONTINUOUS
100
AcDbLine
 10
4.1593091338582679
 20
-5.085096102362205
 30
0
 11
4.1544962598425199
 21
-5.0818802362204725
 31
0
  0
LINE
  5
C1
330
1B
100
AcDbEntity
  8
B.Cu
  6
CONTINUOUS
100
AcDbLine
 10
4.1544962598425199
 20
-5.0818802362204725
 30
0
 11
4.1523492125984252
 21
-5.0799342519685036
 31
0
  0
LINE
  5
C2
330
1B
100
AcDbEntity
  8
B.Cu
  6
CONTINUOUS
100
AcDbLine
 10
4.1523492125984252
 20
-5.0799342519685036
 30
0
 11
3.9614043307086613
 21
-4.8889893700787397
 31
0
  0
LINE
  5
C3
330
1B
100
AcDbEntity
  8
B.Cu
  6
CONTINUOUS
100
AcDbLine
 10
3.9614043307086613
 20
-4.8889893700787397
 30
0
 11
3.9594583464566928
 21
-4.8868423228346458
 31
0
  0
LINE
  5
C4
330
1B
100
AcDbEntity
  8
B.Cu
  6
CONTINUOUS
100
AcDbLine
 10
3.9594583464566928
 20
-4.8868423228346458
 30
0
 11
3.9562424803149607
 21
-4.8820294488188978
 31
0
  0
LINE
  5
C5
330
1B
100
AcDbEntity
  8
B.Cu
  6
CONTINUOUS
100
AcDbLine
 10
3.9562424803149607
 20
-4.8820294488188978
 30
0
 11
3.954740433070866
 21
-4.8784031889763781
 31
0
  0
LINE
  5
C6
330
1B
100
AcDbEntity
  8
B.Cu
  6
CONTINUOUS
100
AcDbLine
 10
3.954740433070866
 20
-4.8784031889763781
 30
0
 11
3.9540273228346456
 21
-4.8766816141732283
 31
0
  0
LINE
  5
C7
330
1B
100
AcDbEntity
  8
B.Cu
  6
CONTINUOUS
100
AcDbLine
 10
3.9540273228346456
 20
-4.8766816141732283
 30
0
 11
3.9528980708661416
 21
-4.8710044488188977
 31
0
  0
LINE
  5
C8
330
1B
100
AcDbEntity
  8
B.Cu
  6
CONTINUOUS
100
AcDbLine
 10
3.9528980708661416
 20
-4.8710044488188977
 30
0
 11
3.9527559055118111
 21
-4.8681102362204722
 31
0
  0
LINE
  5
C9
330
1B
100
AcDbEntity
  8
B.Cu
  6
CONTINUOUS
100
AcDbLine
 10
3.9527559055118111
 20
-4.8681102362204722
 30
0
 11
3.9527559055118111
 21
-4.7940855511811025
 31
0
  0
LINE
  5
CA
330
1B
100
AcDbEntity
  8
B.Cu
  6
CONTINUOUS
100
AcDbLine
 10
3.9527559055118111
 20
-4.7940855511811025
 30
0
 11
3.9521436220472439
 21
-4.792607401574803
 31
0
  0
LINE
  5
CB
330
1B
100
AcDbEntity
  8
B.Cu
  6
CONTINUOUS
100
AcDbLine
 10
3.9521436220472439
 20
-4.792607401574803
 30
0
 11
3.9509390551181101
 21
-4.7865517322834643
 31
0
  0
LINE
  5
CC
330
1B
100
AcDbEntity
  8
B.Cu
  6
CONTINUOUS
100
AcDbLine
 10
3.9509390551181101
 20
-4.7865517322834643
 30
0
 11
3.9509390551181101
 21
-4.7803774015748033
 31
0
  0
LINE
  5
CD
330
1B
100
AcDbEntity
  8
B.Cu
  6
CONTINUOUS
100
AcDbLine
 10
3.9509390551181101
 20
-4.7803774015748033
 30
0
 11
3.9521436220472439
 21
-4.7743217322834646
 31
0
  0
LINE
  5
CE
330
1B
100
AcDbEntity
  8
B.Cu
  6
CONTINUOUS
100
AcDbLine
 10
3.9521436220472439
 20
-4.7743217322834646
 30
0
 11
3.9545064173228344
 21
-4.7686174409448814
 31
0
  0
LINE
  5
CF
330
1B
100
AcDbEntity
  8
B.Cu
  6
CONTINUOUS
100
AcDbLine
 10
3.9545064173228344
 20
-4.7686174409448814
 30
0
 11
3.9579366929133859
 21
-4.7634836614173226
 31
0
  0
LINE
  5
D0
330
1B
100
AcDbEntity
  8
B.Cu
  6
CONTINUOUS
100
AcDbLine
 10
3.9579366929133859
 20
-4.7634836614173226
 30
0
 11
3.962302559055118
 21
-4.7591177952755901
 31
0
  0
LINE
  5
D1
330
1B
100
AcDbEntity
  8
B.Cu
  6
CONTINUOUS
100
AcDbLine
 10
3.962302559055118
 20
-4.7591177952755901
 30
0
 11
3.9674363385826772
 21
-4.755687519685039
 31
0
  0
LINE
  5
D2
330
1B
100
AcDbEntity
  8
B.Cu
  6
CONTINUOUS
100
AcDbLine
 10
3.9674363385826772
 20
-4.755687519685039
 30
0
 11
3.9731406299212599
 21
-4.753324724409449
 31
0
  0
LINE
  5
D3
330
1B
100
AcDbEntity
  8
B.Cu
  6
CONTINUOUS
100
AcDbLine
 10
3.9731406299212599
 20
-4.753324724409449
 30
0
 11
3.9791962992125982
 21
-4.7521201574803147
 31
0
  0
LINE
  5
D4
330
1B
100
AcDbEntity
  8
B.Cu
  6
CONTINUOUS
100
AcDbLine
 10
3.9791962992125982
 20
-4.7521201574803147
 30
0
 11
3.9853706299212597
 21
-4.7521201574803147
 31
0
  0
LINE
  5
D5
330
1B
100
AcDbEntity
  8
B.Cu
  6
CONTINUOUS
100
AcDbLine
 10
3.9853706299212597
 20
-4.7521201574803147
 30
0
 11
3.9914262992125984
 21
-4.753324724409449
 31
0
  0
LINE
  5
D6
330
1B
100
AcDbEntity
  8
B.Cu
  6
CONTINUOUS
100
AcDbLine
 10
5.1660516929133857
 20
-4.5386729921259841
 30
0
 11
5.1713994881889764
 21
-4.5408881496062987
 31
0
  0
LINE
  5
D7
330
1B
100
AcDbEntity
  8
B.Cu
  6
CONTINUOUS
100
AcDbLine
 10
5.1713994881889764
 20
-4.5408881496062987
 30
0
 11
5.1762124015748032
 21
-4.5441040157480312
 31
0
  0
LINE
  5
D8
330
1B
100
AcDbEntity
  8
B.Cu
  6
CONTINUOUS
100
AcDbLine
 10
5.1762124015748032
 20
-4.5441040157480312
 30
0
 11
5.1783594488188971
 21
-4.5460500000000001
 31
0
  0
LINE
  5
D9
330
1B
100
AcDbEntity
  8
B.Cu
  6
CONTINUOUS
100
AcDbLine
 10
5.1783594488188971
 20
-4.5460500000000001
 30
0
 11
5.3850523622047239
 21
-4.752742913385827
 31
0
  0
LINE
  5
DA
330
1B
100
AcDbEntity
  8
B.Cu
  6
CONTINUOUS
100
AcDbLine
 10
5.3850523622047239
 20
-4.752742913385827
 30
0
 11
5.3869983464566928
 21
-4.7548899606299209
 31
0
  0
LINE
  5
DB
330
1B
100
AcDbEntity
  8
B.Cu
  6
CONTINUOUS
100
AcDbLine
 10
5.3869983464566928
 20
-4.7548899606299209
 30
0
 11
5.3902142125984254
 21
-4.7597028346456689
 31
0
  0
LINE
  5
DC
330
1B
100
AcDbEntity
  8
B.Cu
  6
CONTINUOUS
100
AcDbLine
 10
5.3902142125984254
 20
-4.7597028346456689
 30
0
 11
5.3924293307086613
 21
-4.7650506299212596
 31
0
  0
LINE
  5
DD
330
1B
100
AcDbEntity
  8
B.Cu
  6
CONTINUOUS
100
AcDbLine
 10
5.3924293307086613
 20
-4.7650506299212596
 30
0
 11
5.3935586220472436
 21
-4.770727834645669
 31
0
  0
LINE
  5
DE
330
1B
100
AcDbEntity
  8
B.Cu
  6
CONTINUOUS
100
AcDbLine
 10
5.3935586220472436
 20
-4.770727834645669
 30
0
 11
5.393700787401575
 21
-4.7736220472440944
 31
0
  0
LINE
  5
DF
330
1B
100
AcDbEntity
  8
B.Cu
  6
CONTINUOUS
100
AcDbLine
 10
5.393700787401575
 20
-4.7736220472440944
 30
0
 11
5.393700787401575
 21
-4.7982283464566926
 31
0
  0
LINE
  5
E0
330
1B
100
AcDbEntity
  8
B.Cu
  6
CONTINUOUS
100
AcDbLine
 10
5.393700787401575
 20
-4.7982283464566926
 30
0
 11
5.393700787401575
 21
-4.8474409448818898
 31
0
  0
LINE
  5
E1
330
1B
100
AcDbEntity
  8
B.Cu
  6
CONTINUOUS
100
AcDbLine
 10
5.393700787401575
 20
-4.8474409448818898
 30
0
 11
5.3930870078740156
 21
-4.851653582677165
 31
0
  0
LINE
  5
E2
330
1B
100
AcDbEntity
  8
B.Cu
  6
CONTINUOUS
100
AcDbLine
 10
5.3930870078740156
 20
-4.851653582677165
 30
0
 11
5.3909524803149607
 21
-4.856019842519685
 31
0
  0
LINE
  5
E3
330
1B
100
AcDbEntity
  8
B.Cu
  6
CONTINUOUS
100
AcDbLine
 10
5.3909524803149607
 20
-4.856019842519685
 30
0
 11
5.3875159055118109
 21
-4.8594564173228347
 31
0
  0
LINE
  5
E4
330
1B
100
AcDbEntity
  8
B.Cu
  6
CONTINUOUS
100
AcDbLine
 10
5.3875159055118109
 20
-4.8594564173228347
 30
0
 11
5.3831496456692909
 21
-4.8615909448818897
 31
0
  0
LINE
  5
E5
330
1B
100
AcDbEntity
  8
B.Cu
  6
CONTINUOUS
100
AcDbLine
 10
5.3831496456692909
 20
-4.8615909448818897
 30
0
 11
5.3789370078740157
 21
-4.8622047244094491
 31
0
  0
LINE
  5
E6
330
1B
100
AcDbEntity
  8
B.Cu
  6
CONTINUOUS
100
AcDbLine
 10
5.3789370078740157
 20
-4.8622047244094491
 30
0
 11
5.3494094488188972
 21
-4.8622047244094491
 31
0
  0
LINE
  5
E7
330
1B
100
AcDbEntity
  8
B.Cu
  6
CONTINUOUS
100
AcDbLine
 10
5.3494094488188972
 20
-4.8622047244094491
 30
0
 11
5.3451968110236221
 21
-4.8615909448818897
 31
0
  0
LINE
  5
E8
330
1B
100
AcDbEntity
  8
B.Cu
  6
CONTINUOUS
100
AcDbLine
 10
5.3451968110236221
 20
-4.8615909448818897
 30
0
 11
5.3408305511811021
 21
-4.8594564173228347
 31
0
  0
LINE
  5
E9
330
1B
100
AcDbEntity
  8
B.Cu
  6
CONTINUOUS
100
AcDbLine
 10
5.3408305511811021
 20
-4.8594564173228347
 30
0
 11
5.3373939763779523
 21
-4.856019842519685
 31
0
  0
LINE
  5
EA
330
1B
100
AcDbEntity
  8
B.Cu
  6
CONTINUOUS
100
AcDbLine
 10
5.3373939763779523
 20
-4.856019842519685
 30
0
 11
5.3352594488188974
 21
-4.851653582677165
 31
0
  0
LINE
  5
EB
330
1B
100
AcDbEntity
  8
B.Cu
  6
CONTINUOUS
100
AcDbLine
 10
5.3352594488188974
 20
-4.851653582677165
 30
0
 11
5.3346456692913389
 21
-4.8474409448818898
 31
0
  0
LINE
  5
EC
330
1B
100
AcDbEntity
  8
B.Cu
  6
CONTINUOUS
100
AcDbLine
 10
5.3346456692913389
 20
-4.8474409448818898
 30
0
 11
5.3346456692913389
 21
-4.7982283464566926
 31
0
  0
LINE
  5
ED
330
1B
100
AcDbEntity
  8
B.Cu
  6
CONTINUOUS
100
AcDbLine
 10
5.3346456692913389
 20
-4.7982283464566926
 30
0
 11
5.3346456692913389
 21
-4.7858527559055117
 31
0
  0
LINE
  5
EE
330
1B
100
AcDbEntity
  8
B.Cu
  6
CONTINUOUS
100
AcDbLine
 10
5.3346456692913389
 20
-4.7858527559055117
 30
0
 11
5.1366011811023622
 21
-4.587808267716535
 31
0
  0
LINE
  5
EF
330
1B
100
AcDbEntity
  8
B.Cu
  6
CONTINUOUS
100
AcDbLine
 10
5.1366011811023622
 20
-4.587808267716535
 30
0
 11
5.1346551968503933
 21
-4.5856612204724412
 31
0
  0
LINE
  5
F0
330
1B
100
AcDbEntity
  8
B.Cu
  6
CONTINUOUS
100
AcDbLine
 10
5.1346551968503933
 20
-4.5856612204724412
 30
0
 11
5.1314393307086617
 21
-4.5808483070866144
 31
0
  0
LINE
  5
F1
330
1B
100
AcDbEntity
  8
B.Cu
  6
CONTINUOUS
100
AcDbLine
 10
5.1314393307086617
 20
-4.5808483070866144
 30
0
 11
5.1292241732283461
 21
-4.5755005118110237
 31
0
  0
LINE
  5
F2
330
1B
100
AcDbEntity
  8
B.Cu
  6
CONTINUOUS
100
AcDbLine
 10
5.1292241732283461
 20
-4.5755005118110237
 30
0
 11
5.1280949212598426
 21
-4.5698233464566931
 31
0
  0
LINE
  5
F3
330
1B
100
AcDbEntity
  8
B.Cu
  6
CONTINUOUS
100
AcDbLine
 10
5.1280949212598426
 20
-4.5698233464566931
 30
0
 11
5.1280949212598426
 21
-4.5640349212598421
 31
0
  0
LINE
  5
F4
330
1B
100
AcDbEntity
  8
B.Cu
  6
CONTINUOUS
100
AcDbLine
 10
5.1280949212598426
 20
-4.5640349212598421
 30
0
 11
5.1292241732283461
 21
-4.5583577559055115
 31
0
  0
LINE
  5
F5
330
1B
100
AcDbEntity
  8
B.Cu
  6
CONTINUOUS
100
AcDbLine
 10
5.1292241732283461
 20
-4.5583577559055115
 30
0
 11
5.1314393307086617
 21
-4.5530099606299208
 31
0
  0
LINE
  5
F6
330
1B
100
AcDbEntity
  8
B.Cu
  6
CONTINUOUS
100
AcDbLine
 10
5.1314393307086617
 20
-4.5530099606299208
 30
0
 11
5.1346551968503933
 21
-4.548197047244094
 31
0
  0
LINE
  5
F7
330
1B
100
AcDbEntity
  8
B.Cu
  6
CONTINUOUS
100
AcDbLine
 10
5.1346551968503933
 20
-4.548197047244094
 30
0
 11
5.1387482283464569
 21
-4.5441040157480312
 31
0
  0
LINE
  5
F8
330
1B
100
AcDbEntity
  8
B.Cu
  6
CONTINUOUS
100
AcDbLine
 10
5.1387482283464569
 20
-4.5441040157480312
 30
0
 11
5.1435611417322837
 21
-4.5408881496062987
 31
0
  0
LINE
  5
F9
330
1B
100
AcDbEntity
  8
B.Cu
  6
CONTINUOUS
100
AcDbLine
 10
5.1435611417322837
 20
-4.5408881496062987
 30
0
 11
5.1489089370078736
 21
-4.5386729921259841
 31
0
  0
LINE
  5
FA
330
1B
100
AcDbEntity
  8
B.Cu
  6
CONTINUOUS
100
AcDbLine
 10
5.1489089370078736
 20
-4.5386729921259841
 30
0
 11
5.154586102362205
 21
-4.5375437401574805
 31
0
  0
LINE
  5
FB
330
1B
100
AcDbEntity
  8
B.Cu
  6
CONTINUOUS
100
AcDbLine
 10
5.154586102362205
 20
-4.5375437401574805
 30
0
 11
5.1603745275590551
 21
-4.5375437401574805
 31
0
  0
LINE
  5
FC
330
1B
100
AcDbEntity
  8
B.Cu
  6
CONTINUOUS
100
AcDbLine
 10
5.1603745275590551
 20
-4.5375437401574805
 30
0
 11
5.1660516929133857
 21
-4.5386729921259841
 31
0
  0
LINE
  5
FD
330
1B
100
AcDbEntity
  8
B.Cu
  6
CONTINUOUS
100
AcDbLine
 10
6.3733666535433073
 20
-2.5418744488188976
 30
0
 11
6.3790438188976379
 21
-2.5430037007874016
 31
0
  0
LINE
  5
FE
330
1B
100
AcDbEntity
  8
B.Cu
  6
CONTINUOUS
100
AcDbLine
 10
6.3790438188976379
 20
-2.5430037007874016
 30
0
 11
6.3821764960629919
 21
-2.5443012992125982
 31
0
  0
LINE
  5
FF
330
1B
100
AcDbEntity
  8
B.Cu
  6
CONTINUOUS
100
AcDbLine
 10
6.3821764960629919
 20
-2.5443012992125982
 30
0
 11
6.3843916535433065
 21
-2.5452188582677167
 31
0
  0
LINE
  5
100
330
1B
100
AcDbEntity
  8
B.Cu
  6
CONTINUOUS
100
AcDbLine
 10
6.3843916535433065
 20
-2.5452188582677167
 30
0
 11
6.388647952755905
 21
-2.5480628346456693
 31
0
  0
LINE
  5
101
330
1B
100
AcDbEntity
  8
B.Cu
  6
CONTINUOUS
100
AcDbLine
 10
6.388647952755905
 20
-2.5480628346456693
 30
0
 11
6.3892045275590545
 21
-2.5484347244094487
 31
0
  0
LINE
  5
102
330
1B
100
AcDbEntity
  8
B.Cu
  6
CONTINUOUS
100
AcDbLine
 10
6.3892045275590545
 20
-2.5484347244094487
 30
0
 11
6.3913515748031493
 21
-2.5503807086614172
 31
0
  0
LINE
  5
103
330
1B
100
AcDbEntity
  8
B.Cu
  6
CONTINUOUS
100
AcDbLine
 10
6.3913515748031493
 20
-2.5503807086614172
 30
0
 11
6.5759972440944878
 21
-2.7350263779527557
 31
0
  0
LINE
  5
104
330
1B
100
AcDbEntity
  8
B.Cu
  6
CONTINUOUS
100
AcDbLine
 10
6.5759972440944878
 20
-2.7350263779527557
 30
0
 11
6.5779432677165355
 21
-2.7371734251968505
 31
0
  0
LINE
  5
105
330
1B
100
AcDbEntity
  8
B.Cu
  6
CONTINUOUS
100
AcDbLine
 10
6.5779432677165355
 20
-2.7371734251968505
 30
0
 11
6.5794173622047243
 21
-2.7393796062992126
 31
0
  0
LINE
  5
106
330
1B
100
AcDbEntity
  8
B.Cu
  6
CONTINUOUS
100
AcDbLine
 10
6.5794173622047243
 20
-2.7393796062992126
 30
0
 11
6.5811590944881893
 21
-2.7419862992125985
 31
0
  0
LINE
  5
107
330
1B
100
AcDbEntity
  8
B.Cu
  6
CONTINUOUS
100
AcDbLine
 10
6.5811590944881893
 20
-2.7419862992125985
 30
0
 11
6.5816505905511811
 21
-2.7431729133858269
 31
0
  0
LINE
  5
108
330
1B
100
AcDbEntity
  8
B.Cu
  6
CONTINUOUS
100
AcDbLine
 10
6.5816505905511811
 20
-2.7431729133858269
 30
0
 11
6.5833742519685039
 21
-2.7473341338582675
 31
0
  0
LINE
  5
109
330
1B
100
AcDbEntity
  8
B.Cu
  6
CONTINUOUS
100
AcDbLine
 10
6.5833742519685039
 20
-2.7473341338582675
 30
0
 11
6.583814921259842
 21
-2.7495495669291339
 31
0
  0
LINE
  5
10A
330
1B
100
AcDbEntity
  8
B.Cu
  6
CONTINUOUS
100
AcDbLine
 10
6.583814921259842
 20
-2.7495495669291339
 30
0
 11
6.5845035039370075
 21
-2.7530112992125986
 31
0
  0
LINE
  5
10B
330
1B
100
AcDbEntity
  8
B.Cu
  6
CONTINUOUS
100
AcDbLine
 10
6.5845035039370075
 20
-2.7530112992125986
 30
0
 11
6.5846456692913389
 21
-2.7559055118110236
 31
0
  0
LINE
  5
10C
330
1B
100
AcDbEntity
  8
B.Cu
  6
CONTINUOUS
100
AcDbLine
 10
6.5846456692913389
 20
-2.7559055118110236
 30
0
 11
6.5846456692913389
 21
-3.5531496062992125
 31
0
  0
LINE
  5
10D
330
1B
100
AcDbEntity
  8
B.Cu
  6
CONTINUOUS
100
AcDbLine
 10
6.5846456692913389
 20
-3.5531496062992125
 30
0
 11
6.6732283464566926
 21
-3.5531496062992125
 31
0
  0
LINE
  5
10E
330
1B
100
AcDbEntity
  8
B.Cu
  6
CONTINUOUS
100
AcDbLine
 10
6.6732283464566926
 20
-3.5531496062992125
 30
0
 11
6.6761225590551181
 21
-3.553291771653543
 31
0
  0
LINE
  5
10F
330
1B
100
AcDbEntity
  8
B.Cu
  6
CONTINUOUS
100
AcDbLine
 10
6.6761225590551181
 20
-3.553291771653543
 30
0
 11
6.6817997244094487
 21
-3.554421023622047
 31
0
  0
LINE
  5
110
330
1B
100
AcDbEntity
  8
B.Cu
  6
CONTINUOUS
100
AcDbLine
 10
6.6817997244094487
 20
-3.554421023622047
 30
0
 11
6.6832386220472442
 21
-3.5550170472440943
 31
0
  0
LINE
  5
111
330
1B
100
AcDbEntity
  8
B.Cu
  6
CONTINUOUS
100
AcDbLine
 10
6.6832386220472442
 20
-3.5550170472440943
 30
0
 11
6.6871475590551182
 21
-3.5566361811023621
 31
0
  0
LINE
  5
112
330
1B
100
AcDbEntity
  8
B.Cu
  6
CONTINUOUS
100
AcDbLine
 10
6.6871475590551182
 20
-3.5566361811023621
 30
0
 11
6.6919604330708662
 21
-3.5598520472440942
 31
0
  0
LINE
  5
113
330
1B
100
AcDbEntity
  8
B.Cu
  6
CONTINUOUS
100
AcDbLine
 10
6.6919604330708662
 20
-3.5598520472440942
 30
0
 11
6.6941074803149601
 21
-3.5617980314960631
 31
0
  0
LINE
  5
114
330
1B
100
AcDbEntity
  8
B.Cu
  6
CONTINUOUS
100
AcDbLine
 10
6.6941074803149601
 20
-3.5617980314960631
 30
0
 11
6.7925326771653545
 21
-3.6602232283464566
 31
0
  0
LINE
  5
115
330
1B
100
AcDbEntity
  8
B.Cu
  6
CONTINUOUS
100
AcDbLine
 10
6.7925326771653545
 20
-3.6602232283464566
 30
0
 11
6.7944786220472437
 21
-3.6623702362204722
 31
0
  0
LINE
  5
116
330
1B
100
AcDbEntity
  8
B.Cu
  6
CONTINUOUS
100
AcDbLine
 10
6.7944786220472437
 20
-3.6623702362204722
 30
0
 11
6.7944786614173225
 21
-3.6623702755905509
 31
0
  0
LINE
  5
117
330
1B
100
AcDbEntity
  8
B.Cu
  6
CONTINUOUS
100
AcDbLine
 10
6.7944786614173225
 20
-3.6623702755905509
 30
0
 11
6.797694527559055
 21
-3.667183149606299
 31
0
  0
LINE
  5
118
330
1B
100
AcDbEntity
  8
B.Cu
  6
CONTINUOUS
100
AcDbLine
 10
6.797694527559055
 20
-3.667183149606299
 30
0
 11
6.7986120472440943
 21
-3.6693983070866141
 31
0
  0
LINE
  5
119
330
1B
100
AcDbEntity
  8
B.Cu
  6
CONTINUOUS
100
AcDbLine
 10
6.7986120472440943
 20
-3.6693983070866141
 30
0
 11
6.7999096850393697
 21
-3.6725309842519684
 31
0
  0
LINE
  5
11A
330
1B
100
AcDbEntity
  8
B.Cu
  6
CONTINUOUS
100
AcDbLine
 10
6.7999096850393697
 20
-3.6725309842519684
 30
0
 11
6.8006243700787401
 21
-3.676123937007874
 31
0
  0
LINE
  5
11B
330
1B
100
AcDbEntity
  8
B.Cu
  6
CONTINUOUS
100
AcDbLine
 10
6.8006243700787401
 20
-3.676123937007874
 30
0
 11
6.8010389370078741
 21
-3.678208149606299
 31
0
  0
LINE
  5
11C
330
1B
100
AcDbEntity
  8
B.Cu
  6
CONTINUOUS
100
AcDbLine
 10
6.8010389370078741
 20
-3.678208149606299
 30
0
 11
6.8011811023622046
 21
-3.6811023622047245
 31
0
  0
LINE
  5
11D
330
1B
100
AcDbEntity
  8
B.Cu
  6
CONTINUOUS
100
AcDbLine
 10
6.8011811023622046
 20
-3.6811023622047245
 30
0
 11
6.8011811023622046
 21
-4.5669291338582676
 31
0
  0
LINE
  5
11E
330
1B
100
AcDbEntity
  8
B.Cu
  6
CONTINUOUS
100
AcDbLine
 10
6.8011811023622046
 20
-4.5669291338582676
 30
0
 11
6.8010389370078741
 21
-4.5698233464566931
 31
0
  0
LINE
  5
11F
330
1B
100
AcDbEntity
  8
B.Cu
  6
CONTINUOUS
100
AcDbLine
 10
6.8010389370078741
 20
-4.5698233464566931
 30
0
 11
6.7999096850393697
 21
-4.5755005118110237
 31
0
  0
LINE
  5
120
330
1B
100
AcDbEntity
  8
B.Cu
  6
CONTINUOUS
100
AcDbLine
 10
6.7999096850393697
 20
-4.5755005118110237
 30
0
 11
6.7993831496062986
 21
-4.5767716535433074
 31
0
  0
LINE
  5
121
330
1B
100
AcDbEntity
  8
B.Cu
  6
CONTINUOUS
100
AcDbLine
 10
6.7993831496062986
 20
-4.5767716535433074
 30
0
 11
6.797694527559055
 21
-4.5808483464566931
 31
0
  0
LINE
  5
122
330
1B
100
AcDbEntity
  8
B.Cu
  6
CONTINUOUS
100
AcDbLine
 10
6.797694527559055
 20
-4.5808483464566931
 30
0
 11
6.7964064173228342
 21
-4.5827760629921261
 31
0
  0
LINE
  5
123
330
1B
100
AcDbEntity
  8
B.Cu
  6
CONTINUOUS
100
AcDbLine
 10
6.7964064173228342
 20
-4.5827760629921261
 30
0
 11
6.7944787007874012
 21
-4.5856612204724412
 31
0
  0
LINE
  5
124
330
1B
100
AcDbEntity
  8
B.Cu
  6
CONTINUOUS
100
AcDbLine
 10
6.7944787007874012
 20
-4.5856612204724412
 30
0
 11
6.7925326771653545
 21
-4.587808267716535
 31
0
  0
LINE
  5
125
330
1B
100
AcDbEntity
  8
B.Cu
  6
CONTINUOUS
100
AcDbLine
 10
6.7925326771653545
 20
-4.587808267716535
 30
0
 11
6.7531625984251971
 21
-4.6271783464566925
 31
0
  0
LINE
  5
126
330
1B
100
AcDbEntity
  8
B.Cu
  6
CONTINUOUS
100
AcDbLine
 10
6.7531625984251971
 20
-4.6271783464566925
 30
0
 11
6.7510155511811023
 21
-4.6291243307086614
 31
0
  0
LINE
  5
127
330
1B
100
AcDbEntity
  8
B.Cu
  6
CONTINUOUS
100
AcDbLine
 10
6.7510155511811023
 20
-4.6291243307086614
 30
0
 11
6.7462026771653543
 21
-4.6323401968503939
 31
0
  0
LINE
  5
128
330
1B
100
AcDbEntity
  8
B.Cu
  6
CONTINUOUS
100
AcDbLine
 10
6.7462026771653543
 20
-4.6323401968503939
 30
0
 11
6.7441888976377955
 21
-4.6331743307086617
 31
0
  0
LINE
  5
129
330
1B
100
AcDbEntity
  8
B.Cu
  6
CONTINUOUS
100
AcDbLine
 10
6.7441888976377955
 20
-4.6331743307086617
 30
0
 11
6.7408548425196848
 21
-4.6345553543307085
 31
0
  0
LINE
  5
12A
330
1B
100
AcDbEntity
  8
B.Cu
  6
CONTINUOUS
100
AcDbLine
 10
6.7408548425196848
 20
-4.6345553543307085
 30
0
 11
6.7351776771653542
 21
-4.6356846062992121
 31
0
  0
LINE
  5
12B
330
1B
100
AcDbEntity
  8
B.Cu
  6
CONTINUOUS
100
AcDbLine
 10
6.7351776771653542
 20
-4.6356846062992121
 30
0
 11
6.7322834645669287
 21
-4.6358267716535435
 31
0
  0
LINE
  5
12C
330
1B
100
AcDbEntity
  8
B.Cu
  6
CONTINUOUS
100
AcDbLine
 10
6.7322834645669287
 20
-4.6358267716535435
 30
0
 11
6.5279787401574803
 21
-4.6358267716535435
 31
0
  0
LINE
  5
12D
330
1B
100
AcDbEntity
  8
B.Cu
  6
CONTINUOUS
100
AcDbLine
 10
6.5279787401574803
 20
-4.6358267716535435
 30
0
 11
6.4382019685039369
 21
-4.7256035433070869
 31
0
  0
LINE
  5
12E
330
1B
100
AcDbEntity
  8
B.Cu
  6
CONTINUOUS
100
AcDbLine
 10
6.4382019685039369
 20
-4.7256035433070869
 30
0
 11
6.3877952755905509
 21
-4.7760102362204719
 31
0
  0
LINE
  5
12F
330
1B
100
AcDbEntity
  8
B.Cu
  6
CONTINUOUS
100
AcDbLine
 10
6.3877952755905509
 20
-4.7760102362204719
 30
0
 11
6.3877952755905509
 21
-4.7785433070866139
 31
0
  0
LINE
  5
130
330
1B
100
AcDbEntity
  8
B.Cu
  6
CONTINUOUS
100
AcDbLine
 10
6.3877952755905509
 20
-4.7785433070866139
 30
0
 11
6.3877952755905509
 21
-4.8277559055118111
 31
0
  0
LINE
  5
131
330
1B
100
AcDbEntity
  8
B.Cu
  6
CONTINUOUS
100
AcDbLine
 10
6.3877952755905509
 20
-4.8277559055118111
 30
0
 11
6.3871814960629916
 21
-4.8319685433070863
 31
0
  0
LINE
  5
132
330
1B
100
AcDbEntity
  8
B.Cu
  6
CONTINUOUS
100
AcDbLine
 10
6.3871814960629916
 20
-4.8319685433070863
 30
0
 11
6.3850469685039366
 21
-4.8363348031496063
 31
0
  0
LINE
  5
133
330
1B
100
AcDbEntity
  8
B.Cu
  6
CONTINUOUS
100
AcDbLine
 10
6.3850469685039366
 20
-4.8363348031496063
 30
0
 11
6.3816103937007869
 21
-4.839771377952756
 31
0
  0
LINE
  5
134
330
1B
100
AcDbEntity
  8
B.Cu
  6
CONTINUOUS
100
AcDbLine
 10
6.3816103937007869
 20
-4.839771377952756
 30
0
 11
6.3772441338582677
 21
-4.841905905511811
 31
0
  0
LINE
  5
135
330
1B
100
AcDbEntity
  8
B.Cu
  6
CONTINUOUS
100
AcDbLine
 10
6.3772441338582677
 20
-4.841905905511811
 30
0
 11
6.3730314960629917
 21
-4.8425196850393704
 31
0
  0
LINE
  5
136
330
1B
100
AcDbEntity
  8
B.Cu
  6
CONTINUOUS
100
AcDbLine
 10
6.3730314960629917
 20
-4.8425196850393704
 30
0
 11
6.3435039370078741
 21
-4.8425196850393704
 31
0
  0
LINE
  5
137
330
1B
100
AcDbEntity
  8
B.Cu
  6
CONTINUOUS
100
AcDbLine
 10
6.3435039370078741
 20
-4.8425196850393704
 30
0
 11
6.339291299212598
 21
-4.841905905511811
 31
0
  0
LINE
  5
138
330
1B
100
AcDbEntity
  8
B.Cu
  6
CONTINUOUS
100
AcDbLine
 10
6.339291299212598
 20
-4.841905905511811
 30
0
 11
6.3349250393700789
 21
-4.839771377952756
 31
0
  0
LINE
  5
139
330
1B
100
AcDbEntity
  8
B.Cu
  6
CONTINUOUS
100
AcDbLine
 10
6.3349250393700789
 20
-4.839771377952756
 30
0
 11
6.3314884645669292
 21
-4.8363348031496063
 31
0
  0
LINE
  5
13A
330
1B
100
AcDbEntity
  8
B.Cu
  6
CONTINUOUS
100
AcDbLine
 10
6.3314884645669292
 20
-4.8363348031496063
 30
0
 11
6.3293539370078742
 21
-4.8319685433070863
 31
0
  0
LINE
  5
13B
330
1B
100
AcDbEntity
  8
B.Cu
  6
CONTINUOUS
100
AcDbLine
 10
6.3293539370078742
 20
-4.8319685433070863
 30
0
 11
6.3287401574803148
 21
-4.8277559055118111
 31
0
  0
LINE
  5
13C
330
1B
100
AcDbEntity
  8
B.Cu
  6
CONTINUOUS
100
AcDbLine
 10
6.3287401574803148
 20
-4.8277559055118111
 30
0
 11
6.3287401574803148
 21
-4.7785433070866139
 31
0
  0
LINE
  5
13D
330
1B
100
AcDbEntity
  8
B.Cu
  6
CONTINUOUS
100
AcDbLine
 10
6.3287401574803148
 20
-4.7785433070866139
 30
0
 11
6.3287401574803148
 21
-4.7637795275590546
 31
0
  0
LINE
  5
13E
330
1B
100
AcDbEntity
  8
B.Cu
  6
CONTINUOUS
100
AcDbLine
 10
6.3287401574803148
 20
-4.7637795275590546
 30
0
 11
6.3288823228346454
 21
-4.7608853149606301
 31
0
  0
LINE
  5
13F
330
1B
100
AcDbEntity
  8
B.Cu
  6
CONTINUOUS
100
AcDbLine
 10
6.3288823228346454
 20
-4.7608853149606301
 30
0
 11
6.3295709055118108
 21
-4.7574235826771654
 31
0
  0
LINE
  5
140
330
1B
100
AcDbEntity
  8
B.Cu
  6
CONTINUOUS
100
AcDbLine
 10
6.3295709055118108
 20
-4.7574235826771654
 30
0
 11
6.3300115748031498
 21
-4.7552081496062995
 31
0
  0
LINE
  5
141
330
1B
100
AcDbEntity
  8
B.Cu
  6
CONTINUOUS
100
AcDbLine
 10
6.3300115748031498
 20
-4.7552081496062995
 30
0
 11
6.3322267322834644
 21
-4.7498603543307087
 31
0
  0
LINE
  5
142
330
1B
100
AcDbEntity
  8
B.Cu
  6
CONTINUOUS
100
AcDbLine
 10
6.3322267322834644
 20
-4.7498603543307087
 30
0
 11
6.3322267322834644
 21
-4.74986031496063
 31
0
  0
LINE
  5
143
330
1B
100
AcDbEntity
  8
B.Cu
  6
CONTINUOUS
100
AcDbLine
 10
6.3322267322834644
 20
-4.74986031496063
 30
0
 11
6.335442598425197
 21
-4.745047440944882
 31
0
  0
LINE
  5
144
330
1B
100
AcDbEntity
  8
B.Cu
  6
CONTINUOUS
100
AcDbLine
 10
6.335442598425197
 20
-4.745047440944882
 30
0
 11
6.337388582677165
 21
-4.7429003937007872
 31
0
  0
LINE
  5
145
330
1B
100
AcDbEntity
  8
B.Cu
  6
CONTINUOUS
100
AcDbLine
 10
6.337388582677165
 20
-4.7429003937007872
 30
0
 11
6.346037007874016
 21
-4.734251968503937
 31
0
  0
LINE
  5
146
330
1B
100
AcDbEntity
  8
B.Cu
  6
CONTINUOUS
100
AcDbLine
 10
6.346037007874016
 20
-4.734251968503937
 30
0
 11
5.984251968503937
 21
-4.734251968503937
 31
0
  0
LINE
  5
147
330
1B
100
AcDbEntity
  8
B.Cu
  6
CONTINUOUS
100
AcDbLine
 10
5.984251968503937
 20
-4.734251968503937
 30
0
 11
5.9813577559055116
 21
-4.7341098031496065
 31
0
  0
LINE
  5
148
330
1B
100
AcDbEntity
  8
B.Cu
  6
CONTINUOUS
100
AcDbLine
 10
5.9813577559055116
 20
-4.7341098031496065
 30
0
 11
5.9756805905511809
 21
-4.7329805511811021
 31
0
  0
LINE
  5
149
330
1B
100
AcDbEntity
  8
B.Cu
  6
CONTINUOUS
100
AcDbLine
 10
5.9756805905511809
 20
-4.7329805511811021
 30
0
 11
5.972547913385827
 21
-4.7316829133858267
 31
0
  0
LINE
  5
14A
330
1B
100
AcDbEntity
  8
B.Cu
  6
CONTINUOUS
100
AcDbLine
 10
5.972547913385827
 20
-4.7316829133858267
 30
0
 11
5.9703327559055115
 21
-4.7307653937007874
 31
0
  0
LINE
  5
14B
330
1B
100
AcDbEntity
  8
B.Cu
  6
CONTINUOUS
100
AcDbLine
 10
5.9703327559055115
 20
-4.7307653937007874
 30
0
 11
5.9655198818897635
 21
-4.7275495275590549
 31
0
  0
LINE
  5
14C
330
1B
100
AcDbEntity
  8
B.Cu
  6
CONTINUOUS
100
AcDbLine
 10
5.9655198818897635
 20
-4.7275495275590549
 30
0
 11
5.9633728346456696
 21
-4.7256035433070869
 31
0
  0
LINE
  5
14D
330
1B
100
AcDbEntity
  8
B.Cu
  6
CONTINUOUS
100
AcDbLine
 10
5.9633728346456696
 20
-4.7256035433070869
 30
0
 11
5.8846326771653539
 21
-4.6468633858267712
 31
0
  0
LINE
  5
14E
330
1B
100
AcDbEntity
  8
B.Cu
  6
CONTINUOUS
100
AcDbLine
 10
5.8846326771653539
 20
-4.6468633858267712
 30
0
 11
5.8826866929133859
 21
-4.6447163385826773
 31
0
  0
LINE
  5
14F
330
1B
100
AcDbEntity
  8
B.Cu
  6
CONTINUOUS
100
AcDbLine
 10
5.8826866929133859
 20
-4.6447163385826773
 30
0
 11
5.8794708267716533
 21
-4.6399034251968505
 31
0
  0
LINE
  5
150
330
1B
100
AcDbEntity
  8
B.Cu
  6
CONTINUOUS
100
AcDbLine
 10
5.8794708267716533
 20
-4.6399034251968505
 30
0
 11
5.8772556692913387
 21
-4.6345556299212598
 31
0
  0
LINE
  5
151
330
1B
100
AcDbEntity
  8
B.Cu
  6
CONTINUOUS
100
AcDbLine
 10
5.8772556692913387
 20
-4.6345556299212598
 30
0
 11
5.8761264173228343
 21
-4.6288784645669292
 31
0
  0
LINE
  5
152
330
1B
100
AcDbEntity
  8
B.Cu
  6
CONTINUOUS
100
AcDbLine
 10
5.8761264173228343
 20
-4.6288784645669292
 30
0
 11
5.8761264173228343
 21
-4.6230900393700782
 31
0
  0
LINE
  5
153
330
1B
100
AcDbEntity
  8
B.Cu
  6
CONTINUOUS
100
AcDbLine
 10
5.8761264173228343
 20
-4.6230900393700782
 30
0
 11
5.8772556692913387
 21
-4.6174128740157476
 31
0
  0
LINE
  5
154
330
1B
100
AcDbEntity
  8
B.Cu
  6
CONTINUOUS
100
AcDbLine
 10
5.8772556692913387
 20
-4.6174128740157476
 30
0
 11
5.8794708267716533
 21
-4.6120650787401578
 31
0
  0
LINE
  5
155
330
1B
100
AcDbEntity
  8
B.Cu
  6
CONTINUOUS
100
AcDbLine
 10
5.8794708267716533
 20
-4.6120650787401578
 30
0
 11
5.8826866929133859
 21
-4.607252165354331
 31
0
  0
LINE
  5
156
330
1B
100
AcDbEntity
  8
B.Cu
  6
CONTINUOUS
100
AcDbLine
 10
5.8826866929133859
 20
-4.607252165354331
 30
0
 11
5.8867797244094486
 21
-4.6031591338582674
 31
0
  0
LINE
  5
157
330
1B
100
AcDbEntity
  8
B.Cu
  6
CONTINUOUS
100
AcDbLine
 10
5.8867797244094486
 20
-4.6031591338582674
 30
0
 11
5.8915926377952754
 21
-4.5999432677165357
 31
0
  0
LINE
  5
158
330
1B
100
AcDbEntity
  8
B.Cu
  6
CONTINUOUS
100
AcDbLine
 10
5.8915926377952754
 20
-4.5999432677165357
 30
0
 11
5.8969404330708661
 21
-4.5977281102362202
 31
0
  0
LINE
  5
159
330
1B
100
AcDbEntity
  8
B.Cu
  6
CONTINUOUS
100
AcDbLine
 10
5.8969404330708661
 20
-4.5977281102362202
 30
0
 11
5.9026175984251967
 21
-4.5965988582677166
 31
0
  0
LINE
  5
15A
330
1B
100
AcDbEntity
  8
B.Cu
  6
CONTINUOUS
100
AcDbLine
 10
5.9026175984251967
 20
-4.5965988582677166
 30
0
 11
5.9084060236220468
 21
-4.5965988582677166
 31
0
  0
LINE
  5
15B
330
1B
100
AcDbEntity
  8
B.Cu
  6
CONTINUOUS
100
AcDbLine
 10
5.9084060236220468
 20
-4.5965988582677166
 30
0
 11
5.9140831889763774
 21
-4.5977281102362202
 31
0
  0
LINE
  5
15C
330
1B
100
AcDbEntity
  8
B.Cu
  6
CONTINUOUS
100
AcDbLine
 10
5.9140831889763774
 20
-4.5977281102362202
 30
0
 11
5.9194309842519681
 21
-4.5999432677165357
 31
0
  0
LINE
  5
15D
330
1B
100
AcDbEntity
  8
B.Cu
  6
CONTINUOUS
100
AcDbLine
 10
5.9194309842519681
 20
-4.5999432677165357
 30
0
 11
5.9242438976377949
 21
-4.6031591338582674
 31
0
  0
LINE
  5
15E
330
1B
100
AcDbEntity
  8
B.Cu
  6
CONTINUOUS
100
AcDbLine
 10
5.9242438976377949
 20
-4.6031591338582674
 30
0
 11
5.9263909448818897
 21
-4.6051051181102363
 31
0
  0
LINE
  5
15F
330
1B
100
AcDbEntity
  8
B.Cu
  6
CONTINUOUS
100
AcDbLine
 10
5.9263909448818897
 20
-4.6051051181102363
 30
0
 11
5.9964826771653543
 21
-4.6751968503937009
 31
0
  0
LINE
  5
160
330
1B
100
AcDbEntity
  8
B.Cu
  6
CONTINUOUS
100
AcDbLine
 10
5.9964826771653543
 20
-4.6751968503937009
 30
0
 11
6.4050921259842521
 21
-4.6751968503937009
 31
0
  0
LINE
  5
161
330
1B
100
AcDbEntity
  8
B.Cu
  6
CONTINUOUS
100
AcDbLine
 10
6.4050921259842521
 20
-4.6751968503937009
 30
0
 11
6.4948688976377955
 21
-4.5854200787401576
 31
0
  0
LINE
  5
162
330
1B
100
AcDbEntity
  8
B.Cu
  6
CONTINUOUS
100
AcDbLine
 10
6.4948688976377955
 20
-4.5854200787401576
 30
0
 11
6.4970159448818894
 21
-4.5834740944881887
 31
0
  0
LINE
  5
163
330
1B
100
AcDbEntity
  8
B.Cu
  6
CONTINUOUS
100
AcDbLine
 10
6.4970159448818894
 20
-4.5834740944881887
 30
0
 11
6.5018288188976374
 21
-4.580258228346457
 31
0
  0
LINE
  5
164
330
1B
100
AcDbEntity
  8
B.Cu
  6
CONTINUOUS
100
AcDbLine
 10
6.5018288188976374
 20
-4.580258228346457
 30
0
 11
6.5057377559055114
 21
-4.5786390944881887
 31
0
  0
LINE
  5
165
330
1B
100
AcDbEntity
  8
B.Cu
  6
CONTINUOUS
100
AcDbLine
 10
6.5057377559055114
 20
-4.5786390944881887
 30
0
 11
6.5071766535433069
 21
-4.5780430708661415
 31
0
  0
LINE
  5
166
330
1B
100
AcDbEntity
  8
B.Cu
  6
CONTINUOUS
100
AcDbLine
 10
6.5071766535433069
 20
-4.5780430708661415
 30
0
 11
6.5128538188976375
 21
-4.5769138188976379
 31
0
  0
LINE
  5
167
330
1B
100
AcDbEntity
  8
B.Cu
  6
CONTINUOUS
100
AcDbLine
 10
6.5128538188976375
 20
-4.5769138188976379
 30
0
 11
6.515748031496063
 21
-4.5767716535433074
 31
0
  0
LINE
  5
168
330
1B
100
AcDbEntity
  8
B.Cu
  6
CONTINUOUS
100
AcDbLine
 10
6.515748031496063
 20
-4.5767716535433074
 30
0
 11
6.7200527559055114
 21
-4.5767716535433074
 31
0
  0
LINE
  5
169
330
1B
100
AcDbEntity
  8
B.Cu
  6
CONTINUOUS
100
AcDbLine
 10
6.7200527559055114
 20
-4.5767716535433074
 30
0
 11
6.7421259842519685
 21
-4.5546984251968503
 31
0
  0
LINE
  5
16A
330
1B
100
AcDbEntity
  8
B.Cu
  6
CONTINUOUS
100
AcDbLine
 10
6.7421259842519685
 20
-4.5546984251968503
 30
0
 11
6.7421259842519685
 21
-3.6933330708661418
 31
0
  0
LINE
  5
16B
330
1B
100
AcDbEntity
  8
B.Cu
  6
CONTINUOUS
100
AcDbLine
 10
6.7421259842519685
 20
-3.6933330708661418
 30
0
 11
6.6609976377952753
 21
-3.6122047244094486
 31
0
  0
LINE
  5
16C
330
1B
100
AcDbEntity
  8
B.Cu
  6
CONTINUOUS
100
AcDbLine
 10
6.6609976377952753
 20
-3.6122047244094486
 30
0
 11
6.5551181102362204
 21
-3.6122047244094486
 31
0
  0
LINE
  5
16D
330
1B
100
AcDbEntity
  8
B.Cu
  6
CONTINUOUS
100
AcDbLine
 10
6.5551181102362204
 20
-3.6122047244094486
 30
0
 11
6.5305118110236222
 21
-3.6122047244094486
 31
0
  0
LINE
  5
16E
330
1B
100
AcDbEntity
  8
B.Cu
  6
CONTINUOUS
100
AcDbLine
 10
6.5305118110236222
 20
-3.6122047244094486
 30
0
 11
6.5262991732283462
 21
-3.6115909448818897
 31
0
  0
LINE
  5
16F
330
1B
100
AcDbEntity
  8
B.Cu
  6
CONTINUOUS
100
AcDbLine
 10
6.5262991732283462
 20
-3.6115909448818897
 30
0
 11
6.521932913385827
 21
-3.6094564173228347
 31
0
  0
LINE
  5
170
330
1B
100
AcDbEntity
  8
B.Cu
  6
CONTINUOUS
100
AcDbLine
 10
6.521932913385827
 20
-3.6094564173228347
 30
0
 11
6.5184963385826773
 21
-3.606019842519685
 31
0
  0
LINE
  5
171
330
1B
100
AcDbEntity
  8
B.Cu
  6
CONTINUOUS
100
AcDbLine
 10
6.5184963385826773
 20
-3.606019842519685
 30
0
 11
6.5163618110236223
 21
-3.6016535826771654
 31
0
  0
LINE
  5
172
330
1B
100
AcDbEntity
  8
B.Cu
  6
CONTINUOUS
100
AcDbLine
 10
6.5163618110236223
 20
-3.6016535826771654
 30
0
 11
6.515748031496063
 21
-3.5974409448818898
 31
0
  0
LINE
  5
173
330
1B
100
AcDbEntity
  8
B.Cu
  6
CONTINUOUS
100
AcDbLine
 10
6.515748031496063
 20
-3.5974409448818898
 30
0
 11
6.515748031496063
 21
-3.5679133858267718
 31
0
  0
LINE
  5
174
330
1B
100
AcDbEntity
  8
B.Cu
  6
CONTINUOUS
100
AcDbLine
 10
6.515748031496063
 20
-3.5679133858267718
 30
0
 11
6.5163618110236223
 21
-3.5637007480314962
 31
0
  0
LINE
  5
175
330
1B
100
AcDbEntity
  8
B.Cu
  6
CONTINUOUS
100
AcDbLine
 10
6.5163618110236223
 20
-3.5637007480314962
 30
0
 11
6.5184963385826773
 21
-3.5593344881889761
 31
0
  0
LINE
  5
176
330
1B
100
AcDbEntity
  8
B.Cu
  6
CONTINUOUS
100
AcDbLine
 10
6.5184963385826773
 20
-3.5593344881889761
 30
0
 11
6.521932913385827
 21
-3.5558979133858268
 31
0
  0
LINE
  5
177
330
1B
100
AcDbEntity
  8
B.Cu
  6
CONTINUOUS
100
AcDbLine
 10
6.521932913385827
 20
-3.5558979133858268
 30
0
 11
6.5255905511811019
 21
-3.5541098031496063
 31
0
  0
LINE
  5
178
330
1B
100
AcDbEntity
  8
B.Cu
  6
CONTINUOUS
100
AcDbLine
 10
6.5255905511811019
 20
-3.5541098031496063
 30
0
 11
6.5255905511811019
 21
-2.7681362204724409
 31
0
  0
LINE
  5
179
330
1B
100
AcDbEntity
  8
B.Cu
  6
CONTINUOUS
100
AcDbLine
 10
6.5255905511811019
 20
-2.7681362204724409
 30
0
 11
6.3582417322834646
 21
-2.6007874015748031
 31
0
  0
LINE
  5
17A
330
1B
100
AcDbEntity
  8
B.Cu
  6
CONTINUOUS
100
AcDbLine
 10
6.3582417322834646
 20
-2.6007874015748031
 30
0
 11
6.124488188976378
 21
-2.6007874015748031
 31
0
  0
LINE
  5
17B
330
1B
100
AcDbEntity
  8
B.Cu
  6
CONTINUOUS
100
AcDbLine
 10
6.124488188976378
 20
-2.6007874015748031
 30
0
 11
6.1215939763779526
 21
-2.6006452362204722
 31
0
  0
LINE
  5
17C
330
1B
100
AcDbEntity
  8
B.Cu
  6
CONTINUOUS
100
AcDbLine
 10
6.1215939763779526
 20
-2.6006452362204722
 30
0
 11
6.1159167716535432
 21
-2.5995159448818899
 31
0
  0
LINE
  5
17D
330
1B
100
AcDbEntity
  8
B.Cu
  6
CONTINUOUS
100
AcDbLine
 10
6.1159167716535432
 20
-2.5995159448818899
 30
0
 11
6.1105689763779525
 21
-2.5973008267716535
 31
0
  0
LINE
  5
17E
330
1B
100
AcDbEntity
  8
B.Cu
  6
CONTINUOUS
100
AcDbLine
 10
6.1105689763779525
 20
-2.5973008267716535
 30
0
 11
6.1090110236220472
 21
-2.596259842519685
 31
0
  0
LINE
  5
17F
330
1B
100
AcDbEntity
  8
B.Cu
  6
CONTINUOUS
100
AcDbLine
 10
6.1090110236220472
 20
-2.596259842519685
 30
0
 11
6.106988188976378
 21
-2.596259842519685
 31
0
  0
LINE
  5
180
330
1B
100
AcDbEntity
  8
B.Cu
  6
CONTINUOUS
100
AcDbLine
 10
6.106988188976378
 20
-2.596259842519685
 30
0
 11
6.104118070866142
 21
-2.595688937007874
 31
0
  0
LINE
  5
181
330
1B
100
AcDbEntity
  8
B.Cu
  6
CONTINUOUS
100
AcDbLine
 10
6.104118070866142
 20
-2.595688937007874
 30
0
 11
6.1016848818897635
 21
-2.5940631496062991
 31
0
  0
LINE
  5
182
330
1B
100
AcDbEntity
  8
B.Cu
  6
CONTINUOUS
100
AcDbLine
 10
6.1016848818897635
 20
-2.5940631496062991
 30
0
 11
6.1000590944881887
 21
-2.5916299606299211
 31
0
  0
LINE
  5
183
330
1B
100
AcDbEntity
  8
B.Cu
  6
CONTINUOUS
100
AcDbLine
 10
6.1000590944881887
 20
-2.5916299606299211
 30
0
 11
6.0994881889763777
 21
-2.5887598425196852
 31
0
  0
LINE
  5
184
330
1B
100
AcDbEntity
  8
B.Cu
  6
CONTINUOUS
100
AcDbLine
 10
6.0994881889763777
 20
-2.5887598425196852
 30
0
 11
6.0994881889763777
 21
-2.5867369685039368
 31
0
  0
LINE
  5
185
330
1B
100
AcDbEntity
  8
B.Cu
  6
CONTINUOUS
100
AcDbLine
 10
6.0994881889763777
 20
-2.5867369685039368
 30
0
 11
6.0984472047244092
 21
-2.5851790551181102
 31
0
  0
LINE
  5
186
330
1B
100
AcDbEntity
  8
B.Cu
  6
CONTINUOUS
100
AcDbLine
 10
6.0984472047244092
 20
-2.5851790551181102
 30
0
 11
6.0962320866141733
 21
-2.5798312598425195
 31
0
  0
LINE
  5
187
330
1B
100
AcDbEntity
  8
B.Cu
  6
CONTINUOUS
100
AcDbLine
 10
6.0962320866141733
 20
-2.5798312598425195
 30
0
 11
6.0951027952755901
 21
-2.5741540551181101
 31
0
  0
LINE
  5
188
330
1B
100
AcDbEntity
  8
B.Cu
  6
CONTINUOUS
100
AcDbLine
 10
6.0951027952755901
 20
-2.5741540551181101
 30
0
 11
6.0951027952755901
 21
-2.5683656299212596
 31
0
  0
LINE
  5
189
330
1B
100
AcDbEntity
  8
B.Cu
  6
CONTINUOUS
100
AcDbLine
 10
6.0951027952755901
 20
-2.5683656299212596
 30
0
 11
6.0962320866141733
 21
-2.5626884251968503
 31
0
  0
LINE
  5
18A
330
1B
100
AcDbEntity
  8
B.Cu
  6
CONTINUOUS
100
AcDbLine
 10
6.0962320866141733
 20
-2.5626884251968503
 30
0
 11
6.0984472047244092
 21
-2.55734062992126
 31
0
  0
LINE
  5
18B
330
1B
100
AcDbEntity
  8
B.Cu
  6
CONTINUOUS
100
AcDbLine
 10
6.0984472047244092
 20
-2.55734062992126
 30
0
 11
6.0994881889763777
 21
-2.5557826771653542
 31
0
  0
LINE
  5
18C
330
1B
100
AcDbEntity
  8
B.Cu
  6
CONTINUOUS
100
AcDbLine
 10
6.0994881889763777
 20
-2.5557826771653542
 30
0
 11
6.0994881889763777
 21
-2.553759842519685
 31
0
  0
LINE
  5
18D
330
1B
100
AcDbEntity
  8
B.Cu
  6
CONTINUOUS
100
AcDbLine
 10
6.0994881889763777
 20
-2.553759842519685
 30
0
 11
6.1000590944881887
 21
-2.5508897244094486
 31
0
  0
LINE
  5
18E
330
1B
100
AcDbEntity
  8
B.Cu
  6
CONTINUOUS
100
AcDbLine
 10
6.1000590944881887
 20
-2.5508897244094486
 30
0
 11
6.1016848818897635
 21
-2.5484565354330706
 31
0
  0
LINE
  5
18F
330
1B
100
AcDbEntity
  8
B.Cu
  6
CONTINUOUS
100
AcDbLine
 10
6.1016848818897635
 20
-2.5484565354330706
 30
0
 11
6.104118070866142
 21
-2.5468307480314958
 31
0
  0
LINE
  5
190
330
1B
100
AcDbEntity
  8
B.Cu
  6
CONTINUOUS
100
AcDbLine
 10
6.104118070866142
 20
-2.5468307480314958
 30
0
 11
6.106988188976378
 21
-2.5462598425196852
 31
0
  0
LINE
  5
191
330
1B
100
AcDbEntity
  8
B.Cu
  6
CONTINUOUS
100
AcDbLine
 10
6.106988188976378
 20
-2.5462598425196852
 30
0
 11
6.1090110236220472
 21
-2.5462598425196852
 31
0
  0
LINE
  5
192
330
1B
100
AcDbEntity
  8
B.Cu
  6
CONTINUOUS
100
AcDbLine
 10
6.1090110236220472
 20
-2.5462598425196852
 30
0
 11
6.1105689763779525
 21
-2.5452188582677167
 31
0
  0
LINE
  5
193
330
1B
100
AcDbEntity
  8
B.Cu
  6
CONTINUOUS
100
AcDbLine
 10
6.1105689763779525
 20
-2.5452188582677167
 30
0
 11
6.1159167716535432
 21
-2.5430037401574803
 31
0
  0
LINE
  5
194
330
1B
100
AcDbEntity
  8
B.Cu
  6
CONTINUOUS
100
AcDbLine
 10
6.1159167716535432
 20
-2.5430037401574803
 30
0
 11
6.1215939763779526
 21
-2.5418744488188976
 31
0
  0
LINE
  5
195
330
1B
100
AcDbEntity
  8
B.Cu
  6
CONTINUOUS
100
AcDbLine
 10
6.1215939763779526
 20
-2.5418744488188976
 30
0
 11
6.124488188976378
 21
-2.541732283464567
 31
0
  0
LINE
  5
196
330
1B
100
AcDbEntity
  8
B.Cu
  6
CONTINUOUS
100
AcDbLine
 10
6.124488188976378
 20
-2.541732283464567
 30
0
 11
6.3704724409448819
 21
-2.541732283464567
 31
0
  0
LINE
  5
197
330
1B
100
AcDbEntity
  8
B.Cu
  6
CONTINUOUS
100
AcDbLine
 10
6.3704724409448819
 20
-2.541732283464567
 30
0
 11
6.3733666535433073
 21
-2.5418744488188976
 31
0
  0
LINE
  5
198
330
1B
100
AcDbEntity
  8
B.Cu
  6
CONTINUOUS
100
AcDbLine
 10
6.8890551574803149
 20
-4.2722673228346455
 30
0
 11
6.8934214173228341
 21
-4.2744018503937005
 31
0
  0
LINE
  5
199
330
1B
100
AcDbEntity
  8
B.Cu
  6
CONTINUOUS
100
AcDbLine
 10
6.8934214173228341
 20
-4.2744018503937005
 30
0
 11
6.8968579921259838
 21
-4.2778384251968502
 31
0
  0
LINE
  5
19A
330
1B
100
AcDbEntity
  8
B.Cu
  6
CONTINUOUS
100
AcDbLine
 10
6.8968579921259838
 20
-4.2778384251968502
 30
0
 11
6.8989925196850388
 21
-4.2822046850393702
 31
0
  0
LINE
  5
19B
330
1B
100
AcDbEntity
  8
B.Cu
  6
CONTINUOUS
100
AcDbLine
 10
6.8989925196850388
 20
-4.2822046850393702
 30
0
 11
6.8996062992125982
 21
-4.2864173228346454
 31
0
  0
LINE
  5
19C
330
1B
100
AcDbEntity
  8
B.Cu
  6
CONTINUOUS
100
AcDbLine
 10
6.8996062992125982
 20
-4.2864173228346454
 30
0
 11
6.8996062992125982
 21
-4.3110236220472444
 31
0
  0
LINE
  5
19D
330
1B
100
AcDbEntity
  8
B.Cu
  6
CONTINUOUS
100
AcDbLine
 10
6.8996062992125982
 20
-4.3110236220472444
 30
0
 11
6.8996062992125982
 21
-4.7047244094488185
 31
0
  0
LINE
  5
19E
330
1B
100
AcDbEntity
  8
B.Cu
  6
CONTINUOUS
100
AcDbLine
 10
6.8996062992125982
 20
-4.7047244094488185
 30
0
 11
6.8994641338582676
 21
-4.707618622047244
 31
0
  0
LINE
  5
19F
330
1B
100
AcDbEntity
  8
B.Cu
  6
CONTINUOUS
100
AcDbLine
 10
6.8994641338582676
 20
-4.707618622047244
 30
0
 11
6.8983348818897632
 21
-4.7132957874015746
 31
0
  0
LINE
  5
1A0
330
1B
100
AcDbEntity
  8
B.Cu
  6
CONTINUOUS
100
AcDbLine
 10
6.8983348818897632
 20
-4.7132957874015746
 30
0
 11
6.8970372440944878
 21
-4.7164284645669294
 31
0
  0
LINE
  5
1A1
330
1B
100
AcDbEntity
  8
B.Cu
  6
CONTINUOUS
100
AcDbLine
 10
6.8970372440944878
 20
-4.7164284645669294
 30
0
 11
6.8961197244094485
 21
-4.7186436220472441
 31
0
  0
LINE
  5
1A2
330
1B
100
AcDbEntity
  8
B.Cu
  6
CONTINUOUS
100
AcDbLine
 10
6.8961197244094485
 20
-4.7186436220472441
 30
0
 11
6.892903858267716
 21
-4.7234564960629921
 31
0
  0
LINE
  5
1A3
330
1B
100
AcDbEntity
  8
B.Cu
  6
CONTINUOUS
100
AcDbLine
 10
6.892903858267716
 20
-4.7234564960629921
 30
0
 11
6.890957874015748
 21
-4.7256035433070869
 31
0
  0
LINE
  5
1A4
330
1B
100
AcDbEntity
  8
B.Cu
  6
CONTINUOUS
100
AcDbLine
 10
6.890957874015748
 20
-4.7256035433070869
 30
0
 11
6.7925326771653545
 21
-4.8240287401574804
 31
0
  0
LINE
  5
1A5
330
1B
100
AcDbEntity
  8
B.Cu
  6
CONTINUOUS
100
AcDbLine
 10
6.7925326771653545
 20
-4.8240287401574804
 30
0
 11
6.7903856299212597
 21
-4.8259747244094484
 31
0
  0
LINE
  5
1A6
330
1B
100
AcDbEntity
  8
B.Cu
  6
CONTINUOUS
100
AcDbLine
 10
6.7903856299212597
 20
-4.8259747244094484
 30
0
 11
6.7855727559055117
 21
-4.8291905905511809
 31
0
  0
LINE
  5
1A7
330
1B
100
AcDbEntity
  8
B.Cu
  6
CONTINUOUS
100
AcDbLine
 10
6.7855727559055117
 20
-4.8291905905511809
 30
0
 11
6.7847362204724408
 21
-4.8295370866141729
 31
0
  0
LINE
  5
1A8
330
1B
100
AcDbEntity
  8
B.Cu
  6
CONTINUOUS
100
AcDbLine
 10
6.7847362204724408
 20
-4.8295370866141729
 30
0
 11
6.7802249212598422
 21
-4.8314057480314956
 31
0
  0
LINE
  5
1A9
330
1B
100
AcDbEntity
  8
B.Cu
  6
CONTINUOUS
100
AcDbLine
 10
6.7802249212598422
 20
-4.8314057480314956
 30
0
 11
6.7745477559055116
 21
-4.832535
 31
0
  0
LINE
  5
1AA
330
1B
100
AcDbEntity
  8
B.Cu
  6
CONTINUOUS
100
AcDbLine
 10
6.7745477559055116
 20
-4.832535
 30
0
 11
6.7716535433070861
 21
-4.8326771653543306
 31
0
  0
LINE
  5
1AB
330
1B
100
AcDbEntity
  8
B.Cu
  6
CONTINUOUS
100
AcDbLine
 10
6.7716535433070861
 20
-4.8326771653543306
 30
0
 11
6.4785650787401572
 21
-4.8326771653543306
 31
0
  0
LINE
  5
1AC
330
1B
100
AcDbEntity
  8
B.Cu
  6
CONTINUOUS
100
AcDbLine
 10
6.4785650787401572
 20
-4.8326771653543306
 30
0
 11
6.4754249999999995
 21
-4.8358172440944882
 31
0
  0
LINE
  5
1AD
330
1B
100
AcDbEntity
  8
B.Cu
  6
CONTINUOUS
100
AcDbLine
 10
6.4754249999999995
 20
-4.8358172440944882
 30
0
 11
6.4706121259842515
 21
-4.8390331102362207
 31
0
  0
LINE
  5
1AE
330
1B
100
AcDbEntity
  8
B.Cu
  6
CONTINUOUS
100
AcDbLine
 10
6.4706121259842515
 20
-4.8390331102362207
 30
0
 11
6.4652643307086617
 21
-4.8412482283464566
 31
0
  0
LINE
  5
1AF
330
1B
100
AcDbEntity
  8
B.Cu
  6
CONTINUOUS
100
AcDbLine
 10
6.4652643307086617
 20
-4.8412482283464566
 30
0
 11
6.4595871259842514
 21
-4.8423775196850389
 31
0
  0
LINE
  5
1B0
330
1B
100
AcDbEntity
  8
B.Cu
  6
CONTINUOUS
100
AcDbLine
 10
6.4595871259842514
 20
-4.8423775196850389
 30
0
 11
6.4537987007874014
 21
-4.8423775196850389
 31
0
  0
LINE
  5
1B1
330
1B
100
AcDbEntity
  8
B.Cu
  6
CONTINUOUS
100
AcDbLine
 10
6.4537987007874014
 20
-4.8423775196850389
 30
0
 11
6.448121496062992
 21
-4.8412482283464566
 31
0
  0
LINE
  5
1B2
330
1B
100
AcDbEntity
  8
B.Cu
  6
CONTINUOUS
100
AcDbLine
 10
6.448121496062992
 20
-4.8412482283464566
 30
0
 11
6.4427737007874013
 21
-4.8390331102362207
 31
0
  0
LINE
  5
1B3
330
1B
100
AcDbEntity
  8
B.Cu
  6
CONTINUOUS
100
AcDbLine
 10
6.4427737007874013
 20
-4.8390331102362207
 30
0
 11
6.4379608267716533
 21
-4.8358172440944882
 31
0
  0
LINE
  5
1B4
330
1B
100
AcDbEntity
  8
B.Cu
  6
CONTINUOUS
100
AcDbLine
 10
6.4379608267716533
 20
-4.8358172440944882
 30
0
 11
6.4338677952755905
 21
-4.8317242125984254
 31
0
  0
LINE
  5
1B5
330
1B
100
AcDbEntity
  8
B.Cu
  6
CONTINUOUS
100
AcDbLine
 10
6.4338677952755905
 20
-4.8317242125984254
 30
0
 11
6.430651929133858
 21
-4.8269113385826774
 31
0
  0
LINE
  5
1B6
330
1B
100
AcDbEntity
  8
B.Cu
  6
CONTINUOUS
100
AcDbLine
 10
6.430651929133858
 20
-4.8269113385826774
 30
0
 11
6.4284368110236221
 21
-4.8215635433070867
 31
0
  0
LINE
  5
1B7
330
1B
100
AcDbEntity
  8
B.Cu
  6
CONTINUOUS
100
AcDbLine
 10
6.4284368110236221
 20
-4.8215635433070867
 30
0
 11
6.4273075196850389
 21
-4.8158863385826773
 31
0
  0
LINE
  5
1B8
330
1B
100
AcDbEntity
  8
B.Cu
  6
CONTINUOUS
100
AcDbLine
 10
6.4273075196850389
 20
-4.8158863385826773
 30
0
 11
6.4271653543307083
 21
-4.8129921259842519
 31
0
  0
LINE
  5
1B9
330
1B
100
AcDbEntity
  8
B.Cu
  6
CONTINUOUS
100
AcDbLine
 10
6.4271653543307083
 20
-4.8129921259842519
 30
0
 11
6.4271653543307083
 21
-4.7933070866141732
 31
0
  0
LINE
  5
1BA
330
1B
100
AcDbEntity
  8
B.Cu
  6
CONTINUOUS
100
AcDbLine
 10
6.4271653543307083
 20
-4.7933070866141732
 30
0
 11
6.4273075196850389
 21
-4.7904128740157477
 31
0
  0
LINE
  5
1BB
330
1B
100
AcDbEntity
  8
B.Cu
  6
CONTINUOUS
100
AcDbLine
 10
6.4273075196850389
 20
-4.7904128740157477
 30
0
 11
6.4284368110236221
 21
-4.7847356692913383
 31
0
  0
LINE
  5
1BC
330
1B
100
AcDbEntity
  8
B.Cu
  6
CONTINUOUS
100
AcDbLine
 10
6.4284368110236221
 20
-4.7847356692913383
 30
0
 11
6.430651929133858
 21
-4.7793878740157476
 31
0
  0
LINE
  5
1BD
330
1B
100
AcDbEntity
  8
B.Cu
  6
CONTINUOUS
100
AcDbLine
 10
6.430651929133858
 20
-4.7793878740157476
 30
0
 11
6.4338677952755905
 21
-4.7745749999999996
 31
0
  0
LINE
  5
1BE
330
1B
100
AcDbEntity
  8
B.Cu
  6
CONTINUOUS
100
AcDbLine
 10
6.4338677952755905
 20
-4.7745749999999996
 30
0
 11
6.4379608267716533
 21
-4.7704819685039368
 31
0
  0
LINE
  5
1BF
330
1B
100
AcDbEntity
  8
B.Cu
  6
CONTINUOUS
100
AcDbLine
 10
6.4379608267716533
 20
-4.7704819685039368
 30
0
 11
6.4427737007874013
 21
-4.7672661023622043
 31
0
  0
LINE
  5
1C0
330
1B
100
AcDbEntity
  8
B.Cu
  6
CONTINUOUS
100
AcDbLine
 10
6.4427737007874013
 20
-4.7672661023622043
 30
0
 11
6.448121496062992
 21
-4.7650509842519684
 31
0
  0
LINE
  5
1C1
330
1B
100
AcDbEntity
  8
B.Cu
  6
CONTINUOUS
100
AcDbLine
 10
6.448121496062992
 20
-4.7650509842519684
 30
0
 11
6.4537987007874014
 21
-4.7639216929133861
 31
0
  0
LINE
  5
1C2
330
1B
100
AcDbEntity
  8
B.Cu
  6
CONTINUOUS
100
AcDbLine
 10
6.4537987007874014
 20
-4.7639216929133861
 30
0
 11
6.4595871259842514
 21
-4.7639216929133861
 31
0
  0
LINE
  5
1C3
330
1B
100
AcDbEntity
  8
B.Cu
  6
CONTINUOUS
100
AcDbLine
 10
6.4595871259842514
 20
-4.7639216929133861
 30
0
 11
6.4652643307086617
 21
-4.7650509842519684
 31
0
  0
LINE
  5
1C4
330
1B
100
AcDbEntity
  8
B.Cu
  6
CONTINUOUS
100
AcDbLine
 10
6.4652643307086617
 20
-4.7650509842519684
 30
0
 11
6.4706121259842515
 21
-4.7672661023622043
 31
0
  0
LINE
  5
1C5
330
1B
100
AcDbEntity
  8
B.Cu
  6
CONTINUOUS
100
AcDbLine
 10
6.4706121259842515
 20
-4.7672661023622043
 30
0
 11
6.4754249999999995
 21
-4.7704819685039368
 31
0
  0
LINE
  5
1C6
330
1B
100
AcDbEntity
  8
B.Cu
  6
CONTINUOUS
100
AcDbLine
 10
6.4754249999999995
 20
-4.7704819685039368
 30
0
 11
6.4785650787401572
 21
-4.7736220472440944
 31
0
  0
LINE
  5
1C7
330
1B
100
AcDbEntity
  8
B.Cu
  6
CONTINUOUS
100
AcDbLine
 10
6.4785650787401572
 20
-4.7736220472440944
 30
0
 11
6.7594228346456688
 21
-4.7736220472440944
 31
0
  0
LINE
  5
1C8
330
1B
100
AcDbEntity
  8
B.Cu
  6
CONTINUOUS
100
AcDbLine
 10
6.7594228346456688
 20
-4.7736220472440944
 30
0
 11
6.840551181102362
 21
-4.6924937007874012
 31
0
  0
LINE
  5
1C9
330
1B
100
AcDbEntity
  8
B.Cu
  6
CONTINUOUS
100
AcDbLine
 10
6.840551181102362
 20
-4.6924937007874012
 30
0
 11
6.840551181102362
 21
-4.3110236220472444
 31
0
  0
LINE
  5
1CA
330
1B
100
AcDbEntity
  8
B.Cu
  6
CONTINUOUS
100
AcDbLine
 10
6.840551181102362
 20
-4.3110236220472444
 30
0
 11
6.840551181102362
 21
-4.2864173228346454
 31
0
  0
LINE
  5
1CB
330
1B
100
AcDbEntity
  8
B.Cu
  6
CONTINUOUS
100
AcDbLine
 10
6.840551181102362
 20
-4.2864173228346454
 30
0
 11
6.8411649606299214
 21
-4.2822046850393702
 31
0
  0
LINE
  5
1CC
330
1B
100
AcDbEntity
  8
B.Cu
  6
CONTINUOUS
100
AcDbLine
 10
6.8411649606299214
 20
-4.2822046850393702
 30
0
 11
6.8432994881889764
 21
-4.2778384251968502
 31
0
  0
LINE
  5
1CD
330
1B
100
AcDbEntity
  8
B.Cu
  6
CONTINUOUS
100
AcDbLine
 10
6.8432994881889764
 20
-4.2778384251968502
 30
0
 11
6.8467360629921261
 21
-4.2744018503937005
 31
0
  0
LINE
  5
1CE
330
1B
100
AcDbEntity
  8
B.Cu
  6
CONTINUOUS
100
AcDbLine
 10
6.8467360629921261
 20
-4.2744018503937005
 30
0
 11
6.8511023228346453
 21
-4.2722673228346455
 31
0
  0
LINE
  5
1CF
330
1B
100
AcDbEntity
  8
B.Cu
  6
CONTINUOUS
100
AcDbLine
 10
6.8511023228346453
 20
-4.2722673228346455
 30
0
 11
6.8553149606299213
 21
-4.2716535433070861
 31
0
  0
LINE
  5
1D0
330
1B
100
AcDbEntity
  8
B.Cu
  6
CONTINUOUS
100
AcDbLine
 10
6.8553149606299213
 20
-4.2716535433070861
 30
0
 11
6.8848425196850389
 21
-4.2716535433070861
 31
0
  0
LINE
  5
1D1
330
1B
100
AcDbEntity
  8
B.Cu
  6
CONTINUOUS
100
AcDbLine
 10
6.8848425196850389
 20
-4.2716535433070861
 30
0
 11
6.8890551574803149
 21
-4.2722673228346455
 31
0
  0
LINE
  5
1D2
330
1B
100
AcDbEntity
  8
B.Cu
  6
CONTINUOUS
100
AcDbLine
 10
4.0354330708661417
 20
-2.6870078740157481
 30
0
 11
4.0600393700787398
 21
-2.6870078740157481
 31
0
  0
LINE
  5
1D3
330
1B
100
AcDbEntity
  8
B.Cu
  6
CONTINUOUS
100
AcDbLine
 10
4.0600393700787398
 20
-2.6870078740157481
 30
0
 11
4.0642520078740159
 21
-2.6876216535433071
 31
0
  0
LINE
  5
1D4
330
1B
100
AcDbEntity
  8
B.Cu
  6
CONTINUOUS
100
AcDbLine
 10
4.0642520078740159
 20
-2.6876216535433071
 30
0
 11
4.068618267716535
 21
-2.689756181102362
 31
0
  0
LINE
  5
1D5
330
1B
100
AcDbEntity
  8
B.Cu
  6
CONTINUOUS
100
AcDbLine
 10
4.068618267716535
 20
-2.689756181102362
 30
0
 11
4.0720548425196847
 21
-2.6931927559055118
 31
0
  0
LINE
  5
1D6
330
1B
100
AcDbEntity
  8
B.Cu
  6
CONTINUOUS
100
AcDbLine
 10
4.0720548425196847
 20
-2.6931927559055118
 30
0
 11
4.0741893700787397
 21
-2.6975590157480314
 31
0
  0
LINE
  5
1D7
330
1B
100
AcDbEntity
  8
B.Cu
  6
CONTINUOUS
100
AcDbLine
 10
4.0741893700787397
 20
-2.6975590157480314
 30
0
 11
4.0748031496062991
 21
-2.701771653543307
 31
0
  0
LINE
  5
1D8
330
1B
100
AcDbEntity
  8
B.Cu
  6
CONTINUOUS
100
AcDbLine
 10
4.0748031496062991
 20
-2.701771653543307
 30
0
 11
4.0748031496062991
 21
-2.731299212598425
 31
0
  0
LINE
  5
1D9
330
1B
100
AcDbEntity
  8
B.Cu
  6
CONTINUOUS
100
AcDbLine
 10
4.0748031496062991
 20
-2.731299212598425
 30
0
 11
4.0741893700787397
 21
-2.7355118503937006
 31
0
  0
LINE
  5
1DA
330
1B
100
AcDbEntity
  8
B.Cu
  6
CONTINUOUS
100
AcDbLine
 10
4.0741893700787397
 20
-2.7355118503937006
 30
0
 11
4.0720548425196847
 21
-2.7398781102362206
 31
0
  0
LINE
  5
1DB
330
1B
100
AcDbEntity
  8
B.Cu
  6
CONTINUOUS
100
AcDbLine
 10
4.0720548425196847
 20
-2.7398781102362206
 30
0
 11
4.068618267716535
 21
-2.7433146850393699
 31
0
  0
LINE
  5
1DC
330
1B
100
AcDbEntity
  8
B.Cu
  6
CONTINUOUS
100
AcDbLine
 10
4.068618267716535
 20
-2.7433146850393699
 30
0
 11
4.0642520078740159
 21
-2.7454492125984253
 31
0
  0
LINE
  5
1DD
330
1B
100
AcDbEntity
  8
B.Cu
  6
CONTINUOUS
100
AcDbLine
 10
4.0642520078740159
 20
-2.7454492125984253
 30
0
 11
4.0600393700787398
 21
-2.7460629921259843
 31
0
  0
LINE
  5
1DE
330
1B
100
AcDbEntity
  8
B.Cu
  6
CONTINUOUS
100
AcDbLine
 10
4.0600393700787398
 20
-2.7460629921259843
 30
0
 11
4.0108267716535435
 21
-2.7460629921259843
 31
0
  0
LINE
  5
1DF
330
1B
100
AcDbEntity
  8
B.Cu
  6
CONTINUOUS
100
AcDbLine
 10
4.0108267716535435
 20
-2.7460629921259843
 30
0
 11
3.9590811023622048
 21
-2.7460629921259843
 31
0
  0
LINE
  5
1E0
330
1B
100
AcDbEntity
  8
B.Cu
  6
CONTINUOUS
100
AcDbLine
 10
3.9590811023622048
 20
-2.7460629921259843
 30
0
 11
3.4945961023622045
 21
-3.2105479527559053
 31
0
  0
LINE
  5
1E1
330
1B
100
AcDbEntity
  8
B.Cu
  6
CONTINUOUS
100
AcDbLine
 10
3.4945961023622045
 20
-3.2105479527559053
 30
0
 11
3.5425326771653545
 21
-3.2584845275590553
 31
0
  0
LINE
  5
1E2
330
1B
100
AcDbEntity
  8
B.Cu
  6
CONTINUOUS
100
AcDbLine
 10
3.5425326771653545
 20
-3.2584845275590553
 30
0
 11
3.5444786614173229
 21
-3.2606315748031496
 31
0
  0
LINE
  5
1E3
330
1B
100
AcDbEntity
  8
B.Cu
  6
CONTINUOUS
100
AcDbLine
 10
3.5444786614173229
 20
-3.2606315748031496
 30
0
 11
3.547694527559055
 21
-3.2654444488188976
 31
0
  0
LINE
  5
1E4
330
1B
100
AcDbEntity
  8
B.Cu
  6
CONTINUOUS
100
AcDbLine
 10
3.547694527559055
 20
-3.2654444488188976
 30
0
 11
3.547694527559055
 21
-3.2654444881889764
 31
0
  0
LINE
  5
1E5
330
1B
100
AcDbEntity
  8
B.Cu
  6
CONTINUOUS
100
AcDbLine
 10
3.547694527559055
 20
-3.2654444881889764
 30
0
 11
3.5499096850393701
 21
-3.2707922834645671
 31
0
  0
LINE
  5
1E6
330
1B
100
AcDbEntity
  8
B.Cu
  6
CONTINUOUS
100
AcDbLine
 10
3.5499096850393701
 20
-3.2707922834645671
 30
0
 11
3.5509701968503937
 21
-3.2761238976377953
 31
0
  0
LINE
  5
1E7
330
1B
100
AcDbEntity
  8
B.Cu
  6
CONTINUOUS
100
AcDbLine
 10
3.5509701968503937
 20
-3.2761238976377953
 30
0
 11
3.5510389370078741
 21
-3.2764694488188977
 31
0
  0
LINE
  5
1E8
330
1B
100
AcDbEntity
  8
B.Cu
  6
CONTINUOUS
100
AcDbLine
 10
3.5510389370078741
 20
-3.2764694488188977
 30
0
 11
3.5511811023622046
 21
-3.2793636614173227
 31
0
  0
LINE
  5
1E9
330
1B
100
AcDbEntity
  8
B.Cu
  6
CONTINUOUS
100
AcDbLine
 10
3.5511811023622046
 20
-3.2793636614173227
 30
0
 11
3.5511811023622046
 21
-3.4665354330708662
 31
0
  0
LINE
  5
1EA
330
1B
100
AcDbEntity
  8
B.Cu
  6
CONTINUOUS
100
AcDbLine
 10
3.5511811023622046
 20
-3.4665354330708662
 30
0
 11
3.5510389370078741
 21
-3.4694296456692912
 31
0
  0
LINE
  5
1EB
330
1B
100
AcDbEntity
  8
B.Cu
  6
CONTINUOUS
100
AcDbLine
 10
3.5510389370078741
 20
-3.4694296456692912
 30
0
 11
3.5499096456692913
 21
-3.4751068503937006
 31
0
  0
LINE
  5
1EC
330
1B
100
AcDbEntity
  8
B.Cu
  6
CONTINUOUS
100
AcDbLine
 10
3.5499096456692913
 20
-3.4751068503937006
 30
0
 11
3.547694527559055
 21
-3.4804546456692913
 31
0
  0
LINE
  5
1ED
330
1B
100
AcDbEntity
  8
B.Cu
  6
CONTINUOUS
100
AcDbLine
 10
3.547694527559055
 20
-3.4804546456692913
 30
0
 11
3.5451572440944883
 21
-3.484251968503937
 31
0
  0
LINE
  5
1EE
330
1B
100
AcDbEntity
  8
B.Cu
  6
CONTINUOUS
100
AcDbLine
 10
3.5451572440944883
 20
-3.484251968503937
 30
0
 11
3.5444786614173229
 21
-3.4852675196850393
 31
0
  0
LINE
  5
1EF
330
1B
100
AcDbEntity
  8
B.Cu
  6
CONTINUOUS
100
AcDbLine
 10
3.5444786614173229
 20
-3.4852675196850393
 30
0
 11
3.5425326771653545
 21
-3.4874145669291337
 31
0
  0
LINE
  5
1F0
330
1B
100
AcDbEntity
  8
B.Cu
  6
CONTINUOUS
100
AcDbLine
 10
3.5425326771653545
 20
-3.4874145669291337
 30
0
 11
3.3759842519685037
 21
-3.653962992125984
 31
0
  0
LINE
  5
1F1
330
1B
100
AcDbEntity
  8
B.Cu
  6
CONTINUOUS
100
AcDbLine
 10
3.3759842519685037
 20
-3.653962992125984
 30
0
 11
3.3759842519685037
 21
-3.9566929133858268
 31
0
  0
LINE
  5
1F2
330
1B
100
AcDbEntity
  8
B.Cu
  6
CONTINUOUS
100
AcDbLine
 10
3.3759842519685037
 20
-3.9566929133858268
 30
0
 11
3.3758420866141732
 21
-3.9595871259842519
 31
0
  0
LINE
  5
1F3
330
1B
100
AcDbEntity
  8
B.Cu
  6
CONTINUOUS
100
AcDbLine
 10
3.3758420866141732
 20
-3.9595871259842519
 30
0
 11
3.3747128346456692
 21
-3.9652642913385825
 31
0
  0
LINE
  5
1F4
330
1B
100
AcDbEntity
  8
B.Cu
  6
CONTINUOUS
100
AcDbLine
 10
3.3747128346456692
 20
-3.9652642913385825
 30
0
 11
3.3741274015748033
 21
-3.9666775984251967
 31
0
  0
LINE
  5
1F5
330
1B
100
AcDbEntity
  8
B.Cu
  6
CONTINUOUS
100
AcDbLine
 10
3.3741274015748033
 20
-3.9666775984251967
 30
0
 11
3.3724976771653541
 21
-3.9706121259842519
 31
0
  0
LINE
  5
1F6
330
1B
100
AcDbEntity
  8
B.Cu
  6
CONTINUOUS
100
AcDbLine
 10
3.3724976771653541
 20
-3.9706121259842519
 30
0
 11
3.3707431889763777
 21
-3.9732378740157479
 31
0
  0
LINE
  5
1F7
330
1B
100
AcDbEntity
  8
B.Cu
  6
CONTINUOUS
100
AcDbLine
 10
3.3707431889763777
 20
-3.9732378740157479
 30
0
 11
3.369281811023622
 21
-3.975425
 31
0
  0
LINE
  5
1F8
330
1B
100
AcDbEntity
  8
B.Cu
  6
CONTINUOUS
100
AcDbLine
 10
3.369281811023622
 20
-3.975425
 30
0
 11
3.3673358267716536
 21
-3.9775720472440943
 31
0
  0
LINE
  5
1F9
330
1B
100
AcDbEntity
  8
B.Cu
  6
CONTINUOUS
100
AcDbLine
 10
3.3673358267716536
 20
-3.9775720472440943
 30
0
 11
3.0917452755905512
 21
-4.2531625984251971
 31
0
  0
LINE
  5
1FA
330
1B
100
AcDbEntity
  8
B.Cu
  6
CONTINUOUS
100
AcDbLine
 10
3.0917452755905512
 20
-4.2531625984251971
 30
0
 11
3.0895982283464565
 21
-4.2551085826771651
 31
0
  0
LINE
  5
1FB
330
1B
100
AcDbEntity
  8
B.Cu
  6
CONTINUOUS
100
AcDbLine
 10
3.0895982283464565
 20
-4.2551085826771651
 30
0
 11
3.0847853543307084
 21
-4.2583244488188976
 31
0
  0
LINE
  5
1FC
330
1B
100
AcDbEntity
  8
B.Cu
  6
CONTINUOUS
100
AcDbLine
 10
3.0847853543307084
 20
-4.2583244488188976
 30
0
 11
3.0825701968503938
 21
-4.2592419685039369
 31
0
  0
LINE
  5
1FD
330
1B
100
AcDbEntity
  8
B.Cu
  6
CONTINUOUS
100
AcDbLine
 10
3.0825701968503938
 20
-4.2592419685039369
 30
0
 11
3.0794375196850394
 21
-4.2605396062992122
 31
0
  0
LINE
  5
1FE
330
1B
100
AcDbEntity
  8
B.Cu
  6
CONTINUOUS
100
AcDbLine
 10
3.0794375196850394
 20
-4.2605396062992122
 30
0
 11
3.0737603543307084
 21
-4.2616688582677167
 31
0
  0
LINE
  5
1FF
330
1B
100
AcDbEntity
  8
B.Cu
  6
CONTINUOUS
100
AcDbLine
 10
3.0737603543307084
 20
-4.2616688582677167
 30
0
 11
3.0708661417322833
 21
-4.2618110236220472
 31
0
  0
LINE
  5
200
330
1B
100
AcDbEntity
  8
B.Cu
  6
CONTINUOUS
100
AcDbLine
 10
3.0708661417322833
 20
-4.2618110236220472
 30
0
 11
3.061023622047244
 21
-4.2618110236220472
 31
0
  0
LINE
  5
201
330
1B
100
AcDbEntity
  8
B.Cu
  6
CONTINUOUS
100
AcDbLine
 10
3.061023622047244
 20
-4.2618110236220472
 30
0
 11
3.061023622047244
 21
-4.3639174409448822
 31
0
  0
LINE
  5
202
330
1B
100
AcDbEntity
  8
B.Cu
  6
CONTINUOUS
100
AcDbLine
 10
3.061023622047244
 20
-4.3639174409448822
 30
0
 11
3.3132479133858266
 21
-4.6161417322834648
 31
0
  0
LINE
  5
203
330
1B
100
AcDbEntity
  8
B.Cu
  6
CONTINUOUS
100
AcDbLine
 10
3.3132479133858266
 20
-4.6161417322834648
 30
0
 11
3.3169291338582676
 21
-4.6161417322834648
 31
0
  0
LINE
  5
204
330
1B
100
AcDbEntity
  8
B.Cu
  6
CONTINUOUS
100
AcDbLine
 10
3.3169291338582676
 20
-4.6161417322834648
 30
0
 11
3.3735960629921258
 21
-4.6161417322834648
 31
0
  0
LINE
  5
205
330
1B
100
AcDbEntity
  8
B.Cu
  6
CONTINUOUS
100
AcDbLine
 10
3.3735960629921258
 20
-4.6161417322834648
 30
0
 11
3.4436877952755904
 21
-4.5460500000000001
 31
0
  0
LINE
  5
206
330
1B
100
AcDbEntity
  8
B.Cu
  6
CONTINUOUS
100
AcDbLine
 10
3.4436877952755904
 20
-4.5460500000000001
 30
0
 11
3.4458348425196847
 21
-4.5441040157480312
 31
0
  0
LINE
  5
207
330
1B
100
AcDbEntity
  8
B.Cu
  6
CONTINUOUS
100
AcDbLine
 10
3.4458348425196847
 20
-4.5441040157480312
 30
0
 11
3.4460705118110235
 21
-4.5439465354330704
 31
0
  0
LINE
  5
208
330
1B
100
AcDbEntity
  8
B.Cu
  6
CONTINUOUS
100
AcDbLine
 10
3.4460705118110235
 20
-4.5439465354330704
 30
0
 11
3.4506477165354328
 21
-4.5408881496062987
 31
0
  0
LINE
  5
209
330
1B
100
AcDbEntity
  8
B.Cu
  6
CONTINUOUS
100
AcDbLine
 10
3.4506477165354328
 20
-4.5408881496062987
 30
0
 11
3.4528628740157479
 21
-4.5399705905511807
 31
0
  0
LINE
  5
20A
330
1B
100
AcDbEntity
  8
B.Cu
  6
CONTINUOUS
100
AcDbLine
 10
3.4528628740157479
 20
-4.5399705905511807
 30
0
 11
3.4559955511811022
 21
-4.5386729921259841
 31
0
  0
LINE
  5
20B
330
1B
100
AcDbEntity
  8
B.Cu
  6
CONTINUOUS
100
AcDbLine
 10
3.4559955511811022
 20
-4.5386729921259841
 30
0
 11
3.4616727165354328
 21
-4.5375437401574805
 31
0
  0
LINE
  5
20C
330
1B
100
AcDbEntity
  8
B.Cu
  6
CONTINUOUS
100
AcDbLine
 10
3.4616727165354328
 20
-4.5375437401574805
 30
0
 11
3.4645669291338583
 21
-4.5374015748031491
 31
0
  0
LINE
  5
20D
330
1B
100
AcDbEntity
  8
B.Cu
  6
CONTINUOUS
100
AcDbLine
 10
3.4645669291338583
 20
-4.5374015748031491
 30
0
 11
4.4291338582677167
 21
-4.5374015748031491
 31
0
  0
LINE
  5
20E
330
1B
100
AcDbEntity
  8
B.Cu
  6
CONTINUOUS
100
AcDbLine
 10
4.4291338582677167
 20
-4.5374015748031491
 30
0
 11
4.4320280708661413
 21
-4.5375437401574805
 31
0
  0
LINE
  5
20F
330
1B
100
AcDbEntity
  8
B.Cu
  6
CONTINUOUS
100
AcDbLine
 10
4.4320280708661413
 20
-4.5375437401574805
 30
0
 11
4.4377052362204727
 21
-4.5386729921259841
 31
0
  0
LINE
  5
210
330
1B
100
AcDbEntity
  8
B.Cu
  6
CONTINUOUS
100
AcDbLine
 10
4.4377052362204727
 20
-4.5386729921259841
 30
0
 11
4.4408379133858267
 21
-4.5399705905511807
 31
0
  0
LINE
  5
211
330
1B
100
AcDbEntity
  8
B.Cu
  6
CONTINUOUS
100
AcDbLine
 10
4.4408379133858267
 20
-4.5399705905511807
 30
0
 11
4.4430530708661413
 21
-4.5408881496062987
 31
0
  0
LINE
  5
212
330
1B
100
AcDbEntity
  8
B.Cu
  6
CONTINUOUS
100
AcDbLine
 10
4.4430530708661413
 20
-4.5408881496062987
 30
0
 11
4.4476302755905515
 21
-4.5439465354330704
 31
0
  0
LINE
  5
213
330
1B
100
AcDbEntity
  8
B.Cu
  6
CONTINUOUS
100
AcDbLine
 10
4.4476302755905515
 20
-4.5439465354330704
 30
0
 11
4.4478659448818894
 21
-4.5441040157480312
 31
0
  0
LINE
  5
214
330
1B
100
AcDbEntity
  8
B.Cu
  6
CONTINUOUS
100
AcDbLine
 10
4.4478659448818894
 20
-4.5441040157480312
 30
0
 11
4.4500129921259841
 21
-4.5460500000000001
 31
0
  0
LINE
  5
215
330
1B
100
AcDbEntity
  8
B.Cu
  6
CONTINUOUS
100
AcDbLine
 10
4.4500129921259841
 20
-4.5460500000000001
 30
0
 11
4.4564719685039371
 21
-4.5525089763779523
 31
0
  0
LINE
  5
216
330
1B
100
AcDbEntity
  8
B.Cu
  6
CONTINUOUS
100
AcDbLine
 10
4.4564719685039371
 20
-4.5525089763779523
 30
0
 11
4.4594583464566924
 21
-4.548039566929134
 31
0
  0
LINE
  5
217
330
1B
100
AcDbEntity
  8
B.Cu
  6
CONTINUOUS
100
AcDbLine
 10
4.4594583464566924
 20
-4.548039566929134
 30
0
 11
4.4614043307086613
 21
-4.5458925196850393
 31
0
  0
LINE
  5
218
330
1B
100
AcDbEntity
  8
B.Cu
  6
CONTINUOUS
100
AcDbLine
 10
4.4614043307086613
 20
-4.5458925196850393
 30
0
 11
4.7103413385826771
 21
-4.2969555118110234
 31
0
  0
LINE
  5
219
330
1B
100
AcDbEntity
  8
B.Cu
  6
CONTINUOUS
100
AcDbLine
 10
4.7103413385826771
 20
-4.2969555118110234
 30
0
 11
5.36597125984252
 21
-3.641325590551181
 31
0
  0
LINE
  5
21A
330
1B
100
AcDbEntity
  8
B.Cu
  6
CONTINUOUS
100
AcDbLine
 10
5.36597125984252
 20
-3.641325590551181
 30
0
 11
5.3681182677165351
 21
-3.6393796062992125
 31
0
  0
LINE
  5
21B
330
1B
100
AcDbEntity
  8
B.Cu
  6
CONTINUOUS
100
AcDbLine
 10
5.3681182677165351
 20
-3.6393796062992125
 30
0
 11
5.3705247244094485
 21
-3.6377716535433069
 31
0
  0
LINE
  5
21C
330
1B
100
AcDbEntity
  8
B.Cu
  6
CONTINUOUS
100
AcDbLine
 10
5.3705247244094485
 20
-3.6377716535433069
 30
0
 11
5.3729311811023619
 21
-3.6361637401574805
 31
0
  0
LINE
  5
21D
330
1B
100
AcDbEntity
  8
B.Cu
  6
CONTINUOUS
100
AcDbLine
 10
5.3729311811023619
 20
-3.6361637401574805
 30
0
 11
5.3782789763779526
 21
-3.6339486220472441
 31
0
  0
LINE
  5
21E
330
1B
100
AcDbEntity
  8
B.Cu
  6
CONTINUOUS
100
AcDbLine
 10
5.3782789763779526
 20
-3.6339486220472441
 30
0
 11
5.383956181102362
 21
-3.6328193307086614
 31
0
  0
LINE
  5
21F
330
1B
100
AcDbEntity
  8
B.Cu
  6
CONTINUOUS
100
AcDbLine
 10
5.383956181102362
 20
-3.6328193307086614
 30
0
 11
5.3868503937007874
 21
-3.6326771653543308
 31
0
  0
LINE
  5
220
330
1B
100
AcDbEntity
  8
B.Cu
  6
CONTINUOUS
100
AcDbLine
 10
5.3868503937007874
 20
-3.6326771653543308
 30
0
 11
5.4565129133858266
 21
-3.6326771653543308
 31
0
  0
LINE
  5
221
330
1B
100
AcDbEntity
  8
B.Cu
  6
CONTINUOUS
100
AcDbLine
 10
5.4565129133858266
 20
-3.6326771653543308
 30
0
 11
5.4581618503937008
 21
-3.6323491732283464
 31
0
  0
LINE
  5
222
330
1B
100
AcDbEntity
  8
B.Cu
  6
CONTINUOUS
100
AcDbLine
 10
5.4581618503937008
 20
-3.6323491732283464
 30
0
 11
5.4611023622047243
 21
-3.6322047244094486
 31
0
  0
LINE
  5
223
330
1B
100
AcDbEntity
  8
B.Cu
  6
CONTINUOUS
100
AcDbLine
 10
5.4611023622047243
 20
-3.6322047244094486
 30
0
 11
5.4759055118110238
 21
-3.6322047244094486
 31
0
  0
LINE
  5
224
330
1B
100
AcDbEntity
  8
B.Cu
  6
CONTINUOUS
100
AcDbLine
 10
5.4759055118110238
 20
-3.6322047244094486
 30
0
 11
5.4788460236220473
 21
-3.6323491732283464
 31
0
  0
LINE
  5
225
330
1B
100
AcDbEntity
  8
B.Cu
  6
CONTINUOUS
100
AcDbLine
 10
5.4788460236220473
 20
-3.6323491732283464
 30
0
 11
5.4846140551181097
 21
-3.6334964960629921
 31
0
  0
LINE
  5
226
330
1B
100
AcDbEntity
  8
B.Cu
  6
CONTINUOUS
100
AcDbLine
 10
5.4846140551181097
 20
-3.6334964960629921
 30
0
 11
5.4900474015748033
 21
-3.635747086614173
 31
0
  0
LINE
  5
227
330
1B
100
AcDbEntity
  8
B.Cu
  6
CONTINUOUS
100
AcDbLine
 10
5.4900474015748033
 20
-3.635747086614173
 30
0
 11
5.4949373228346454
 21
-3.6390144094488188
 31
0
  0
LINE
  5
228
330
1B
100
AcDbEntity
  8
B.Cu
  6
CONTINUOUS
100
AcDbLine
 10
5.4949373228346454
 20
-3.6390144094488188
 30
0
 11
5.4990958267716534
 21
-3.6431729133858268
 31
0
  0
LINE
  5
229
330
1B
100
AcDbEntity
  8
B.Cu
  6
CONTINUOUS
100
AcDbLine
 10
5.4990958267716534
 20
-3.6431729133858268
 30
0
 11
5.5023631496062988
 21
-3.6480628346456694
 31
0
  0
LINE
  5
22A
330
1B
100
AcDbEntity
  8
B.Cu
  6
CONTINUOUS
100
AcDbLine
 10
5.5023631496062988
 20
-3.6480628346456694
 30
0
 11
5.5046137401574802
 21
-3.6534961811023621
 31
0
  0
LINE
  5
22B
330
1B
100
AcDbEntity
  8
B.Cu
  6
CONTINUOUS
100
AcDbLine
 10
5.5046137401574802
 20
-3.6534961811023621
 30
0
 11
5.5057610629921259
 21
-3.6592642125984249
 31
0
  0
LINE
  5
22C
330
1B
100
AcDbEntity
  8
B.Cu
  6
CONTINUOUS
100
AcDbLine
 10
5.5057610629921259
 20
-3.6592642125984249
 30
0
 11
5.5057610629921259
 21
-3.6651452362204724
 31
0
  0
LINE
  5
22D
330
1B
100
AcDbEntity
  8
B.Cu
  6
CONTINUOUS
100
AcDbLine
 10
5.5057610629921259
 20
-3.6651452362204724
 30
0
 11
5.5046137401574802
 21
-3.6709132677165353
 31
0
  0
LINE
  5
22E
330
1B
100
AcDbEntity
  8
B.Cu
  6
CONTINUOUS
100
AcDbLine
 10
5.5046137401574802
 20
-3.6709132677165353
 30
0
 11
5.5023631496062988
 21
-3.6763466141732284
 31
0
  0
LINE
  5
22F
330
1B
100
AcDbEntity
  8
B.Cu
  6
CONTINUOUS
100
AcDbLine
 10
5.5023631496062988
 20
-3.6763466141732284
 30
0
 11
5.4990958267716534
 21
-3.6812365354330709
 31
0
  0
LINE
  5
230
330
1B
100
AcDbEntity
  8
B.Cu
  6
CONTINUOUS
100
AcDbLine
 10
5.4990958267716534
 20
-3.6812365354330709
 30
0
 11
5.4949373228346454
 21
-3.6853950393700785
 31
0
  0
LINE
  5
231
330
1B
100
AcDbEntity
  8
B.Cu
  6
CONTINUOUS
100
AcDbLine
 10
5.4949373228346454
 20
-3.6853950393700785
 30
0
 11
5.4900474015748033
 21
-3.6886623622047243
 31
0
  0
LINE
  5
232
330
1B
100
AcDbEntity
  8
B.Cu
  6
CONTINUOUS
100
AcDbLine
 10
5.4900474015748033
 20
-3.6886623622047243
 30
0
 11
5.4846140551181097
 21
-3.6909129527559053
 31
0
  0
LINE
  5
233
330
1B
100
AcDbEntity
  8
B.Cu
  6
CONTINUOUS
100
AcDbLine
 10
5.4846140551181097
 20
-3.6909129527559053
 30
0
 11
5.4788460236220473
 21
-3.6920602755905509
 31
0
  0
LINE
  5
234
330
1B
100
AcDbEntity
  8
B.Cu
  6
CONTINUOUS
100
AcDbLine
 10
5.4788460236220473
 20
-3.6920602755905509
 30
0
 11
5.4759055118110238
 21
-3.6922047244094487
 31
0
  0
LINE
  5
235
330
1B
100
AcDbEntity
  8
B.Cu
  6
CONTINUOUS
100
AcDbLine
 10
5.4759055118110238
 20
-3.6922047244094487
 30
0
 11
5.4611023622047243
 21
-3.6922047244094487
 31
0
  0
LINE
  5
236
330
1B
100
AcDbEntity
  8
B.Cu
  6
CONTINUOUS
100
AcDbLine
 10
5.4611023622047243
 20
-3.6922047244094487
 30
0
 11
5.4581618503937008
 21
-3.6920602755905509
 31
0
  0
LINE
  5
237
330
1B
100
AcDbEntity
  8
B.Cu
  6
CONTINUOUS
100
AcDbLine
 10
5.4581618503937008
 20
-3.6920602755905509
 30
0
 11
5.4565129133858266
 21
-3.6917322834645669
 31
0
  0
LINE
  5
238
330
1B
100
AcDbEntity
  8
B.Cu
  6
CONTINUOUS
100
AcDbLine
 10
5.4565129133858266
 20
-3.6917322834645669
 30
0
 11
5.3990811023622047
 21
-3.6917322834645669
 31
0
  0
LINE
  5
239
330
1B
100
AcDbEntity
  8
B.Cu
  6
CONTINUOUS
100
AcDbLine
 10
5.3990811023622047
 20
-3.6917322834645669
 30
0
 11
4.7729787401574804
 21
-4.3178346456692909
 31
0
  0
LINE
  5
23A
330
1B
100
AcDbEntity
  8
B.Cu
  6
CONTINUOUS
100
AcDbLine
 10
4.7729787401574804
 20
-4.3178346456692909
 30
0
 11
4.8633988188976378
 21
-4.4082547244094483
 31
0
  0
LINE
  5
23B
330
1B
100
AcDbEntity
  8
B.Cu
  6
CONTINUOUS
100
AcDbLine
 10
4.8633988188976378
 20
-4.4082547244094483
 30
0
 11
4.8653448031496058
 21
-4.4104017716535431
 31
0
  0
LINE
  5
23C
330
1B
100
AcDbEntity
  8
B.Cu
  6
CONTINUOUS
100
AcDbLine
 10
4.8653448031496058
 20
-4.4104017716535431
 30
0
 11
4.8685606692913383
 21
-4.4152146456692911
 31
0
  0
LINE
  5
23D
330
1B
100
AcDbEntity
  8
B.Cu
  6
CONTINUOUS
100
AcDbLine
 10
4.8685606692913383
 20
-4.4152146456692911
 30
0
 11
4.8685606692913383
 21
-4.4152146850393699
 31
0
  0
LINE
  5
23E
330
1B
100
AcDbEntity
  8
B.Cu
  6
CONTINUOUS
100
AcDbLine
 10
4.8685606692913383
 20
-4.4152146850393699
 30
0
 11
4.870775826771653
 21
-4.4205624803149606
 31
0
  0
LINE
  5
23F
330
1B
100
AcDbEntity
  8
B.Cu
  6
CONTINUOUS
100
AcDbLine
 10
4.870775826771653
 20
-4.4205624803149606
 30
0
 11
4.8718561811023617
 21
-4.425993779527559
 31
0
  0
LINE
  5
240
330
1B
100
AcDbEntity
  8
B.Cu
  6
CONTINUOUS
100
AcDbLine
 10
4.8718561811023617
 20
-4.425993779527559
 30
0
 11
4.8719050787401574
 21
-4.4262396456692912
 31
0
  0
LINE
  5
241
330
1B
100
AcDbEntity
  8
B.Cu
  6
CONTINUOUS
100
AcDbLine
 10
4.8719050787401574
 20
-4.4262396456692912
 30
0
 11
4.872047244094488
 21
-4.4291338582677167
 31
0
  0
LINE
  5
242
330
1B
100
AcDbEntity
  8
B.Cu
  6
CONTINUOUS
100
AcDbLine
 10
4.872047244094488
 20
-4.4291338582677167
 30
0
 11
4.872047244094488
 21
-4.6259842519685037
 31
0
  0
LINE
  5
243
330
1B
100
AcDbEntity
  8
B.Cu
  6
CONTINUOUS
100
AcDbLine
 10
4.872047244094488
 20
-4.6259842519685037
 30
0
 11
4.872047244094488
 21
-4.6850393700787398
 31
0
  0
LINE
  5
244
330
1B
100
AcDbEntity
  8
B.Cu
  6
CONTINUOUS
100
AcDbLine
 10
4.872047244094488
 20
-4.6850393700787398
 30
0
 11
4.8719050787401574
 21
-4.6879335826771653
 31
0
  0
LINE
  5
245
330
1B
100
AcDbEntity
  8
B.Cu
  6
CONTINUOUS
100
AcDbLine
 10
4.8719050787401574
 20
-4.6879335826771653
 30
0
 11
4.8707757874015751
 21
-4.6936107874015747
 31
0
  0
LINE
  5
246
330
1B
100
AcDbEntity
  8
B.Cu
  6
CONTINUOUS
100
AcDbLine
 10
4.8707757874015751
 20
-4.6936107874015747
 30
0
 11
4.8685606692913383
 21
-4.6989585826771654
 31
0
  0
LINE
  5
247
330
1B
100
AcDbEntity
  8
B.Cu
  6
CONTINUOUS
100
AcDbLine
 10
4.8685606692913383
 20
-4.6989585826771654
 30
0
 11
4.8653448031496058
 21
-4.7037714566929134
 31
0
  0
LINE
  5
248
330
1B
100
AcDbEntity
  8
B.Cu
  6
CONTINUOUS
100
AcDbLine
 10
4.8653448031496058
 20
-4.7037714566929134
 30
0
 11
4.8612517716535431
 21
-4.7078644881889762
 31
0
  0
LINE
  5
249
330
1B
100
AcDbEntity
  8
B.Cu
  6
CONTINUOUS
100
AcDbLine
 10
4.8612517716535431
 20
-4.7078644881889762
 30
0
 11
4.856438897637795
 21
-4.7110803543307087
 31
0
  0
LINE
  5
24A
330
1B
100
AcDbEntity
  8
B.Cu
  6
CONTINUOUS
100
AcDbLine
 10
4.856438897637795
 20
-4.7110803543307087
 30
0
 11
4.8510911023622043
 21
-4.7132954724409446
 31
0
  0
LINE
  5
24B
330
1B
100
AcDbEntity
  8
B.Cu
  6
CONTINUOUS
100
AcDbLine
 10
4.8510911023622043
 20
-4.7132954724409446
 30
0
 11
4.845413897637795
 21
-4.7144247637795278
 31
0
  0
LINE
  5
24C
330
1B
100
AcDbEntity
  8
B.Cu
  6
CONTINUOUS
100
AcDbLine
 10
4.845413897637795
 20
-4.7144247637795278
 30
0
 11
4.8396254724409449
 21
-4.7144247637795278
 31
0
  0
LINE
  5
24D
330
1B
100
AcDbEntity
  8
B.Cu
  6
CONTINUOUS
100
AcDbLine
 10
4.8396254724409449
 20
-4.7144247637795278
 30
0
 11
4.8339482677165355
 21
-4.7132954724409446
 31
0
  0
LINE
  5
24E
330
1B
100
AcDbEntity
  8
B.Cu
  6
CONTINUOUS
100
AcDbLine
 10
4.8339482677165355
 20
-4.7132954724409446
 30
0
 11
4.8286004724409448
 21
-4.7110803543307087
 31
0
  0
LINE
  5
24F
330
1B
100
AcDbEntity
  8
B.Cu
  6
CONTINUOUS
100
AcDbLine
 10
4.8286004724409448
 20
-4.7110803543307087
 30
0
 11
4.8237875984251968
 21
-4.7078644881889762
 31
0
  0
LINE
  5
250
330
1B
100
AcDbEntity
  8
B.Cu
  6
CONTINUOUS
100
AcDbLine
 10
4.8237875984251968
 20
-4.7078644881889762
 30
0
 11
4.819694566929134
 21
-4.7037714566929134
 31
0
  0
LINE
  5
251
330
1B
100
AcDbEntity
  8
B.Cu
  6
CONTINUOUS
100
AcDbLine
 10
4.819694566929134
 20
-4.7037714566929134
 30
0
 11
4.8164787007874015
 21
-4.6989585826771654
 31
0
  0
LINE
  5
252
330
1B
100
AcDbEntity
  8
B.Cu
  6
CONTINUOUS
100
AcDbLine
 10
4.8164787007874015
 20
-4.6989585826771654
 30
0
 11
4.8142635826771656
 21
-4.6936107874015747
 31
0
  0
LINE
  5
253
330
1B
100
AcDbEntity
  8
B.Cu
  6
CONTINUOUS
100
AcDbLine
 10
4.8142635826771656
 20
-4.6936107874015747
 30
0
 11
4.8131342913385824
 21
-4.6879335826771653
 31
0
  0
LINE
  5
254
330
1B
100
AcDbEntity
  8
B.Cu
  6
CONTINUOUS
100
AcDbLine
 10
4.8131342913385824
 20
-4.6879335826771653
 30
0
 11
4.8129921259842519
 21
-4.6850393700787398
 31
0
  0
LINE
  5
255
330
1B
100
AcDbEntity
  8
B.Cu
  6
CONTINUOUS
100
AcDbLine
 10
4.8129921259842519
 20
-4.6850393700787398
 30
0
 11
4.8129921259842519
 21
-4.6259842519685037
 31
0
  0
LINE
  5
256
330
1B
100
AcDbEntity
  8
B.Cu
  6
CONTINUOUS
100
AcDbLine
 10
4.8129921259842519
 20
-4.6259842519685037
 30
0
 11
4.8129921259842519
 21
-4.441364566929134
 31
0
  0
LINE
  5
257
330
1B
100
AcDbEntity
  8
B.Cu
  6
CONTINUOUS
100
AcDbLine
 10
4.8129921259842519
 20
-4.441364566929134
 30
0
 11
4.7312204724409446
 21
-4.3595929133858267
 31
0
  0
LINE
  5
258
330
1B
100
AcDbEntity
  8
B.Cu
  6
CONTINUOUS
100
AcDbLine
 10
4.7312204724409446
 20
-4.3595929133858267
 30
0
 11
4.5118110236220472
 21
-4.579002362204724
 31
0
  0
LINE
  5
259
330
1B
100
AcDbEntity
  8
B.Cu
  6
CONTINUOUS
100
AcDbLine
 10
4.5118110236220472
 20
-4.579002362204724
 30
0
 11
4.5118110236220472
 21
-4.6200787401574805
 31
0
  0
LINE
  5
25A
330
1B
100
AcDbEntity
  8
B.Cu
  6
CONTINUOUS
100
AcDbLine
 10
4.5118110236220472
 20
-4.6200787401574805
 30
0
 11
4.5118110236220472
 21
-4.7728435433070864
 31
0
  0
LINE
  5
25B
330
1B
100
AcDbEntity
  8
B.Cu
  6
CONTINUOUS
100
AcDbLine
 10
4.5118110236220472
 20
-4.7728435433070864
 30
0
 11
4.512423307086614
 21
-4.7743217322834646
 31
0
  0
LINE
  5
25C
330
1B
100
AcDbEntity
  8
B.Cu
  6
CONTINUOUS
100
AcDbLine
 10
4.512423307086614
 20
-4.7743217322834646
 30
0
 11
4.5136278740157483
 21
-4.7803774015748033
 31
0
  0
LINE
  5
25D
330
1B
100
AcDbEntity
  8
B.Cu
  6
CONTINUOUS
100
AcDbLine
 10
4.5136278740157483
 20
-4.7803774015748033
 30
0
 11
4.5136278740157483
 21
-4.7865517322834643
 31
0
  0
LINE
  5
25E
330
1B
100
AcDbEntity
  8
B.Cu
  6
CONTINUOUS
100
AcDbLine
 10
4.5136278740157483
 20
-4.7865517322834643
 30
0
 11
4.512423307086614
 21
-4.792607401574803
 31
0
  0
LINE
  5
25F
330
1B
100
AcDbEntity
  8
B.Cu
  6
CONTINUOUS
100
AcDbLine
 10
4.512423307086614
 20
-4.792607401574803
 30
0
 11
4.5100605118110231
 21
-4.7983116929133853
 31
0
  0
LINE
  5
260
330
1B
100
AcDbEntity
  8
B.Cu
  6
CONTINUOUS
100
AcDbLine
 10
4.5100605118110231
 20
-4.7983116929133853
 30
0
 11
4.506630236220472
 21
-4.803445472440945
 31
0
  0
LINE
  5
261
330
1B
100
AcDbEntity
  8
B.Cu
  6
CONTINUOUS
100
AcDbLine
 10
4.506630236220472
 20
-4.803445472440945
 30
0
 11
4.5022643700787404
 21
-4.8078113385826766
 31
0
  0
LINE
  5
262
330
1B
100
AcDbEntity
  8
B.Cu
  6
CONTINUOUS
100
AcDbLine
 10
4.5022643700787404
 20
-4.8078113385826766
 30
0
 11
4.4971305905511807
 21
-4.8112416141732286
 31
0
  0
LINE
  5
263
330
1B
100
AcDbEntity
  8
B.Cu
  6
CONTINUOUS
100
AcDbLine
 10
4.4971305905511807
 20
-4.8112416141732286
 30
0
 11
4.4914262992125984
 21
-4.8136044094488186
 31
0
  0
LINE
  5
264
330
1B
100
AcDbEntity
  8
B.Cu
  6
CONTINUOUS
100
AcDbLine
 10
4.4914262992125984
 20
-4.8136044094488186
 30
0
 11
4.4853706299212597
 21
-4.8148089763779529
 31
0
  0
LINE
  5
265
330
1B
100
AcDbEntity
  8
B.Cu
  6
CONTINUOUS
100
AcDbLine
 10
4.4853706299212597
 20
-4.8148089763779529
 30
0
 11
4.4791962992125987
 21
-4.8148089763779529
 31
0
  0
LINE
  5
266
330
1B
100
AcDbEntity
  8
B.Cu
  6
CONTINUOUS
100
AcDbLine
 10
4.4791962992125987
 20
-4.8148089763779529
 30
0
 11
4.4731406299212599
 21
-4.8136044094488186
 31
0
  0
LINE
  5
267
330
1B
100
AcDbEntity
  8
B.Cu
  6
CONTINUOUS
100
AcDbLine
 10
4.4731406299212599
 20
-4.8136044094488186
 30
0
 11
4.4674363385826767
 21
-4.8112416141732286
 31
0
  0
LINE
  5
268
330
1B
100
AcDbEntity
  8
B.Cu
  6
CONTINUOUS
100
AcDbLine
 10
4.4674363385826767
 20
-4.8112416141732286
 30
0
 11
4.462302559055118
 21
-4.8078113385826766
 31
0
  0
LINE
  5
269
330
1B
100
AcDbEntity
  8
B.Cu
  6
CONTINUOUS
100
AcDbLine
 10
4.462302559055118
 20
-4.8078113385826766
 30
0
 11
4.4579366929133855
 21
-4.803445472440945
 31
0
  0
LINE
  5
26A
330
1B
100
AcDbEntity
  8
B.Cu
  6
CONTINUOUS
100
AcDbLine
 10
4.4579366929133855
 20
-4.803445472440945
 30
0
 11
4.4545064173228344
 21
-4.7983116929133853
 31
0
  0
LINE
  5
26B
330
1B
100
AcDbEntity
  8
B.Cu
  6
CONTINUOUS
100
AcDbLine
 10
4.4545064173228344
 20
-4.7983116929133853
 30
0
 11
4.4521436220472443
 21
-4.792607401574803
 31
0
  0
LINE
  5
26C
330
1B
100
AcDbEntity
  8
B.Cu
  6
CONTINUOUS
100
AcDbLine
 10
4.4521436220472443
 20
-4.792607401574803
 30
0
 11
4.4509390551181101
 21
-4.7865517322834643
 31
0
  0
LINE
  5
26D
330
1B
100
AcDbEntity
  8
B.Cu
  6
CONTINUOUS
100
AcDbLine
 10
4.4509390551181101
 20
-4.7865517322834643
 30
0
 11
4.4509390551181101
 21
-4.7803774015748033
 31
0
  0
LINE
  5
26E
330
1B
100
AcDbEntity
  8
B.Cu
  6
CONTINUOUS
100
AcDbLine
 10
4.4509390551181101
 20
-4.7803774015748033
 30
0
 11
4.4521436220472443
 21
-4.7743217322834646
 31
0
  0
LINE
  5
26F
330
1B
100
AcDbEntity
  8
B.Cu
  6
CONTINUOUS
100
AcDbLine
 10
4.4521436220472443
 20
-4.7743217322834646
 30
0
 11
4.4527559055118111
 21
-4.7728435433070864
 31
0
  0
LINE
  5
270
330
1B
100
AcDbEntity
  8
B.Cu
  6
CONTINUOUS
100
AcDbLine
 10
4.4527559055118111
 20
-4.7728435433070864
 30
0
 11
4.4527559055118111
 21
-4.6323094488188978
 31
0
  0
LINE
  5
271
330
1B
100
AcDbEntity
  8
B.Cu
  6
CONTINUOUS
100
AcDbLine
 10
4.4527559055118111
 20
-4.6323094488188978
 30
0
 11
4.4169031496062994
 21
-4.5964566929133861
 31
0
  0
LINE
  5
272
330
1B
100
AcDbEntity
  8
B.Cu
  6
CONTINUOUS
100
AcDbLine
 10
4.4169031496062994
 20
-4.5964566929133861
 30
0
 11
3.4767976377952756
 21
-4.5964566929133861
 31
0
  0
LINE
  5
273
330
1B
100
AcDbEntity
  8
B.Cu
  6
CONTINUOUS
100
AcDbLine
 10
3.4767976377952756
 20
-4.5964566929133861
 30
0
 11
3.406705905511811
 21
-4.6665484251968499
 31
0
  0
LINE
  5
274
330
1B
100
AcDbEntity
  8
B.Cu
  6
CONTINUOUS
100
AcDbLine
 10
3.406705905511811
 20
-4.6665484251968499
 30
0
 11
3.4045588582677166
 21
-4.6684944094488188
 31
0
  0
LINE
  5
275
330
1B
100
AcDbEntity
  8
B.Cu
  6
CONTINUOUS
100
AcDbLine
 10
3.4045588582677166
 20
-4.6684944094488188
 30
0
 11
3.3997459842519686
 21
-4.6717102755905513
 31
0
  0
LINE
  5
276
330
1B
100
AcDbEntity
  8
B.Cu
  6
CONTINUOUS
100
AcDbLine
 10
3.3997459842519686
 20
-4.6717102755905513
 30
0
 11
3.3975308267716535
 21
-4.6726277952755906
 31
0
  0
LINE
  5
277
330
1B
100
AcDbEntity
  8
B.Cu
  6
CONTINUOUS
100
AcDbLine
 10
3.3975308267716535
 20
-4.6726277952755906
 30
0
 11
3.3943981496062992
 21
-4.6739254330708659
 31
0
  0
LINE
  5
278
330
1B
100
AcDbEntity
  8
B.Cu
  6
CONTINUOUS
100
AcDbLine
 10
3.3943981496062992
 20
-4.6739254330708659
 30
0
 11
3.3887209842519685
 21
-4.6750546850393704
 31
0
  0
LINE
  5
279
330
1B
100
AcDbEntity
  8
B.Cu
  6
CONTINUOUS
100
AcDbLine
 10
3.3887209842519685
 20
-4.6750546850393704
 30
0
 11
3.3858267716535431
 21
-4.6751968503937009
 31
0
  0
LINE
  5
27A
330
1B
100
AcDbEntity
  8
B.Cu
  6
CONTINUOUS
100
AcDbLine
 10
3.3858267716535431
 20
-4.6751968503937009
 30
0
 11
3.3070866141732282
 21
-4.6751968503937009
 31
0
  0
LINE
  5
27B
330
1B
100
AcDbEntity
  8
B.Cu
  6
CONTINUOUS
100
AcDbLine
 10
3.3070866141732282
 20
-4.6751968503937009
 30
0
 11
3.3010172047244093
 21
-4.6751968503937009
 31
0
  0
LINE
  5
27C
330
1B
100
AcDbEntity
  8
B.Cu
  6
CONTINUOUS
100
AcDbLine
 10
3.3010172047244093
 20
-4.6751968503937009
 30
0
 11
3.2972440944881889
 21
-4.6751968503937009
 31
0
  0
LINE
  5
27D
330
1B
100
AcDbEntity
  8
B.Cu
  6
CONTINUOUS
100
AcDbLine
 10
3.2972440944881889
 20
-4.6751968503937009
 30
0
 11
3.2943498818897639
 21
-4.6750546850393704
 31
0
  0
LINE
  5
27E
330
1B
100
AcDbEntity
  8
B.Cu
  6
CONTINUOUS
100
AcDbLine
 10
3.2943498818897639
 20
-4.6750546850393704
 30
0
 11
3.2886726771653541
 21
-4.6739253937007872
 31
0
  0
LINE
  5
27F
330
1B
100
AcDbEntity
  8
B.Cu
  6
CONTINUOUS
100
AcDbLine
 10
3.2886726771653541
 20
-4.6739253937007872
 30
0
 11
3.2833248818897638
 21
-4.6717102755905513
 31
0
  0
LINE
  5
280
330
1B
100
AcDbEntity
  8
B.Cu
  6
CONTINUOUS
100
AcDbLine
 10
3.2833248818897638
 20
-4.6717102755905513
 30
0
 11
3.2785120078740158
 21
-4.6684944094488188
 31
0
  0
LINE
  5
281
330
1B
100
AcDbEntity
  8
B.Cu
  6
CONTINUOUS
100
AcDbLine
 10
3.2785120078740158
 20
-4.6684944094488188
 30
0
 11
3.2744189763779525
 21
-4.664401377952756
 31
0
  0
LINE
  5
282
330
1B
100
AcDbEntity
  8
B.Cu
  6
CONTINUOUS
100
AcDbLine
 10
3.2744189763779525
 20
-4.664401377952756
 30
0
 11
3.2712031102362205
 21
-4.659588503937008
 31
0
  0
LINE
  5
283
330
1B
100
AcDbEntity
  8
B.Cu
  6
CONTINUOUS
100
AcDbLine
 10
3.2712031102362205
 20
-4.659588503937008
 30
0
 11
3.2698065354330708
 21
-4.6562168897637797
 31
0
  0
LINE
  5
284
330
1B
100
AcDbEntity
  8
B.Cu
  6
CONTINUOUS
100
AcDbLine
 10
3.2698065354330708
 20
-4.6562168897637797
 30
0
 11
3.010616929133858
 21
-4.3970272834645669
 31
0
  0
LINE
  5
285
330
1B
100
AcDbEntity
  8
B.Cu
  6
CONTINUOUS
100
AcDbLine
 10
3.010616929133858
 20
-4.3970272834645669
 30
0
 11
3.0086709448818896
 21
-4.3948802362204722
 31
0
  0
LINE
  5
286
330
1B
100
AcDbEntity
  8
B.Cu
  6
CONTINUOUS
100
AcDbLine
 10
3.0086709448818896
 20
-4.3948802362204722
 30
0
 11
3.0054550787401575
 21
-4.3900673622047242
 31
0
  0
LINE
  5
287
330
1B
100
AcDbEntity
  8
B.Cu
  6
CONTINUOUS
100
AcDbLine
 10
3.0054550787401575
 20
-4.3900673622047242
 30
0
 11
3.0045375196850395
 21
-4.3878522047244095
 31
0
  0
LINE
  5
288
330
1B
100
AcDbEntity
  8
B.Cu
  6
CONTINUOUS
100
AcDbLine
 10
3.0045375196850395
 20
-4.3878522047244095
 30
0
 11
3.0032399212598424
 21
-4.3847195275590547
 31
0
  0
LINE
  5
289
330
1B
100
AcDbEntity
  8
B.Cu
  6
CONTINUOUS
100
AcDbLine
 10
3.0032399212598424
 20
-4.3847195275590547
 30
0
 11
3.0021106692913384
 21
-4.3790423622047241
 31
0
  0
LINE
  5
28A
330
1B
100
AcDbEntity
  8
B.Cu
  6
CONTINUOUS
100
AcDbLine
 10
3.0021106692913384
 20
-4.3790423622047241
 30
0
 11
3.0019685039370079
 21
-4.3761481496062995
 31
0
  0
LINE
  5
28B
330
1B
100
AcDbEntity
  8
B.Cu
  6
CONTINUOUS
100
AcDbLine
 10
3.0019685039370079
 20
-4.3761481496062995
 30
0
 11
3.0019685039370079
 21
-4.2322834645669287
 31
0
  0
LINE
  5
28C
330
1B
100
AcDbEntity
  8
B.Cu
  6
CONTINUOUS
100
AcDbLine
 10
3.0019685039370079
 20
-4.2322834645669287
 30
0
 11
3.0021106692913384
 21
-4.2293892519685041
 31
0
  0
LINE
  5
28D
330
1B
100
AcDbEntity
  8
B.Cu
  6
CONTINUOUS
100
AcDbLine
 10
3.0021106692913384
 20
-4.2293892519685041
 30
0
 11
3.0032399606299212
 21
-4.2237120472440948
 31
0
  0
LINE
  5
28E
330
1B
100
AcDbEntity
  8
B.Cu
  6
CONTINUOUS
100
AcDbLine
 10
3.0032399606299212
 20
-4.2237120472440948
 30
0
 11
3.0054550787401575
 21
-4.2183642519685041
 31
0
  0
LINE
  5
28F
330
1B
100
AcDbEntity
  8
B.Cu
  6
CONTINUOUS
100
AcDbLine
 10
3.0054550787401575
 20
-4.2183642519685041
 30
0
 11
3.0086709448818896
 21
-4.213551377952756
 31
0
  0
LINE
  5
290
330
1B
100
AcDbEntity
  8
B.Cu
  6
CONTINUOUS
100
AcDbLine
 10
3.0086709448818896
 20
-4.213551377952756
 30
0
 11
3.0127639763779528
 21
-4.2094583464566933
 31
0
  0
LINE
  5
291
330
1B
100
AcDbEntity
  8
B.Cu
  6
CONTINUOUS
100
AcDbLine
 10
3.0127639763779528
 20
-4.2094583464566933
 30
0
 11
3.0175768503937008
 21
-4.2062424803149607
 31
0
  0
LINE
  5
292
330
1B
100
AcDbEntity
  8
B.Cu
  6
CONTINUOUS
100
AcDbLine
 10
3.0175768503937008
 20
-4.2062424803149607
 30
0
 11
3.0229246456692911
 21
-4.2040273622047239
 31
0
  0
LINE
  5
293
330
1B
100
AcDbEntity
  8
B.Cu
  6
CONTINUOUS
100
AcDbLine
 10
3.0229246456692911
 20
-4.2040273622047239
 30
0
 11
3.0286018503937009
 21
-4.2028980708661416
 31
0
  0
LINE
  5
294
330
1B
100
AcDbEntity
  8
B.Cu
  6
CONTINUOUS
100
AcDbLine
 10
3.0286018503937009
 20
-4.2028980708661416
 30
0
 11
3.0314960629921259
 21
-4.2027559055118111
 31
0
  0
LINE
  5
295
330
1B
100
AcDbEntity
  8
B.Cu
  6
CONTINUOUS
100
AcDbLine
 10
3.0314960629921259
 20
-4.2027559055118111
 30
0
 11
3.058635433070866
 21
-4.2027559055118111
 31
0
  0
LINE
  5
296
330
1B
100
AcDbEntity
  8
B.Cu
  6
CONTINUOUS
100
AcDbLine
 10
3.058635433070866
 20
-4.2027559055118111
 30
0
 11
3.3169291338582676
 21
-3.9444622047244096
 31
0
  0
LINE
  5
297
330
1B
100
AcDbEntity
  8
B.Cu
  6
CONTINUOUS
100
AcDbLine
 10
3.3169291338582676
 20
-3.9444622047244096
 30
0
 11
3.3169291338582676
 21
-3.6417322834645667
 31
0
  0
LINE
  5
298
330
1B
100
AcDbEntity
  8
B.Cu
  6
CONTINUOUS
100
AcDbLine
 10
3.3169291338582676
 20
-3.6417322834645667
 30
0
 11
3.3170712992125981
 21
-3.6388380708661416
 31
0
  0
LINE
  5
299
330
1B
100
AcDbEntity
  8
B.Cu
  6
CONTINUOUS
100
AcDbLine
 10
3.3170712992125981
 20
-3.6388380708661416
 30
0
 11
3.3176861417322834
 21
-3.635747086614173
 31
0
  0
LINE
  5
29A
330
1B
100
AcDbEntity
  8
B.Cu
  6
CONTINUOUS
100
AcDbLine
 10
3.3176861417322834
 20
-3.635747086614173
 30
0
 11
3.3182005511811021
 21
-3.633160905511811
 31
0
  0
LINE
  5
29B
330
1B
100
AcDbEntity
  8
B.Cu
  6
CONTINUOUS
100
AcDbLine
 10
3.3182005511811021
 20
-3.633160905511811
 30
0
 11
3.3204157086614172
 21
-3.6278131102362203
 31
0
  0
LINE
  5
29C
330
1B
100
AcDbEntity
  8
B.Cu
  6
CONTINUOUS
100
AcDbLine
 10
3.3204157086614172
 20
-3.6278131102362203
 30
0
 11
3.3204157086614172
 21
-3.6278130708661416
 31
0
  0
LINE
  5
29D
330
1B
100
AcDbEntity
  8
B.Cu
  6
CONTINUOUS
100
AcDbLine
 10
3.3204157086614172
 20
-3.6278130708661416
 30
0
 11
3.3236315748031497
 21
-3.6230001968503935
 31
0
  0
LINE
  5
29E
330
1B
100
AcDbEntity
  8
B.Cu
  6
CONTINUOUS
100
AcDbLine
 10
3.3236315748031497
 20
-3.6230001968503935
 30
0
 11
3.3255775590551182
 21
-3.6208531496062992
 31
0
  0
LINE
  5
29F
330
1B
100
AcDbEntity
  8
B.Cu
  6
CONTINUOUS
100
AcDbLine
 10
3.3255775590551182
 20
-3.6208531496062992
 30
0
 11
3.4921259842519685
 21
-3.4543047244094489
 31
0
  0
LINE
  5
2A0
330
1B
100
AcDbEntity
  8
B.Cu
  6
CONTINUOUS
100
AcDbLine
 10
3.4921259842519685
 20
-3.4543047244094489
 30
0
 11
3.4921259842519685
 21
-3.29159437007874
 31
0
  0
LINE
  5
2A1
330
1B
100
AcDbEntity
  8
B.Cu
  6
CONTINUOUS
100
AcDbLine
 10
3.4921259842519685
 20
-3.29159437007874
 30
0
 11
3.4387205905511808
 21
-3.2381889763779528
 31
0
  0
LINE
  5
2A2
330
1B
100
AcDbEntity
  8
B.Cu
  6
CONTINUOUS
100
AcDbLine
 10
3.4387205905511808
 20
-3.2381889763779528
 30
0
 11
3.4350393700787403
 21
-3.2381889763779528
 31
0
  0
LINE
  5
2A3
330
1B
100
AcDbEntity
  8
B.Cu
  6
CONTINUOUS
100
AcDbLine
 10
3.4350393700787403
 20
-3.2381889763779528
 30
0
 11
3.4321451574803148
 21
-3.2380468110236218
 31
0
  0
LINE
  5
2A4
330
1B
100
AcDbEntity
  8
B.Cu
  6
CONTINUOUS
100
AcDbLine
 10
3.4321451574803148
 20
-3.2380468110236218
 30
0
 11
3.4264679527559054
 21
-3.2369175196850395
 31
0
  0
LINE
  5
2A5
330
1B
100
AcDbEntity
  8
B.Cu
  6
CONTINUOUS
100
AcDbLine
 10
3.4264679527559054
 20
-3.2369175196850395
 30
0
 11
3.4211201574803147
 21
-3.2347024015748032
 31
0
  0
LINE
  5
2A6
330
1B
100
AcDbEntity
  8
B.Cu
  6
CONTINUOUS
100
AcDbLine
 10
3.4211201574803147
 20
-3.2347024015748032
 30
0
 11
3.4163072834645667
 21
-3.2314865354330706
 31
0
  0
LINE
  5
2A7
330
1B
100
AcDbEntity
  8
B.Cu
  6
CONTINUOUS
100
AcDbLine
 10
3.4163072834645667
 20
-3.2314865354330706
 30
0
 11
3.4122142519685039
 21
-3.2273935039370079
 31
0
  0
LINE
  5
2A8
330
1B
100
AcDbEntity
  8
B.Cu
  6
CONTINUOUS
100
AcDbLine
 10
3.4122142519685039
 20
-3.2273935039370079
 30
0
 11
3.4089983858267714
 21
-3.2225806299212598
 31
0
  0
LINE
  5
2A9
330
1B
100
AcDbEntity
  8
B.Cu
  6
CONTINUOUS
100
AcDbLine
 10
3.4089983858267714
 20
-3.2225806299212598
 30
0
 11
3.4067832677165355
 21
-3.2172328346456691
 31
0
  0
LINE
  5
2AA
330
1B
100
AcDbEntity
  8
B.Cu
  6
CONTINUOUS
100
AcDbLine
 10
3.4067832677165355
 20
-3.2172328346456691
 30
0
 11
3.4056539763779528
 21
-3.2115556299212598
 31
0
  0
LINE
  5
2AB
330
1B
100
AcDbEntity
  8
B.Cu
  6
CONTINUOUS
100
AcDbLine
 10
3.4056539763779528
 20
-3.2115556299212598
 30
0
 11
3.4056539763779528
 21
-3.2057672047244092
 31
0
  0
LINE
  5
2AC
330
1B
100
AcDbEntity
  8
B.Cu
  6
CONTINUOUS
100
AcDbLine
 10
3.4056539763779528
 20
-3.2057672047244092
 30
0
 11
3.4067832677165355
 21
-3.2000899999999999
 31
0
  0
LINE
  5
2AD
330
1B
100
AcDbEntity
  8
B.Cu
  6
CONTINUOUS
100
AcDbLine
 10
3.4067832677165355
 20
-3.2000899999999999
 30
0
 11
3.4089983858267714
 21
-3.1947422047244092
 31
0
  0
LINE
  5
2AE
330
1B
100
AcDbEntity
  8
B.Cu
  6
CONTINUOUS
100
AcDbLine
 10
3.4089983858267714
 20
-3.1947422047244092
 30
0
 11
3.4122142519685039
 21
-3.1899293307086611
 31
0
  0
LINE
  5
2AF
330
1B
100
AcDbEntity
  8
B.Cu
  6
CONTINUOUS
100
AcDbLine
 10
3.4122142519685039
 20
-3.1899293307086611
 30
0
 11
3.4163072834645667
 21
-3.1858362992125984
 31
0
  0
LINE
  5
2B0
330
1B
100
AcDbEntity
  8
B.Cu
  6
CONTINUOUS
100
AcDbLine
 10
3.4163072834645667
 20
-3.1858362992125984
 30
0
 11
3.4211201574803147
 21
-3.1826204330708663
 31
0
  0
LINE
  5
2B1
330
1B
100
AcDbEntity
  8
B.Cu
  6
CONTINUOUS
100
AcDbLine
 10
3.4211201574803147
 20
-3.1826204330708663
 30
0
 11
3.4264679527559054
 21
-3.1804053149606299
 31
0
  0
LINE
  5
2B2
330
1B
100
AcDbEntity
  8
B.Cu
  6
CONTINUOUS
100
AcDbLine
 10
3.4264679527559054
 20
-3.1804053149606299
 30
0
 11
3.4321451574803148
 21
-3.1792760236220472
 31
0
  0
LINE
  5
2B3
330
1B
100
AcDbEntity
  8
B.Cu
  6
CONTINUOUS
100
AcDbLine
 10
3.4321451574803148
 20
-3.1792760236220472
 30
0
 11
3.4350393700787403
 21
-3.1791338582677167
 31
0
  0
LINE
  5
2B4
330
1B
100
AcDbEntity
  8
B.Cu
  6
CONTINUOUS
100
AcDbLine
 10
3.4350393700787403
 20
-3.1791338582677167
 30
0
 11
3.4424937007874017
 21
-3.1791338582677167
 31
0
  0
LINE
  5
2B5
330
1B
100
AcDbEntity
  8
B.Cu
  6
CONTINUOUS
100
AcDbLine
 10
3.4424937007874017
 20
-3.1791338582677167
 30
0
 11
3.9259712598425196
 21
-2.6956562992125983
 31
0
  0
LINE
  5
2B6
330
1B
100
AcDbEntity
  8
B.Cu
  6
CONTINUOUS
100
AcDbLine
 10
3.9259712598425196
 20
-2.6956562992125983
 30
0
 11
3.9281183070866139
 21
-2.6937102755905511
 31
0
  0
LINE
  5
2B7
330
1B
100
AcDbEntity
  8
B.Cu
  6
CONTINUOUS
100
AcDbLine
 10
3.9281183070866139
 20
-2.6937102755905511
 30
0
 11
3.9310034251968502
 21
-2.6917825196850393
 31
0
  0
LINE
  5
2B8
330
1B
100
AcDbEntity
  8
B.Cu
  6
CONTINUOUS
100
AcDbLine
 10
3.9310034251968502
 20
-2.6917825196850393
 30
0
 11
3.932931181102362
 21
-2.6904944488188978
 31
0
  0
LINE
  5
2B9
330
1B
100
AcDbEntity
  8
B.Cu
  6
CONTINUOUS
100
AcDbLine
 10
3.932931181102362
 20
-2.6904944488188978
 30
0
 11
3.935146338582677
 21
-2.6895768897637793
 31
0
  0
LINE
  5
2BA
330
1B
100
AcDbEntity
  8
B.Cu
  6
CONTINUOUS
100
AcDbLine
 10
3.935146338582677
 20
-2.6895768897637793
 30
0
 11
3.9382790157480314
 21
-2.6882792913385827
 31
0
  0
LINE
  5
2BB
330
1B
100
AcDbEntity
  8
B.Cu
  6
CONTINUOUS
100
AcDbLine
 10
3.9382790157480314
 20
-2.6882792913385827
 30
0
 11
3.943956181102362
 21
-2.6871500393700787
 31
0
  0
LINE
  5
2BC
330
1B
100
AcDbEntity
  8
B.Cu
  6
CONTINUOUS
100
AcDbLine
 10
3.943956181102362
 20
-2.6871500393700787
 30
0
 11
3.9468503937007875
 21
-2.6870078740157481
 31
0
  0
LINE
  5
2BD
330
1B
100
AcDbEntity
  8
B.Cu
  6
CONTINUOUS
100
AcDbLine
 10
3.9468503937007875
 20
-2.6870078740157481
 30
0
 11
4.0354330708661417
 21
-2.6870078740157481
 31
0
  0
LINE
  5
2BE
330
1B
100
AcDbEntity
  8
B.Cu
  6
CONTINUOUS
100
AcDbLine
 10
4.8314060629921256
 20
-3.9087517322834646
 30
0
 11
4.8367538188976376
 21
-3.9109668897637793
 31
0
  0
LINE
  5
2BF
330
1B
100
AcDbEntity
  8
B.Cu
  6
CONTINUOUS
100
AcDbLine
 10
4.8367538188976376
 20
-3.9109668897637793
 30
0
 11
4.8415667716535431
 21
-3.914182716535433
 31
0
  0
LINE
  5
2C0
330
1B
100
AcDbEntity
  8
B.Cu
  6
CONTINUOUS
100
AcDbLine
 10
4.8415667716535431
 20
-3.914182716535433
 30
0
 11
4.8456598031496059
 21
-3.9182757480314958
 31
0
  0
LINE
  5
2C1
330
1B
100
AcDbEntity
  8
B.Cu
  6
CONTINUOUS
100
AcDbLine
 10
4.8456598031496059
 20
-3.9182757480314958
 30
0
 11
4.8488756299212596
 21
-3.9230887007874014
 31
0
  0
LINE
  5
2C2
330
1B
100
AcDbEntity
  8
B.Cu
  6
CONTINUOUS
100
AcDbLine
 10
4.8488756299212596
 20
-3.9230887007874014
 30
0
 11
4.8510907874015743
 21
-3.9284364566929133
 31
0
  0
LINE
  5
2C3
330
1B
100
AcDbEntity
  8
B.Cu
  6
CONTINUOUS
100
AcDbLine
 10
4.8510907874015743
 20
-3.9284364566929133
 30
0
 11
4.8522200393700787
 21
-3.9341136614173227
 31
0
  0
LINE
  5
2C4
330
1B
100
AcDbEntity
  8
B.Cu
  6
CONTINUOUS
100
AcDbLine
 10
4.8522200393700787
 20
-3.9341136614173227
 30
0
 11
4.8522200393700787
 21
-3.9399020866141732
 31
0
  0
LINE
  5
2C5
330
1B
100
AcDbEntity
  8
B.Cu
  6
CONTINUOUS
100
AcDbLine
 10
4.8522200393700787
 20
-3.9399020866141732
 30
0
 11
4.8510907874015743
 21
-3.9455792519685038
 31
0
  0
LINE
  5
2C6
330
1B
100
AcDbEntity
  8
B.Cu
  6
CONTINUOUS
100
AcDbLine
 10
4.8510907874015743
 20
-3.9455792519685038
 30
0
 11
4.8488756299212596
 21
-3.9509270472440945
 31
0
  0
LINE
  5
2C7
330
1B
100
AcDbEntity
  8
B.Cu
  6
CONTINUOUS
100
AcDbLine
 10
4.8488756299212596
 20
-3.9509270472440945
 30
0
 11
4.8456598031496059
 21
-3.9557399606299213
 31
0
  0
LINE
  5
2C8
330
1B
100
AcDbEntity
  8
B.Cu
  6
CONTINUOUS
100
AcDbLine
 10
4.8456598031496059
 20
-3.9557399606299213
 30
0
 11
4.8437137795275591
 21
-3.9578870078740156
 31
0
  0
LINE
  5
2C9
330
1B
100
AcDbEntity
  8
B.Cu
  6
CONTINUOUS
100
AcDbLine
 10
4.8437137795275591
 20
-3.9578870078740156
 30
0
 11
4.3515877952755906
 21
-4.4500129921259841
 31
0
  0
LINE
  5
2CA
330
1B
100
AcDbEntity
  8
B.Cu
  6
CONTINUOUS
100
AcDbLine
 10
4.3515877952755906
 20
-4.4500129921259841
 30
0
 11
4.3494407480314958
 21
-4.451958976377953
 31
0
  0
LINE
  5
2CB
330
1B
100
AcDbEntity
  8
B.Cu
  6
CONTINUOUS
100
AcDbLine
 10
4.3494407480314958
 20
-4.451958976377953
 30
0
 11
4.3446278740157478
 21
-4.4551748425196847
 31
0
  0
LINE
  5
2CC
330
1B
100
AcDbEntity
  8
B.Cu
  6
CONTINUOUS
100
AcDbLine
 10
4.3446278740157478
 20
-4.4551748425196847
 30
0
 11
4.3424127165354331
 21
-4.4560923622047239
 31
0
  0
LINE
  5
2CD
330
1B
100
AcDbEntity
  8
B.Cu
  6
CONTINUOUS
100
AcDbLine
 10
4.3424127165354331
 20
-4.4560923622047239
 30
0
 11
4.3392800393700783
 21
-4.4573900000000002
 31
0
  0
LINE
  5
2CE
330
1B
100
AcDbEntity
  8
B.Cu
  6
CONTINUOUS
100
AcDbLine
 10
4.3392800393700783
 20
-4.4573900000000002
 30
0
 11
4.3336028740157477
 21
-4.4585192519685037
 31
0
  0
LINE
  5
2CF
330
1B
100
AcDbEntity
  8
B.Cu
  6
CONTINUOUS
100
AcDbLine
 10
4.3336028740157477
 20
-4.4585192519685037
 30
0
 11
4.3307086614173231
 21
-4.4586614173228343
 31
0
  0
LINE
  5
2D0
330
1B
100
AcDbEntity
  8
B.Cu
  6
CONTINUOUS
100
AcDbLine
 10
4.3307086614173231
 20
-4.4586614173228343
 30
0
 11
3.4571125984251969
 21
-4.4586614173228343
 31
0
  0
LINE
  5
2D1
330
1B
100
AcDbEntity
  8
B.Cu
  6
CONTINUOUS
100
AcDbLine
 10
3.4571125984251969
 20
-4.4586614173228343
 30
0
 11
3.3476507874015748
 21
-4.5681232283464563
 31
0
  0
LINE
  5
2D2
330
1B
100
AcDbEntity
  8
B.Cu
  6
CONTINUOUS
100
AcDbLine
 10
3.3476507874015748
 20
-4.5681232283464563
 30
0
 11
3.3455037401574801
 21
-4.5700692125984252
 31
0
  0
LINE
  5
2D3
330
1B
100
AcDbEntity
  8
B.Cu
  6
CONTINUOUS
100
AcDbLine
 10
3.3455037401574801
 20
-4.5700692125984252
 30
0
 11
3.3406908661417321
 21
-4.5732850787401578
 31
0
  0
LINE
  5
2D4
330
1B
100
AcDbEntity
  8
B.Cu
  6
CONTINUOUS
100
AcDbLine
 10
3.3406908661417321
 20
-4.5732850787401578
 30
0
 11
3.3386770866141733
 21
-4.5741192125984247
 31
0
  0
LINE
  5
2D5
330
1B
100
AcDbEntity
  8
B.Cu
  6
CONTINUOUS
100
AcDbLine
 10
3.3386770866141733
 20
-4.5741192125984247
 30
0
 11
3.335343031496063
 21
-4.5755002362204724
 31
0
  0
LINE
  5
2D6
330
1B
100
AcDbEntity
  8
B.Cu
  6
CONTINUOUS
100
AcDbLine
 10
3.335343031496063
 20
-4.5755002362204724
 30
0
 11
3.329665866141732
 21
-4.576629488188976
 31
0
  0
LINE
  5
2D7
330
1B
100
AcDbEntity
  8
B.Cu
  6
CONTINUOUS
100
AcDbLine
 10
3.329665866141732
 20
-4.576629488188976
 30
0
 11
3.326771653543307
 21
-4.5767716535433074
 31
0
  0
LINE
  5
2D8
330
1B
100
AcDbEntity
  8
B.Cu
  6
CONTINUOUS
100
AcDbLine
 10
3.326771653543307
 20
-4.5767716535433074
 30
0
 11
3.3070866141732282
 21
-4.5767716535433074
 31
0
  0
LINE
  5
2D9
330
1B
100
AcDbEntity
  8
B.Cu
  6
CONTINUOUS
100
AcDbLine
 10
3.3070866141732282
 20
-4.5767716535433074
 30
0
 11
3.2972440944881889
 21
-4.5767716535433074
 31
0
  0
LINE
  5
2DA
330
1B
100
AcDbEntity
  8
B.Cu
  6
CONTINUOUS
100
AcDbLine
 10
3.2972440944881889
 20
-4.5767716535433074
 30
0
 11
3.2943498818897639
 21
-4.576629488188976
 31
0
  0
LINE
  5
2DB
330
1B
100
AcDbEntity
  8
B.Cu
  6
CONTINUOUS
100
AcDbLine
 10
3.2943498818897639
 20
-4.576629488188976
 30
0
 11
3.2886726771653541
 21
-4.5755001968503937
 31
0
  0
LINE
  5
2DC
330
1B
100
AcDbEntity
  8
B.Cu
  6
CONTINUOUS
100
AcDbLine
 10
3.2886726771653541
 20
-4.5755001968503937
 30
0
 11
3.2833248818897638
 21
-4.5732850787401578
 31
0
  0
LINE
  5
2DD
330
1B
100
AcDbEntity
  8
B.Cu
  6
CONTINUOUS
100
AcDbLine
 10
3.2833248818897638
 20
-4.5732850787401578
 30
0
 11
3.2785120078740158
 21
-4.5700692125984252
 31
0
  0
LINE
  5
2DE
330
1B
100
AcDbEntity
  8
B.Cu
  6
CONTINUOUS
100
AcDbLine
 10
3.2785120078740158
 20
-4.5700692125984252
 30
0
 11
3.2744189763779525
 21
-4.5659761811023625
 31
0
  0
LINE
  5
2DF
330
1B
100
AcDbEntity
  8
B.Cu
  6
CONTINUOUS
100
AcDbLine
 10
3.2744189763779525
 20
-4.5659761811023625
 30
0
 11
3.2712031102362205
 21
-4.5611633070866144
 31
0
  0
LINE
  5
2E0
330
1B
100
AcDbEntity
  8
B.Cu
  6
CONTINUOUS
100
AcDbLine
 10
3.2712031102362205
 20
-4.5611633070866144
 30
0
 11
3.2689879921259841
 21
-4.5558155118110237
 31
0
  0
LINE
  5
2E1
330
1B
100
AcDbEntity
  8
B.Cu
  6
CONTINUOUS
100
AcDbLine
 10
3.2689879921259841
 20
-4.5558155118110237
 30
0
 11
3.2678587007874014
 21
-4.5501383070866144
 31
0
  0
LINE
  5
2E2
330
1B
100
AcDbEntity
  8
B.Cu
  6
CONTINUOUS
100
AcDbLine
 10
3.2678587007874014
 20
-4.5501383070866144
 30
0
 11
3.2678587007874014
 21
-4.5443498818897634
 31
0
  0
LINE
  5
2E3
330
1B
100
AcDbEntity
  8
B.Cu
  6
CONTINUOUS
100
AcDbLine
 10
3.2678587007874014
 20
-4.5443498818897634
 30
0
 11
3.2689879921259841
 21
-4.5386726771653541
 31
0
  0
LINE
  5
2E4
330
1B
100
AcDbEntity
  8
B.Cu
  6
CONTINUOUS
100
AcDbLine
 10
3.2689879921259841
 20
-4.5386726771653541
 30
0
 11
3.2712031102362205
 21
-4.5333248818897633
 31
0
  0
LINE
  5
2E5
330
1B
100
AcDbEntity
  8
B.Cu
  6
CONTINUOUS
100
AcDbLine
 10
3.2712031102362205
 20
-4.5333248818897633
 30
0
 11
3.2744189763779525
 21
-4.5285120078740153
 31
0
  0
LINE
  5
2E6
330
1B
100
AcDbEntity
  8
B.Cu
  6
CONTINUOUS
100
AcDbLine
 10
3.2744189763779525
 20
-4.5285120078740153
 30
0
 11
3.2785120078740158
 21
-4.5244189763779525
 31
0
  0
LINE
  5
2E7
330
1B
100
AcDbEntity
  8
B.Cu
  6
CONTINUOUS
100
AcDbLine
 10
3.2785120078740158
 20
-4.5244189763779525
 30
0
 11
3.2833248818897638
 21
-4.52120311023622
 31
0
  0
LINE
  5
2E8
330
1B
100
AcDbEntity
  8
B.Cu
  6
CONTINUOUS
100
AcDbLine
 10
3.2833248818897638
 20
-4.52120311023622
 30
0
 11
3.2886726771653541
 21
-4.5189879921259841
 31
0
  0
LINE
  5
2E9
330
1B
100
AcDbEntity
  8
B.Cu
  6
CONTINUOUS
100
AcDbLine
 10
3.2886726771653541
 20
-4.5189879921259841
 30
0
 11
3.2943498818897639
 21
-4.5178587007874018
 31
0
  0
LINE
  5
2EA
330
1B
100
AcDbEntity
  8
B.Cu
  6
CONTINUOUS
100
AcDbLine
 10
3.2943498818897639
 20
-4.5178587007874018
 30
0
 11
3.2972440944881889
 21
-4.5177165354330704
 31
0
  0
LINE
  5
2EB
330
1B
100
AcDbEntity
  8
B.Cu
  6
CONTINUOUS
100
AcDbLine
 10
3.2972440944881889
 20
-4.5177165354330704
 30
0
 11
3.3145409448818897
 21
-4.5177165354330704
 31
0
  0
LINE
  5
2EC
330
1B
100
AcDbEntity
  8
B.Cu
  6
CONTINUOUS
100
AcDbLine
 10
3.3145409448818897
 20
-4.5177165354330704
 30
0
 11
3.4240027559055117
 21
-4.4082547244094483
 31
0
  0
LINE
  5
2ED
330
1B
100
AcDbEntity
  8
B.Cu
  6
CONTINUOUS
100
AcDbLine
 10
3.4240027559055117
 20
-4.4082547244094483
 30
0
 11
3.426149803149606
 21
-4.4063087401574803
 31
0
  0
LINE
  5
2EE
330
1B
100
AcDbEntity
  8
B.Cu
  6
CONTINUOUS
100
AcDbLine
 10
3.426149803149606
 20
-4.4063087401574803
 30
0
 11
3.4290000787401573
 21
-4.4044042519685043
 31
0
  0
LINE
  5
2EF
330
1B
100
AcDbEntity
  8
B.Cu
  6
CONTINUOUS
100
AcDbLine
 10
3.4290000787401573
 20
-4.4044042519685043
 30
0
 11
3.4309626771653541
 21
-4.4030928740157478
 31
0
  0
LINE
  5
2F0
330
1B
100
AcDbEntity
  8
B.Cu
  6
CONTINUOUS
100
AcDbLine
 10
3.4309626771653541
 20
-4.4030928740157478
 30
0
 11
3.4331778346456692
 21
-4.4021753149606297
 31
0
  0
LINE
  5
2F1
330
1B
100
AcDbEntity
  8
B.Cu
  6
CONTINUOUS
100
AcDbLine
 10
3.4331778346456692
 20
-4.4021753149606297
 30
0
 11
3.4363105118110235
 21
-4.4008777165354331
 31
0
  0
LINE
  5
2F2
330
1B
100
AcDbEntity
  8
B.Cu
  6
CONTINUOUS
100
AcDbLine
 10
3.4363105118110235
 20
-4.4008777165354331
 30
0
 11
3.4419876771653541
 21
-4.3997484645669287
 31
0
  0
LINE
  5
2F3
330
1B
100
AcDbEntity
  8
B.Cu
  6
CONTINUOUS
100
AcDbLine
 10
3.4419876771653541
 20
-4.3997484645669287
 30
0
 11
3.4448818897637796
 21
-4.3996062992125982
 31
0
  0
LINE
  5
2F4
330
1B
100
AcDbEntity
  8
B.Cu
  6
CONTINUOUS
100
AcDbLine
 10
3.4448818897637796
 20
-4.3996062992125982
 30
0
 11
4.3184779527559058
 21
-4.3996062992125982
 31
0
  0
LINE
  5
2F5
330
1B
100
AcDbEntity
  8
B.Cu
  6
CONTINUOUS
100
AcDbLine
 10
4.3184779527559058
 20
-4.3996062992125982
 30
0
 11
4.8019555118110233
 21
-3.9161287401574802
 31
0
  0
LINE
  5
2F6
330
1B
100
AcDbEntity
  8
B.Cu
  6
CONTINUOUS
100
AcDbLine
 10
4.8019555118110233
 20
-3.9161287401574802
 30
0
 11
4.8041025590551181
 21
-3.914182716535433
 31
0
  0
LINE
  5
2F7
330
1B
100
AcDbEntity
  8
B.Cu
  6
CONTINUOUS
100
AcDbLine
 10
4.8041025590551181
 20
-3.914182716535433
 30
0
 11
4.8089154724409449
 21
-3.9109668897637793
 31
0
  0
LINE
  5
2F8
330
1B
100
AcDbEntity
  8
B.Cu
  6
CONTINUOUS
100
AcDbLine
 10
4.8089154724409449
 20
-3.9109668897637793
 30
0
 11
4.8142632677165356
 21
-3.9087517322834646
 31
0
  0
LINE
  5
2F9
330
1B
100
AcDbEntity
  8
B.Cu
  6
CONTINUOUS
100
AcDbLine
 10
4.8142632677165356
 20
-3.9087517322834646
 30
0
 11
4.8199404330708662
 21
-3.9076224803149606
 31
0
  0
LINE
  5
2FA
330
1B
100
AcDbEntity
  8
B.Cu
  6
CONTINUOUS
100
AcDbLine
 10
4.8199404330708662
 20
-3.9076224803149606
 30
0
 11
4.8257288582677162
 21
-3.9076224803149606
 31
0
  0
LINE
  5
2FB
330
1B
100
AcDbEntity
  8
B.Cu
  6
CONTINUOUS
100
AcDbLine
 10
4.8257288582677162
 20
-3.9076224803149606
 30
0
 11
4.8314060629921256
 21
-3.9087517322834646
 31
0
  0
LINE
  5
2FC
330
1B
100
AcDbEntity
  8
B.Cu
  6
CONTINUOUS
100
AcDbLine
 10
5.4788460236220473
 20
-2.9323491732283462
 30
0
 11
5.4846140551181097
 21
-2.9334964960629919
 31
0
  0
LINE
  5
2FD
330
1B
100
AcDbEntity
  8
B.Cu
  6
CONTINUOUS
100
AcDbLine
 10
5.4846140551181097
 20
-2.9334964960629919
 30
0
 11
5.4900474015748033
 21
-2.9357470866141733
 31
0
  0
LINE
  5
2FE
330
1B
100
AcDbEntity
  8
B.Cu
  6
CONTINUOUS
100
AcDbLine
 10
5.4900474015748033
 20
-2.9357470866141733
 30
0
 11
5.4949373228346454
 21
-2.9390144094488186
 31
0
  0
LINE
  5
2FF
330
1B
100
AcDbEntity
  8
B.Cu
  6
CONTINUOUS
100
AcDbLine
 10
5.4949373228346454
 20
-2.9390144094488186
 30
0
 11
5.4990958267716534
 21
-2.9431729133858267
 31
0
  0
LINE
  5
300
330
1B
100
AcDbEntity
  8
B.Cu
  6
CONTINUOUS
100
AcDbLine
 10
5.4990958267716534
 20
-2.9431729133858267
 30
0
 11
5.5023631496062988
 21
-2.9480628346456692
 31
0
  0
LINE
  5
301
330
1B
100
AcDbEntity
  8
B.Cu
  6
CONTINUOUS
100
AcDbLine
 10
5.5023631496062988
 20
-2.9480628346456692
 30
0
 11
5.5046137401574802
 21
-2.9534961811023623
 31
0
  0
LINE
  5
302
330
1B
100
AcDbEntity
  8
B.Cu
  6
CONTINUOUS
100
AcDbLine
 10
5.5046137401574802
 20
-2.9534961811023623
 30
0
 11
5.5057610629921259
 21
-2.9592642125984252
 31
0
  0
LINE
  5
303
330
1B
100
AcDbEntity
  8
B.Cu
  6
CONTINUOUS
100
AcDbLine
 10
5.5057610629921259
 20
-2.9592642125984252
 30
0
 11
5.5057610629921259
 21
-2.9651452362204722
 31
0
  0
LINE
  5
304
330
1B
100
AcDbEntity
  8
B.Cu
  6
CONTINUOUS
100
AcDbLine
 10
5.5057610629921259
 20
-2.9651452362204722
 30
0
 11
5.5046137401574802
 21
-2.9709132677165355
 31
0
  0
LINE
  5
305
330
1B
100
AcDbEntity
  8
B.Cu
  6
CONTINUOUS
100
AcDbLine
 10
5.5046137401574802
 20
-2.9709132677165355
 30
0
 11
5.5023631496062988
 21
-2.9763466141732282
 31
0
  0
LINE
  5
306
330
1B
100
AcDbEntity
  8
B.Cu
  6
CONTINUOUS
100
AcDbLine
 10
5.5023631496062988
 20
-2.9763466141732282
 30
0
 11
5.4990958267716534
 21
-2.9812365354330708
 31
0
  0
LINE
  5
307
330
1B
100
AcDbEntity
  8
B.Cu
  6
CONTINUOUS
100
AcDbLine
 10
5.4990958267716534
 20
-2.9812365354330708
 30
0
 11
5.4949373228346454
 21
-2.9853950393700788
 31
0
  0
LINE
  5
308
330
1B
100
AcDbEntity
  8
B.Cu
  6
CONTINUOUS
100
AcDbLine
 10
5.4949373228346454
 20
-2.9853950393700788
 30
0
 11
5.4900474015748033
 21
-2.9886623622047241
 31
0
  0
LINE
  5
309
330
1B
100
AcDbEntity
  8
B.Cu
  6
CONTINUOUS
100
AcDbLine
 10
5.4900474015748033
 20
-2.9886623622047241
 30
0
 11
5.4846140551181097
 21
-2.9909129527559055
 31
0
  0
LINE
  5
30A
330
1B
100
AcDbEntity
  8
B.Cu
  6
CONTINUOUS
100
AcDbLine
 10
5.4846140551181097
 20
-2.9909129527559055
 30
0
 11
5.4788460236220473
 21
-2.9920602755905512
 31
0
  0
LINE
  5
30B
330
1B
100
AcDbEntity
  8
B.Cu
  6
CONTINUOUS
100
AcDbLine
 10
5.4788460236220473
 20
-2.9920602755905512
 30
0
 11
5.4759055118110238
 21
-2.992204724409449
 31
0
  0
LINE
  5
30C
330
1B
100
AcDbEntity
  8
B.Cu
  6
CONTINUOUS
100
AcDbLine
 10
5.4759055118110238
 20
-2.992204724409449
 30
0
 11
5.4611023622047243
 21
-2.992204724409449
 31
0
  0
LINE
  5
30D
330
1B
100
AcDbEntity
  8
B.Cu
  6
CONTINUOUS
100
AcDbLine
 10
5.4611023622047243
 20
-2.992204724409449
 30
0
 11
5.4581618503937008
 21
-2.9920602755905512
 31
0
  0
LINE
  5
30E
330
1B
100
AcDbEntity
  8
B.Cu
  6
CONTINUOUS
100
AcDbLine
 10
5.4581618503937008
 20
-2.9920602755905512
 30
0
 11
5.4565129133858266
 21
-2.9917322834645668
 31
0
  0
LINE
  5
30F
330
1B
100
AcDbEntity
  8
B.Cu
  6
CONTINUOUS
100
AcDbLine
 10
5.4565129133858266
 20
-2.9917322834645668
 30
0
 11
4.8846716535433066
 21
-2.9917322834645668
 31
0
  0
LINE
  5
310
330
1B
100
AcDbEntity
  8
B.Cu
  6
CONTINUOUS
100
AcDbLine
 10
4.8846716535433066
 20
-2.9917322834645668
 30
0
 11
4.7736220472440944
 21
-3.1027818897637793
 31
0
  0
LINE
  5
311
330
1B
100
AcDbEntity
  8
B.Cu
  6
CONTINUOUS
100
AcDbLine
 10
4.7736220472440944
 20
-3.1027818897637793
 30
0
 11
4.7736220472440944
 21
-3.6811023622047245
 31
0
  0
LINE
  5
312
330
1B
100
AcDbEntity
  8
B.Cu
  6
CONTINUOUS
100
AcDbLine
 10
4.7736220472440944
 20
-3.6811023622047245
 30
0
 11
4.7734798818897639
 21
-3.6839965748031496
 31
0
  0
LINE
  5
313
330
1B
100
AcDbEntity
  8
B.Cu
  6
CONTINUOUS
100
AcDbLine
 10
4.7734798818897639
 20
-3.6839965748031496
 30
0
 11
4.7723506299212595
 21
-3.6896737401574802
 31
0
  0
LINE
  5
314
330
1B
100
AcDbEntity
  8
B.Cu
  6
CONTINUOUS
100
AcDbLine
 10
4.7723506299212595
 20
-3.6896737401574802
 30
0
 11
4.7718373228346458
 21
-3.6909129527559053
 31
0
  0
LINE
  5
315
330
1B
100
AcDbEntity
  8
B.Cu
  6
CONTINUOUS
100
AcDbLine
 10
4.7718373228346458
 20
-3.6909129527559053
 30
0
 11
4.7701354724409448
 21
-3.6950215748031496
 31
0
  0
LINE
  5
316
330
1B
100
AcDbEntity
  8
B.Cu
  6
CONTINUOUS
100
AcDbLine
 10
4.7701354724409448
 20
-3.6950215748031496
 30
0
 11
4.768847362204724
 21
-3.6969492913385826
 31
0
  0
LINE
  5
317
330
1B
100
AcDbEntity
  8
B.Cu
  6
CONTINUOUS
100
AcDbLine
 10
4.768847362204724
 20
-3.6969492913385826
 30
0
 11
4.7669196456692911
 21
-3.6998344488188977
 31
0
  0
LINE
  5
318
330
1B
100
AcDbEntity
  8
B.Cu
  6
CONTINUOUS
100
AcDbLine
 10
4.7669196456692911
 20
-3.6998344488188977
 30
0
 11
4.7649736220472443
 21
-3.701981496062992
 31
0
  0
LINE
  5
319
330
1B
100
AcDbEntity
  8
B.Cu
  6
CONTINUOUS
100
AcDbLine
 10
4.7649736220472443
 20
-3.701981496062992
 30
0
 11
4.5905568110236219
 21
-3.8763983070866139
 31
0
  0
LINE
  5
31A
330
1B
100
AcDbEntity
  8
B.Cu
  6
CONTINUOUS
100
AcDbLine
 10
4.5905568110236219
 20
-3.8763983070866139
 30
0
 11
4.5884097637795271
 21
-3.8783442913385824
 31
0
  0
LINE
  5
31B
330
1B
100
AcDbEntity
  8
B.Cu
  6
CONTINUOUS
100
AcDbLine
 10
4.5884097637795271
 20
-3.8783442913385824
 30
0
 11
4.5835968897637791
 21
-3.8815601574803149
 31
0
  0
LINE
  5
31C
330
1B
100
AcDbEntity
  8
B.Cu
  6
CONTINUOUS
100
AcDbLine
 10
4.5835968897637791
 20
-3.8815601574803149
 30
0
 11
4.5813817322834645
 21
-3.8824776771653542
 31
0
  0
LINE
  5
31D
330
1B
100
AcDbEntity
  8
B.Cu
  6
CONTINUOUS
100
AcDbLine
 10
4.5813817322834645
 20
-3.8824776771653542
 30
0
 11
4.5782490551181105
 21
-3.88377531496063
 31
0
  0
LINE
  5
31E
330
1B
100
AcDbEntity
  8
B.Cu
  6
CONTINUOUS
100
AcDbLine
 10
4.5782490551181105
 20
-3.88377531496063
 30
0
 11
4.572571889763779
 21
-3.8849045669291336
 31
0
  0
LINE
  5
31F
330
1B
100
AcDbEntity
  8
B.Cu
  6
CONTINUOUS
100
AcDbLine
 10
4.572571889763779
 20
-3.8849045669291336
 30
0
 11
4.5696776771653544
 21
-3.8850467322834645
 31
0
  0
LINE
  5
320
330
1B
100
AcDbEntity
  8
B.Cu
  6
CONTINUOUS
100
AcDbLine
 10
4.5696776771653544
 20
-3.8850467322834645
 30
0
 11
3.8877952755905509
 21
-3.8850467322834645
 31
0
  0
LINE
  5
321
330
1B
100
AcDbEntity
  8
B.Cu
  6
CONTINUOUS
100
AcDbLine
 10
3.8877952755905509
 20
-3.8850467322834645
 30
0
 11
3.8877952755905509
 21
-3.917322834645669
 31
0
  0
LINE
  5
322
330
1B
100
AcDbEntity
  8
B.Cu
  6
CONTINUOUS
100
AcDbLine
 10
3.8877952755905509
 20
-3.917322834645669
 30
0
 11
3.8876531102362204
 21
-3.9202170472440945
 31
0
  0
LINE
  5
323
330
1B
100
AcDbEntity
  8
B.Cu
  6
CONTINUOUS
100
AcDbLine
 10
3.8876531102362204
 20
-3.9202170472440945
 30
0
 11
3.8865238582677164
 21
-3.9258942125984251
 31
0
  0
LINE
  5
324
330
1B
100
AcDbEntity
  8
B.Cu
  6
CONTINUOUS
100
AcDbLine
 10
3.8865238582677164
 20
-3.9258942125984251
 30
0
 11
3.8859384251968505
 21
-3.9273075196850393
 31
0
  0
LINE
  5
325
330
1B
100
AcDbEntity
  8
B.Cu
  6
CONTINUOUS
100
AcDbLine
 10
3.8859384251968505
 20
-3.9273075196850393
 30
0
 11
3.8843087007874013
 21
-3.9312420472440945
 31
0
  0
LINE
  5
326
330
1B
100
AcDbEntity
  8
B.Cu
  6
CONTINUOUS
100
AcDbLine
 10
3.8843087007874013
 20
-3.9312420472440945
 30
0
 11
3.8814861811023622
 21
-3.9354662204724407
 31
0
  0
LINE
  5
327
330
1B
100
AcDbEntity
  8
B.Cu
  6
CONTINUOUS
100
AcDbLine
 10
3.8814861811023622
 20
-3.9354662204724407
 30
0
 11
3.8810928346456692
 21
-3.9360549212598426
 31
0
  0
LINE
  5
328
330
1B
100
AcDbEntity
  8
B.Cu
  6
CONTINUOUS
100
AcDbLine
 10
3.8810928346456692
 20
-3.9360549212598426
 30
0
 11
3.8791468503937008
 21
-3.9382019685039369
 31
0
  0
LINE
  5
329
330
1B
100
AcDbEntity
  8
B.Cu
  6
CONTINUOUS
100
AcDbLine
 10
3.8791468503937008
 20
-3.9382019685039369
 30
0
 11
3.3476507874015748
 21
-4.4696980314960628
 31
0
  0
LINE
  5
32A
330
1B
100
AcDbEntity
  8
B.Cu
  6
CONTINUOUS
100
AcDbLine
 10
3.3476507874015748
 20
-4.4696980314960628
 30
0
 11
3.3455037401574801
 21
-4.4716440157480317
 31
0
  0
LINE
  5
32B
330
1B
100
AcDbEntity
  8
B.Cu
  6
CONTINUOUS
100
AcDbLine
 10
3.3455037401574801
 20
-4.4716440157480317
 30
0
 11
3.3406908661417321
 21
-4.4748598818897634
 31
0
  0
LINE
  5
32C
330
1B
100
AcDbEntity
  8
B.Cu
  6
CONTINUOUS
100
AcDbLine
 10
3.3406908661417321
 20
-4.4748598818897634
 30
0
 11
3.3384757086614174
 21
-4.4757774015748026
 31
0
  0
LINE
  5
32D
330
1B
100
AcDbEntity
  8
B.Cu
  6
CONTINUOUS
100
AcDbLine
 10
3.3384757086614174
 20
-4.4757774015748026
 30
0
 11
3.335343031496063
 21
-4.4770750393700789
 31
0
  0
LINE
  5
32E
330
1B
100
AcDbEntity
  8
B.Cu
  6
CONTINUOUS
100
AcDbLine
 10
3.335343031496063
 20
-4.4770750393700789
 30
0
 11
3.329665866141732
 21
-4.4782042913385824
 31
0
  0
LINE
  5
32F
330
1B
100
AcDbEntity
  8
B.Cu
  6
CONTINUOUS
100
AcDbLine
 10
3.329665866141732
 20
-4.4782042913385824
 30
0
 11
3.326771653543307
 21
-4.478346456692913
 31
0
  0
LINE
  5
330
330
1B
100
AcDbEntity
  8
B.Cu
  6
CONTINUOUS
100
AcDbLine
 10
3.326771653543307
 20
-4.478346456692913
 30
0
 11
3.3070866141732282
 21
-4.478346456692913
 31
0
  0
LINE
  5
331
330
1B
100
AcDbEntity
  8
B.Cu
  6
CONTINUOUS
100
AcDbLine
 10
3.3070866141732282
 20
-4.478346456692913
 30
0
 11
3.2972440944881889
 21
-4.478346456692913
 31
0
  0
LINE
  5
332
330
1B
100
AcDbEntity
  8
B.Cu
  6
CONTINUOUS
100
AcDbLine
 10
3.2972440944881889
 20
-4.478346456692913
 30
0
 11
3.2943498818897639
 21
-4.4782042913385824
 31
0
  0
LINE
  5
333
330
1B
100
AcDbEntity
  8
B.Cu
  6
CONTINUOUS
100
AcDbLine
 10
3.2943498818897639
 20
-4.4782042913385824
 30
0
 11
3.2886726771653541
 21
-4.4770750000000001
 31
0
  0
LINE
  5
334
330
1B
100
AcDbEntity
  8
B.Cu
  6
CONTINUOUS
100
AcDbLine
 10
3.2886726771653541
 20
-4.4770750000000001
 30
0
 11
3.2833248818897638
 21
-4.4748598818897634
 31
0
  0
LINE
  5
335
330
1B
100
AcDbEntity
  8
B.Cu
  6
CONTINUOUS
100
AcDbLine
 10
3.2833248818897638
 20
-4.4748598818897634
 30
0
 11
3.2785120078740158
 21
-4.4716440157480317
 31
0
  0
LINE
  5
336
330
1B
100
AcDbEntity
  8
B.Cu
  6
CONTINUOUS
100
AcDbLine
 10
3.2785120078740158
 20
-4.4716440157480317
 30
0
 11
3.2744189763779525
 21
-4.4675509842519681
 31
0
  0
LINE
  5
337
330
1B
100
AcDbEntity
  8
B.Cu
  6
CONTINUOUS
100
AcDbLine
 10
3.2744189763779525
 20
-4.4675509842519681
 30
0
 11
3.2712031102362205
 21
-4.46273811023622
 31
0
  0
LINE
  5
338
330
1B
100
AcDbEntity
  8
B.Cu
  6
CONTINUOUS
100
AcDbLine
 10
3.2712031102362205
 20
-4.46273811023622
 30
0
 11
3.2689879921259841
 21
-4.4573903149606302
 31
0
  0
LINE
  5
339
330
1B
100
AcDbEntity
  8
B.Cu
  6
CONTINUOUS
100
AcDbLine
 10
3.2689879921259841
 20
-4.4573903149606302
 30
0
 11
3.2678587007874014
 21
-4.45171311023622
 31
0
  0
LINE
  5
33A
330
1B
100
AcDbEntity
  8
B.Cu
  6
CONTINUOUS
100
AcDbLine
 10
3.2678587007874014
 20
-4.45171311023622
 30
0
 11
3.2678587007874014
 21
-4.4459246850393699
 31
0
  0
LINE
  5
33B
330
1B
100
AcDbEntity
  8
B.Cu
  6
CONTINUOUS
100
AcDbLine
 10
3.2678587007874014
 20
-4.4459246850393699
 30
0
 11
3.2689879921259841
 21
-4.4402474803149605
 31
0
  0
LINE
  5
33C
330
1B
100
AcDbEntity
  8
B.Cu
  6
CONTINUOUS
100
AcDbLine
 10
3.2689879921259841
 20
-4.4402474803149605
 30
0
 11
3.2712031102362205
 21
-4.4348996850393698
 31
0
  0
LINE
  5
33D
330
1B
100
AcDbEntity
  8
B.Cu
  6
CONTINUOUS
100
AcDbLine
 10
3.2712031102362205
 20
-4.4348996850393698
 30
0
 11
3.2744189763779525
 21
-4.4300868110236218
 31
0
  0
LINE
  5
33E
330
1B
100
AcDbEntity
  8
B.Cu
  6
CONTINUOUS
100
AcDbLine
 10
3.2744189763779525
 20
-4.4300868110236218
 30
0
 11
3.2785120078740158
 21
-4.425993779527559
 31
0
  0
LINE
  5
33F
330
1B
100
AcDbEntity
  8
B.Cu
  6
CONTINUOUS
100
AcDbLine
 10
3.2785120078740158
 20
-4.425993779527559
 30
0
 11
3.2833248818897638
 21
-4.4227779133858265
 31
0
  0
LINE
  5
340
330
1B
100
AcDbEntity
  8
B.Cu
  6
CONTINUOUS
100
AcDbLine
 10
3.2833248818897638
 20
-4.4227779133858265
 30
0
 11
3.2886726771653541
 21
-4.4205627952755906
 31
0
  0
LINE
  5
341
330
1B
100
AcDbEntity
  8
B.Cu
  6
CONTINUOUS
100
AcDbLine
 10
3.2886726771653541
 20
-4.4205627952755906
 30
0
 11
3.2943498818897639
 21
-4.4194335039370074
 31
0
  0
LINE
  5
342
330
1B
100
AcDbEntity
  8
B.Cu
  6
CONTINUOUS
100
AcDbLine
 10
3.2943498818897639
 20
-4.4194335039370074
 30
0
 11
3.2972440944881889
 21
-4.4192913385826769
 31
0
  0
LINE
  5
343
330
1B
100
AcDbEntity
  8
B.Cu
  6
CONTINUOUS
100
AcDbLine
 10
3.2972440944881889
 20
-4.4192913385826769
 30
0
 11
3.3145409448818897
 21
-4.4192913385826769
 31
0
  0
LINE
  5
344
330
1B
100
AcDbEntity
  8
B.Cu
  6
CONTINUOUS
100
AcDbLine
 10
3.3145409448818897
 20
-4.4192913385826769
 30
0
 11
3.8287401574803148
 21
-3.9050921259842517
 31
0
  0
LINE
  5
345
330
1B
100
AcDbEntity
  8
B.Cu
  6
CONTINUOUS
100
AcDbLine
 10
3.8287401574803148
 20
-3.9050921259842517
 30
0
 11
3.8287401574803148
 21
-3.8582677165354329
 31
0
  0
LINE
  5
346
330
1B
100
AcDbEntity
  8
B.Cu
  6
CONTINUOUS
100
AcDbLine
 10
3.8287401574803148
 20
-3.8582677165354329
 30
0
 11
3.8288823228346458
 21
-3.8553735039370078
 31
0
  0
LINE
  5
347
330
1B
100
AcDbEntity
  8
B.Cu
  6
CONTINUOUS
100
AcDbLine
 10
3.8288823228346458
 20
-3.8553735039370078
 30
0
 11
3.8294290551181103
 21
-3.852624960629921
 31
0
  0
LINE
  5
348
330
1B
100
AcDbEntity
  8
B.Cu
  6
CONTINUOUS
100
AcDbLine
 10
3.8294290551181103
 20
-3.852624960629921
 30
0
 11
3.8300115748031494
 21
-3.8496963385826772
 31
0
  0
LINE
  5
349
330
1B
100
AcDbEntity
  8
B.Cu
  6
CONTINUOUS
100
AcDbLine
 10
3.8300115748031494
 20
-3.8496963385826772
 30
0
 11
3.8322267322834644
 21
-3.8443485433070865
 31
0
  0
LINE
  5
34A
330
1B
100
AcDbEntity
  8
B.Cu
  6
CONTINUOUS
100
AcDbLine
 10
3.8322267322834644
 20
-3.8443485433070865
 30
0
 11
3.8322267322834644
 21
-3.8443485039370078
 31
0
  0
LINE
  5
34B
330
1B
100
AcDbEntity
  8
B.Cu
  6
CONTINUOUS
100
AcDbLine
 10
3.8322267322834644
 20
-3.8443485039370078
 30
0
 11
3.835442598425197
 21
-3.8395356299212597
 31
0
  0
LINE
  5
34C
330
1B
100
AcDbEntity
  8
B.Cu
  6
CONTINUOUS
100
AcDbLine
 10
3.835442598425197
 20
-3.8395356299212597
 30
0
 11
3.8373885826771654
 21
-3.8373885826771654
 31
0
  0
LINE
  5
34D
330
1B
100
AcDbEntity
  8
B.Cu
  6
CONTINUOUS
100
AcDbLine
 10
3.8373885826771654
 20
-3.8373885826771654
 30
0
 11
3.8401371259842518
 21
-3.8346400393700786
 31
0
  0
LINE
  5
34E
330
1B
100
AcDbEntity
  8
B.Cu
  6
CONTINUOUS
100
AcDbLine
 10
3.8401371259842518
 20
-3.8346400393700786
 30
0
 11
3.8422841338582678
 21
-3.8326940551181101
 31
0
  0
LINE
  5
34F
330
1B
100
AcDbEntity
  8
B.Cu
  6
CONTINUOUS
100
AcDbLine
 10
3.8422841338582678
 20
-3.8326940551181101
 30
0
 11
3.8462987401574802
 21
-3.8300116141732281
 31
0
  0
LINE
  5
350
330
1B
100
AcDbEntity
  8
B.Cu
  6
CONTINUOUS
100
AcDbLine
 10
3.8462987401574802
 20
-3.8300116141732281
 30
0
 11
3.8470970472440942
 21
-3.829478188976378
 31
0
  0
LINE
  5
351
330
1B
100
AcDbEntity
  8
B.Cu
  6
CONTINUOUS
100
AcDbLine
 10
3.8470970472440942
 20
-3.829478188976378
 30
0
 11
3.8524448425196849
 21
-3.8272630708661417
 31
0
  0
LINE
  5
352
330
1B
100
AcDbEntity
  8
B.Cu
  6
CONTINUOUS
100
AcDbLine
 10
3.8524448425196849
 20
-3.8272630708661417
 30
0
 11
3.8581220472440942
 21
-3.826133779527559
 31
0
  0
LINE
  5
353
330
1B
100
AcDbEntity
  8
B.Cu
  6
CONTINUOUS
100
AcDbLine
 10
3.8581220472440942
 20
-3.826133779527559
 30
0
 11
3.8610162598425197
 21
-3.8259916141732284
 31
0
  0
LINE
  5
354
330
1B
100
AcDbEntity
  8
B.Cu
  6
CONTINUOUS
100
AcDbLine
 10
3.8610162598425197
 20
-3.8259916141732284
 30
0
 11
4.5574469685039372
 21
-3.8259916141732284
 31
0
  0
LINE
  5
355
330
1B
100
AcDbEntity
  8
B.Cu
  6
CONTINUOUS
100
AcDbLine
 10
4.5574469685039372
 20
-3.8259916141732284
 30
0
 11
4.7145669291338583
 21
-3.6688716535433068
 31
0
  0
LINE
  5
356
330
1B
100
AcDbEntity
  8
B.Cu
  6
CONTINUOUS
100
AcDbLine
 10
4.7145669291338583
 20
-3.6688716535433068
 30
0
 11
4.7145669291338583
 21
-3.090551181102362
 31
0
  0
LINE
  5
357
330
1B
100
AcDbEntity
  8
B.Cu
  6
CONTINUOUS
100
AcDbLine
 10
4.7145669291338583
 20
-3.090551181102362
 30
0
 11
4.7147090944881889
 21
-3.087656968503937
 31
0
  0
LINE
  5
358
330
1B
100
AcDbEntity
  8
B.Cu
  6
CONTINUOUS
100
AcDbLine
 10
4.7147090944881889
 20
-3.087656968503937
 30
0
 11
4.7151590157480312
 21
-3.0853950393700789
 31
0
  0
LINE
  5
359
330
1B
100
AcDbEntity
  8
B.Cu
  6
CONTINUOUS
100
AcDbLine
 10
4.7151590157480312
 20
-3.0853950393700789
 30
0
 11
4.7158383464566924
 21
-3.0819798031496064
 31
0
  0
LINE
  5
35A
330
1B
100
AcDbEntity
  8
B.Cu
  6
CONTINUOUS
100
AcDbLine
 10
4.7158383464566924
 20
-3.0819798031496064
 30
0
 11
4.7171359448818899
 21
-3.078847125984252
 31
0
  0
LINE
  5
35B
330
1B
100
AcDbEntity
  8
B.Cu
  6
CONTINUOUS
100
AcDbLine
 10
4.7171359448818899
 20
-3.078847125984252
 30
0
 11
4.718053503937008
 21
-3.0766319685039369
 31
0
  0
LINE
  5
35C
330
1B
100
AcDbEntity
  8
B.Cu
  6
CONTINUOUS
100
AcDbLine
 10
4.718053503937008
 20
-3.0766319685039369
 30
0
 11
4.7212693700787405
 21
-3.0718190944881889
 31
0
  0
LINE
  5
35D
330
1B
100
AcDbEntity
  8
B.Cu
  6
CONTINUOUS
100
AcDbLine
 10
4.7212693700787405
 20
-3.0718190944881889
 30
0
 11
4.7232153543307085
 21
-3.0696720472440946
 31
0
  0
LINE
  5
35E
330
1B
100
AcDbEntity
  8
B.Cu
  6
CONTINUOUS
100
AcDbLine
 10
4.7232153543307085
 20
-3.0696720472440946
 30
0
 11
4.8515618110236218
 21
-2.9413255905511813
 31
0
  0
LINE
  5
35F
330
1B
100
AcDbEntity
  8
B.Cu
  6
CONTINUOUS
100
AcDbLine
 10
4.8515618110236218
 20
-2.9413255905511813
 30
0
 11
4.8537088582677166
 21
-2.9393796062992124
 31
0
  0
LINE
  5
360
330
1B
100
AcDbEntity
  8
B.Cu
  6
CONTINUOUS
100
AcDbLine
 10
4.8537088582677166
 20
-2.9393796062992124
 30
0
 11
4.8541053543307084
 21
-2.9391146850393701
 31
0
  0
LINE
  5
361
330
1B
100
AcDbEntity
  8
B.Cu
  6
CONTINUOUS
100
AcDbLine
 10
4.8541053543307084
 20
-2.9391146850393701
 30
0
 11
4.8585217322834646
 21
-2.9361637401574803
 31
0
  0
LINE
  5
362
330
1B
100
AcDbEntity
  8
B.Cu
  6
CONTINUOUS
100
AcDbLine
 10
4.8585217322834646
 20
-2.9361637401574803
 30
0
 11
4.8638695275590553
 21
-2.9339486220472439
 31
0
  0
LINE
  5
363
330
1B
100
AcDbEntity
  8
B.Cu
  6
CONTINUOUS
100
AcDbLine
 10
4.8638695275590553
 20
-2.9339486220472439
 30
0
 11
4.8695467322834647
 21
-2.9328193307086612
 31
0
  0
LINE
  5
364
330
1B
100
AcDbEntity
  8
B.Cu
  6
CONTINUOUS
100
AcDbLine
 10
4.8695467322834647
 20
-2.9328193307086612
 30
0
 11
4.8724409448818893
 21
-2.9326771653543307
 31
0
  0
LINE
  5
365
330
1B
100
AcDbEntity
  8
B.Cu
  6
CONTINUOUS
100
AcDbLine
 10
4.8724409448818893
 20
-2.9326771653543307
 30
0
 11
5.4565129133858266
 21
-2.9326771653543307
 31
0
  0
LINE
  5
366
330
1B
100
AcDbEntity
  8
B.Cu
  6
CONTINUOUS
100
AcDbLine
 10
5.4565129133858266
 20
-2.9326771653543307
 30
0
 11
5.4581618503937008
 21
-2.9323491732283462
 31
0
  0
LINE
  5
367
330
1B
100
AcDbEntity
  8
B.Cu
  6
CONTINUOUS
100
AcDbLine
 10
5.4581618503937008
 20
-2.9323491732283462
 30
0
 11
5.4611023622047243
 21
-2.9322047244094489
 31
0
  0
LINE
  5
368
330
1B
100
AcDbEntity
  8
B.Cu
  6
CONTINUOUS
100
AcDbLine
 10
5.4611023622047243
 20
-2.9322047244094489
 30
0
 11
5.4759055118110238
 21
-2.9322047244094489
 31
0
  0
LINE
  5
369
330
1B
100
AcDbEntity
  8
B.Cu
  6
CONTINUOUS
100
AcDbLine
 10
5.4759055118110238
 20
-2.9322047244094489
 30
0
 11
5.4788460236220473
 21
-2.9323491732283462
 31
0
  0
LINE
  5
36A
330
1B
100
AcDbEntity
  8
B.Cu
  6
CONTINUOUS
100
AcDbLine
 10
6.1330595669291341
 20
-2.4430037007874015
 30
0
 11
6.1384073622047239
 21
-2.4452188582677166
 31
0
  0
LINE
  5
36B
330
1B
100
AcDbEntity
  8
B.Cu
  6
CONTINUOUS
100
AcDbLine
 10
6.1384073622047239
 20
-2.4452188582677166
 30
0
 11
6.1432202755905507
 21
-2.4484347244094486
 31
0
  0
LINE
  5
36C
330
1B
100
AcDbEntity
  8
B.Cu
  6
CONTINUOUS
100
AcDbLine
 10
6.1432202755905507
 20
-2.4484347244094486
 30
0
 11
6.1473133070866144
 21
-2.4525277559055119
 31
0
  0
LINE
  5
36D
330
1B
100
AcDbEntity
  8
B.Cu
  6
CONTINUOUS
100
AcDbLine
 10
6.1473133070866144
 20
-2.4525277559055119
 30
0
 11
6.150529173228346
 21
-2.4573406692913387
 31
0
  0
LINE
  5
36E
330
1B
100
AcDbEntity
  8
B.Cu
  6
CONTINUOUS
100
AcDbLine
 10
6.150529173228346
 20
-2.4573406692913387
 30
0
 11
6.1527443307086616
 21
-2.4626884645669289
 31
0
  0
LINE
  5
36F
330
1B
100
AcDbEntity
  8
B.Cu
  6
CONTINUOUS
100
AcDbLine
 10
6.1527443307086616
 20
-2.4626884645669289
 30
0
 11
6.1538735826771651
 21
-2.46836562992126
 31
0
  0
LINE
  5
370
330
1B
100
AcDbEntity
  8
B.Cu
  6
CONTINUOUS
100
AcDbLine
 10
6.1538735826771651
 20
-2.46836562992126
 30
0
 11
6.1538735826771651
 21
-2.47415405511811
 31
0
  0
LINE
  5
371
330
1B
100
AcDbEntity
  8
B.Cu
  6
CONTINUOUS
100
AcDbLine
 10
6.1538735826771651
 20
-2.47415405511811
 30
0
 11
6.1527443307086616
 21
-2.4798312204724411
 31
0
  0
LINE
  5
372
330
1B
100
AcDbEntity
  8
B.Cu
  6
CONTINUOUS
100
AcDbLine
 10
6.1527443307086616
 20
-2.4798312204724411
 30
0
 11
6.150529173228346
 21
-2.4851790157480314
 31
0
  0
LINE
  5
373
330
1B
100
AcDbEntity
  8
B.Cu
  6
CONTINUOUS
100
AcDbLine
 10
6.150529173228346
 20
-2.4851790157480314
 30
0
 11
6.1473133070866144
 21
-2.4899919291338581
 31
0
  0
LINE
  5
374
330
1B
100
AcDbEntity
  8
B.Cu
  6
CONTINUOUS
100
AcDbLine
 10
6.1473133070866144
 20
-2.4899919291338581
 30
0
 11
6.1453673228346455
 21
-2.4921389763779529
 31
0
  0
LINE
  5
375
330
1B
100
AcDbEntity
  8
B.Cu
  6
CONTINUOUS
100
AcDbLine
 10
6.1453673228346455
 20
-2.4921389763779529
 30
0
 11
6.087086614173228
 21
-2.5504196850393699
 31
0
  0
LINE
  5
376
330
1B
100
AcDbEntity
  8
B.Cu
  6
CONTINUOUS
100
AcDbLine
 10
6.087086614173228
 20
-2.5504196850393699
 30
0
 11
6.087086614173228
 21
-2.6595015748031496
 31
0
  0
LINE
  5
377
330
1B
100
AcDbEntity
  8
B.Cu
  6
CONTINUOUS
100
AcDbLine
 10
6.087086614173228
 20
-2.6595015748031496
 30
0
 11
6.4578870078740156
 21
-3.0303019685039367
 31
0
  0
LINE
  5
378
330
1B
100
AcDbEntity
  8
B.Cu
  6
CONTINUOUS
100
AcDbLine
 10
6.4578870078740156
 20
-3.0303019685039367
 30
0
 11
6.4598329921259845
 21
-3.0324490157480315
 31
0
  0
LINE
  5
379
330
1B
100
AcDbEntity
  8
B.Cu
  6
CONTINUOUS
100
AcDbLine
 10
6.4598329921259845
 20
-3.0324490157480315
 30
0
 11
6.4630488582677161
 21
-3.0372618897637795
 31
0
  0
LINE
  5
37A
330
1B
100
AcDbEntity
  8
B.Cu
  6
CONTINUOUS
100
AcDbLine
 10
6.4630488582677161
 20
-3.0372618897637795
 30
0
 11
6.4652639763779529
 21
-3.0426096850393698
 31
0
  0
LINE
  5
37B
330
1B
100
AcDbEntity
  8
B.Cu
  6
CONTINUOUS
100
AcDbLine
 10
6.4652639763779529
 20
-3.0426096850393698
 30
0
 11
6.4663932677165352
 21
-3.0482868897637796
 31
0
  0
LINE
  5
37C
330
1B
100
AcDbEntity
  8
B.Cu
  6
CONTINUOUS
100
AcDbLine
 10
6.4663932677165352
 20
-3.0482868897637796
 30
0
 11
6.4665354330708658
 21
-3.0511811023622046
 31
0
  0
LINE
  5
37D
330
1B
100
AcDbEntity
  8
B.Cu
  6
CONTINUOUS
100
AcDbLine
 10
6.4665354330708658
 20
-3.0511811023622046
 30
0
 11
6.4665354330708658
 21
-3.5654792125984249
 31
0
  0
LINE
  5
37E
330
1B
100
AcDbEntity
  8
B.Cu
  6
CONTINUOUS
100
AcDbLine
 10
6.4665354330708658
 20
-3.5654792125984249
 30
0
 11
6.5526310236220473
 21
-3.651574803149606
 31
0
  0
LINE
  5
37F
330
1B
100
AcDbEntity
  8
B.Cu
  6
CONTINUOUS
100
AcDbLine
 10
6.5526310236220473
 20
-3.651574803149606
 30
0
 11
6.5551181102362204
 21
-3.651574803149606
 31
0
  0
LINE
  5
380
330
1B
100
AcDbEntity
  8
B.Cu
  6
CONTINUOUS
100
AcDbLine
 10
6.5551181102362204
 20
-3.651574803149606
 30
0
 11
6.5649606299212593
 21
-3.651574803149606
 31
0
  0
LINE
  5
381
330
1B
100
AcDbEntity
  8
B.Cu
  6
CONTINUOUS
100
AcDbLine
 10
6.5649606299212593
 20
-3.651574803149606
 30
0
 11
6.5944881889763778
 21
-3.651574803149606
 31
0
  0
LINE
  5
382
330
1B
100
AcDbEntity
  8
B.Cu
  6
CONTINUOUS
100
AcDbLine
 10
6.5944881889763778
 20
-3.651574803149606
 30
0
 11
6.5973824015748033
 21
-3.651716968503937
 31
0
  0
LINE
  5
383
330
1B
100
AcDbEntity
  8
B.Cu
  6
CONTINUOUS
100
AcDbLine
 10
6.5973824015748033
 20
-3.651716968503937
 30
0
 11
6.6030595669291339
 21
-3.652846220472441
 31
0
  0
LINE
  5
384
330
1B
100
AcDbEntity
  8
B.Cu
  6
CONTINUOUS
100
AcDbLine
 10
6.6030595669291339
 20
-3.652846220472441
 30
0
 11
6.6061922440944878
 21
-3.6541438188976376
 31
0
  0
LINE
  5
385
330
1B
100
AcDbEntity
  8
B.Cu
  6
CONTINUOUS
100
AcDbLine
 10
6.6061922440944878
 20
-3.6541438188976376
 30
0
 11
6.6084074015748033
 21
-3.6550613779527557
 31
0
  0
LINE
  5
386
330
1B
100
AcDbEntity
  8
B.Cu
  6
CONTINUOUS
100
AcDbLine
 10
6.6084074015748033
 20
-3.6550613779527557
 30
0
 11
6.6132202362204726
 21
-3.6582772047244094
 31
0
  0
LINE
  5
387
330
1B
100
AcDbEntity
  8
B.Cu
  6
CONTINUOUS
100
AcDbLine
 10
6.6132202362204726
 20
-3.6582772047244094
 30
0
 11
6.6132202755905514
 21
-3.6582772440944882
 31
0
  0
LINE
  5
388
330
1B
100
AcDbEntity
  8
B.Cu
  6
CONTINUOUS
100
AcDbLine
 10
6.6132202755905514
 20
-3.6582772440944882
 30
0
 11
6.6153673228346452
 21
-3.6602232283464566
 31
0
  0
LINE
  5
389
330
1B
100
AcDbEntity
  8
B.Cu
  6
CONTINUOUS
100
AcDbLine
 10
6.6153673228346452
 20
-3.6602232283464566
 30
0
 11
6.7137925196850397
 21
-3.7586484251968502
 31
0
  0
LINE
  5
38A
330
1B
100
AcDbEntity
  8
B.Cu
  6
CONTINUOUS
100
AcDbLine
 10
6.7137925196850397
 20
-3.7586484251968502
 30
0
 11
6.7157385039370077
 21
-3.7607954724409449
 31
0
  0
LINE
  5
38B
330
1B
100
AcDbEntity
  8
B.Cu
  6
CONTINUOUS
100
AcDbLine
 10
6.7157385039370077
 20
-3.7607954724409449
 30
0
 11
6.7189543700787402
 21
-3.765608346456693
 31
0
  0
LINE
  5
38C
330
1B
100
AcDbEntity
  8
B.Cu
  6
CONTINUOUS
100
AcDbLine
 10
6.7189543700787402
 20
-3.765608346456693
 30
0
 11
6.7189543700787402
 21
-3.7656083858267717
 31
0
  0
LINE
  5
38D
330
1B
100
AcDbEntity
  8
B.Cu
  6
CONTINUOUS
100
AcDbLine
 10
6.7189543700787402
 20
-3.7656083858267717
 30
0
 11
6.7211695275590548
 21
-3.770956181102362
 31
0
  0
LINE
  5
38E
330
1B
100
AcDbEntity
  8
B.Cu
  6
CONTINUOUS
100
AcDbLine
 10
6.7211695275590548
 20
-3.770956181102362
 30
0
 11
6.7221974409448819
 21
-3.7761238976377953
 31
0
  0
LINE
  5
38F
330
1B
100
AcDbEntity
  8
B.Cu
  6
CONTINUOUS
100
AcDbLine
 10
6.7221974409448819
 20
-3.7761238976377953
 30
0
 11
6.7222987795275593
 21
-3.776633346456693
 31
0
  0
LINE
  5
390
330
1B
100
AcDbEntity
  8
B.Cu
  6
CONTINUOUS
100
AcDbLine
 10
6.7222987795275593
 20
-3.776633346456693
 30
0
 11
6.7224409448818898
 21
-3.7795275590551181
 31
0
  0
LINE
  5
391
330
1B
100
AcDbEntity
  8
B.Cu
  6
CONTINUOUS
100
AcDbLine
 10
6.7224409448818898
 20
-3.7795275590551181
 30
0
 11
6.7224409448818898
 21
-3.9566929133858268
 31
0
  0
LINE
  5
392
330
1B
100
AcDbEntity
  8
B.Cu
  6
CONTINUOUS
100
AcDbLine
 10
6.7224409448818898
 20
-3.9566929133858268
 30
0
 11
6.7222987795275593
 21
-3.9595871259842519
 31
0
  0
LINE
  5
393
330
1B
100
AcDbEntity
  8
B.Cu
  6
CONTINUOUS
100
AcDbLine
 10
6.7222987795275593
 20
-3.9595871259842519
 30
0
 11
6.7211694881889761
 21
-3.9652643307086612
 31
0
  0
LINE
  5
394
330
1B
100
AcDbEntity
  8
B.Cu
  6
CONTINUOUS
100
AcDbLine
 10
6.7211694881889761
 20
-3.9652643307086612
 30
0
 11
6.7189543700787402
 21
-3.9706121259842519
 31
0
  0
LINE
  5
395
330
1B
100
AcDbEntity
  8
B.Cu
  6
CONTINUOUS
100
AcDbLine
 10
6.7189543700787402
 20
-3.9706121259842519
 30
0
 11
6.7171998818897638
 21
-3.9732378740157479
 31
0
  0
LINE
  5
396
330
1B
100
AcDbEntity
  8
B.Cu
  6
CONTINUOUS
100
AcDbLine
 10
6.7171998818897638
 20
-3.9732378740157479
 30
0
 11
6.7157385039370077
 21
-3.975425
 31
0
  0
LINE
  5
397
330
1B
100
AcDbEntity
  8
B.Cu
  6
CONTINUOUS
100
AcDbLine
 10
6.7157385039370077
 20
-3.975425
 30
0
 11
6.7137925196850397
 21
-3.9775720472440943
 31
0
  0
LINE
  5
398
330
1B
100
AcDbEntity
  8
B.Cu
  6
CONTINUOUS
100
AcDbLine
 10
6.7137925196850397
 20
-3.9775720472440943
 30
0
 11
6.6547374015748026
 21
-4.0366271653543304
 31
0
  0
LINE
  5
399
330
1B
100
AcDbEntity
  8
B.Cu
  6
CONTINUOUS
100
AcDbLine
 10
6.6547374015748026
 20
-4.0366271653543304
 30
0
 11
6.6525903543307088
 21
-4.0385731496062993
 31
0
  0
LINE
  5
39A
330
1B
100
AcDbEntity
  8
B.Cu
  6
CONTINUOUS
100
AcDbLine
 10
6.6525903543307088
 20
-4.0385731496062993
 30
0
 11
6.647777440944882
 21
-4.0417890157480318
 31
0
  0
LINE
  5
39B
330
1B
100
AcDbEntity
  8
B.Cu
  6
CONTINUOUS
100
AcDbLine
 10
6.647777440944882
 20
-4.0417890157480318
 30
0
 11
6.6424296456692913
 21
-4.0440041732283465
 31
0
  0
LINE
  5
39C
330
1B
100
AcDbEntity
  8
B.Cu
  6
CONTINUOUS
100
AcDbLine
 10
6.6424296456692913
 20
-4.0440041732283465
 30
0
 11
6.6367524803149607
 21
-4.04513342519685
 31
0
  0
LINE
  5
39D
330
1B
100
AcDbEntity
  8
B.Cu
  6
CONTINUOUS
100
AcDbLine
 10
6.6367524803149607
 20
-4.04513342519685
 30
0
 11
6.6309640551181097
 21
-4.04513342519685
 31
0
  0
LINE
  5
39E
330
1B
100
AcDbEntity
  8
B.Cu
  6
CONTINUOUS
100
AcDbLine
 10
6.6309640551181097
 20
-4.04513342519685
 30
0
 11
6.6252868897637791
 21
-4.0440041732283465
 31
0
  0
LINE
  5
39F
330
1B
100
AcDbEntity
  8
B.Cu
  6
CONTINUOUS
100
AcDbLine
 10
6.6252868897637791
 20
-4.0440041732283465
 30
0
 11
6.6199390944881884
 21
-4.0417890157480318
 31
0
  0
LINE
  5
3A0
330
1B
100
AcDbEntity
  8
B.Cu
  6
CONTINUOUS
100
AcDbLine
 10
6.6199390944881884
 20
-4.0417890157480318
 30
0
 11
6.6151261811023616
 21
-4.0385731496062993
 31
0
  0
LINE
  5
3A1
330
1B
100
AcDbEntity
  8
B.Cu
  6
CONTINUOUS
100
AcDbLine
 10
6.6151261811023616
 20
-4.0385731496062993
 30
0
 11
6.6129791338582677
 21
-4.0366271653543304
 31
0
  0
LINE
  5
3A2
330
1B
100
AcDbEntity
  8
B.Cu
  6
CONTINUOUS
100
AcDbLine
 10
6.6129791338582677
 20
-4.0366271653543304
 30
0
 11
6.5232023622047244
 21
-3.9468503937007875
 31
0
  0
LINE
  5
3A3
330
1B
100
AcDbEntity
  8
B.Cu
  6
CONTINUOUS
100
AcDbLine
 10
6.5232023622047244
 20
-3.9468503937007875
 30
0
 11
5.6236220472440941
 21
-3.9468503937007875
 31
0
  0
LINE
  5
3A4
330
1B
100
AcDbEntity
  8
B.Cu
  6
CONTINUOUS
100
AcDbLine
 10
5.6236220472440941
 20
-3.9468503937007875
 30
0
 11
5.6207278346456695
 21
-3.9467082283464565
 31
0
  0
LINE
  5
3A5
330
1B
100
AcDbEntity
  8
B.Cu
  6
CONTINUOUS
100
AcDbLine
 10
5.6207278346456695
 20
-3.9467082283464565
 30
0
 11
5.6150506299212601
 21
-3.9455789370078738
 31
0
  0
LINE
  5
3A6
330
1B
100
AcDbEntity
  8
B.Cu
  6
CONTINUOUS
100
AcDbLine
 10
5.6150506299212601
 20
-3.9455789370078738
 30
0
 11
5.6097028346456694
 21
-3.9433638188976379
 31
0
  0
LINE
  5
3A7
330
1B
100
AcDbEntity
  8
B.Cu
  6
CONTINUOUS
100
AcDbLine
 10
5.6097028346456694
 20
-3.9433638188976379
 30
0
 11
5.6048899606299214
 21
-3.9401479527559053
 31
0
  0
LINE
  5
3A8
330
1B
100
AcDbEntity
  8
B.Cu
  6
CONTINUOUS
100
AcDbLine
 10
5.6048899606299214
 20
-3.9401479527559053
 30
0
 11
5.6027429133858266
 21
-3.9382019685039369
 31
0
  0
LINE
  5
3A9
330
1B
100
AcDbEntity
  8
B.Cu
  6
CONTINUOUS
100
AcDbLine
 10
5.6027429133858266
 20
-3.9382019685039369
 30
0
 11
5.472217283464567
 21
-3.8076763385826773
 31
0
  0
LINE
  5
3AA
330
1B
100
AcDbEntity
  8
B.Cu
  6
CONTINUOUS
100
AcDbLine
 10
5.472217283464567
 20
-3.8076763385826773
 30
0
 11
5.3444881889763778
 21
-3.9354054724409449
 31
0
  0
LINE
  5
3AB
330
1B
100
AcDbEntity
  8
B.Cu
  6
CONTINUOUS
100
AcDbLine
 10
5.3444881889763778
 20
-3.9354054724409449
 30
0
 11
5.3444881889763778
 21
-4.4291338582677167
 31
0
  0
LINE
  5
3AC
330
1B
100
AcDbEntity
  8
B.Cu
  6
CONTINUOUS
100
AcDbLine
 10
5.3444881889763778
 20
-4.4291338582677167
 30
0
 11
5.3443460236220472
 21
-4.4320280708661413
 31
0
  0
LINE
  5
3AD
330
1B
100
AcDbEntity
  8
B.Cu
  6
CONTINUOUS
100
AcDbLine
 10
5.3443460236220472
 20
-4.4320280708661413
 30
0
 11
5.3432167322834641
 21
-4.4377052755905515
 31
0
  0
LINE
  5
3AE
330
1B
100
AcDbEntity
  8
B.Cu
  6
CONTINUOUS
100
AcDbLine
 10
5.3432167322834641
 20
-4.4377052755905515
 30
0
 11
5.3410016141732282
 21
-4.4430530708661413
 31
0
  0
LINE
  5
3AF
330
1B
100
AcDbEntity
  8
B.Cu
  6
CONTINUOUS
100
AcDbLine
 10
5.3410016141732282
 20
-4.4430530708661413
 30
0
 11
5.3377857480314956
 21
-4.4478659448818894
 31
0
  0
LINE
  5
3B0
330
1B
100
AcDbEntity
  8
B.Cu
  6
CONTINUOUS
100
AcDbLine
 10
5.3377857480314956
 20
-4.4478659448818894
 30
0
 11
5.3336927165354329
 21
-4.451958976377953
 31
0
  0
LINE
  5
3B1
330
1B
100
AcDbEntity
  8
B.Cu
  6
CONTINUOUS
100
AcDbLine
 10
5.3336927165354329
 20
-4.451958976377953
 30
0
 11
5.3288798425196848
 21
-4.4551748425196847
 31
0
  0
LINE
  5
3B2
330
1B
100
AcDbEntity
  8
B.Cu
  6
CONTINUOUS
100
AcDbLine
 10
5.3288798425196848
 20
-4.4551748425196847
 30
0
 11
5.3235320472440941
 21
-4.4573899606299214
 31
0
  0
LINE
  5
3B3
330
1B
100
AcDbEntity
  8
B.Cu
  6
CONTINUOUS
100
AcDbLine
 10
5.3235320472440941
 20
-4.4573899606299214
 30
0
 11
5.3178548425196848
 21
-4.4585192519685037
 31
0
  0
LINE
  5
3B4
330
1B
100
AcDbEntity
  8
B.Cu
  6
CONTINUOUS
100
AcDbLine
 10
5.3178548425196848
 20
-4.4585192519685037
 30
0
 11
5.3120664173228347
 21
-4.4585192519685037
 31
0
  0
LINE
  5
3B5
330
1B
100
AcDbEntity
  8
B.Cu
  6
CONTINUOUS
100
AcDbLine
 10
5.3120664173228347
 20
-4.4585192519685037
 30
0
 11
5.3063892125984253
 21
-4.4573899606299214
 31
0
  0
LINE
  5
3B6
330
1B
100
AcDbEntity
  8
B.Cu
  6
CONTINUOUS
100
AcDbLine
 10
5.3063892125984253
 20
-4.4573899606299214
 30
0
 11
5.3010414173228346
 21
-4.4551748425196847
 31
0
  0
LINE
  5
3B7
330
1B
100
AcDbEntity
  8
B.Cu
  6
CONTINUOUS
100
AcDbLine
 10
5.3010414173228346
 20
-4.4551748425196847
 30
0
 11
5.2962285433070866
 21
-4.451958976377953
 31
0
  0
LINE
  5
3B8
330
1B
100
AcDbEntity
  8
B.Cu
  6
CONTINUOUS
100
AcDbLine
 10
5.2962285433070866
 20
-4.451958976377953
 30
0
 11
5.2921355118110238
 21
-4.4478659448818894
 31
0
  0
LINE
  5
3B9
330
1B
100
AcDbEntity
  8
B.Cu
  6
CONTINUOUS
100
AcDbLine
 10
5.2921355118110238
 20
-4.4478659448818894
 30
0
 11
5.2889196456692913
 21
-4.4430530708661413
 31
0
  0
LINE
  5
3BA
330
1B
100
AcDbEntity
  8
B.Cu
  6
CONTINUOUS
100
AcDbLine
 10
5.2889196456692913
 20
-4.4430530708661413
 30
0
 11
5.2867045275590554
 21
-4.4377052755905515
 31
0
  0
LINE
  5
3BB
330
1B
100
AcDbEntity
  8
B.Cu
  6
CONTINUOUS
100
AcDbLine
 10
5.2867045275590554
 20
-4.4377052755905515
 30
0
 11
5.2855752362204722
 21
-4.4320280708661413
 31
0
  0
LINE
  5
3BC
330
1B
100
AcDbEntity
  8
B.Cu
  6
CONTINUOUS
100
AcDbLine
 10
5.2855752362204722
 20
-4.4320280708661413
 30
0
 11
5.2854330708661417
 21
-4.4291338582677167
 31
0
  0
LINE
  5
3BD
330
1B
100
AcDbEntity
  8
B.Cu
  6
CONTINUOUS
100
AcDbLine
 10
5.2854330708661417
 20
-4.4291338582677167
 30
0
 11
5.2854330708661417
 21
-3.9231747637795276
 31
0
  0
LINE
  5
3BE
330
1B
100
AcDbEntity
  8
B.Cu
  6
CONTINUOUS
100
AcDbLine
 10
5.2854330708661417
 20
-3.9231747637795276
 30
0
 11
5.2855752362204722
 21
-3.9202805511811021
 31
0
  0
LINE
  5
3BF
330
1B
100
AcDbEntity
  8
B.Cu
  6
CONTINUOUS
100
AcDbLine
 10
5.2855752362204722
 20
-3.9202805511811021
 30
0
 11
5.2855878740157483
 21
-3.9202170472440945
 31
0
  0
LINE
  5
3C0
330
1B
100
AcDbEntity
  8
B.Cu
  6
CONTINUOUS
100
AcDbLine
 10
5.2855878740157483
 20
-3.9202170472440945
 30
0
 11
5.2867044881889766
 21
-3.9146033858267715
 31
0
  0
LINE
  5
3C1
330
1B
100
AcDbEntity
  8
B.Cu
  6
CONTINUOUS
100
AcDbLine
 10
5.2867044881889766
 20
-3.9146033858267715
 30
0
 11
5.2889196456692913
 21
-3.9092555905511812
 31
0
  0
LINE
  5
3C2
330
1B
100
AcDbEntity
  8
B.Cu
  6
CONTINUOUS
100
AcDbLine
 10
5.2889196456692913
 20
-3.9092555905511812
 30
0
 11
5.2889196456692913
 21
-3.9092555511811025
 31
0
  0
LINE
  5
3C3
330
1B
100
AcDbEntity
  8
B.Cu
  6
CONTINUOUS
100
AcDbLine
 10
5.2889196456692913
 20
-3.9092555511811025
 30
0
 11
5.2921355118110238
 21
-3.9044426771653544
 31
0
  0
LINE
  5
3C4
330
1B
100
AcDbEntity
  8
B.Cu
  6
CONTINUOUS
100
AcDbLine
 10
5.2921355118110238
 20
-3.9044426771653544
 30
0
 11
5.2940814960629918
 21
-3.9022956299212597
 31
0
  0
LINE
  5
3C5
330
1B
100
AcDbEntity
  8
B.Cu
  6
CONTINUOUS
100
AcDbLine
 10
5.2940814960629918
 20
-3.9022956299212597
 30
0
 11
5.4312468110236223
 21
-3.7651303149606297
 31
0
  0
LINE
  5
3C6
330
1B
100
AcDbEntity
  8
B.Cu
  6
CONTINUOUS
100
AcDbLine
 10
5.4312468110236223
 20
-3.7651303149606297
 30
0
 11
5.4312468110236223
 21
-3.759264212598425
 31
0
  0
LINE
  5
3C7
330
1B
100
AcDbEntity
  8
B.Cu
  6
CONTINUOUS
100
AcDbLine
 10
5.4312468110236223
 20
-3.759264212598425
 30
0
 11
5.432394133858268
 21
-3.7534961811023622
 31
0
  0
LINE
  5
3C8
330
1B
100
AcDbEntity
  8
B.Cu
  6
CONTINUOUS
100
AcDbLine
 10
5.432394133858268
 20
-3.7534961811023622
 30
0
 11
5.4346447244094485
 21
-3.748062834645669
 31
0
  0
LINE
  5
3C9
330
1B
100
AcDbEntity
  8
B.Cu
  6
CONTINUOUS
100
AcDbLine
 10
5.4346447244094485
 20
-3.748062834645669
 30
0
 11
5.4379120472440947
 21
-3.7431729133858265
 31
0
  0
LINE
  5
3CA
330
1B
100
AcDbEntity
  8
B.Cu
  6
CONTINUOUS
100
AcDbLine
 10
5.4379120472440947
 20
-3.7431729133858265
 30
0
 11
5.4420705511811018
 21
-3.7390144094488189
 31
0
  0
LINE
  5
3CB
330
1B
100
AcDbEntity
  8
B.Cu
  6
CONTINUOUS
100
AcDbLine
 10
5.4420705511811018
 20
-3.7390144094488189
 30
0
 11
5.4469604724409448
 21
-3.7357470866141731
 31
0
  0
LINE
  5
3CC
330
1B
100
AcDbEntity
  8
B.Cu
  6
CONTINUOUS
100
AcDbLine
 10
5.4469604724409448
 20
-3.7357470866141731
 30
0
 11
5.4523938188976375
 21
-3.7334964960629922
 31
0
  0
LINE
  5
3CD
330
1B
100
AcDbEntity
  8
B.Cu
  6
CONTINUOUS
100
AcDbLine
 10
5.4523938188976375
 20
-3.7334964960629922
 30
0
 11
5.4581618503937008
 21
-3.7323491732283465
 31
0
  0
LINE
  5
3CE
330
1B
100
AcDbEntity
  8
B.Cu
  6
CONTINUOUS
100
AcDbLine
 10
5.4581618503937008
 20
-3.7323491732283465
 30
0
 11
5.4611023622047243
 21
-3.7322047244094487
 31
0
  0
LINE
  5
3CF
330
1B
100
AcDbEntity
  8
B.Cu
  6
CONTINUOUS
100
AcDbLine
 10
5.4611023622047243
 20
-3.7322047244094487
 30
0
 11
5.4759055118110238
 21
-3.7322047244094487
 31
0
  0
LINE
  5
3D0
330
1B
100
AcDbEntity
  8
B.Cu
  6
CONTINUOUS
100
AcDbLine
 10
5.4759055118110238
 20
-3.7322047244094487
 30
0
 11
5.4788460236220473
 21
-3.7323491732283465
 31
0
  0
LINE
  5
3D1
330
1B
100
AcDbEntity
  8
B.Cu
  6
CONTINUOUS
100
AcDbLine
 10
5.4788460236220473
 20
-3.7323491732283465
 30
0
 11
5.4846140551181097
 21
-3.7334964960629922
 31
0
  0
LINE
  5
3D2
330
1B
100
AcDbEntity
  8
B.Cu
  6
CONTINUOUS
100
AcDbLine
 10
5.4846140551181097
 20
-3.7334964960629922
 30
0
 11
5.4900474015748033
 21
-3.7357470866141731
 31
0
  0
LINE
  5
3D3
330
1B
100
AcDbEntity
  8
B.Cu
  6
CONTINUOUS
100
AcDbLine
 10
5.4900474015748033
 20
-3.7357470866141731
 30
0
 11
5.4949373228346454
 21
-3.7390144094488189
 31
0
  0
LINE
  5
3D4
330
1B
100
AcDbEntity
  8
B.Cu
  6
CONTINUOUS
100
AcDbLine
 10
5.4949373228346454
 20
-3.7390144094488189
 30
0
 11
5.4990958267716534
 21
-3.7431729133858265
 31
0
  0
LINE
  5
3D5
330
1B
100
AcDbEntity
  8
B.Cu
  6
CONTINUOUS
100
AcDbLine
 10
5.4990958267716534
 20
-3.7431729133858265
 30
0
 11
5.5023631496062988
 21
-3.748062834645669
 31
0
  0
LINE
  5
3D6
330
1B
100
AcDbEntity
  8
B.Cu
  6
CONTINUOUS
100
AcDbLine
 10
5.5023631496062988
 20
-3.748062834645669
 30
0
 11
5.5046137401574802
 21
-3.7534961811023622
 31
0
  0
LINE
  5
3D7
330
1B
100
AcDbEntity
  8
B.Cu
  6
CONTINUOUS
100
AcDbLine
 10
5.5046137401574802
 20
-3.7534961811023622
 30
0
 11
5.5053735433070861
 21
-3.7573160629921261
 31
0
  0
LINE
  5
3D8
330
1B
100
AcDbEntity
  8
B.Cu
  6
CONTINUOUS
100
AcDbLine
 10
5.5053735433070861
 20
-3.7573160629921261
 30
0
 11
5.6358527559055114
 21
-3.8877952755905509
 31
0
  0
LINE
  5
3D9
330
1B
100
AcDbEntity
  8
B.Cu
  6
CONTINUOUS
100
AcDbLine
 10
5.6358527559055114
 20
-3.8877952755905509
 30
0
 11
6.5354330708661417
 21
-3.8877952755905509
 31
0
  0
LINE
  5
3DA
330
1B
100
AcDbEntity
  8
B.Cu
  6
CONTINUOUS
100
AcDbLine
 10
6.5354330708661417
 20
-3.8877952755905509
 30
0
 11
6.5383272834645672
 21
-3.8879374409448819
 31
0
  0
LINE
  5
3DB
330
1B
100
AcDbEntity
  8
B.Cu
  6
CONTINUOUS
100
AcDbLine
 10
6.5383272834645672
 20
-3.8879374409448819
 30
0
 11
6.5440044488188978
 21
-3.8890666929133859
 31
0
  0
LINE
  5
3DC
330
1B
100
AcDbEntity
  8
B.Cu
  6
CONTINUOUS
100
AcDbLine
 10
6.5440044488188978
 20
-3.8890666929133859
 30
0
 11
6.5471371259842517
 21
-3.8903642913385825
 31
0
  0
LINE
  5
3DD
330
1B
100
AcDbEntity
  8
B.Cu
  6
CONTINUOUS
100
AcDbLine
 10
6.5471371259842517
 20
-3.8903642913385825
 30
0
 11
6.5493522834645672
 21
-3.8912818503937006
 31
0
  0
LINE
  5
3DE
330
1B
100
AcDbEntity
  8
B.Cu
  6
CONTINUOUS
100
AcDbLine
 10
6.5493522834645672
 20
-3.8912818503937006
 30
0
 11
6.5531050393700783
 21
-3.89378937007874
 31
0
  0
LINE
  5
3DF
330
1B
100
AcDbEntity
  8
B.Cu
  6
CONTINUOUS
100
AcDbLine
 10
6.5531050393700783
 20
-3.89378937007874
 30
0
 11
6.5541651574803153
 21
-3.8944977165354331
 31
0
  0
LINE
  5
3E0
330
1B
100
AcDbEntity
  8
B.Cu
  6
CONTINUOUS
100
AcDbLine
 10
6.5541651574803153
 20
-3.8944977165354331
 30
0
 11
6.5563122047244091
 21
-3.8964437007874015
 31
0
  0
LINE
  5
3E1
330
1B
100
AcDbEntity
  8
B.Cu
  6
CONTINUOUS
100
AcDbLine
 10
6.5563122047244091
 20
-3.8964437007874015
 30
0
 11
6.6338582677165352
 21
-3.9739897637795276
 31
0
  0
LINE
  5
3E2
330
1B
100
AcDbEntity
  8
B.Cu
  6
CONTINUOUS
100
AcDbLine
 10
6.6338582677165352
 20
-3.9739897637795276
 30
0
 11
6.6633858267716537
 21
-3.9444622047244096
 31
0
  0
LINE
  5
3E3
330
1B
100
AcDbEntity
  8
B.Cu
  6
CONTINUOUS
100
AcDbLine
 10
6.6633858267716537
 20
-3.9444622047244096
 30
0
 11
6.6633858267716537
 21
-3.7917582677165353
 31
0
  0
LINE
  5
3E4
330
1B
100
AcDbEntity
  8
B.Cu
  6
CONTINUOUS
100
AcDbLine
 10
6.6633858267716537
 20
-3.7917582677165353
 30
0
 11
6.5822574803149605
 21
-3.7106299212598426
 31
0
  0
LINE
  5
3E5
330
1B
100
AcDbEntity
  8
B.Cu
  6
CONTINUOUS
100
AcDbLine
 10
6.5822574803149605
 20
-3.7106299212598426
 30
0
 11
6.5551181102362204
 21
-3.7106299212598426
 31
0
  0
LINE
  5
3E6
330
1B
100
AcDbEntity
  8
B.Cu
  6
CONTINUOUS
100
AcDbLine
 10
6.5551181102362204
 20
-3.7106299212598426
 30
0
 11
6.5452755905511806
 21
-3.7106299212598426
 31
0
  0
LINE
  5
3E7
330
1B
100
AcDbEntity
  8
B.Cu
  6
CONTINUOUS
100
AcDbLine
 10
6.5452755905511806
 20
-3.7106299212598426
 30
0
 11
6.54040031496063
 21
-3.7106299212598426
 31
0
  0
LINE
  5
3E8
330
1B
100
AcDbEntity
  8
B.Cu
  6
CONTINUOUS
100
AcDbLine
 10
6.54040031496063
 20
-3.7106299212598426
 30
0
 11
6.5375061023622045
 21
-3.7104877559055116
 31
0
  0
LINE
  5
3E9
330
1B
100
AcDbEntity
  8
B.Cu
  6
CONTINUOUS
100
AcDbLine
 10
6.5375061023622045
 20
-3.7104877559055116
 30
0
 11
6.5318288976377952
 21
-3.7093584645669289
 31
0
  0
LINE
  5
3EA
330
1B
100
AcDbEntity
  8
B.Cu
  6
CONTINUOUS
100
AcDbLine
 10
6.5318288976377952
 20
-3.7093584645669289
 30
0
 11
6.5264811023622045
 21
-3.707143346456693
 31
0
  0
LINE
  5
3EB
330
1B
100
AcDbEntity
  8
B.Cu
  6
CONTINUOUS
100
AcDbLine
 10
6.5264811023622045
 20
-3.707143346456693
 30
0
 11
6.5216682283464564
 21
-3.7039274803149604
 31
0
  0
LINE
  5
3EC
330
1B
100
AcDbEntity
  8
B.Cu
  6
CONTINUOUS
100
AcDbLine
 10
6.5216682283464564
 20
-3.7039274803149604
 30
0
 11
6.5195211811023617
 21
-3.701981496062992
 31
0
  0
LINE
  5
3ED
330
1B
100
AcDbEntity
  8
B.Cu
  6
CONTINUOUS
100
AcDbLine
 10
6.5195211811023617
 20
-3.701981496062992
 30
0
 11
6.4161287401574798
 21
-3.5985890551181101
 31
0
  0
LINE
  5
3EE
330
1B
100
AcDbEntity
  8
B.Cu
  6
CONTINUOUS
100
AcDbLine
 10
6.4161287401574798
 20
-3.5985890551181101
 30
0
 11
6.4141827559055118
 21
-3.5964420078740158
 31
0
  0
LINE
  5
3EF
330
1B
100
AcDbEntity
  8
B.Cu
  6
CONTINUOUS
100
AcDbLine
 10
6.4141827559055118
 20
-3.5964420078740158
 30
0
 11
6.4113514960629923
 21
-3.5922047244094486
 31
0
  0
LINE
  5
3F0
330
1B
100
AcDbEntity
  8
B.Cu
  6
CONTINUOUS
100
AcDbLine
 10
6.4113514960629923
 20
-3.5922047244094486
 30
0
 11
6.4109668897637793
 21
-3.5916291338582678
 31
0
  0
LINE
  5
3F1
330
1B
100
AcDbEntity
  8
B.Cu
  6
CONTINUOUS
100
AcDbLine
 10
6.4109668897637793
 20
-3.5916291338582678
 30
0
 11
6.409565433070866
 21
-3.5882457086614172
 31
0
  0
LINE
  5
3F2
330
1B
100
AcDbEntity
  8
B.Cu
  6
CONTINUOUS
100
AcDbLine
 10
6.409565433070866
 20
-3.5882457086614172
 30
0
 11
6.4087517322834646
 21
-3.5862812992125983
 31
0
  0
LINE
  5
3F3
330
1B
100
AcDbEntity
  8
B.Cu
  6
CONTINUOUS
100
AcDbLine
 10
6.4087517322834646
 20
-3.5862812992125983
 30
0
 11
6.4076224803149602
 21
-3.5806041338582677
 31
0
  0
LINE
  5
3F4
330
1B
100
AcDbEntity
  8
B.Cu
  6
CONTINUOUS
100
AcDbLine
 10
6.4076224803149602
 20
-3.5806041338582677
 30
0
 11
6.4074803149606296
 21
-3.5777099212598422
 31
0
  0
LINE
  5
3F5
330
1B
100
AcDbEntity
  8
B.Cu
  6
CONTINUOUS
100
AcDbLine
 10
6.4074803149606296
 20
-3.5777099212598422
 30
0
 11
6.4074803149606296
 21
-3.0634118110236219
 31
0
  0
LINE
  5
3F6
330
1B
100
AcDbEntity
  8
B.Cu
  6
CONTINUOUS
100
AcDbLine
 10
6.4074803149606296
 20
-3.0634118110236219
 30
0
 11
6.0366799212598421
 21
-2.6926114173228344
 31
0
  0
LINE
  5
3F7
330
1B
100
AcDbEntity
  8
B.Cu
  6
CONTINUOUS
100
AcDbLine
 10
6.0366799212598421
 20
-2.6926114173228344
 30
0
 11
6.0347339370078741
 21
-2.6904643700787401
 31
0
  0
LINE
  5
3F8
330
1B
100
AcDbEntity
  8
B.Cu
  6
CONTINUOUS
100
AcDbLine
 10
6.0347339370078741
 20
-2.6904643700787401
 30
0
 11
6.0332739370078743
 21
-2.6882793307086614
 31
0
  0
LINE
  5
3F9
330
1B
100
AcDbEntity
  8
B.Cu
  6
CONTINUOUS
100
AcDbLine
 10
6.0332739370078743
 20
-2.6882793307086614
 30
0
 11
6.0315180708661416
 21
-2.685651496062992
 31
0
  0
LINE
  5
3FA
330
1B
100
AcDbEntity
  8
B.Cu
  6
CONTINUOUS
100
AcDbLine
 10
6.0315180708661416
 20
-2.685651496062992
 30
0
 11
6.0296916141732284
 21
-2.6812420472440945
 31
0
  0
LINE
  5
3FB
330
1B
100
AcDbEntity
  8
B.Cu
  6
CONTINUOUS
100
AcDbLine
 10
6.0296916141732284
 20
-2.6812420472440945
 30
0
 11
6.0293029133858269
 21
-2.6803036614173226
 31
0
  0
LINE
  5
3FC
330
1B
100
AcDbEntity
  8
B.Cu
  6
CONTINUOUS
100
AcDbLine
 10
6.0293029133858269
 20
-2.6803036614173226
 30
0
 11
6.0281736614173225
 21
-2.674626496062992
 31
0
  0
LINE
  5
3FD
330
1B
100
AcDbEntity
  8
B.Cu
  6
CONTINUOUS
100
AcDbLine
 10
6.0281736614173225
 20
-2.674626496062992
 30
0
 11
6.0280314960629919
 21
-2.6717322834645669
 31
0
  0
LINE
  5
3FE
330
1B
100
AcDbEntity
  8
B.Cu
  6
CONTINUOUS
100
AcDbLine
 10
6.0280314960629919
 20
-2.6717322834645669
 30
0
 11
6.0280314960629919
 21
-2.5381889763779526
 31
0
  0
LINE
  5
3FF
330
1B
100
AcDbEntity
  8
B.Cu
  6
CONTINUOUS
100
AcDbLine
 10
6.0280314960629919
 20
-2.5381889763779526
 30
0
 11
6.0281736614173225
 21
-2.5352947637795276
 31
0
  0
LINE
  5
400
330
1B
100
AcDbEntity
  8
B.Cu
  6
CONTINUOUS
100
AcDbLine
 10
6.0281736614173225
 20
-2.5352947637795276
 30
0
 11
6.0293029133858269
 21
-2.529617598425197
 31
0
  0
LINE
  5
401
330
1B
100
AcDbEntity
  8
B.Cu
  6
CONTINUOUS
100
AcDbLine
 10
6.0293029133858269
 20
-2.529617598425197
 30
0
 11
6.0315180708661416
 21
-2.5242698031496063
 31
0
  0
LINE
  5
402
330
1B
100
AcDbEntity
  8
B.Cu
  6
CONTINUOUS
100
AcDbLine
 10
6.0315180708661416
 20
-2.5242698031496063
 30
0
 11
6.0315180708661416
 21
-2.5242697637795275
 31
0
  0
LINE
  5
403
330
1B
100
AcDbEntity
  8
B.Cu
  6
CONTINUOUS
100
AcDbLine
 10
6.0315180708661416
 20
-2.5242697637795275
 30
0
 11
6.0347339370078741
 21
-2.5194568897637795
 31
0
  0
LINE
  5
404
330
1B
100
AcDbEntity
  8
B.Cu
  6
CONTINUOUS
100
AcDbLine
 10
6.0347339370078741
 20
-2.5194568897637795
 30
0
 11
6.0366799212598421
 21
-2.5173098425196851
 31
0
  0
LINE
  5
405
330
1B
100
AcDbEntity
  8
B.Cu
  6
CONTINUOUS
100
AcDbLine
 10
6.0366799212598421
 20
-2.5173098425196851
 30
0
 11
6.1036090551181097
 21
-2.4503807086614171
 31
0
  0
LINE
  5
406
330
1B
100
AcDbEntity
  8
B.Cu
  6
CONTINUOUS
100
AcDbLine
 10
6.1036090551181097
 20
-2.4503807086614171
 30
0
 11
6.1057561023622045
 21
-2.4484347244094486
 31
0
  0
LINE
  5
407
330
1B
100
AcDbEntity
  8
B.Cu
  6
CONTINUOUS
100
AcDbLine
 10
6.1057561023622045
 20
-2.4484347244094486
 30
0
 11
6.1105690157480312
 21
-2.4452188582677166
 31
0
  0
LINE
  5
408
330
1B
100
AcDbEntity
  8
B.Cu
  6
CONTINUOUS
100
AcDbLine
 10
6.1105690157480312
 20
-2.4452188582677166
 30
0
 11
6.1159168110236219
 21
-2.4430037007874015
 31
0
  0
LINE
  5
409
330
1B
100
AcDbEntity
  8
B.Cu
  6
CONTINUOUS
100
AcDbLine
 10
6.1159168110236219
 20
-2.4430037007874015
 30
0
 11
6.1215939763779526
 21
-2.4418744488188975
 31
0
  0
LINE
  5
40A
330
1B
100
AcDbEntity
  8
B.Cu
  6
CONTINUOUS
100
AcDbLine
 10
6.1215939763779526
 20
-2.4418744488188975
 30
0
 11
6.1273824015748026
 21
-2.4418744488188975
 31
0
  0
LINE
  5
40B
330
1B
100
AcDbEntity
  8
B.Cu
  6
CONTINUOUS
100
AcDbLine
 10
6.1273824015748026
 20
-2.4418744488188975
 30
0
 11
6.1330595669291341
 21
-2.4430037007874015
 31
0
  0
LINE
  5
40C
330
1B
100
AcDbEntity
  8
B.Cu
  6
CONTINUOUS
100
AcDbLine
 10
4.4788460236220473
 20
-3.7323491732283465
 30
0
 11
4.4846140551181097
 21
-3.7334964960629922
 31
0
  0
LINE
  5
40D
330
1B
100
AcDbEntity
  8
B.Cu
  6
CONTINUOUS
100
AcDbLine
 10
4.4846140551181097
 20
-3.7334964960629922
 30
0
 11
4.4900474015748033
 21
-3.7357470866141731
 31
0
  0
LINE
  5
40E
330
1B
100
AcDbEntity
  8
B.Cu
  6
CONTINUOUS
100
AcDbLine
 10
4.4900474015748033
 20
-3.7357470866141731
 30
0
 11
4.4949373228346454
 21
-3.7390144094488189
 31
0
  0
LINE
  5
40F
330
1B
100
AcDbEntity
  8
B.Cu
  6
CONTINUOUS
100
AcDbLine
 10
4.4949373228346454
 20
-3.7390144094488189
 30
0
 11
4.4990958267716534
 21
-3.7431729133858265
 31
0
  0
LINE
  5
410
330
1B
100
AcDbEntity
  8
B.Cu
  6
CONTINUOUS
100
AcDbLine
 10
4.4990958267716534
 20
-3.7431729133858265
 30
0
 11
4.5023631496062988
 21
-3.748062834645669
 31
0
  0
LINE
  5
411
330
1B
100
AcDbEntity
  8
B.Cu
  6
CONTINUOUS
100
AcDbLine
 10
4.5023631496062988
 20
-3.748062834645669
 30
0
 11
4.5046137401574802
 21
-3.7534961811023622
 31
0
  0
LINE
  5
412
330
1B
100
AcDbEntity
  8
B.Cu
  6
CONTINUOUS
100
AcDbLine
 10
4.5046137401574802
 20
-3.7534961811023622
 30
0
 11
4.5057610629921259
 21
-3.759264212598425
 31
0
  0
LINE
  5
413
330
1B
100
AcDbEntity
  8
B.Cu
  6
CONTINUOUS
100
AcDbLine
 10
4.5057610629921259
 20
-3.759264212598425
 30
0
 11
4.5057610629921259
 21
-3.7651452362204725
 31
0
  0
LINE
  5
414
330
1B
100
AcDbEntity
  8
B.Cu
  6
CONTINUOUS
100
AcDbLine
 10
4.5057610629921259
 20
-3.7651452362204725
 30
0
 11
4.5046137401574802
 21
-3.7709132677165353
 31
0
  0
LINE
  5
415
330
1B
100
AcDbEntity
  8
B.Cu
  6
CONTINUOUS
100
AcDbLine
 10
4.5046137401574802
 20
-3.7709132677165353
 30
0
 11
4.5023631496062988
 21
-3.7763466141732285
 31
0
  0
LINE
  5
416
330
1B
100
AcDbEntity
  8
B.Cu
  6
CONTINUOUS
100
AcDbLine
 10
4.5023631496062988
 20
-3.7763466141732285
 30
0
 11
4.4990958267716534
 21
-3.7812365354330706
 31
0
  0
LINE
  5
417
330
1B
100
AcDbEntity
  8
B.Cu
  6
CONTINUOUS
100
AcDbLine
 10
4.4990958267716534
 20
-3.7812365354330706
 30
0
 11
4.4949373228346454
 21
-3.7853950393700786
 31
0
  0
LINE
  5
418
330
1B
100
AcDbEntity
  8
B.Cu
  6
CONTINUOUS
100
AcDbLine
 10
4.4949373228346454
 20
-3.7853950393700786
 30
0
 11
4.4900474015748033
 21
-3.7886623622047244
 31
0
  0
LINE
  5
419
330
1B
100
AcDbEntity
  8
B.Cu
  6
CONTINUOUS
100
AcDbLine
 10
4.4900474015748033
 20
-3.7886623622047244
 30
0
 11
4.4846140551181097
 21
-3.7909129527559053
 31
0
  0
LINE
  5
41A
330
1B
100
AcDbEntity
  8
B.Cu
  6
CONTINUOUS
100
AcDbLine
 10
4.4846140551181097
 20
-3.7909129527559053
 30
0
 11
4.4788460236220473
 21
-3.792060275590551
 31
0
  0
LINE
  5
41B
330
1B
100
AcDbEntity
  8
B.Cu
  6
CONTINUOUS
100
AcDbLine
 10
4.4788460236220473
 20
-3.792060275590551
 30
0
 11
4.4759055118110238
 21
-3.7922047244094488
 31
0
  0
LINE
  5
41C
330
1B
100
AcDbEntity
  8
B.Cu
  6
CONTINUOUS
100
AcDbLine
 10
4.4759055118110238
 20
-3.7922047244094488
 30
0
 11
4.4611023622047243
 21
-3.7922047244094488
 31
0
  0
LINE
  5
41D
330
1B
100
AcDbEntity
  8
B.Cu
  6
CONTINUOUS
100
AcDbLine
 10
4.4611023622047243
 20
-3.7922047244094488
 30
0
 11
4.4581618503937008
 21
-3.792060275590551
 31
0
  0
LINE
  5
41E
330
1B
100
AcDbEntity
  8
B.Cu
  6
CONTINUOUS
100
AcDbLine
 10
4.4581618503937008
 20
-3.792060275590551
 30
0
 11
4.4565129133858266
 21
-3.791732283464567
 31
0
  0
LINE
  5
41F
330
1B
100
AcDbEntity
  8
B.Cu
  6
CONTINUOUS
100
AcDbLine
 10
4.4565129133858266
 20
-3.791732283464567
 30
0
 11
3.8287661417322836
 21
-3.791732283464567
 31
0
  0
LINE
  5
420
330
1B
100
AcDbEntity
  8
B.Cu
  6
CONTINUOUS
100
AcDbLine
 10
3.8287661417322836
 20
-3.791732283464567
 30
0
 11
3.3366141732283463
 21
-4.2838842519685034
 31
0
  0
LINE
  5
421
330
1B
100
AcDbEntity
  8
B.Cu
  6
CONTINUOUS
100
AcDbLine
 10
3.3366141732283463
 20
-4.2838842519685034
 30
0
 11
3.3366141732283463
 21
-4.3218263385826772
 31
0
  0
LINE
  5
422
330
1B
100
AcDbEntity
  8
B.Cu
  6
CONTINUOUS
100
AcDbLine
 10
3.3366141732283463
 20
-4.3218263385826772
 30
0
 11
3.340271811023622
 21
-4.3236144488188977
 31
0
  0
LINE
  5
423
330
1B
100
AcDbEntity
  8
B.Cu
  6
CONTINUOUS
100
AcDbLine
 10
3.340271811023622
 20
-4.3236144488188977
 30
0
 11
3.3437083858267718
 21
-4.3270510236220474
 31
0
  0
LINE
  5
424
330
1B
100
AcDbEntity
  8
B.Cu
  6
CONTINUOUS
100
AcDbLine
 10
3.3437083858267718
 20
-4.3270510236220474
 30
0
 11
3.3458429133858267
 21
-4.3314172834645666
 31
0
  0
LINE
  5
425
330
1B
100
AcDbEntity
  8
B.Cu
  6
CONTINUOUS
100
AcDbLine
 10
3.3458429133858267
 20
-4.3314172834645666
 30
0
 11
3.3464566929133857
 21
-4.3356299212598426
 31
0
  0
LINE
  5
426
330
1B
100
AcDbEntity
  8
B.Cu
  6
CONTINUOUS
100
AcDbLine
 10
3.3464566929133857
 20
-4.3356299212598426
 30
0
 11
3.3464566929133857
 21
-4.3651574803149602
 31
0
  0
LINE
  5
427
330
1B
100
AcDbEntity
  8
B.Cu
  6
CONTINUOUS
100
AcDbLine
 10
3.3464566929133857
 20
-4.3651574803149602
 30
0
 11
3.3458429133858267
 21
-4.3693701181102362
 31
0
  0
LINE
  5
428
330
1B
100
AcDbEntity
  8
B.Cu
  6
CONTINUOUS
100
AcDbLine
 10
3.3458429133858267
 20
-4.3693701181102362
 30
0
 11
3.3437083858267718
 21
-4.3737363779527554
 31
0
  0
LINE
  5
429
330
1B
100
AcDbEntity
  8
B.Cu
  6
CONTINUOUS
100
AcDbLine
 10
3.3437083858267718
 20
-4.3737363779527554
 30
0
 11
3.340271811023622
 21
-4.3771729527559051
 31
0
  0
LINE
  5
42A
330
1B
100
AcDbEntity
  8
B.Cu
  6
CONTINUOUS
100
AcDbLine
 10
3.340271811023622
 20
-4.3771729527559051
 30
0
 11
3.3359055511811024
 21
-4.3793074803149601
 31
0
  0
LINE
  5
42B
330
1B
100
AcDbEntity
  8
B.Cu
  6
CONTINUOUS
100
AcDbLine
 10
3.3359055511811024
 20
-4.3793074803149601
 30
0
 11
3.3316929133858268
 21
-4.3799212598425195
 31
0
  0
LINE
  5
42C
330
1B
100
AcDbEntity
  8
B.Cu
  6
CONTINUOUS
100
AcDbLine
 10
3.3316929133858268
 20
-4.3799212598425195
 30
0
 11
3.2824803149606296
 21
-4.3799212598425195
 31
0
  0
LINE
  5
42D
330
1B
100
AcDbEntity
  8
B.Cu
  6
CONTINUOUS
100
AcDbLine
 10
3.2824803149606296
 20
-4.3799212598425195
 30
0
 11
3.2782676771653541
 21
-4.3793074803149601
 31
0
  0
LINE
  5
42E
330
1B
100
AcDbEntity
  8
B.Cu
  6
CONTINUOUS
100
AcDbLine
 10
3.2782676771653541
 20
-4.3793074803149601
 30
0
 11
3.2739014173228345
 21
-4.3771729527559051
 31
0
  0
LINE
  5
42F
330
1B
100
AcDbEntity
  8
B.Cu
  6
CONTINUOUS
100
AcDbLine
 10
3.2739014173228345
 20
-4.3771729527559051
 30
0
 11
3.2704648425196852
 21
-4.3737363779527554
 31
0
  0
LINE
  5
430
330
1B
100
AcDbEntity
  8
B.Cu
  6
CONTINUOUS
100
AcDbLine
 10
3.2704648425196852
 20
-4.3737363779527554
 30
0
 11
3.2683303149606298
 21
-4.3693701181102362
 31
0
  0
LINE
  5
431
330
1B
100
AcDbEntity
  8
B.Cu
  6
CONTINUOUS
100
AcDbLine
 10
3.2683303149606298
 20
-4.3693701181102362
 30
0
 11
3.2677165354330708
 21
-4.3651574803149602
 31
0
  0
LINE
  5
432
330
1B
100
AcDbEntity
  8
B.Cu
  6
CONTINUOUS
100
AcDbLine
 10
3.2677165354330708
 20
-4.3651574803149602
 30
0
 11
3.2677165354330708
 21
-4.3356299212598426
 31
0
  0
LINE
  5
433
330
1B
100
AcDbEntity
  8
B.Cu
  6
CONTINUOUS
100
AcDbLine
 10
3.2677165354330708
 20
-4.3356299212598426
 30
0
 11
3.2683303149606298
 21
-4.3314172834645666
 31
0
  0
LINE
  5
434
330
1B
100
AcDbEntity
  8
B.Cu
  6
CONTINUOUS
100
AcDbLine
 10
3.2683303149606298
 20
-4.3314172834645666
 30
0
 11
3.2704648425196852
 21
-4.3270510236220474
 31
0
  0
LINE
  5
435
330
1B
100
AcDbEntity
  8
B.Cu
  6
CONTINUOUS
100
AcDbLine
 10
3.2704648425196852
 20
-4.3270510236220474
 30
0
 11
3.2739014173228345
 21
-4.3236144488188977
 31
0
  0
LINE
  5
436
330
1B
100
AcDbEntity
  8
B.Cu
  6
CONTINUOUS
100
AcDbLine
 10
3.2739014173228345
 20
-4.3236144488188977
 30
0
 11
3.2775590551181102
 21
-4.3218263385826772
 31
0
  0
LINE
  5
437
330
1B
100
AcDbEntity
  8
B.Cu
  6
CONTINUOUS
100
AcDbLine
 10
3.2775590551181102
 20
-4.3218263385826772
 30
0
 11
3.2775590551181102
 21
-4.2716535433070861
 31
0
  0
LINE
  5
438
330
1B
100
AcDbEntity
  8
B.Cu
  6
CONTINUOUS
100
AcDbLine
 10
3.2775590551181102
 20
-4.2716535433070861
 30
0
 11
3.2777012204724407
 21
-4.2687593307086615
 31
0
  0
LINE
  5
439
330
1B
100
AcDbEntity
  8
B.Cu
  6
CONTINUOUS
100
AcDbLine
 10
3.2777012204724407
 20
-4.2687593307086615
 30
0
 11
3.2788304724409447
 21
-4.2630821653543309
 31
0
  0
LINE
  5
43A
330
1B
100
AcDbEntity
  8
B.Cu
  6
CONTINUOUS
100
AcDbLine
 10
3.2788304724409447
 20
-4.2630821653543309
 30
0
 11
3.2801280708661418
 21
-4.2599494881889761
 31
0
  0
LINE
  5
43B
330
1B
100
AcDbEntity
  8
B.Cu
  6
CONTINUOUS
100
AcDbLine
 10
3.2801280708661418
 20
-4.2599494881889761
 30
0
 11
3.2810456299212598
 21
-4.2577343307086615
 31
0
  0
LINE
  5
43C
330
1B
100
AcDbEntity
  8
B.Cu
  6
CONTINUOUS
100
AcDbLine
 10
3.2810456299212598
 20
-4.2577343307086615
 30
0
 11
3.2842614960629919
 21
-4.2529214566929134
 31
0
  0
LINE
  5
43D
330
1B
100
AcDbEntity
  8
B.Cu
  6
CONTINUOUS
100
AcDbLine
 10
3.2842614960629919
 20
-4.2529214566929134
 30
0
 11
3.2862074803149603
 21
-4.2507744094488187
 31
0
  0
LINE
  5
43E
330
1B
100
AcDbEntity
  8
B.Cu
  6
CONTINUOUS
100
AcDbLine
 10
3.2862074803149603
 20
-4.2507744094488187
 30
0
 11
3.7956562992125984
 21
-3.7413255905511811
 31
0
  0
LINE
  5
43F
330
1B
100
AcDbEntity
  8
B.Cu
  6
CONTINUOUS
100
AcDbLine
 10
3.7956562992125984
 20
-3.7413255905511811
 30
0
 11
3.797803307086614
 21
-3.7393796062992126
 31
0
  0
LINE
  5
440
330
1B
100
AcDbEntity
  8
B.Cu
  6
CONTINUOUS
100
AcDbLine
 10
3.797803307086614
 20
-3.7393796062992126
 30
0
 11
3.8002097637795273
 21
-3.737771653543307
 31
0
  0
LINE
  5
441
330
1B
100
AcDbEntity
  8
B.Cu
  6
CONTINUOUS
100
AcDbLine
 10
3.8002097637795273
 20
-3.737771653543307
 30
0
 11
3.8026162204724407
 21
-3.7361637401574801
 31
0
  0
LINE
  5
442
330
1B
100
AcDbEntity
  8
B.Cu
  6
CONTINUOUS
100
AcDbLine
 10
3.8026162204724407
 20
-3.7361637401574801
 30
0
 11
3.8079640157480314
 21
-3.7339486220472442
 31
0
  0
LINE
  5
443
330
1B
100
AcDbEntity
  8
B.Cu
  6
CONTINUOUS
100
AcDbLine
 10
3.8079640157480314
 20
-3.7339486220472442
 30
0
 11
3.8136412204724408
 21
-3.7328193307086615
 31
0
  0
LINE
  5
444
330
1B
100
AcDbEntity
  8
B.Cu
  6
CONTINUOUS
100
AcDbLine
 10
3.8136412204724408
 20
-3.7328193307086615
 30
0
 11
3.8165354330708658
 21
-3.7326771653543305
 31
0
  0
LINE
  5
445
330
1B
100
AcDbEntity
  8
B.Cu
  6
CONTINUOUS
100
AcDbLine
 10
3.8165354330708658
 20
-3.7326771653543305
 30
0
 11
4.4565129133858266
 21
-3.7326771653543305
 31
0
  0
LINE
  5
446
330
1B
100
AcDbEntity
  8
B.Cu
  6
CONTINUOUS
100
AcDbLine
 10
4.4565129133858266
 20
-3.7326771653543305
 30
0
 11
4.4581618503937008
 21
-3.7323491732283465
 31
0
  0
LINE
  5
447
330
1B
100
AcDbEntity
  8
B.Cu
  6
CONTINUOUS
100
AcDbLine
 10
4.4581618503937008
 20
-3.7323491732283465
 30
0
 11
4.4611023622047243
 21
-3.7322047244094487
 31
0
  0
LINE
  5
448
330
1B
100
AcDbEntity
  8
B.Cu
  6
CONTINUOUS
100
AcDbLine
 10
4.4611023622047243
 20
-3.7322047244094487
 30
0
 11
4.4759055118110238
 21
-3.7322047244094487
 31
0
  0
LINE
  5
449
330
1B
100
AcDbEntity
  8
B.Cu
  6
CONTINUOUS
100
AcDbLine
 10
4.4759055118110238
 20
-3.7322047244094487
 30
0
 11
4.4788460236220473
 21
-3.7323491732283465
 31
0
  0
LINE
  5
44A
330
1B
100
AcDbEntity
  8
B.Cu
  6
CONTINUOUS
100
AcDbLine
 10
3.6643115354330709
 20
-1.6438429527559055
 30
0
 11
3.6699887007874015
 21
-1.6449722047244093
 31
0
  0
LINE
  5
44B
330
1B
100
AcDbEntity
  8
B.Cu
  6
CONTINUOUS
100
AcDbLine
 10
3.6699887007874015
 20
-1.6449722047244093
 30
0
 11
3.6731213779527558
 21
-1.6462698031496064
 31
0
  0
LINE
  5
44C
330
1B
100
AcDbEntity
  8
B.Cu
  6
CONTINUOUS
100
AcDbLine
 10
3.6731213779527558
 20
-1.6462698031496064
 30
0
 11
3.6753365354330709
 21
-1.6471873622047244
 31
0
  0
LINE
  5
44D
330
1B
100
AcDbEntity
  8
B.Cu
  6
CONTINUOUS
100
AcDbLine
 10
3.6753365354330709
 20
-1.6471873622047244
 30
0
 11
3.680149409448819
 21
-1.6504032283464567
 31
0
  0
LINE
  5
44E
330
1B
100
AcDbEntity
  8
B.Cu
  6
CONTINUOUS
100
AcDbLine
 10
3.680149409448819
 20
-1.6504032283464567
 30
0
 11
3.6822964566929133
 21
-1.6523492125984252
 31
0
  0
LINE
  5
44F
330
1B
100
AcDbEntity
  8
B.Cu
  6
CONTINUOUS
100
AcDbLine
 10
3.6822964566929133
 20
-1.6523492125984252
 30
0
 11
3.6901704724409448
 21
-1.6602232283464566
 31
0
  0
LINE
  5
450
330
1B
100
AcDbEntity
  8
B.Cu
  6
CONTINUOUS
100
AcDbLine
 10
3.6901704724409448
 20
-1.6602232283464566
 30
0
 11
3.6921164566929132
 21
-1.6623702755905512
 31
0
  0
LINE
  5
451
330
1B
100
AcDbEntity
  8
B.Cu
  6
CONTINUOUS
100
AcDbLine
 10
3.6921164566929132
 20
-1.6623702755905512
 30
0
 11
3.6953323228346457
 21
-1.6671831496062992
 31
0
  0
LINE
  5
452
330
1B
100
AcDbEntity
  8
B.Cu
  6
CONTINUOUS
100
AcDbLine
 10
3.6953323228346457
 20
-1.6671831496062992
 30
0
 11
3.6953323228346457
 21
-1.667183188976378
 31
0
  0
LINE
  5
453
330
1B
100
AcDbEntity
  8
B.Cu
  6
CONTINUOUS
100
AcDbLine
 10
3.6953323228346457
 20
-1.667183188976378
 30
0
 11
3.6975474803149604
 21
-1.6725309842519684
 31
0
  0
LINE
  5
454
330
1B
100
AcDbEntity
  8
B.Cu
  6
CONTINUOUS
100
AcDbLine
 10
3.6975474803149604
 20
-1.6725309842519684
 30
0
 11
3.6982618897637796
 21
-1.6761225590551181
 31
0
  0
LINE
  5
455
330
1B
100
AcDbEntity
  8
B.Cu
  6
CONTINUOUS
100
AcDbLine
 10
3.6982618897637796
 20
-1.6761225590551181
 30
0
 11
3.6986767322834644
 21
-1.6782081496062993
 31
0
  0
LINE
  5
456
330
1B
100
AcDbEntity
  8
B.Cu
  6
CONTINUOUS
100
AcDbLine
 10
3.6986767322834644
 20
-1.6782081496062993
 30
0
 11
3.6988188976377954
 21
-1.6811023622047243
 31
0
  0
LINE
  5
457
330
1B
100
AcDbEntity
  8
B.Cu
  6
CONTINUOUS
100
AcDbLine
 10
3.6988188976377954
 20
-1.6811023622047243
 30
0
 11
3.6988188976377954
 21
-2.6950457874015745
 31
0
  0
LINE
  5
458
330
1B
100
AcDbEntity
  8
B.Cu
  6
CONTINUOUS
100
AcDbLine
 10
3.6988188976377954
 20
-2.6950457874015745
 30
0
 11
3.6986767322834644
 21
-2.69794
 31
0
  0
LINE
  5
459
330
1B
100
AcDbEntity
  8
B.Cu
  6
CONTINUOUS
100
AcDbLine
 10
3.6986767322834644
 20
-2.69794
 30
0
 11
3.6975474803149604
 21
-2.7036171653543306
 31
0
  0
LINE
  5
45A
330
1B
100
AcDbEntity
  8
B.Cu
  6
CONTINUOUS
100
AcDbLine
 10
3.6975474803149604
 20
-2.7036171653543306
 30
0
 11
3.6967999606299213
 21
-2.7054217716535431
 31
0
  0
LINE
  5
45B
330
1B
100
AcDbEntity
  8
B.Cu
  6
CONTINUOUS
100
AcDbLine
 10
3.6967999606299213
 20
-2.7054217716535431
 30
0
 11
3.6953323228346457
 21
-2.7089650000000001
 31
0
  0
LINE
  5
45C
330
1B
100
AcDbEntity
  8
B.Cu
  6
CONTINUOUS
100
AcDbLine
 10
3.6953323228346457
 20
-2.7089650000000001
 30
0
 11
3.6922077559055118
 21
-2.7136412204724407
 31
0
  0
LINE
  5
45D
330
1B
100
AcDbEntity
  8
B.Cu
  6
CONTINUOUS
100
AcDbLine
 10
3.6922077559055118
 20
-2.7136412204724407
 30
0
 11
3.6921164566929132
 21
-2.7137778740157481
 31
0
  0
LINE
  5
45E
330
1B
100
AcDbEntity
  8
B.Cu
  6
CONTINUOUS
100
AcDbLine
 10
3.6921164566929132
 20
-2.7137778740157481
 30
0
 11
3.6901704724409448
 21
-2.7159249212598424
 31
0
  0
LINE
  5
45F
330
1B
100
AcDbEntity
  8
B.Cu
  6
CONTINUOUS
100
AcDbLine
 10
3.6901704724409448
 20
-2.7159249212598424
 30
0
 11
3.4821619291338584
 21
-2.9239334251968505
 31
0
  0
LINE
  5
460
330
1B
100
AcDbEntity
  8
B.Cu
  6
CONTINUOUS
100
AcDbLine
 10
3.4821619291338584
 20
-2.9239334251968505
 30
0
 11
3.4807653937007874
 21
-2.9273050393700788
 31
0
  0
LINE
  5
461
330
1B
100
AcDbEntity
  8
B.Cu
  6
CONTINUOUS
100
AcDbLine
 10
3.4807653937007874
 20
-2.9273050393700788
 30
0
 11
3.4775495275590549
 21
-2.9321179133858268
 31
0
  0
LINE
  5
462
330
1B
100
AcDbEntity
  8
B.Cu
  6
CONTINUOUS
100
AcDbLine
 10
3.4775495275590549
 20
-2.9321179133858268
 30
0
 11
3.4734564960629921
 21
-2.9362109448818896
 31
0
  0
LINE
  5
463
330
1B
100
AcDbEntity
  8
B.Cu
  6
CONTINUOUS
100
AcDbLine
 10
3.4734564960629921
 20
-2.9362109448818896
 30
0
 11
3.4686436220472441
 21
-2.9394268110236221
 31
0
  0
LINE
  5
464
330
1B
100
AcDbEntity
  8
B.Cu
  6
CONTINUOUS
100
AcDbLine
 10
3.4686436220472441
 20
-2.9394268110236221
 30
0
 11
3.4632958267716534
 21
-2.941641929133858
 31
0
  0
LINE
  5
465
330
1B
100
AcDbEntity
  8
B.Cu
  6
CONTINUOUS
100
AcDbLine
 10
3.4632958267716534
 20
-2.941641929133858
 30
0
 11
3.457618622047244
 21
-2.9427712204724408
 31
0
  0
LINE
  5
466
330
1B
100
AcDbEntity
  8
B.Cu
  6
CONTINUOUS
100
AcDbLine
 10
3.457618622047244
 20
-2.9427712204724408
 30
0
 11
3.454724409448819
 21
-2.9429133858267718
 31
0
  0
LINE
  5
467
330
1B
100
AcDbEntity
  8
B.Cu
  6
CONTINUOUS
100
AcDbLine
 10
3.454724409448819
 20
-2.9429133858267718
 30
0
 11
3.4509512992125981
 21
-2.9429133858267718
 31
0
  0
LINE
  5
468
330
1B
100
AcDbEntity
  8
B.Cu
  6
CONTINUOUS
100
AcDbLine
 10
3.4509512992125981
 20
-2.9429133858267718
 30
0
 11
3.4448818897637796
 21
-2.9429133858267718
 31
0
  0
LINE
  5
469
330
1B
100
AcDbEntity
  8
B.Cu
  6
CONTINUOUS
100
AcDbLine
 10
3.4448818897637796
 20
-2.9429133858267718
 30
0
 11
3.4350393700787403
 21
-2.9429133858267718
 31
0
  0
LINE
  5
46A
330
1B
100
AcDbEntity
  8
B.Cu
  6
CONTINUOUS
100
AcDbLine
 10
3.4350393700787403
 20
-2.9429133858267718
 30
0
 11
3.4321451574803148
 21
-2.9427712204724408
 31
0
  0
LINE
  5
46B
330
1B
100
AcDbEntity
  8
B.Cu
  6
CONTINUOUS
100
AcDbLine
 10
3.4321451574803148
 20
-2.9427712204724408
 30
0
 11
3.4264679527559054
 21
-2.941641929133858
 31
0
  0
LINE
  5
46C
330
1B
100
AcDbEntity
  8
B.Cu
  6
CONTINUOUS
100
AcDbLine
 10
3.4264679527559054
 20
-2.941641929133858
 30
0
 11
3.4211201574803147
 21
-2.9394268110236221
 31
0
  0
LINE
  5
46D
330
1B
100
AcDbEntity
  8
B.Cu
  6
CONTINUOUS
100
AcDbLine
 10
3.4211201574803147
 20
-2.9394268110236221
 30
0
 11
3.4163072834645667
 21
-2.9362109448818896
 31
0
  0
LINE
  5
46E
330
1B
100
AcDbEntity
  8
B.Cu
  6
CONTINUOUS
100
AcDbLine
 10
3.4163072834645667
 20
-2.9362109448818896
 30
0
 11
3.4122142519685039
 21
-2.9321179133858268
 31
0
  0
LINE
  5
46F
330
1B
100
AcDbEntity
  8
B.Cu
  6
CONTINUOUS
100
AcDbLine
 10
3.4122142519685039
 20
-2.9321179133858268
 30
0
 11
3.4089983858267714
 21
-2.9273050393700788
 31
0
  0
LINE
  5
470
330
1B
100
AcDbEntity
  8
B.Cu
  6
CONTINUOUS
100
AcDbLine
 10
3.4089983858267714
 20
-2.9273050393700788
 30
0
 11
3.4067832677165355
 21
-2.9219572440944881
 31
0
  0
LINE
  5
471
330
1B
100
AcDbEntity
  8
B.Cu
  6
CONTINUOUS
100
AcDbLine
 10
3.4067832677165355
 20
-2.9219572440944881
 30
0
 11
3.4056539763779528
 21
-2.9162800393700787
 31
0
  0
LINE
  5
472
330
1B
100
AcDbEntity
  8
B.Cu
  6
CONTINUOUS
100
AcDbLine
 10
3.4056539763779528
 20
-2.9162800393700787
 30
0
 11
3.4056539763779528
 21
-2.9104916141732282
 31
0
  0
LINE
  5
473
330
1B
100
AcDbEntity
  8
B.Cu
  6
CONTINUOUS
100
AcDbLine
 10
3.4056539763779528
 20
-2.9104916141732282
 30
0
 11
3.4067832677165355
 21
-2.9048144094488189
 31
0
  0
LINE
  5
474
330
1B
100
AcDbEntity
  8
B.Cu
  6
CONTINUOUS
100
AcDbLine
 10
3.4067832677165355
 20
-2.9048144094488189
 30
0
 11
3.4089983858267714
 21
-2.8994666141732282
 31
0
  0
LINE
  5
475
330
1B
100
AcDbEntity
  8
B.Cu
  6
CONTINUOUS
100
AcDbLine
 10
3.4089983858267714
 20
-2.8994666141732282
 30
0
 11
3.4122142519685039
 21
-2.8946537401574801
 31
0
  0
LINE
  5
476
330
1B
100
AcDbEntity
  8
B.Cu
  6
CONTINUOUS
100
AcDbLine
 10
3.4122142519685039
 20
-2.8946537401574801
 30
0
 11
3.4163072834645667
 21
-2.8905607086614173
 31
0
  0
LINE
  5
477
330
1B
100
AcDbEntity
  8
B.Cu
  6
CONTINUOUS
100
AcDbLine
 10
3.4163072834645667
 20
-2.8905607086614173
 30
0
 11
3.4211201574803147
 21
-2.8873448425196848
 31
0
  0
LINE
  5
478
330
1B
100
AcDbEntity
  8
B.Cu
  6
CONTINUOUS
100
AcDbLine
 10
3.4211201574803147
 20
-2.8873448425196848
 30
0
 11
3.4264679527559054
 21
-2.8851297244094489
 31
0
  0
LINE
  5
479
330
1B
100
AcDbEntity
  8
B.Cu
  6
CONTINUOUS
100
AcDbLine
 10
3.4264679527559054
 20
-2.8851297244094489
 30
0
 11
3.4321451574803148
 21
-2.8840004330708662
 31
0
  0
LINE
  5
47A
330
1B
100
AcDbEntity
  8
B.Cu
  6
CONTINUOUS
100
AcDbLine
 10
3.4321451574803148
 20
-2.8840004330708662
 30
0
 11
3.4350393700787403
 21
-2.8838582677165352
 31
0
  0
LINE
  5
47B
330
1B
100
AcDbEntity
  8
B.Cu
  6
CONTINUOUS
100
AcDbLine
 10
3.4350393700787403
 20
-2.8838582677165352
 30
0
 11
3.4387205905511808
 21
-2.8838582677165352
 31
0
  0
LINE
  5
47C
330
1B
100
AcDbEntity
  8
B.Cu
  6
CONTINUOUS
100
AcDbLine
 10
3.4387205905511808
 20
-2.8838582677165352
 30
0
 11
3.6397637795275588
 21
-2.6828150787401572
 31
0
  0
LINE
  5
47D
330
1B
100
AcDbEntity
  8
B.Cu
  6
CONTINUOUS
100
AcDbLine
 10
3.6397637795275588
 20
-2.6828150787401572
 30
0
 11
3.6397637795275588
 21
-1.7027559055118109
 31
0
  0
LINE
  5
47E
330
1B
100
AcDbEntity
  8
B.Cu
  6
CONTINUOUS
100
AcDbLine
 10
3.6397637795275588
 20
-1.7027559055118109
 30
0
 11
2.8309644094488187
 21
-1.7027559055118109
 31
0
  0
LINE
  5
47F
330
1B
100
AcDbEntity
  8
B.Cu
  6
CONTINUOUS
100
AcDbLine
 10
2.8309644094488187
 20
-1.7027559055118109
 30
0
 11
2.7066929133858268
 21
-1.8270274015748031
 31
0
  0
LINE
  5
480
330
1B
100
AcDbEntity
  8
B.Cu
  6
CONTINUOUS
100
AcDbLine
 10
2.7066929133858268
 20
-1.8270274015748031
 30
0
 11
2.7066929133858268
 21
-3.885407086614173
 31
0
  0
LINE
  5
481
330
1B
100
AcDbEntity
  8
B.Cu
  6
CONTINUOUS
100
AcDbLine
 10
2.7066929133858268
 20
-3.885407086614173
 30
0
 11
2.8075062992125983
 21
-3.9862204724409449
 31
0
  0
LINE
  5
482
330
1B
100
AcDbEntity
  8
B.Cu
  6
CONTINUOUS
100
AcDbLine
 10
2.8075062992125983
 20
-3.9862204724409449
 30
0
 11
2.9602102362204725
 21
-3.9862204724409449
 31
0
  0
LINE
  5
483
330
1B
100
AcDbEntity
  8
B.Cu
  6
CONTINUOUS
100
AcDbLine
 10
2.9602102362204725
 20
-3.9862204724409449
 30
0
 11
2.9625984251968505
 21
-3.983832283464567
 31
0
  0
LINE
  5
484
330
1B
100
AcDbEntity
  8
B.Cu
  6
CONTINUOUS
100
AcDbLine
 10
2.9625984251968505
 20
-3.983832283464567
 30
0
 11
2.9625984251968505
 21
-3.7795275590551181
 31
0
  0
LINE
  5
485
330
1B
100
AcDbEntity
  8
B.Cu
  6
CONTINUOUS
100
AcDbLine
 10
2.9625984251968505
 20
-3.7795275590551181
 30
0
 11
2.9625984251968505
 21
-3.7696850393700787
 31
0
  0
LINE
  5
486
330
1B
100
AcDbEntity
  8
B.Cu
  6
CONTINUOUS
100
AcDbLine
 10
2.9625984251968505
 20
-3.7696850393700787
 30
0
 11
2.962740590551181
 21
-3.7667908267716537
 31
0
  0
LINE
  5
487
330
1B
100
AcDbEntity
  8
B.Cu
  6
CONTINUOUS
100
AcDbLine
 10
2.962740590551181
 20
-3.7667908267716537
 30
0
 11
2.9638698818897637
 21
-3.7611136220472439
 31
0
  0
LINE
  5
488
330
1B
100
AcDbEntity
  8
B.Cu
  6
CONTINUOUS
100
AcDbLine
 10
2.9638698818897637
 20
-3.7611136220472439
 30
0
 11
2.9660850000000001
 21
-3.7557658267716536
 31
0
  0
LINE
  5
489
330
1B
100
AcDbEntity
  8
B.Cu
  6
CONTINUOUS
100
AcDbLine
 10
2.9660850000000001
 20
-3.7557658267716536
 30
0
 11
2.9693008661417322
 21
-3.7509529527559056
 31
0
  0
LINE
  5
48A
330
1B
100
AcDbEntity
  8
B.Cu
  6
CONTINUOUS
100
AcDbLine
 10
2.9693008661417322
 20
-3.7509529527559056
 30
0
 11
2.9733938976377954
 21
-3.7468599212598424
 31
0
  0
LINE
  5
48B
330
1B
100
AcDbEntity
  8
B.Cu
  6
CONTINUOUS
100
AcDbLine
 10
2.9733938976377954
 20
-3.7468599212598424
 30
0
 11
2.9782067716535434
 21
-3.7436440551181103
 31
0
  0
LINE
  5
48C
330
1B
100
AcDbEntity
  8
B.Cu
  6
CONTINUOUS
100
AcDbLine
 10
2.9782067716535434
 20
-3.7436440551181103
 30
0
 11
2.9835545669291337
 21
-3.7414289370078739
 31
0
  0
LINE
  5
48D
330
1B
100
AcDbEntity
  8
B.Cu
  6
CONTINUOUS
100
AcDbLine
 10
2.9835545669291337
 20
-3.7414289370078739
 30
0
 11
2.989231771653543
 21
-3.7402996456692912
 31
0
  0
LINE
  5
48E
330
1B
100
AcDbEntity
  8
B.Cu
  6
CONTINUOUS
100
AcDbLine
 10
2.989231771653543
 20
-3.7402996456692912
 30
0
 11
2.9950201968503936
 21
-3.7402996456692912
 31
0
  0
LINE
  5
48F
330
1B
100
AcDbEntity
  8
B.Cu
  6
CONTINUOUS
100
AcDbLine
 10
2.9950201968503936
 20
-3.7402996456692912
 30
0
 11
3.0006974015748029
 21
-3.7414289370078739
 31
0
  0
LINE
  5
490
330
1B
100
AcDbEntity
  8
B.Cu
  6
CONTINUOUS
100
AcDbLine
 10
3.0006974015748029
 20
-3.7414289370078739
 30
0
 11
3.0060451968503936
 21
-3.7436440551181103
 31
0
  0
LINE
  5
491
330
1B
100
AcDbEntity
  8
B.Cu
  6
CONTINUOUS
100
AcDbLine
 10
3.0060451968503936
 20
-3.7436440551181103
 30
0
 11
3.0108580708661417
 21
-3.7468599212598424
 31
0
  0
LINE
  5
492
330
1B
100
AcDbEntity
  8
B.Cu
  6
CONTINUOUS
100
AcDbLine
 10
3.0108580708661417
 20
-3.7468599212598424
 30
0
 11
3.0149511023622049
 21
-3.7509529527559056
 31
0
  0
LINE
  5
493
330
1B
100
AcDbEntity
  8
B.Cu
  6
CONTINUOUS
100
AcDbLine
 10
3.0149511023622049
 20
-3.7509529527559056
 30
0
 11
3.018166968503937
 21
-3.7557658267716536
 31
0
  0
LINE
  5
494
330
1B
100
AcDbEntity
  8
B.Cu
  6
CONTINUOUS
100
AcDbLine
 10
3.018166968503937
 20
-3.7557658267716536
 30
0
 11
3.0203820866141733
 21
-3.7611136220472439
 31
0
  0
LINE
  5
495
330
1B
100
AcDbEntity
  8
B.Cu
  6
CONTINUOUS
100
AcDbLine
 10
3.0203820866141733
 20
-3.7611136220472439
 30
0
 11
3.021511377952756
 21
-3.7667908267716537
 31
0
  0
LINE
  5
496
330
1B
100
AcDbEntity
  8
B.Cu
  6
CONTINUOUS
100
AcDbLine
 10
3.021511377952756
 20
-3.7667908267716537
 30
0
 11
3.0216535433070866
 21
-3.7696850393700787
 31
0
  0
LINE
  5
497
330
1B
100
AcDbEntity
  8
B.Cu
  6
CONTINUOUS
100
AcDbLine
 10
3.0216535433070866
 20
-3.7696850393700787
 30
0
 11
3.0216535433070866
 21
-3.7795275590551181
 31
0
  0
LINE
  5
498
330
1B
100
AcDbEntity
  8
B.Cu
  6
CONTINUOUS
100
AcDbLine
 10
3.0216535433070866
 20
-3.7795275590551181
 30
0
 11
3.0216535433070866
 21
-3.9960629921259843
 31
0
  0
LINE
  5
499
330
1B
100
AcDbEntity
  8
B.Cu
  6
CONTINUOUS
100
AcDbLine
 10
3.0216535433070866
 20
-3.9960629921259843
 30
0
 11
3.021511377952756
 21
-3.9989572047244093
 31
0
  0
LINE
  5
49A
330
1B
100
AcDbEntity
  8
B.Cu
  6
CONTINUOUS
100
AcDbLine
 10
3.021511377952756
 20
-3.9989572047244093
 30
0
 11
3.020382125984252
 21
-4.0046343700787403
 31
0
  0
LINE
  5
49B
330
1B
100
AcDbEntity
  8
B.Cu
  6
CONTINUOUS
100
AcDbLine
 10
3.020382125984252
 20
-4.0046343700787403
 30
0
 11
3.0193290944881888
 21
-4.0071766141732281
 31
0
  0
LINE
  5
49C
330
1B
100
AcDbEntity
  8
B.Cu
  6
CONTINUOUS
100
AcDbLine
 10
3.0193290944881888
 20
-4.0071766141732281
 30
0
 11
3.018166968503937
 21
-4.0099822047244089
 31
0
  0
LINE
  5
49D
330
1B
100
AcDbEntity
  8
B.Cu
  6
CONTINUOUS
100
AcDbLine
 10
3.018166968503937
 20
-4.0099822047244089
 30
0
 11
3.0149511023622049
 21
-4.014795078740157
 31
0
  0
LINE
  5
49E
330
1B
100
AcDbEntity
  8
B.Cu
  6
CONTINUOUS
100
AcDbLine
 10
3.0149511023622049
 20
-4.014795078740157
 30
0
 11
3.013005118110236
 21
-4.0169421259842517
 31
0
  0
LINE
  5
49F
330
1B
100
AcDbEntity
  8
B.Cu
  6
CONTINUOUS
100
AcDbLine
 10
3.013005118110236
 20
-4.0169421259842517
 30
0
 11
2.9933200787401573
 21
-4.0366271653543304
 31
0
  0
LINE
  5
4A0
330
1B
100
AcDbEntity
  8
B.Cu
  6
CONTINUOUS
100
AcDbLine
 10
2.9933200787401573
 20
-4.0366271653543304
 30
0
 11
2.991173031496063
 21
-4.0385731496062993
 31
0
  0
LINE
  5
4A1
330
1B
100
AcDbEntity
  8
B.Cu
  6
CONTINUOUS
100
AcDbLine
 10
2.991173031496063
 20
-4.0385731496062993
 30
0
 11
2.9863601574803149
 21
-4.0417890157480318
 31
0
  0
LINE
  5
4A2
330
1B
100
AcDbEntity
  8
B.Cu
  6
CONTINUOUS
100
AcDbLine
 10
2.9863601574803149
 20
-4.0417890157480318
 30
0
 11
2.9841449999999998
 21
-4.0427065354330711
 31
0
  0
LINE
  5
4A3
330
1B
100
AcDbEntity
  8
B.Cu
  6
CONTINUOUS
100
AcDbLine
 10
2.9841449999999998
 20
-4.0427065354330711
 30
0
 11
2.9810123228346455
 21
-4.0440041732283465
 31
0
  0
LINE
  5
4A4
330
1B
100
AcDbEntity
  8
B.Cu
  6
CONTINUOUS
100
AcDbLine
 10
2.9810123228346455
 20
-4.0440041732283465
 30
0
 11
2.9753351574803149
 21
-4.04513342519685
 31
0
  0
LINE
  5
4A5
330
1B
100
AcDbEntity
  8
B.Cu
  6
CONTINUOUS
100
AcDbLine
 10
2.9753351574803149
 20
-4.04513342519685
 30
0
 11
2.9724409448818898
 21
-4.0452755905511806
 31
0
  0
LINE
  5
4A6
330
1B
100
AcDbEntity
  8
B.Cu
  6
CONTINUOUS
100
AcDbLine
 10
2.9724409448818898
 20
-4.0452755905511806
 30
0
 11
2.795275590551181
 21
-4.0452755905511806
 31
0
  0
LINE
  5
4A7
330
1B
100
AcDbEntity
  8
B.Cu
  6
CONTINUOUS
100
AcDbLine
 10
2.795275590551181
 20
-4.0452755905511806
 30
0
 11
2.792381377952756
 21
-4.04513342519685
 31
0
  0
LINE
  5
4A8
330
1B
100
AcDbEntity
  8
B.Cu
  6
CONTINUOUS
100
AcDbLine
 10
2.792381377952756
 20
-4.04513342519685
 30
0
 11
2.7867042125984249
 21
-4.0440041732283465
 31
0
  0
LINE
  5
4A9
330
1B
100
AcDbEntity
  8
B.Cu
  6
CONTINUOUS
100
AcDbLine
 10
2.7867042125984249
 20
-4.0440041732283465
 30
0
 11
2.783571535433071
 21
-4.0427065354330711
 31
0
  0
LINE
  5
4AA
330
1B
100
AcDbEntity
  8
B.Cu
  6
CONTINUOUS
100
AcDbLine
 10
2.783571535433071
 20
-4.0427065354330711
 30
0
 11
2.7813563779527559
 21
-4.0417890157480318
 31
0
  0
LINE
  5
4AB
330
1B
100
AcDbEntity
  8
B.Cu
  6
CONTINUOUS
100
AcDbLine
 10
2.7813563779527559
 20
-4.0417890157480318
 30
0
 11
2.7765435039370079
 21
-4.0385731496062993
 31
0
  0
LINE
  5
4AC
330
1B
100
AcDbEntity
  8
B.Cu
  6
CONTINUOUS
100
AcDbLine
 10
2.7765435039370079
 20
-4.0385731496062993
 30
0
 11
2.7743964566929131
 21
-4.0366271653543304
 31
0
  0
LINE
  5
4AD
330
1B
100
AcDbEntity
  8
B.Cu
  6
CONTINUOUS
100
AcDbLine
 10
2.7743964566929131
 20
-4.0366271653543304
 30
0
 11
2.6562862204724409
 21
-3.9185169291338582
 31
0
  0
LINE
  5
4AE
330
1B
100
AcDbEntity
  8
B.Cu
  6
CONTINUOUS
100
AcDbLine
 10
2.6562862204724409
 20
-3.9185169291338582
 30
0
 11
2.6543402362204724
 21
-3.9163698818897639
 31
0
  0
LINE
  5
4AF
330
1B
100
AcDbEntity
  8
B.Cu
  6
CONTINUOUS
100
AcDbLine
 10
2.6543402362204724
 20
-3.9163698818897639
 30
0
 11
2.6541790944881889
 21
-3.9161287401574802
 31
0
  0
LINE
  5
4B0
330
1B
100
AcDbEntity
  8
B.Cu
  6
CONTINUOUS
100
AcDbLine
 10
2.6541790944881889
 20
-3.9161287401574802
 30
0
 11
2.6511243700787399
 21
-3.9115570078740158
 31
0
  0
LINE
  5
4B1
330
1B
100
AcDbEntity
  8
B.Cu
  6
CONTINUOUS
100
AcDbLine
 10
2.6511243700787399
 20
-3.9115570078740158
 30
0
 11
2.6494946456692912
 21
-3.9076224803149606
 31
0
  0
LINE
  5
4B2
330
1B
100
AcDbEntity
  8
B.Cu
  6
CONTINUOUS
100
AcDbLine
 10
2.6494946456692912
 20
-3.9076224803149606
 30
0
 11
2.6489092125984253
 21
-3.9062091732283464
 31
0
  0
LINE
  5
4B3
330
1B
100
AcDbEntity
  8
B.Cu
  6
CONTINUOUS
100
AcDbLine
 10
2.6489092125984253
 20
-3.9062091732283464
 30
0
 11
2.6477799606299213
 21
-3.9005320078740158
 31
0
  0
LINE
  5
4B4
330
1B
100
AcDbEntity
  8
B.Cu
  6
CONTINUOUS
100
AcDbLine
 10
2.6477799606299213
 20
-3.9005320078740158
 30
0
 11
2.6476377952755903
 21
-3.8976377952755903
 31
0
  0
LINE
  5
4B5
330
1B
100
AcDbEntity
  8
B.Cu
  6
CONTINUOUS
100
AcDbLine
 10
2.6476377952755903
 20
-3.8976377952755903
 30
0
 11
2.6476377952755903
 21
-1.8147966929133859
 31
0
  0
LINE
  5
4B6
330
1B
100
AcDbEntity
  8
B.Cu
  6
CONTINUOUS
100
AcDbLine
 10
2.6476377952755903
 20
-1.8147966929133859
 30
0
 11
2.6477799606299213
 21
-1.8119024803149606
 31
0
  0
LINE
  5
4B7
330
1B
100
AcDbEntity
  8
B.Cu
  6
CONTINUOUS
100
AcDbLine
 10
2.6477799606299213
 20
-1.8119024803149606
 30
0
 11
2.6489092125984253
 21
-1.80622531496063
 31
0
  0
LINE
  5
4B8
330
1B
100
AcDbEntity
  8
B.Cu
  6
CONTINUOUS
100
AcDbLine
 10
2.6489092125984253
 20
-1.80622531496063
 30
0
 11
2.6511243700787399
 21
-1.8008775196850393
 31
0
  0
LINE
  5
4B9
330
1B
100
AcDbEntity
  8
B.Cu
  6
CONTINUOUS
100
AcDbLine
 10
2.6511243700787399
 20
-1.8008775196850393
 30
0
 11
2.6511243700787399
 21
-1.8008774803149605
 31
0
  0
LINE
  5
4BA
330
1B
100
AcDbEntity
  8
B.Cu
  6
CONTINUOUS
100
AcDbLine
 10
2.6511243700787399
 20
-1.8008774803149605
 30
0
 11
2.6543402362204724
 21
-1.7960646062992125
 31
0
  0
LINE
  5
4BB
330
1B
100
AcDbEntity
  8
B.Cu
  6
CONTINUOUS
100
AcDbLine
 10
2.6543402362204724
 20
-1.7960646062992125
 30
0
 11
2.6562862204724409
 21
-1.793917559055118
 31
0
  0
LINE
  5
4BC
330
1B
100
AcDbEntity
  8
B.Cu
  6
CONTINUOUS
100
AcDbLine
 10
2.6562862204724409
 20
-1.793917559055118
 30
0
 11
2.7978545669291339
 21
-1.6523492125984252
 31
0
  0
LINE
  5
4BD
330
1B
100
AcDbEntity
  8
B.Cu
  6
CONTINUOUS
100
AcDbLine
 10
2.7978545669291339
 20
-1.6523492125984252
 30
0
 11
2.8000016141732282
 21
-1.6504032283464567
 31
0
  0
LINE
  5
4BE
330
1B
100
AcDbEntity
  8
B.Cu
  6
CONTINUOUS
100
AcDbLine
 10
2.8000016141732282
 20
-1.6504032283464567
 30
0
 11
2.8048144881889763
 21
-1.6471873622047244
 31
0
  0
LINE
  5
4BF
330
1B
100
AcDbEntity
  8
B.Cu
  6
CONTINUOUS
100
AcDbLine
 10
2.8048144881889763
 20
-1.6471873622047244
 30
0
 11
2.8070296456692914
 21
-1.6462698031496064
 31
0
  0
LINE
  5
4C0
330
1B
100
AcDbEntity
  8
B.Cu
  6
CONTINUOUS
100
AcDbLine
 10
2.8070296456692914
 20
-1.6462698031496064
 30
0
 11
2.8101623228346457
 21
-1.6449722047244093
 31
0
  0
LINE
  5
4C1
330
1B
100
AcDbEntity
  8
B.Cu
  6
CONTINUOUS
100
AcDbLine
 10
2.8101623228346457
 20
-1.6449722047244093
 30
0
 11
2.8158394881889763
 21
-1.6438429527559055
 31
0
  0
LINE
  5
4C2
330
1B
100
AcDbEntity
  8
B.Cu
  6
CONTINUOUS
100
AcDbLine
 10
2.8158394881889763
 20
-1.6438429527559055
 30
0
 11
2.8187337007874014
 21
-1.6437007874015748
 31
0
  0
LINE
  5
4C3
330
1B
100
AcDbEntity
  8
B.Cu
  6
CONTINUOUS
100
AcDbLine
 10
2.8187337007874014
 20
-1.6437007874015748
 30
0
 11
3.6614173228346454
 21
-1.6437007874015748
 31
0
  0
LINE
  5
4C4
330
1B
100
AcDbEntity
  8
B.Cu
  6
CONTINUOUS
100
AcDbLine
 10
3.6614173228346454
 20
-1.6437007874015748
 30
0
 11
3.6643115354330709
 21
-1.6438429527559055
 31
0
  0
LINE
  5
4C5
330
1B
100
AcDbEntity
  8
B.Cu
  6
CONTINUOUS
100
AcDbLine
 10
3.6052564173228347
 20
-1.7225831102362203
 30
0
 11
3.6109336220472441
 21
-1.7237124015748031
 31
0
  0
LINE
  5
4C6
330
1B
100
AcDbEntity
  8
B.Cu
  6
CONTINUOUS
100
AcDbLine
 10
3.6109336220472441
 20
-1.7237124015748031
 30
0
 11
3.6162814173228344
 21
-1.7259275196850394
 31
0
  0
LINE
  5
4C7
330
1B
100
AcDbEntity
  8
B.Cu
  6
CONTINUOUS
100
AcDbLine
 10
3.6162814173228344
 20
-1.7259275196850394
 30
0
 11
3.6210942913385824
 21
-1.7291433858267715
 31
0
  0
LINE
  5
4C8
330
1B
100
AcDbEntity
  8
B.Cu
  6
CONTINUOUS
100
AcDbLine
 10
3.6210942913385824
 20
-1.7291433858267715
 30
0
 11
3.6251873228346456
 21
-1.7332364173228345
 31
0
  0
LINE
  5
4C9
330
1B
100
AcDbEntity
  8
B.Cu
  6
CONTINUOUS
100
AcDbLine
 10
3.6251873228346456
 20
-1.7332364173228345
 30
0
 11
3.6284031889763777
 21
-1.7380492913385825
 31
0
  0
LINE
  5
4CA
330
1B
100
AcDbEntity
  8
B.Cu
  6
CONTINUOUS
100
AcDbLine
 10
3.6284031889763777
 20
-1.7380492913385825
 30
0
 11
3.630618307086614
 21
-1.7433970866141733
 31
0
  0
LINE
  5
4CB
330
1B
100
AcDbEntity
  8
B.Cu
  6
CONTINUOUS
100
AcDbLine
 10
3.630618307086614
 20
-1.7433970866141733
 30
0
 11
3.6317475984251968
 21
-1.7490742913385826
 31
0
  0
LINE
  5
4CC
330
1B
100
AcDbEntity
  8
B.Cu
  6
CONTINUOUS
100
AcDbLine
 10
3.6317475984251968
 20
-1.7490742913385826
 30
0
 11
3.6318897637795273
 21
-1.7519685039370079
 31
0
  0
LINE
  5
4CD
330
1B
100
AcDbEntity
  8
B.Cu
  6
CONTINUOUS
100
AcDbLine
 10
3.6318897637795273
 20
-1.7519685039370079
 30
0
 11
3.6318897637795273
 21
-2.6673228346456694
 31
0
  0
LINE
  5
4CE
330
1B
100
AcDbEntity
  8
B.Cu
  6
CONTINUOUS
100
AcDbLine
 10
3.6318897637795273
 20
-2.6673228346456694
 30
0
 11
3.6317475984251968
 21
-2.6702170472440945
 31
0
  0
LINE
  5
4CF
330
1B
100
AcDbEntity
  8
B.Cu
  6
CONTINUOUS
100
AcDbLine
 10
3.6317475984251968
 20
-2.6702170472440945
 30
0
 11
3.6306183464566928
 21
-2.6758942125984251
 31
0
  0
LINE
  5
4D0
330
1B
100
AcDbEntity
  8
B.Cu
  6
CONTINUOUS
100
AcDbLine
 10
3.6306183464566928
 20
-2.6758942125984251
 30
0
 11
3.6296970866141733
 21
-2.6781183070866139
 31
0
  0
LINE
  5
4D1
330
1B
100
AcDbEntity
  8
B.Cu
  6
CONTINUOUS
100
AcDbLine
 10
3.6296970866141733
 20
-2.6781183070866139
 30
0
 11
3.6284031889763777
 21
-2.6812420472440945
 31
0
  0
LINE
  5
4D2
330
1B
100
AcDbEntity
  8
B.Cu
  6
CONTINUOUS
100
AcDbLine
 10
3.6284031889763777
 20
-2.6812420472440945
 30
0
 11
3.6254568897637793
 21
-2.685651496062992
 31
0
  0
LINE
  5
4D3
330
1B
100
AcDbEntity
  8
B.Cu
  6
CONTINUOUS
100
AcDbLine
 10
3.6254568897637793
 20
-2.685651496062992
 30
0
 11
3.6251873228346456
 21
-2.6860549212598426
 31
0
  0
LINE
  5
4D4
330
1B
100
AcDbEntity
  8
B.Cu
  6
CONTINUOUS
100
AcDbLine
 10
3.6251873228346456
 20
-2.6860549212598426
 30
0
 11
3.6232413385826772
 21
-2.6882019685039369
 31
0
  0
LINE
  5
4D5
330
1B
100
AcDbEntity
  8
B.Cu
  6
CONTINUOUS
100
AcDbLine
 10
3.6232413385826772
 20
-2.6882019685039369
 30
0
 11
3.4756035433070864
 21
-2.8358397637795276
 31
0
  0
LINE
  5
4D6
330
1B
100
AcDbEntity
  8
B.Cu
  6
CONTINUOUS
100
AcDbLine
 10
3.4756035433070864
 20
-2.8358397637795276
 30
0
 11
3.4734564960629921
 21
-2.8377857480314961
 31
0
  0
LINE
  5
4D7
330
1B
100
AcDbEntity
  8
B.Cu
  6
CONTINUOUS
100
AcDbLine
 10
3.4734564960629921
 20
-2.8377857480314961
 30
0
 11
3.4686436220472441
 21
-2.8410016141732282
 31
0
  0
LINE
  5
4D8
330
1B
100
AcDbEntity
  8
B.Cu
  6
CONTINUOUS
100
AcDbLine
 10
3.4686436220472441
 20
-2.8410016141732282
 30
0
 11
3.4678614566929133
 21
-2.8413255905511812
 31
0
  0
LINE
  5
4D9
330
1B
100
AcDbEntity
  8
B.Cu
  6
CONTINUOUS
100
AcDbLine
 10
3.4678614566929133
 20
-2.8413255905511812
 30
0
 11
3.4632957874015746
 21
-2.8432167716535433
 31
0
  0
LINE
  5
4DA
330
1B
100
AcDbEntity
  8
B.Cu
  6
CONTINUOUS
100
AcDbLine
 10
3.4632957874015746
 20
-2.8432167716535433
 30
0
 11
3.457618622047244
 21
-2.8443460236220472
 31
0
  0
LINE
  5
4DB
330
1B
100
AcDbEntity
  8
B.Cu
  6
CONTINUOUS
100
AcDbLine
 10
3.457618622047244
 20
-2.8443460236220472
 30
0
 11
3.454724409448819
 21
-2.8444881889763778
 31
0
  0
LINE
  5
4DC
330
1B
100
AcDbEntity
  8
B.Cu
  6
CONTINUOUS
100
AcDbLine
 10
3.454724409448819
 20
-2.8444881889763778
 30
0
 11
3.4448818897637796
 21
-2.8444881889763778
 31
0
  0
LINE
  5
4DD
330
1B
100
AcDbEntity
  8
B.Cu
  6
CONTINUOUS
100
AcDbLine
 10
3.4448818897637796
 20
-2.8444881889763778
 30
0
 11
3.4350393700787403
 21
-2.8444881889763778
 31
0
  0
LINE
  5
4DE
330
1B
100
AcDbEntity
  8
B.Cu
  6
CONTINUOUS
100
AcDbLine
 10
3.4350393700787403
 20
-2.8444881889763778
 30
0
 11
3.4321451574803148
 21
-2.8443460236220472
 31
0
  0
LINE
  5
4DF
330
1B
100
AcDbEntity
  8
B.Cu
  6
CONTINUOUS
100
AcDbLine
 10
3.4321451574803148
 20
-2.8443460236220472
 30
0
 11
3.4264679527559054
 21
-2.8432167322834645
 31
0
  0
LINE
  5
4E0
330
1B
100
AcDbEntity
  8
B.Cu
  6
CONTINUOUS
100
AcDbLine
 10
3.4264679527559054
 20
-2.8432167322834645
 30
0
 11
3.4211201574803147
 21
-2.8410016141732282
 31
0
  0
LINE
  5
4E1
330
1B
100
AcDbEntity
  8
B.Cu
  6
CONTINUOUS
100
AcDbLine
 10
3.4211201574803147
 20
-2.8410016141732282
 30
0
 11
3.4163072834645667
 21
-2.8377857480314961
 31
0
  0
LINE
  5
4E2
330
1B
100
AcDbEntity
  8
B.Cu
  6
CONTINUOUS
100
AcDbLine
 10
3.4163072834645667
 20
-2.8377857480314961
 30
0
 11
3.4122142519685039
 21
-2.8336927165354329
 31
0
  0
LINE
  5
4E3
330
1B
100
AcDbEntity
  8
B.Cu
  6
CONTINUOUS
100
AcDbLine
 10
3.4122142519685039
 20
-2.8336927165354329
 30
0
 11
3.4089983858267714
 21
-2.8288798425196848
 31
0
  0
LINE
  5
4E4
330
1B
100
AcDbEntity
  8
B.Cu
  6
CONTINUOUS
100
AcDbLine
 10
3.4089983858267714
 20
-2.8288798425196848
 30
0
 11
3.4067832677165355
 21
-2.8235320472440946
 31
0
  0
LINE
  5
4E5
330
1B
100
AcDbEntity
  8
B.Cu
  6
CONTINUOUS
100
AcDbLine
 10
3.4067832677165355
 20
-2.8235320472440946
 30
0
 11
3.4056539763779528
 21
-2.8178548425196848
 31
0
  0
LINE
  5
4E6
330
1B
100
AcDbEntity
  8
B.Cu
  6
CONTINUOUS
100
AcDbLine
 10
3.4056539763779528
 20
-2.8178548425196848
 30
0
 11
3.4056539763779528
 21
-2.8120664173228347
 31
0
  0
LINE
  5
4E7
330
1B
100
AcDbEntity
  8
B.Cu
  6
CONTINUOUS
100
AcDbLine
 10
3.4056539763779528
 20
-2.8120664173228347
 30
0
 11
3.4067832677165355
 21
-2.8063892125984253
 31
0
  0
LINE
  5
4E8
330
1B
100
AcDbEntity
  8
B.Cu
  6
CONTINUOUS
100
AcDbLine
 10
3.4067832677165355
 20
-2.8063892125984253
 30
0
 11
3.4089983858267714
 21
-2.8010414173228346
 31
0
  0
LINE
  5
4E9
330
1B
100
AcDbEntity
  8
B.Cu
  6
CONTINUOUS
100
AcDbLine
 10
3.4089983858267714
 20
-2.8010414173228346
 30
0
 11
3.4122142519685039
 21
-2.7962285433070866
 31
0
  0
LINE
  5
4EA
330
1B
100
AcDbEntity
  8
B.Cu
  6
CONTINUOUS
100
AcDbLine
 10
3.4122142519685039
 20
-2.7962285433070866
 30
0
 11
3.4163072834645667
 21
-2.7921355118110234
 31
0
  0
LINE
  5
4EB
330
1B
100
AcDbEntity
  8
B.Cu
  6
CONTINUOUS
100
AcDbLine
 10
3.4163072834645667
 20
-2.7921355118110234
 30
0
 11
3.4211201574803147
 21
-2.7889196456692913
 31
0
  0
LINE
  5
4EC
330
1B
100
AcDbEntity
  8
B.Cu
  6
CONTINUOUS
100
AcDbLine
 10
3.4211201574803147
 20
-2.7889196456692913
 30
0
 11
3.4264679527559054
 21
-2.786704527559055
 31
0
  0
LINE
  5
4ED
330
1B
100
AcDbEntity
  8
B.Cu
  6
CONTINUOUS
100
AcDbLine
 10
3.4264679527559054
 20
-2.786704527559055
 30
0
 11
3.4321451574803148
 21
-2.7855752362204722
 31
0
  0
LINE
  5
4EE
330
1B
100
AcDbEntity
  8
B.Cu
  6
CONTINUOUS
100
AcDbLine
 10
3.4321451574803148
 20
-2.7855752362204722
 30
0
 11
3.4350393700787403
 21
-2.7854330708661417
 31
0
  0
LINE
  5
4EF
330
1B
100
AcDbEntity
  8
B.Cu
  6
CONTINUOUS
100
AcDbLine
 10
3.4350393700787403
 20
-2.7854330708661417
 30
0
 11
3.4424937007874017
 21
-2.7854330708661417
 31
0
  0
LINE
  5
4F0
330
1B
100
AcDbEntity
  8
B.Cu
  6
CONTINUOUS
100
AcDbLine
 10
3.4424937007874017
 20
-2.7854330708661417
 30
0
 11
3.5728346456692912
 21
-2.6550921259842517
 31
0
  0
LINE
  5
4F1
330
1B
100
AcDbEntity
  8
B.Cu
  6
CONTINUOUS
100
AcDbLine
 10
3.5728346456692912
 20
-2.6550921259842517
 30
0
 11
3.5728346456692912
 21
-1.7814960629921259
 31
0
  0
LINE
  5
4F2
330
1B
100
AcDbEntity
  8
B.Cu
  6
CONTINUOUS
100
AcDbLine
 10
3.5728346456692912
 20
-1.7814960629921259
 30
0
 11
2.8468763779527557
 21
-1.7814960629921259
 31
0
  0
LINE
  5
4F3
330
1B
100
AcDbEntity
  8
B.Cu
  6
CONTINUOUS
100
AcDbLine
 10
2.8468763779527557
 20
-1.7814960629921259
 30
0
 11
2.7854330708661417
 21
-1.8429393700787402
 31
0
  0
LINE
  5
4F4
330
1B
100
AcDbEntity
  8
B.Cu
  6
CONTINUOUS
100
AcDbLine
 10
2.7854330708661417
 20
-1.8429393700787402
 30
0
 11
2.7854330708661417
 21
-3.3932811023622045
 31
0
  0
LINE
  5
4F5
330
1B
100
AcDbEntity
  8
B.Cu
  6
CONTINUOUS
100
AcDbLine
 10
2.7854330708661417
 20
-3.3932811023622045
 30
0
 11
2.9145799212598424
 21
-3.5224279527559053
 31
0
  0
LINE
  5
4F6
330
1B
100
AcDbEntity
  8
B.Cu
  6
CONTINUOUS
100
AcDbLine
 10
2.9145799212598424
 20
-3.5224279527559053
 30
0
 11
2.9165259055118109
 21
-3.5245749606299213
 31
0
  0
LINE
  5
4F7
330
1B
100
AcDbEntity
  8
B.Cu
  6
CONTINUOUS
100
AcDbLine
 10
2.9165259055118109
 20
-3.5245749606299213
 30
0
 11
2.9181338188976378
 21
-3.5269814173228347
 31
0
  0
LINE
  5
4F8
330
1B
100
AcDbEntity
  8
B.Cu
  6
CONTINUOUS
100
AcDbLine
 10
2.9181338188976378
 20
-3.5269814173228347
 30
0
 11
2.9197417716535434
 21
-3.5293878740157481
 31
0
  0
LINE
  5
4F9
330
1B
100
AcDbEntity
  8
B.Cu
  6
CONTINUOUS
100
AcDbLine
 10
2.9197417716535434
 20
-3.5293878740157481
 30
0
 11
2.9219568897637793
 21
-3.5347356692913383
 31
0
  0
LINE
  5
4FA
330
1B
100
AcDbEntity
  8
B.Cu
  6
CONTINUOUS
100
AcDbLine
 10
2.9219568897637793
 20
-3.5347356692913383
 30
0
 11
2.9230861811023621
 21
-3.5404128740157481
 31
0
  0
LINE
  5
4FB
330
1B
100
AcDbEntity
  8
B.Cu
  6
CONTINUOUS
100
AcDbLine
 10
2.9230861811023621
 20
-3.5404128740157481
 30
0
 11
2.923228346456693
 21
-3.5433070866141732
 31
0
  0
LINE
  5
4FC
330
1B
100
AcDbEntity
  8
B.Cu
  6
CONTINUOUS
100
AcDbLine
 10
2.923228346456693
 20
-3.5433070866141732
 30
0
 11
2.923228346456693
 21
-3.7549212598425195
 31
0
  0
LINE
  5
4FD
330
1B
100
AcDbEntity
  8
B.Cu
  6
CONTINUOUS
100
AcDbLine
 10
2.923228346456693
 20
-3.7549212598425195
 30
0
 11
2.923228346456693
 21
-3.8041338582677167
 31
0
  0
LINE
  5
4FE
330
1B
100
AcDbEntity
  8
B.Cu
  6
CONTINUOUS
100
AcDbLine
 10
2.923228346456693
 20
-3.8041338582677167
 30
0
 11
2.9226145669291337
 21
-3.8083464960629922
 31
0
  0
LINE
  5
4FF
330
1B
100
AcDbEntity
  8
B.Cu
  6
CONTINUOUS
100
AcDbLine
 10
2.9226145669291337
 20
-3.8083464960629922
 30
0
 11
2.9204800393700787
 21
-3.8127127559055118
 31
0
  0
LINE
  5
500
330
1B
100
AcDbEntity
  8
B.Cu
  6
CONTINUOUS
100
AcDbLine
 10
2.9204800393700787
 20
-3.8127127559055118
 30
0
 11
2.917043464566929
 21
-3.8161493307086611
 31
0
  0
LINE
  5
501
330
1B
100
AcDbEntity
  8
B.Cu
  6
CONTINUOUS
100
AcDbLine
 10
2.917043464566929
 20
-3.8161493307086611
 30
0
 11
2.9126772047244094
 21
-3.8182838582677165
 31
0
  0
LINE
  5
502
330
1B
100
AcDbEntity
  8
B.Cu
  6
CONTINUOUS
100
AcDbLine
 10
2.9126772047244094
 20
-3.8182838582677165
 30
0
 11
2.9084645669291338
 21
-3.8188976377952755
 31
0
  0
LINE
  5
503
330
1B
100
AcDbEntity
  8
B.Cu
  6
CONTINUOUS
100
AcDbLine
 10
2.9084645669291338
 20
-3.8188976377952755
 30
0
 11
2.8789370078740157
 21
-3.8188976377952755
 31
0
  0
LINE
  5
504
330
1B
100
AcDbEntity
  8
B.Cu
  6
CONTINUOUS
100
AcDbLine
 10
2.8789370078740157
 20
-3.8188976377952755
 30
0
 11
2.8747243700787402
 21
-3.8182838582677165
 31
0
  0
LINE
  5
505
330
1B
100
AcDbEntity
  8
B.Cu
  6
CONTINUOUS
100
AcDbLine
 10
2.8747243700787402
 20
-3.8182838582677165
 30
0
 11
2.8703581102362206
 21
-3.8161493307086611
 31
0
  0
LINE
  5
506
330
1B
100
AcDbEntity
  8
B.Cu
  6
CONTINUOUS
100
AcDbLine
 10
2.8703581102362206
 20
-3.8161493307086611
 30
0
 11
2.8669215354330708
 21
-3.8127127559055118
 31
0
  0
LINE
  5
507
330
1B
100
AcDbEntity
  8
B.Cu
  6
CONTINUOUS
100
AcDbLine
 10
2.8669215354330708
 20
-3.8127127559055118
 30
0
 11
2.8647870078740159
 21
-3.8083464960629922
 31
0
  0
LINE
  5
508
330
1B
100
AcDbEntity
  8
B.Cu
  6
CONTINUOUS
100
AcDbLine
 10
2.8647870078740159
 20
-3.8083464960629922
 30
0
 11
2.8641732283464565
 21
-3.8041338582677167
 31
0
  0
LINE
  5
509
330
1B
100
AcDbEntity
  8
B.Cu
  6
CONTINUOUS
100
AcDbLine
 10
2.8641732283464565
 20
-3.8041338582677167
 30
0
 11
2.8641732283464565
 21
-3.7549212598425195
 31
0
  0
LINE
  5
50A
330
1B
100
AcDbEntity
  8
B.Cu
  6
CONTINUOUS
100
AcDbLine
 10
2.8641732283464565
 20
-3.7549212598425195
 30
0
 11
2.8641732283464565
 21
-3.5555377952755904
 31
0
  0
LINE
  5
50B
330
1B
100
AcDbEntity
  8
B.Cu
  6
CONTINUOUS
100
AcDbLine
 10
2.8641732283464565
 20
-3.5555377952755904
 30
0
 11
2.7350263779527557
 21
-3.4263909448818897
 31
0
  0
LINE
  5
50C
330
1B
100
AcDbEntity
  8
B.Cu
  6
CONTINUOUS
100
AcDbLine
 10
2.7350263779527557
 20
-3.4263909448818897
 30
0
 11
2.7330803937007873
 21
-3.4242438976377954
 31
0
  0
LINE
  5
50D
330
1B
100
AcDbEntity
  8
B.Cu
  6
CONTINUOUS
100
AcDbLine
 10
2.7330803937007873
 20
-3.4242438976377954
 30
0
 11
2.7304288582677163
 21
-3.420275590551181
 31
0
  0
LINE
  5
50E
330
1B
100
AcDbEntity
  8
B.Cu
  6
CONTINUOUS
100
AcDbLine
 10
2.7304288582677163
 20
-3.420275590551181
 30
0
 11
2.7298645275590552
 21
-3.4194310236220473
 31
0
  0
LINE
  5
50F
330
1B
100
AcDbEntity
  8
B.Cu
  6
CONTINUOUS
100
AcDbLine
 10
2.7298645275590552
 20
-3.4194310236220473
 30
0
 11
2.7278231496062992
 21
-3.4145026771653542
 31
0
  0
LINE
  5
510
330
1B
100
AcDbEntity
  8
B.Cu
  6
CONTINUOUS
100
AcDbLine
 10
2.7278231496062992
 20
-3.4145026771653542
 30
0
 11
2.7276493700787401
 21
-3.4140831889763779
 31
0
  0
LINE
  5
511
330
1B
100
AcDbEntity
  8
B.Cu
  6
CONTINUOUS
100
AcDbLine
 10
2.7276493700787401
 20
-3.4140831889763779
 30
0
 11
2.7265201181102361
 21
-3.4084060236220473
 31
0
  0
LINE
  5
512
330
1B
100
AcDbEntity
  8
B.Cu
  6
CONTINUOUS
100
AcDbLine
 10
2.7265201181102361
 20
-3.4084060236220473
 30
0
 11
2.7263779527559056
 21
-3.4055118110236218
 31
0
  0
LINE
  5
513
330
1B
100
AcDbEntity
  8
B.Cu
  6
CONTINUOUS
100
AcDbLine
 10
2.7263779527559056
 20
-3.4055118110236218
 30
0
 11
2.7263779527559056
 21
-1.8307086614173227
 31
0
  0
LINE
  5
514
330
1B
100
AcDbEntity
  8
B.Cu
  6
CONTINUOUS
100
AcDbLine
 10
2.7263779527559056
 20
-1.8307086614173227
 30
0
 11
2.7265201181102361
 21
-1.8278144488188977
 31
0
  0
LINE
  5
515
330
1B
100
AcDbEntity
  8
B.Cu
  6
CONTINUOUS
100
AcDbLine
 10
2.7265201181102361
 20
-1.8278144488188977
 30
0
 11
2.7274045669291338
 21
-1.8233680708661417
 31
0
  0
LINE
  5
516
330
1B
100
AcDbEntity
  8
B.Cu
  6
CONTINUOUS
100
AcDbLine
 10
2.7274045669291338
 20
-1.8233680708661417
 30
0
 11
2.7276493700787401
 21
-1.8221372834645668
 31
0
  0
LINE
  5
517
330
1B
100
AcDbEntity
  8
B.Cu
  6
CONTINUOUS
100
AcDbLine
 10
2.7276493700787401
 20
-1.8221372834645668
 30
0
 11
2.7298645275590552
 21
-1.8167894881889763
 31
0
  0
LINE
  5
518
330
1B
100
AcDbEntity
  8
B.Cu
  6
CONTINUOUS
100
AcDbLine
 10
2.7298645275590552
 20
-1.8167894881889763
 30
0
 11
2.7298645275590552
 21
-1.8167894488188976
 31
0
  0
LINE
  5
519
330
1B
100
AcDbEntity
  8
B.Cu
  6
CONTINUOUS
100
AcDbLine
 10
2.7298645275590552
 20
-1.8167894488188976
 30
0
 11
2.7330803937007873
 21
-1.8119765748031496
 31
0
  0
LINE
  5
51A
330
1B
100
AcDbEntity
  8
B.Cu
  6
CONTINUOUS
100
AcDbLine
 10
2.7330803937007873
 20
-1.8119765748031496
 30
0
 11
2.7350263779527557
 21
-1.809829527559055
 31
0
  0
LINE
  5
51B
330
1B
100
AcDbEntity
  8
B.Cu
  6
CONTINUOUS
100
AcDbLine
 10
2.7350263779527557
 20
-1.809829527559055
 30
0
 11
2.813766535433071
 21
-1.7310893700787402
 31
0
  0
LINE
  5
51C
330
1B
100
AcDbEntity
  8
B.Cu
  6
CONTINUOUS
100
AcDbLine
 10
2.813766535433071
 20
-1.7310893700787402
 30
0
 11
2.8159135826771653
 21
-1.7291433858267715
 31
0
  0
LINE
  5
51D
330
1B
100
AcDbEntity
  8
B.Cu
  6
CONTINUOUS
100
AcDbLine
 10
2.8159135826771653
 20
-1.7291433858267715
 30
0
 11
2.8207264566929133
 21
-1.7259275196850394
 31
0
  0
LINE
  5
51E
330
1B
100
AcDbEntity
  8
B.Cu
  6
CONTINUOUS
100
AcDbLine
 10
2.8207264566929133
 20
-1.7259275196850394
 30
0
 11
2.8229416141732284
 21
-1.7250099606299212
 31
0
  0
LINE
  5
51F
330
1B
100
AcDbEntity
  8
B.Cu
  6
CONTINUOUS
100
AcDbLine
 10
2.8229416141732284
 20
-1.7250099606299212
 30
0
 11
2.8260742913385828
 21
-1.7237123622047243
 31
0
  0
LINE
  5
520
330
1B
100
AcDbEntity
  8
B.Cu
  6
CONTINUOUS
100
AcDbLine
 10
2.8260742913385828
 20
-1.7237123622047243
 30
0
 11
2.8317514566929134
 21
-1.7225831102362203
 31
0
  0
LINE
  5
521
330
1B
100
AcDbEntity
  8
B.Cu
  6
CONTINUOUS
100
AcDbLine
 10
2.8317514566929134
 20
-1.7225831102362203
 30
0
 11
2.8346456692913384
 21
-1.7224409448818898
 31
0
  0
LINE
  5
522
330
1B
100
AcDbEntity
  8
B.Cu
  6
CONTINUOUS
100
AcDbLine
 10
2.8346456692913384
 20
-1.7224409448818898
 30
0
 11
3.6023622047244093
 21
-1.7224409448818898
 31
0
  0
LINE
  5
523
330
1B
100
AcDbEntity
  8
B.Cu
  6
CONTINUOUS
100
AcDbLine
 10
3.6023622047244093
 20
-1.7224409448818898
 30
0
 11
3.6052564173228347
 21
-1.7225831102362203
 31
0
  0
LINE
  5
524
330
1B
100
AcDbEntity
  8
B.Cu
  6
CONTINUOUS
100
AcDbLine
 10
5.4788460236220473
 20
-2.3323491732283466
 30
0
 11
5.4804949606299207
 21
-2.3326771653543306
 31
0
  0
LINE
  5
525
330
1B
100
AcDbEntity
  8
B.Cu
  6
CONTINUOUS
100
AcDbLine
 10
5.4804949606299207
 20
-2.3326771653543306
 30
0
 11
5.8267716535433074
 21
-2.3326771653543306
 31
0
  0
LINE
  5
526
330
1B
100
AcDbEntity
  8
B.Cu
  6
CONTINUOUS
100
AcDbLine
 10
5.8267716535433074
 20
-2.3326771653543306
 30
0
 11
5.829665866141732
 21
-2.3328193307086615
 31
0
  0
LINE
  5
527
330
1B
100
AcDbEntity
  8
B.Cu
  6
CONTINUOUS
100
AcDbLine
 10
5.829665866141732
 20
-2.3328193307086615
 30
0
 11
5.8353430314960626
 21
-2.3339485826771651
 31
0
  0
LINE
  5
528
330
1B
100
AcDbEntity
  8
B.Cu
  6
CONTINUOUS
100
AcDbLine
 10
5.8353430314960626
 20
-2.3339485826771651
 30
0
 11
5.8384757086614174
 21
-2.3352461811023622
 31
0
  0
LINE
  5
529
330
1B
100
AcDbEntity
  8
B.Cu
  6
CONTINUOUS
100
AcDbLine
 10
5.8384757086614174
 20
-2.3352461811023622
 30
0
 11
5.8406908661417321
 21
-2.3361637401574802
 31
0
  0
LINE
  5
52A
330
1B
100
AcDbEntity
  8
B.Cu
  6
CONTINUOUS
100
AcDbLine
 10
5.8406908661417321
 20
-2.3361637401574802
 30
0
 11
5.8455037401574801
 21
-2.3393796062992127
 31
0
  0
LINE
  5
52B
330
1B
100
AcDbEntity
  8
B.Cu
  6
CONTINUOUS
100
AcDbLine
 10
5.8455037401574801
 20
-2.3393796062992127
 30
0
 11
5.8476507874015748
 21
-2.3413255905511812
 31
0
  0
LINE
  5
52C
330
1B
100
AcDbEntity
  8
B.Cu
  6
CONTINUOUS
100
AcDbLine
 10
5.8476507874015748
 20
-2.3413255905511812
 30
0
 11
5.9460759842519684
 21
-2.4397507874015747
 31
0
  0
LINE
  5
52D
330
1B
100
AcDbEntity
  8
B.Cu
  6
CONTINUOUS
100
AcDbLine
 10
5.9460759842519684
 20
-2.4397507874015747
 30
0
 11
5.9480219685039373
 21
-2.4418978346456695
 31
0
  0
LINE
  5
52E
330
1B
100
AcDbEntity
  8
B.Cu
  6
CONTINUOUS
100
AcDbLine
 10
5.9480219685039373
 20
-2.4418978346456695
 30
0
 11
5.9512378346456689
 21
-2.4467107086614175
 31
0
  0
LINE
  5
52F
330
1B
100
AcDbEntity
  8
B.Cu
  6
CONTINUOUS
100
AcDbLine
 10
5.9512378346456689
 20
-2.4467107086614175
 30
0
 11
5.9512378346456689
 21
-2.4467107480314958
 31
0
  0
LINE
  5
530
330
1B
100
AcDbEntity
  8
B.Cu
  6
CONTINUOUS
100
AcDbLine
 10
5.9512378346456689
 20
-2.4467107480314958
 30
0
 11
5.9534529921259844
 21
-2.4520585433070865
 31
0
  0
LINE
  5
531
330
1B
100
AcDbEntity
  8
B.Cu
  6
CONTINUOUS
100
AcDbLine
 10
5.9534529921259844
 20
-2.4520585433070865
 30
0
 11
5.9537389370078735
 21
-2.4534961811023623
 31
0
  0
LINE
  5
532
330
1B
100
AcDbEntity
  8
B.Cu
  6
CONTINUOUS
100
AcDbLine
 10
5.9537389370078735
 20
-2.4534961811023623
 30
0
 11
5.954582244094488
 21
-2.4577357086614171
 31
0
  0
LINE
  5
533
330
1B
100
AcDbEntity
  8
B.Cu
  6
CONTINUOUS
100
AcDbLine
 10
5.954582244094488
 20
-2.4577357086614171
 30
0
 11
5.9547244094488185
 21
-2.4606299212598426
 31
0
  0
LINE
  5
534
330
1B
100
AcDbEntity
  8
B.Cu
  6
CONTINUOUS
100
AcDbLine
 10
5.9547244094488185
 20
-2.4606299212598426
 30
0
 11
5.9547244094488185
 21
-3.2161157480314961
 31
0
  0
LINE
  5
535
330
1B
100
AcDbEntity
  8
B.Cu
  6
CONTINUOUS
100
AcDbLine
 10
5.9547244094488185
 20
-3.2161157480314961
 30
0
 11
6.4886086614173228
 21
-3.75
 31
0
  0
LINE
  5
536
330
1B
100
AcDbEntity
  8
B.Cu
  6
CONTINUOUS
100
AcDbLine
 10
6.4886086614173228
 20
-3.75
 30
0
 11
6.5551181102362204
 21
-3.75
 31
0
  0
LINE
  5
537
330
1B
100
AcDbEntity
  8
B.Cu
  6
CONTINUOUS
100
AcDbLine
 10
6.5551181102362204
 20
-3.75
 30
0
 11
6.5649606299212593
 21
-3.75
 31
0
  0
LINE
  5
538
330
1B
100
AcDbEntity
  8
B.Cu
  6
CONTINUOUS
100
AcDbLine
 10
6.5649606299212593
 20
-3.75
 30
0
 11
6.5678548425196848
 21
-3.7501421653543305
 31
0
  0
LINE
  5
539
330
1B
100
AcDbEntity
  8
B.Cu
  6
CONTINUOUS
100
AcDbLine
 10
6.5678548425196848
 20
-3.7501421653543305
 30
0
 11
6.5735320472440941
 21
-3.7512714566929133
 31
0
  0
LINE
  5
53A
330
1B
100
AcDbEntity
  8
B.Cu
  6
CONTINUOUS
100
AcDbLine
 10
6.5735320472440941
 20
-3.7512714566929133
 30
0
 11
6.5788798425196848
 21
-3.7534865748031496
 31
0
  0
LINE
  5
53B
330
1B
100
AcDbEntity
  8
B.Cu
  6
CONTINUOUS
100
AcDbLine
 10
6.5788798425196848
 20
-3.7534865748031496
 30
0
 11
6.5836927165354329
 21
-3.7567024409448817
 31
0
  0
LINE
  5
53C
330
1B
100
AcDbEntity
  8
B.Cu
  6
CONTINUOUS
100
AcDbLine
 10
6.5836927165354329
 20
-3.7567024409448817
 30
0
 11
6.5877857480314956
 21
-3.7607954724409449
 31
0
  0
LINE
  5
53D
330
1B
100
AcDbEntity
  8
B.Cu
  6
CONTINUOUS
100
AcDbLine
 10
6.5877857480314956
 20
-3.7607954724409449
 30
0
 11
6.5910016141732282
 21
-3.765608346456693
 31
0
  0
LINE
  5
53E
330
1B
100
AcDbEntity
  8
B.Cu
  6
CONTINUOUS
100
AcDbLine
 10
6.5910016141732282
 20
-3.765608346456693
 30
0
 11
6.5932167322834641
 21
-3.7709561417322832
 31
0
  0
LINE
  5
53F
330
1B
100
AcDbEntity
  8
B.Cu
  6
CONTINUOUS
100
AcDbLine
 10
6.5932167322834641
 20
-3.7709561417322832
 30
0
 11
6.5943460236220472
 21
-3.776633346456693
 31
0
  0
LINE
  5
540
330
1B
100
AcDbEntity
  8
B.Cu
  6
CONTINUOUS
100
AcDbLine
 10
6.5943460236220472
 20
-3.776633346456693
 30
0
 11
6.5943460236220472
 21
-3.7824217716535431
 31
0
  0
LINE
  5
541
330
1B
100
AcDbEntity
  8
B.Cu
  6
CONTINUOUS
100
AcDbLine
 10
6.5943460236220472
 20
-3.7824217716535431
 30
0
 11
6.5932167322834641
 21
-3.7880989763779525
 31
0
  0
LINE
  5
542
330
1B
100
AcDbEntity
  8
B.Cu
  6
CONTINUOUS
100
AcDbLine
 10
6.5932167322834641
 20
-3.7880989763779525
 30
0
 11
6.5910016141732282
 21
-3.7934467716535432
 31
0
  0
LINE
  5
543
330
1B
100
AcDbEntity
  8
B.Cu
  6
CONTINUOUS
100
AcDbLine
 10
6.5910016141732282
 20
-3.7934467716535432
 30
0
 11
6.5877857480314956
 21
-3.7982596456692912
 31
0
  0
LINE
  5
544
330
1B
100
AcDbEntity
  8
B.Cu
  6
CONTINUOUS
100
AcDbLine
 10
6.5877857480314956
 20
-3.7982596456692912
 30
0
 11
6.5836927165354329
 21
-3.8023526771653544
 31
0
  0
LINE
  5
545
330
1B
100
AcDbEntity
  8
B.Cu
  6
CONTINUOUS
100
AcDbLine
 10
6.5836927165354329
 20
-3.8023526771653544
 30
0
 11
6.5788798425196848
 21
-3.8055685433070865
 31
0
  0
LINE
  5
546
330
1B
100
AcDbEntity
  8
B.Cu
  6
CONTINUOUS
100
AcDbLine
 10
6.5788798425196848
 20
-3.8055685433070865
 30
0
 11
6.5735320472440941
 21
-3.8077836614173228
 31
0
  0
LINE
  5
547
330
1B
100
AcDbEntity
  8
B.Cu
  6
CONTINUOUS
100
AcDbLine
 10
6.5735320472440941
 20
-3.8077836614173228
 30
0
 11
6.5678548425196848
 21
-3.8089129527559056
 31
0
  0
LINE
  5
548
330
1B
100
AcDbEntity
  8
B.Cu
  6
CONTINUOUS
100
AcDbLine
 10
6.5678548425196848
 20
-3.8089129527559056
 30
0
 11
6.5649606299212593
 21
-3.8090551181102361
 31
0
  0
LINE
  5
549
330
1B
100
AcDbEntity
  8
B.Cu
  6
CONTINUOUS
100
AcDbLine
 10
6.5649606299212593
 20
-3.8090551181102361
 30
0
 11
6.5452755905511806
 21
-3.8090551181102361
 31
0
  0
LINE
  5
54A
330
1B
100
AcDbEntity
  8
B.Cu
  6
CONTINUOUS
100
AcDbLine
 10
6.5452755905511806
 20
-3.8090551181102361
 30
0
 11
6.4763779527559056
 21
-3.8090551181102361
 31
0
  0
LINE
  5
54B
330
1B
100
AcDbEntity
  8
B.Cu
  6
CONTINUOUS
100
AcDbLine
 10
6.4763779527559056
 20
-3.8090551181102361
 30
0
 11
6.4734837401574801
 21
-3.8089129527559056
 31
0
  0
LINE
  5
54C
330
1B
100
AcDbEntity
  8
B.Cu
  6
CONTINUOUS
100
AcDbLine
 10
6.4734837401574801
 20
-3.8089129527559056
 30
0
 11
6.4678065748031495
 21
-3.8077837007874016
 31
0
  0
LINE
  5
54D
330
1B
100
AcDbEntity
  8
B.Cu
  6
CONTINUOUS
100
AcDbLine
 10
6.4678065748031495
 20
-3.8077837007874016
 30
0
 11
6.4646738976377955
 21
-3.8064860629921258
 31
0
  0
LINE
  5
54E
330
1B
100
AcDbEntity
  8
B.Cu
  6
CONTINUOUS
100
AcDbLine
 10
6.4646738976377955
 20
-3.8064860629921258
 30
0
 11
6.46245874015748
 21
-3.8055685433070865
 31
0
  0
LINE
  5
54F
330
1B
100
AcDbEntity
  8
B.Cu
  6
CONTINUOUS
100
AcDbLine
 10
6.46245874015748
 20
-3.8055685433070865
 30
0
 11
6.457645866141732
 21
-3.8023526771653544
 31
0
  0
LINE
  5
550
330
1B
100
AcDbEntity
  8
B.Cu
  6
CONTINUOUS
100
AcDbLine
 10
6.457645866141732
 20
-3.8023526771653544
 30
0
 11
6.4554988188976372
 21
-3.800406692913386
 31
0
  0
LINE
  5
551
330
1B
100
AcDbEntity
  8
B.Cu
  6
CONTINUOUS
100
AcDbLine
 10
6.4554988188976372
 20
-3.800406692913386
 30
0
 11
5.9043177165354326
 21
-3.2492255905511809
 31
0
  0
LINE
  5
552
330
1B
100
AcDbEntity
  8
B.Cu
  6
CONTINUOUS
100
AcDbLine
 10
5.9043177165354326
 20
-3.2492255905511809
 30
0
 11
5.9023717322834646
 21
-3.2470785433070866
 31
0
  0
LINE
  5
553
330
1B
100
AcDbEntity
  8
B.Cu
  6
CONTINUOUS
100
AcDbLine
 10
5.9023717322834646
 20
-3.2470785433070866
 30
0
 11
5.899155866141732
 21
-3.2422656692913385
 31
0
  0
LINE
  5
554
330
1B
100
AcDbEntity
  8
B.Cu
  6
CONTINUOUS
100
AcDbLine
 10
5.899155866141732
 20
-3.2422656692913385
 30
0
 11
5.8979604330708657
 21
-3.2393796062992126
 31
0
  0
LINE
  5
555
330
1B
100
AcDbEntity
  8
B.Cu
  6
CONTINUOUS
100
AcDbLine
 10
5.8979604330708657
 20
-3.2393796062992126
 30
0
 11
5.8969407086614174
 21
-3.2369178346456691
 31
0
  0
LINE
  5
556
330
1B
100
AcDbEntity
  8
B.Cu
  6
CONTINUOUS
100
AcDbLine
 10
5.8969407086614174
 20
-3.2369178346456691
 30
0
 11
5.895811456692913
 21
-3.2312406692913385
 31
0
  0
LINE
  5
557
330
1B
100
AcDbEntity
  8
B.Cu
  6
CONTINUOUS
100
AcDbLine
 10
5.895811456692913
 20
-3.2312406692913385
 30
0
 11
5.8956692913385824
 21
-3.2283464566929134
 31
0
  0
LINE
  5
558
330
1B
100
AcDbEntity
  8
B.Cu
  6
CONTINUOUS
100
AcDbLine
 10
5.8956692913385824
 20
-3.2283464566929134
 30
0
 11
5.8956692913385824
 21
-2.4728606299212599
 31
0
  0
LINE
  5
559
330
1B
100
AcDbEntity
  8
B.Cu
  6
CONTINUOUS
100
AcDbLine
 10
5.8956692913385824
 20
-2.4728606299212599
 30
0
 11
5.8145409448818892
 21
-2.3917322834645667
 31
0
  0
LINE
  5
55A
330
1B
100
AcDbEntity
  8
B.Cu
  6
CONTINUOUS
100
AcDbLine
 10
5.8145409448818892
 20
-2.3917322834645667
 30
0
 11
5.4804949606299207
 21
-2.3917322834645667
 31
0
  0
LINE
  5
55B
330
1B
100
AcDbEntity
  8
B.Cu
  6
CONTINUOUS
100
AcDbLine
 10
5.4804949606299207
 20
-2.3917322834645667
 30
0
 11
5.4788460236220473
 21
-2.3920602755905511
 31
0
  0
LINE
  5
55C
330
1B
100
AcDbEntity
  8
B.Cu
  6
CONTINUOUS
100
AcDbLine
 10
5.4788460236220473
 20
-2.3920602755905511
 30
0
 11
5.4759055118110238
 21
-2.3922047244094489
 31
0
  0
LINE
  5
55D
330
1B
100
AcDbEntity
  8
B.Cu
  6
CONTINUOUS
100
AcDbLine
 10
5.4759055118110238
 20
-2.3922047244094489
 30
0
 11
5.4611023622047243
 21
-2.3922047244094489
 31
0
  0
LINE
  5
55E
330
1B
100
AcDbEntity
  8
B.Cu
  6
CONTINUOUS
100
AcDbLine
 10
5.4611023622047243
 20
-2.3922047244094489
 30
0
 11
5.4581618503937008
 21
-2.3920602755905511
 31
0
  0
LINE
  5
55F
330
1B
100
AcDbEntity
  8
B.Cu
  6
CONTINUOUS
100
AcDbLine
 10
5.4581618503937008
 20
-2.3920602755905511
 30
0
 11
5.4523938188976375
 21
-2.3909129527559054
 31
0
  0
LINE
  5
560
330
1B
100
AcDbEntity
  8
B.Cu
  6
CONTINUOUS
100
AcDbLine
 10
5.4523938188976375
 20
-2.3909129527559054
 30
0
 11
5.4469604724409448
 21
-2.3886623622047245
 31
0
  0
LINE
  5
561
330
1B
100
AcDbEntity
  8
B.Cu
  6
CONTINUOUS
100
AcDbLine
 10
5.4469604724409448
 20
-2.3886623622047245
 30
0
 11
5.4420705511811018
 21
-2.3853950393700787
 31
0
  0
LINE
  5
562
330
1B
100
AcDbEntity
  8
B.Cu
  6
CONTINUOUS
100
AcDbLine
 10
5.4420705511811018
 20
-2.3853950393700787
 30
0
 11
5.4379120472440947
 21
-2.3812365354330707
 31
0
  0
LINE
  5
563
330
1B
100
AcDbEntity
  8
B.Cu
  6
CONTINUOUS
100
AcDbLine
 10
5.4379120472440947
 20
-2.3812365354330707
 30
0
 11
5.4346447244094485
 21
-2.3763466141732281
 31
0
  0
LINE
  5
564
330
1B
100
AcDbEntity
  8
B.Cu
  6
CONTINUOUS
100
AcDbLine
 10
5.4346447244094485
 20
-2.3763466141732281
 30
0
 11
5.432394133858268
 21
-2.3709132677165354
 31
0
  0
LINE
  5
565
330
1B
100
AcDbEntity
  8
B.Cu
  6
CONTINUOUS
100
AcDbLine
 10
5.432394133858268
 20
-2.3709132677165354
 30
0
 11
5.4312468110236223
 21
-2.3651452362204726
 31
0
  0
LINE
  5
566
330
1B
100
AcDbEntity
  8
B.Cu
  6
CONTINUOUS
100
AcDbLine
 10
5.4312468110236223
 20
-2.3651452362204726
 30
0
 11
5.4312468110236223
 21
-2.3592642125984251
 31
0
  0
LINE
  5
567
330
1B
100
AcDbEntity
  8
B.Cu
  6
CONTINUOUS
100
AcDbLine
 10
5.4312468110236223
 20
-2.3592642125984251
 30
0
 11
5.432394133858268
 21
-2.3534961811023623
 31
0
  0
LINE
  5
568
330
1B
100
AcDbEntity
  8
B.Cu
  6
CONTINUOUS
100
AcDbLine
 10
5.432394133858268
 20
-2.3534961811023623
 30
0
 11
5.4346447244094485
 21
-2.3480628346456691
 31
0
  0
LINE
  5
569
330
1B
100
AcDbEntity
  8
B.Cu
  6
CONTINUOUS
100
AcDbLine
 10
5.4346447244094485
 20
-2.3480628346456691
 30
0
 11
5.4379120472440947
 21
-2.3431729133858266
 31
0
  0
LINE
  5
56A
330
1B
100
AcDbEntity
  8
B.Cu
  6
CONTINUOUS
100
AcDbLine
 10
5.4379120472440947
 20
-2.3431729133858266
 30
0
 11
5.4420705511811018
 21
-2.339014409448819
 31
0
  0
LINE
  5
56B
330
1B
100
AcDbEntity
  8
B.Cu
  6
CONTINUOUS
100
AcDbLine
 10
5.4420705511811018
 20
-2.339014409448819
 30
0
 11
5.4469604724409448
 21
-2.3357470866141732
 31
0
  0
LINE
  5
56C
330
1B
100
AcDbEntity
  8
B.Cu
  6
CONTINUOUS
100
AcDbLine
 10
5.4469604724409448
 20
-2.3357470866141732
 30
0
 11
5.4523938188976375
 21
-2.3334964960629923
 31
0
  0
LINE
  5
56D
330
1B
100
AcDbEntity
  8
B.Cu
  6
CONTINUOUS
100
AcDbLine
 10
5.4523938188976375
 20
-2.3334964960629923
 30
0
 11
5.4581618503937008
 21
-2.3323491732283466
 31
0
  0
LINE
  5
56E
330
1B
100
AcDbEntity
  8
B.Cu
  6
CONTINUOUS
100
AcDbLine
 10
5.4581618503937008
 20
-2.3323491732283466
 30
0
 11
5.4611023622047243
 21
-2.3322047244094488
 31
0
  0
LINE
  5
56F
330
1B
100
AcDbEntity
  8
B.Cu
  6
CONTINUOUS
100
AcDbLine
 10
5.4611023622047243
 20
-2.3322047244094488
 30
0
 11
5.4759055118110238
 21
-2.3322047244094488
 31
0
  0
LINE
  5
570
330
1B
100
AcDbEntity
  8
B.Cu
  6
CONTINUOUS
100
AcDbLine
 10
5.4759055118110238
 20
-2.3322047244094488
 30
0
 11
5.4788460236220473
 21
-2.3323491732283466
 31
0
  0
LINE
  5
571
330
1B
100
AcDbEntity
  8
B.Cu
  6
CONTINUOUS
100
AcDbLine
 10
4.4788460236220473
 20
-3.6323491732283464
 30
0
 11
4.4846140551181097
 21
-3.6334964960629921
 31
0
  0
LINE
  5
572
330
1B
100
AcDbEntity
  8
B.Cu
  6
CONTINUOUS
100
AcDbLine
 10
4.4846140551181097
 20
-3.6334964960629921
 30
0
 11
4.4900474015748033
 21
-3.635747086614173
 31
0
  0
LINE
  5
573
330
1B
100
AcDbEntity
  8
B.Cu
  6
CONTINUOUS
100
AcDbLine
 10
4.4900474015748033
 20
-3.635747086614173
 30
0
 11
4.4949373228346454
 21
-3.6390144094488188
 31
0
  0
LINE
  5
574
330
1B
100
AcDbEntity
  8
B.Cu
  6
CONTINUOUS
100
AcDbLine
 10
4.4949373228346454
 20
-3.6390144094488188
 30
0
 11
4.4990958267716534
 21
-3.6431729133858268
 31
0
  0
LINE
  5
575
330
1B
100
AcDbEntity
  8
B.Cu
  6
CONTINUOUS
100
AcDbLine
 10
4.4990958267716534
 20
-3.6431729133858268
 30
0
 11
4.5023631496062988
 21
-3.6480628346456694
 31
0
  0
LINE
  5
576
330
1B
100
AcDbEntity
  8
B.Cu
  6
CONTINUOUS
100
AcDbLine
 10
4.5023631496062988
 20
-3.6480628346456694
 30
0
 11
4.5046137401574802
 21
-3.6534961811023621
 31
0
  0
LINE
  5
577
330
1B
100
AcDbEntity
  8
B.Cu
  6
CONTINUOUS
100
AcDbLine
 10
4.5046137401574802
 20
-3.6534961811023621
 30
0
 11
4.5057610629921259
 21
-3.6592642125984249
 31
0
  0
LINE
  5
578
330
1B
100
AcDbEntity
  8
B.Cu
  6
CONTINUOUS
100
AcDbLine
 10
4.5057610629921259
 20
-3.6592642125984249
 30
0
 11
4.5057610629921259
 21
-3.6651452362204724
 31
0
  0
LINE
  5
579
330
1B
100
AcDbEntity
  8
B.Cu
  6
CONTINUOUS
100
AcDbLine
 10
4.5057610629921259
 20
-3.6651452362204724
 30
0
 11
4.5046137401574802
 21
-3.6709132677165353
 31
0
  0
LINE
  5
57A
330
1B
100
AcDbEntity
  8
B.Cu
  6
CONTINUOUS
100
AcDbLine
 10
4.5046137401574802
 20
-3.6709132677165353
 30
0
 11
4.5023631496062988
 21
-3.6763466141732284
 31
0
  0
LINE
  5
57B
330
1B
100
AcDbEntity
  8
B.Cu
  6
CONTINUOUS
100
AcDbLine
 10
4.5023631496062988
 20
-3.6763466141732284
 30
0
 11
4.4990958267716534
 21
-3.6812365354330709
 31
0
  0
LINE
  5
57C
330
1B
100
AcDbEntity
  8
B.Cu
  6
CONTINUOUS
100
AcDbLine
 10
4.4990958267716534
 20
-3.6812365354330709
 30
0
 11
4.4949373228346454
 21
-3.6853950393700785
 31
0
  0
LINE
  5
57D
330
1B
100
AcDbEntity
  8
B.Cu
  6
CONTINUOUS
100
AcDbLine
 10
4.4949373228346454
 20
-3.6853950393700785
 30
0
 11
4.4900474015748033
 21
-3.6886623622047243
 31
0
  0
LINE
  5
57E
330
1B
100
AcDbEntity
  8
B.Cu
  6
CONTINUOUS
100
AcDbLine
 10
4.4900474015748033
 20
-3.6886623622047243
 30
0
 11
4.4846140551181097
 21
-3.6909129527559053
 31
0
  0
LINE
  5
57F
330
1B
100
AcDbEntity
  8
B.Cu
  6
CONTINUOUS
100
AcDbLine
 10
4.4846140551181097
 20
-3.6909129527559053
 30
0
 11
4.4788460236220473
 21
-3.6920602755905509
 31
0
  0
LINE
  5
580
330
1B
100
AcDbEntity
  8
B.Cu
  6
CONTINUOUS
100
AcDbLine
 10
4.4788460236220473
 20
-3.6920602755905509
 30
0
 11
4.4759055118110238
 21
-3.6922047244094487
 31
0
  0
LINE
  5
581
330
1B
100
AcDbEntity
  8
B.Cu
  6
CONTINUOUS
100
AcDbLine
 10
4.4759055118110238
 20
-3.6922047244094487
 30
0
 11
4.4611023622047243
 21
-3.6922047244094487
 31
0
  0
LINE
  5
582
330
1B
100
AcDbEntity
  8
B.Cu
  6
CONTINUOUS
100
AcDbLine
 10
4.4611023622047243
 20
-3.6922047244094487
 30
0
 11
4.4581618503937008
 21
-3.6920602755905509
 31
0
  0
LINE
  5
583
330
1B
100
AcDbEntity
  8
B.Cu
  6
CONTINUOUS
100
AcDbLine
 10
4.4581618503937008
 20
-3.6920602755905509
 30
0
 11
4.4523938188976375
 21
-3.6909129527559053
 31
0
  0
LINE
  5
584
330
1B
100
AcDbEntity
  8
B.Cu
  6
CONTINUOUS
100
AcDbLine
 10
4.4523938188976375
 20
-3.6909129527559053
 30
0
 11
4.4469604724409448
 21
-3.6886623622047243
 31
0
  0
LINE
  5
585
330
1B
100
AcDbEntity
  8
B.Cu
  6
CONTINUOUS
100
AcDbLine
 10
4.4469604724409448
 20
-3.6886623622047243
 30
0
 11
4.4420705511811018
 21
-3.6853950393700785
 31
0
  0
LINE
  5
586
330
1B
100
AcDbEntity
  8
B.Cu
  6
CONTINUOUS
100
AcDbLine
 10
4.4420705511811018
 20
-3.6853950393700785
 30
0
 11
4.4379120472440947
 21
-3.6812365354330709
 31
0
  0
LINE
  5
587
330
1B
100
AcDbEntity
  8
B.Cu
  6
CONTINUOUS
100
AcDbLine
 10
4.4379120472440947
 20
-3.6812365354330709
 30
0
 11
4.4346447244094485
 21
-3.6763466141732284
 31
0
  0
LINE
  5
588
330
1B
100
AcDbEntity
  8
B.Cu
  6
CONTINUOUS
100
AcDbLine
 10
4.4346447244094485
 20
-3.6763466141732284
 30
0
 11
4.432394133858268
 21
-3.6709132677165353
 31
0
  0
LINE
  5
589
330
1B
100
AcDbEntity
  8
B.Cu
  6
CONTINUOUS
100
AcDbLine
 10
4.432394133858268
 20
-3.6709132677165353
 30
0
 11
4.4312468110236223
 21
-3.6651452362204724
 31
0
  0
LINE
  5
58A
330
1B
100
AcDbEntity
  8
B.Cu
  6
CONTINUOUS
100
AcDbLine
 10
4.4312468110236223
 20
-3.6651452362204724
 30
0
 11
4.4312468110236223
 21
-3.6592642125984249
 31
0
  0
LINE
  5
58B
330
1B
100
AcDbEntity
  8
B.Cu
  6
CONTINUOUS
100
AcDbLine
 10
4.4312468110236223
 20
-3.6592642125984249
 30
0
 11
4.432394133858268
 21
-3.6534961811023621
 31
0
  0
LINE
  5
58C
330
1B
100
AcDbEntity
  8
B.Cu
  6
CONTINUOUS
100
AcDbLine
 10
4.432394133858268
 20
-3.6534961811023621
 30
0
 11
4.4346447244094485
 21
-3.6480628346456694
 31
0
  0
LINE
  5
58D
330
1B
100
AcDbEntity
  8
B.Cu
  6
CONTINUOUS
100
AcDbLine
 10
4.4346447244094485
 20
-3.6480628346456694
 30
0
 11
4.4379120472440947
 21
-3.6431729133858268
 31
0
  0
LINE
  5
58E
330
1B
100
AcDbEntity
  8
B.Cu
  6
CONTINUOUS
100
AcDbLine
 10
4.4379120472440947
 20
-3.6431729133858268
 30
0
 11
4.4420705511811018
 21
-3.6390144094488188
 31
0
  0
LINE
  5
58F
330
1B
100
AcDbEntity
  8
B.Cu
  6
CONTINUOUS
100
AcDbLine
 10
4.4420705511811018
 20
-3.6390144094488188
 30
0
 11
4.4469604724409448
 21
-3.635747086614173
 31
0
  0
LINE
  5
590
330
1B
100
AcDbEntity
  8
B.Cu
  6
CONTINUOUS
100
AcDbLine
 10
4.4469604724409448
 20
-3.635747086614173
 30
0
 11
4.4523938188976375
 21
-3.6334964960629921
 31
0
  0
LINE
  5
591
330
1B
100
AcDbEntity
  8
B.Cu
  6
CONTINUOUS
100
AcDbLine
 10
4.4523938188976375
 20
-3.6334964960629921
 30
0
 11
4.4581618503937008
 21
-3.6323491732283464
 31
0
  0
LINE
  5
592
330
1B
100
AcDbEntity
  8
B.Cu
  6
CONTINUOUS
100
AcDbLine
 10
4.4581618503937008
 20
-3.6323491732283464
 30
0
 11
4.4611023622047243
 21
-3.6322047244094486
 31
0
  0
LINE
  5
593
330
1B
100
AcDbEntity
  8
B.Cu
  6
CONTINUOUS
100
AcDbLine
 10
4.4611023622047243
 20
-3.6322047244094486
 30
0
 11
4.4759055118110238
 21
-3.6322047244094486
 31
0
  0
LINE
  5
594
330
1B
100
AcDbEntity
  8
B.Cu
  6
CONTINUOUS
100
AcDbLine
 10
4.4759055118110238
 20
-3.6322047244094486
 30
0
 11
4.4788460236220473
 21
-3.6323491732283464
 31
0
  0
LINE
  5
595
330
1B
100
AcDbEntity
  8
B.Cu
  6
CONTINUOUS
100
AcDbLine
 10
4.0481698031496061
 20
-3.0808508267716537
 30
0
 11
4.0538470078740154
 21
-3.081980118110236
 31
0
  0
LINE
  5
596
330
1B
100
AcDbEntity
  8
B.Cu
  6
CONTINUOUS
100
AcDbLine
 10
4.0538470078740154
 20
-3.081980118110236
 30
0
 11
4.0591948031496061
 21
-3.0841952362204723
 31
0
  0
LINE
  5
597
330
1B
100
AcDbEntity
  8
B.Cu
  6
CONTINUOUS
100
AcDbLine
 10
4.0591948031496061
 20
-3.0841952362204723
 30
0
 11
4.0640076771653542
 21
-3.0874111023622048
 31
0
  0
LINE
  5
598
330
1B
100
AcDbEntity
  8
B.Cu
  6
CONTINUOUS
100
AcDbLine
 10
4.0640076771653542
 20
-3.0874111023622048
 30
0
 11
4.0681007086614169
 21
-3.0915041338582676
 31
0
  0
LINE
  5
599
330
1B
100
AcDbEntity
  8
B.Cu
  6
CONTINUOUS
100
AcDbLine
 10
4.0681007086614169
 20
-3.0915041338582676
 30
0
 11
4.0713165748031495
 21
-3.0963170078740156
 31
0
  0
LINE
  5
59A
330
1B
100
AcDbEntity
  8
B.Cu
  6
CONTINUOUS
100
AcDbLine
 10
4.0713165748031495
 20
-3.0963170078740156
 30
0
 11
4.0735316929133853
 21
-3.1016648031496064
 31
0
  0
LINE
  5
59B
330
1B
100
AcDbEntity
  8
B.Cu
  6
CONTINUOUS
100
AcDbLine
 10
4.0735316929133853
 20
-3.1016648031496064
 30
0
 11
4.0746609842519685
 21
-3.1073420078740157
 31
0
  0
LINE
  5
59C
330
1B
100
AcDbEntity
  8
B.Cu
  6
CONTINUOUS
100
AcDbLine
 10
4.0746609842519685
 20
-3.1073420078740157
 30
0
 11
4.0746609842519685
 21
-3.1131304330708662
 31
0
  0
LINE
  5
59D
330
1B
100
AcDbEntity
  8
B.Cu
  6
CONTINUOUS
100
AcDbLine
 10
4.0746609842519685
 20
-3.1131304330708662
 30
0
 11
4.0735316929133853
 21
-3.1188076377952756
 31
0
  0
LINE
  5
59E
330
1B
100
AcDbEntity
  8
B.Cu
  6
CONTINUOUS
100
AcDbLine
 10
4.0735316929133853
 20
-3.1188076377952756
 30
0
 11
4.0713165748031495
 21
-3.1241554330708659
 31
0
  0
LINE
  5
59F
330
1B
100
AcDbEntity
  8
B.Cu
  6
CONTINUOUS
100
AcDbLine
 10
4.0713165748031495
 20
-3.1241554330708659
 30
0
 11
4.0681007086614169
 21
-3.1289683070866139
 31
0
  0
LINE
  5
5A0
330
1B
100
AcDbEntity
  8
B.Cu
  6
CONTINUOUS
100
AcDbLine
 10
4.0681007086614169
 20
-3.1289683070866139
 30
0
 11
4.0640076771653542
 21
-3.1330613385826771
 31
0
  0
LINE
  5
5A1
330
1B
100
AcDbEntity
  8
B.Cu
  6
CONTINUOUS
100
AcDbLine
 10
4.0640076771653542
 20
-3.1330613385826771
 30
0
 11
4.0591948031496061
 21
-3.1362772047244092
 31
0
  0
LINE
  5
5A2
330
1B
100
AcDbEntity
  8
B.Cu
  6
CONTINUOUS
100
AcDbLine
 10
4.0591948031496061
 20
-3.1362772047244092
 30
0
 11
4.0538470078740154
 21
-3.1384923228346455
 31
0
  0
LINE
  5
5A3
330
1B
100
AcDbEntity
  8
B.Cu
  6
CONTINUOUS
100
AcDbLine
 10
4.0538470078740154
 20
-3.1384923228346455
 30
0
 11
4.0481698031496061
 21
-3.1396216141732283
 31
0
  0
LINE
  5
5A4
330
1B
100
AcDbEntity
  8
B.Cu
  6
CONTINUOUS
100
AcDbLine
 10
4.0481698031496061
 20
-3.1396216141732283
 30
0
 11
4.0452755905511806
 21
-3.1397637795275588
 31
0
  0
LINE
  5
5A5
330
1B
100
AcDbEntity
  8
B.Cu
  6
CONTINUOUS
100
AcDbLine
 10
4.0452755905511806
 20
-3.1397637795275588
 30
0
 11
4.04159437007874
 21
-3.1397637795275588
 31
0
  0
LINE
  5
5A6
330
1B
100
AcDbEntity
  8
B.Cu
  6
CONTINUOUS
100
AcDbLine
 10
4.04159437007874
 20
-3.1397637795275588
 30
0
 11
3.9881889763779528
 21
-3.1931691732283465
 31
0
  0
LINE
  5
5A7
330
1B
100
AcDbEntity
  8
B.Cu
  6
CONTINUOUS
100
AcDbLine
 10
3.9881889763779528
 20
-3.1931691732283465
 30
0
 11
3.9881889763779528
 21
-3.42100405511811
 31
0
  0
LINE
  5
5A8
330
1B
100
AcDbEntity
  8
B.Cu
  6
CONTINUOUS
100
AcDbLine
 10
3.9881889763779528
 20
-3.42100405511811
 30
0
 11
4.0998620866141735
 21
-3.5326771653543307
 31
0
  0
LINE
  5
5A9
330
1B
100
AcDbEntity
  8
B.Cu
  6
CONTINUOUS
100
AcDbLine
 10
4.0998620866141735
 20
-3.5326771653543307
 30
0
 11
4.4565129133858266
 21
-3.5326771653543307
 31
0
  0
LINE
  5
5AA
330
1B
100
AcDbEntity
  8
B.Cu
  6
CONTINUOUS
100
AcDbLine
 10
4.4565129133858266
 20
-3.5326771653543307
 30
0
 11
4.4581618503937008
 21
-3.5323491732283463
 31
0
  0
LINE
  5
5AB
330
1B
100
AcDbEntity
  8
B.Cu
  6
CONTINUOUS
100
AcDbLine
 10
4.4581618503937008
 20
-3.5323491732283463
 30
0
 11
4.4611023622047243
 21
-3.5322047244094485
 31
0
  0
LINE
  5
5AC
330
1B
100
AcDbEntity
  8
B.Cu
  6
CONTINUOUS
100
AcDbLine
 10
4.4611023622047243
 20
-3.5322047244094485
 30
0
 11
4.4759055118110238
 21
-3.5322047244094485
 31
0
  0
LINE
  5
5AD
330
1B
100
AcDbEntity
  8
B.Cu
  6
CONTINUOUS
100
AcDbLine
 10
4.4759055118110238
 20
-3.5322047244094485
 30
0
 11
4.4788460236220473
 21
-3.5323491732283463
 31
0
  0
LINE
  5
5AE
330
1B
100
AcDbEntity
  8
B.Cu
  6
CONTINUOUS
100
AcDbLine
 10
4.4788460236220473
 20
-3.5323491732283463
 30
0
 11
4.4846140551181097
 21
-3.533496496062992
 31
0
  0
LINE
  5
5AF
330
1B
100
AcDbEntity
  8
B.Cu
  6
CONTINUOUS
100
AcDbLine
 10
4.4846140551181097
 20
-3.533496496062992
 30
0
 11
4.4900474015748033
 21
-3.5357470866141734
 31
0
  0
LINE
  5
5B0
330
1B
100
AcDbEntity
  8
B.Cu
  6
CONTINUOUS
100
AcDbLine
 10
4.4900474015748033
 20
-3.5357470866141734
 30
0
 11
4.4949373228346454
 21
-3.5390144094488187
 31
0
  0
LINE
  5
5B1
330
1B
100
AcDbEntity
  8
B.Cu
  6
CONTINUOUS
100
AcDbLine
 10
4.4949373228346454
 20
-3.5390144094488187
 30
0
 11
4.4990958267716534
 21
-3.5431729133858267
 31
0
  0
LINE
  5
5B2
330
1B
100
AcDbEntity
  8
B.Cu
  6
CONTINUOUS
100
AcDbLine
 10
4.4990958267716534
 20
-3.5431729133858267
 30
0
 11
4.5023631496062988
 21
-3.5480628346456693
 31
0
  0
LINE
  5
5B3
330
1B
100
AcDbEntity
  8
B.Cu
  6
CONTINUOUS
100
AcDbLine
 10
4.5023631496062988
 20
-3.5480628346456693
 30
0
 11
4.5046137401574802
 21
-3.553496181102362
 31
0
  0
LINE
  5
5B4
330
1B
100
AcDbEntity
  8
B.Cu
  6
CONTINUOUS
100
AcDbLine
 10
4.5046137401574802
 20
-3.553496181102362
 30
0
 11
4.5057610629921259
 21
-3.5592642125984253
 31
0
  0
LINE
  5
5B5
330
1B
100
AcDbEntity
  8
B.Cu
  6
CONTINUOUS
100
AcDbLine
 10
4.5057610629921259
 20
-3.5592642125984253
 30
0
 11
4.5057610629921259
 21
-3.5651452362204723
 31
0
  0
LINE
  5
5B6
330
1B
100
AcDbEntity
  8
B.Cu
  6
CONTINUOUS
100
AcDbLine
 10
4.5057610629921259
 20
-3.5651452362204723
 30
0
 11
4.5046137401574802
 21
-3.5709132677165352
 31
0
  0
LINE
  5
5B7
330
1B
100
AcDbEntity
  8
B.Cu
  6
CONTINUOUS
100
AcDbLine
 10
4.5046137401574802
 20
-3.5709132677165352
 30
0
 11
4.5023631496062988
 21
-3.5763466141732283
 31
0
  0
LINE
  5
5B8
330
1B
100
AcDbEntity
  8
B.Cu
  6
CONTINUOUS
100
AcDbLine
 10
4.5023631496062988
 20
-3.5763466141732283
 30
0
 11
4.4990958267716534
 21
-3.5812365354330709
 31
0
  0
LINE
  5
5B9
330
1B
100
AcDbEntity
  8
B.Cu
  6
CONTINUOUS
100
AcDbLine
 10
4.4990958267716534
 20
-3.5812365354330709
 30
0
 11
4.4949373228346454
 21
-3.5853950393700789
 31
0
  0
LINE
  5
5BA
330
1B
100
AcDbEntity
  8
B.Cu
  6
CONTINUOUS
100
AcDbLine
 10
4.4949373228346454
 20
-3.5853950393700789
 30
0
 11
4.4900474015748033
 21
-3.5886623622047242
 31
0
  0
LINE
  5
5BB
330
1B
100
AcDbEntity
  8
B.Cu
  6
CONTINUOUS
100
AcDbLine
 10
4.4900474015748033
 20
-3.5886623622047242
 30
0
 11
4.4846140551181097
 21
-3.5909129527559056
 31
0
  0
LINE
  5
5BC
330
1B
100
AcDbEntity
  8
B.Cu
  6
CONTINUOUS
100
AcDbLine
 10
4.4846140551181097
 20
-3.5909129527559056
 30
0
 11
4.4788460236220473
 21
-3.5920602755905513
 31
0
  0
LINE
  5
5BD
330
1B
100
AcDbEntity
  8
B.Cu
  6
CONTINUOUS
100
AcDbLine
 10
4.4788460236220473
 20
-3.5920602755905513
 30
0
 11
4.4759055118110238
 21
-3.5922047244094486
 31
0
  0
LINE
  5
5BE
330
1B
100
AcDbEntity
  8
B.Cu
  6
CONTINUOUS
100
AcDbLine
 10
4.4759055118110238
 20
-3.5922047244094486
 30
0
 11
4.4611023622047243
 21
-3.5922047244094486
 31
0
  0
LINE
  5
5BF
330
1B
100
AcDbEntity
  8
B.Cu
  6
CONTINUOUS
100
AcDbLine
 10
4.4611023622047243
 20
-3.5922047244094486
 30
0
 11
4.4581618503937008
 21
-3.5920602755905513
 31
0
  0
LINE
  5
5C0
330
1B
100
AcDbEntity
  8
B.Cu
  6
CONTINUOUS
100
AcDbLine
 10
4.4581618503937008
 20
-3.5920602755905513
 30
0
 11
4.4565129133858266
 21
-3.5917322834645669
 31
0
  0
LINE
  5
5C1
330
1B
100
AcDbEntity
  8
B.Cu
  6
CONTINUOUS
100
AcDbLine
 10
4.4565129133858266
 20
-3.5917322834645669
 30
0
 11
4.0876313779527562
 21
-3.5917322834645669
 31
0
  0
LINE
  5
5C2
330
1B
100
AcDbEntity
  8
B.Cu
  6
CONTINUOUS
100
AcDbLine
 10
4.0876313779527562
 20
-3.5917322834645669
 30
0
 11
4.0847371653543307
 21
-3.5915901181102363
 31
0
  0
LINE
  5
5C3
330
1B
100
AcDbEntity
  8
B.Cu
  6
CONTINUOUS
100
AcDbLine
 10
4.0847371653543307
 20
-3.5915901181102363
 30
0
 11
4.0790600000000001
 21
-3.5904608661417323
 31
0
  0
LINE
  5
5C4
330
1B
100
AcDbEntity
  8
B.Cu
  6
CONTINUOUS
100
AcDbLine
 10
4.0790600000000001
 20
-3.5904608661417323
 30
0
 11
4.0747180708661412
 21
-3.5886623622047242
 31
0
  0
LINE
  5
5C5
330
1B
100
AcDbEntity
  8
B.Cu
  6
CONTINUOUS
100
AcDbLine
 10
4.0747180708661412
 20
-3.5886623622047242
 30
0
 11
4.0737121653543307
 21
-3.5882457086614172
 31
0
  0
LINE
  5
5C6
330
1B
100
AcDbEntity
  8
B.Cu
  6
CONTINUOUS
100
AcDbLine
 10
4.0737121653543307
 20
-3.5882457086614172
 30
0
 11
4.0688992913385826
 21
-3.5850298425196852
 31
0
  0
LINE
  5
5C7
330
1B
100
AcDbEntity
  8
B.Cu
  6
CONTINUOUS
100
AcDbLine
 10
4.0688992913385826
 20
-3.5850298425196852
 30
0
 11
4.0667522440944879
 21
-3.5830838582677162
 31
0
  0
LINE
  5
5C8
330
1B
100
AcDbEntity
  8
B.Cu
  6
CONTINUOUS
100
AcDbLine
 10
4.0667522440944879
 20
-3.5830838582677162
 30
0
 11
3.9377822834645668
 21
-3.4541138976377952
 31
0
  0
LINE
  5
5C9
330
1B
100
AcDbEntity
  8
B.Cu
  6
CONTINUOUS
100
AcDbLine
 10
3.9377822834645668
 20
-3.4541138976377952
 30
0
 11
3.9358362992125984
 21
-3.4519668503937009
 31
0
  0
LINE
  5
5CA
330
1B
100
AcDbEntity
  8
B.Cu
  6
CONTINUOUS
100
AcDbLine
 10
3.9358362992125984
 20
-3.4519668503937009
 30
0
 11
3.9332277165354328
 21
-3.4480628346456692
 31
0
  0
LINE
  5
5CB
330
1B
100
AcDbEntity
  8
B.Cu
  6
CONTINUOUS
100
AcDbLine
 10
3.9332277165354328
 20
-3.4480628346456692
 30
0
 11
3.9326204330708658
 21
-3.4471539763779528
 31
0
  0
LINE
  5
5CC
330
1B
100
AcDbEntity
  8
B.Cu
  6
CONTINUOUS
100
AcDbLine
 10
3.9326204330708658
 20
-3.4471539763779528
 30
0
 11
3.9309714173228345
 21
-3.4431729133858267
 31
0
  0
LINE
  5
5CD
330
1B
100
AcDbEntity
  8
B.Cu
  6
CONTINUOUS
100
AcDbLine
 10
3.9309714173228345
 20
-3.4431729133858267
 30
0
 11
3.9304052755905512
 21
-3.4418061417322834
 31
0
  0
LINE
  5
5CE
330
1B
100
AcDbEntity
  8
B.Cu
  6
CONTINUOUS
100
AcDbLine
 10
3.9304052755905512
 20
-3.4418061417322834
 30
0
 11
3.9292760236220472
 21
-3.4361289763779528
 31
0
  0
LINE
  5
5CF
330
1B
100
AcDbEntity
  8
B.Cu
  6
CONTINUOUS
100
AcDbLine
 10
3.9292760236220472
 20
-3.4361289763779528
 30
0
 11
3.9291338582677167
 21
-3.4332347637795273
 31
0
  0
LINE
  5
5D0
330
1B
100
AcDbEntity
  8
B.Cu
  6
CONTINUOUS
100
AcDbLine
 10
3.9291338582677167
 20
-3.4332347637795273
 30
0
 11
3.9291338582677167
 21
-3.1809384645669292
 31
0
  0
LINE
  5
5D1
330
1B
100
AcDbEntity
  8
B.Cu
  6
CONTINUOUS
100
AcDbLine
 10
3.9291338582677167
 20
-3.1809384645669292
 30
0
 11
3.9292760236220472
 21
-3.1780442519685037
 31
0
  0
LINE
  5
5D2
330
1B
100
AcDbEntity
  8
B.Cu
  6
CONTINUOUS
100
AcDbLine
 10
3.9292760236220472
 20
-3.1780442519685037
 30
0
 11
3.9296579921259842
 21
-3.176123937007874
 31
0
  0
LINE
  5
5D3
330
1B
100
AcDbEntity
  8
B.Cu
  6
CONTINUOUS
100
AcDbLine
 10
3.9296579921259842
 20
-3.176123937007874
 30
0
 11
3.9304052755905512
 21
-3.1723670866141731
 31
0
  0
LINE
  5
5D4
330
1B
100
AcDbEntity
  8
B.Cu
  6
CONTINUOUS
100
AcDbLine
 10
3.9304052755905512
 20
-3.1723670866141731
 30
0
 11
3.9326204330708658
 21
-3.1670192913385824
 31
0
  0
LINE
  5
5D5
330
1B
100
AcDbEntity
  8
B.Cu
  6
CONTINUOUS
100
AcDbLine
 10
3.9326204330708658
 20
-3.1670192913385824
 30
0
 11
3.9326204330708658
 21
-3.1670192519685036
 31
0
  0
LINE
  5
5D6
330
1B
100
AcDbEntity
  8
B.Cu
  6
CONTINUOUS
100
AcDbLine
 10
3.9326204330708658
 20
-3.1670192519685036
 30
0
 11
3.9358362992125984
 21
-3.1622063779527561
 31
0
  0
LINE
  5
5D7
330
1B
100
AcDbEntity
  8
B.Cu
  6
CONTINUOUS
100
AcDbLine
 10
3.9358362992125984
 20
-3.1622063779527561
 30
0
 11
3.9377822834645668
 21
-3.1600593307086613
 31
0
  0
LINE
  5
5D8
330
1B
100
AcDbEntity
  8
B.Cu
  6
CONTINUOUS
100
AcDbLine
 10
3.9377822834645668
 20
-3.1600593307086613
 30
0
 11
3.9981529921259842
 21
-3.0996885826771652
 31
0
  0
LINE
  5
5D9
330
1B
100
AcDbEntity
  8
B.Cu
  6
CONTINUOUS
100
AcDbLine
 10
3.9981529921259842
 20
-3.0996885826771652
 30
0
 11
3.9995495669291339
 21
-3.0963170078740156
 31
0
  0
LINE
  5
5DA
330
1B
100
AcDbEntity
  8
B.Cu
  6
CONTINUOUS
100
AcDbLine
 10
3.9995495669291339
 20
-3.0963170078740156
 30
0
 11
4.0027654330708664
 21
-3.0915041338582676
 31
0
  0
LINE
  5
5DB
330
1B
100
AcDbEntity
  8
B.Cu
  6
CONTINUOUS
100
AcDbLine
 10
4.0027654330708664
 20
-3.0915041338582676
 30
0
 11
4.0068584645669292
 21
-3.0874111023622048
 31
0
  0
LINE
  5
5DC
330
1B
100
AcDbEntity
  8
B.Cu
  6
CONTINUOUS
100
AcDbLine
 10
4.0068584645669292
 20
-3.0874111023622048
 30
0
 11
4.0116713385826772
 21
-3.0841952362204723
 31
0
  0
LINE
  5
5DD
330
1B
100
AcDbEntity
  8
B.Cu
  6
CONTINUOUS
100
AcDbLine
 10
4.0116713385826772
 20
-3.0841952362204723
 30
0
 11
4.0170191338582679
 21
-3.081980118110236
 31
0
  0
LINE
  5
5DE
330
1B
100
AcDbEntity
  8
B.Cu
  6
CONTINUOUS
100
AcDbLine
 10
4.0170191338582679
 20
-3.081980118110236
 30
0
 11
4.0226963385826773
 21
-3.0808508267716537
 31
0
  0
LINE
  5
5DF
330
1B
100
AcDbEntity
  8
B.Cu
  6
CONTINUOUS
100
AcDbLine
 10
4.0226963385826773
 20
-3.0808508267716537
 30
0
 11
4.0255905511811019
 21
-3.0807086614173227
 31
0
  0
LINE
  5
5E0
330
1B
100
AcDbEntity
  8
B.Cu
  6
CONTINUOUS
100
AcDbLine
 10
4.0255905511811019
 20
-3.0807086614173227
 30
0
 11
4.0452755905511806
 21
-3.0807086614173227
 31
0
  0
LINE
  5
5E1
330
1B
100
AcDbEntity
  8
B.Cu
  6
CONTINUOUS
100
AcDbLine
 10
4.0452755905511806
 20
-3.0807086614173227
 30
0
 11
4.0481698031496061
 21
-3.0808508267716537
 31
0
  0
LINE
  5
5E2
330
1B
100
AcDbEntity
  8
B.Cu
  6
CONTINUOUS
100
AcDbLine
 10
5.4788460236220473
 20
-3.5323491732283463
 30
0
 11
5.4846140551181097
 21
-3.533496496062992
 31
0
  0
LINE
  5
5E3
330
1B
100
AcDbEntity
  8
B.Cu
  6
CONTINUOUS
100
AcDbLine
 10
5.4846140551181097
 20
-3.533496496062992
 30
0
 11
5.4900474015748033
 21
-3.5357470866141734
 31
0
  0
LINE
  5
5E4
330
1B
100
AcDbEntity
  8
B.Cu
  6
CONTINUOUS
100
AcDbLine
 10
5.4900474015748033
 20
-3.5357470866141734
 30
0
 11
5.4949373228346454
 21
-3.5390144094488187
 31
0
  0
LINE
  5
5E5
330
1B
100
AcDbEntity
  8
B.Cu
  6
CONTINUOUS
100
AcDbLine
 10
5.4949373228346454
 20
-3.5390144094488187
 30
0
 11
5.4990958267716534
 21
-3.5431729133858267
 31
0
  0
LINE
  5
5E6
330
1B
100
AcDbEntity
  8
B.Cu
  6
CONTINUOUS
100
AcDbLine
 10
5.4990958267716534
 20
-3.5431729133858267
 30
0
 11
5.5023631496062988
 21
-3.5480628346456693
 31
0
  0
LINE
  5
5E7
330
1B
100
AcDbEntity
  8
B.Cu
  6
CONTINUOUS
100
AcDbLine
 10
5.5023631496062988
 20
-3.5480628346456693
 30
0
 11
5.5046137401574802
 21
-3.553496181102362
 31
0
  0
LINE
  5
5E8
330
1B
100
AcDbEntity
  8
B.Cu
  6
CONTINUOUS
100
AcDbLine
 10
5.5046137401574802
 20
-3.553496181102362
 30
0
 11
5.5057610629921259
 21
-3.5592642125984253
 31
0
  0
LINE
  5
5E9
330
1B
100
AcDbEntity
  8
B.Cu
  6
CONTINUOUS
100
AcDbLine
 10
5.5057610629921259
 20
-3.5592642125984253
 30
0
 11
5.5057610629921259
 21
-3.5651452362204723
 31
0
  0
LINE
  5
5EA
330
1B
100
AcDbEntity
  8
B.Cu
  6
CONTINUOUS
100
AcDbLine
 10
5.5057610629921259
 20
-3.5651452362204723
 30
0
 11
5.5046137401574802
 21
-3.5709132677165352
 31
0
  0
LINE
  5
5EB
330
1B
100
AcDbEntity
  8
B.Cu
  6
CONTINUOUS
100
AcDbLine
 10
5.5046137401574802
 20
-3.5709132677165352
 30
0
 11
5.5023631496062988
 21
-3.5763466141732283
 31
0
  0
LINE
  5
5EC
330
1B
100
AcDbEntity
  8
B.Cu
  6
CONTINUOUS
100
AcDbLine
 10
5.5023631496062988
 20
-3.5763466141732283
 30
0
 11
5.4990958267716534
 21
-3.5812365354330709
 31
0
  0
LINE
  5
5ED
330
1B
100
AcDbEntity
  8
B.Cu
  6
CONTINUOUS
100
AcDbLine
 10
5.4990958267716534
 20
-3.5812365354330709
 30
0
 11
5.4949373228346454
 21
-3.5853950393700789
 31
0
  0
LINE
  5
5EE
330
1B
100
AcDbEntity
  8
B.Cu
  6
CONTINUOUS
100
AcDbLine
 10
5.4949373228346454
 20
-3.5853950393700789
 30
0
 11
5.4900474015748033
 21
-3.5886623622047242
 31
0
  0
LINE
  5
5EF
330
1B
100
AcDbEntity
  8
B.Cu
  6
CONTINUOUS
100
AcDbLine
 10
5.4900474015748033
 20
-3.5886623622047242
 30
0
 11
5.4846140551181097
 21
-3.5909129527559056
 31
0
  0
LINE
  5
5F0
330
1B
100
AcDbEntity
  8
B.Cu
  6
CONTINUOUS
100
AcDbLine
 10
5.4846140551181097
 20
-3.5909129527559056
 30
0
 11
5.4788460236220473
 21
-3.5920602755905513
 31
0
  0
LINE
  5
5F1
330
1B
100
AcDbEntity
  8
B.Cu
  6
CONTINUOUS
100
AcDbLine
 10
5.4788460236220473
 20
-3.5920602755905513
 30
0
 11
5.4759055118110238
 21
-3.5922047244094486
 31
0
  0
LINE
  5
5F2
330
1B
100
AcDbEntity
  8
B.Cu
  6
CONTINUOUS
100
AcDbLine
 10
5.4759055118110238
 20
-3.5922047244094486
 30
0
 11
5.4611023622047243
 21
-3.5922047244094486
 31
0
  0
LINE
  5
5F3
330
1B
100
AcDbEntity
  8
B.Cu
  6
CONTINUOUS
100
AcDbLine
 10
5.4611023622047243
 20
-3.5922047244094486
 30
0
 11
5.4581618503937008
 21
-3.5920602755905513
 31
0
  0
LINE
  5
5F4
330
1B
100
AcDbEntity
  8
B.Cu
  6
CONTINUOUS
100
AcDbLine
 10
5.4581618503937008
 20
-3.5920602755905513
 30
0
 11
5.4523938188976375
 21
-3.5909129527559056
 31
0
  0
LINE
  5
5F5
330
1B
100
AcDbEntity
  8
B.Cu
  6
CONTINUOUS
100
AcDbLine
 10
5.4523938188976375
 20
-3.5909129527559056
 30
0
 11
5.4469604724409448
 21
-3.5886623622047242
 31
0
  0
LINE
  5
5F6
330
1B
100
AcDbEntity
  8
B.Cu
  6
CONTINUOUS
100
AcDbLine
 10
5.4469604724409448
 20
-3.5886623622047242
 30
0
 11
5.4420705511811018
 21
-3.5853950393700789
 31
0
  0
LINE
  5
5F7
330
1B
100
AcDbEntity
  8
B.Cu
  6
CONTINUOUS
100
AcDbLine
 10
5.4420705511811018
 20
-3.5853950393700789
 30
0
 11
5.4379120472440947
 21
-3.5812365354330709
 31
0
  0
LINE
  5
5F8
330
1B
100
AcDbEntity
  8
B.Cu
  6
CONTINUOUS
100
AcDbLine
 10
5.4379120472440947
 20
-3.5812365354330709
 30
0
 11
5.4346447244094485
 21
-3.5763466141732283
 31
0
  0
LINE
  5
5F9
330
1B
100
AcDbEntity
  8
B.Cu
  6
CONTINUOUS
100
AcDbLine
 10
5.4346447244094485
 20
-3.5763466141732283
 30
0
 11
5.432394133858268
 21
-3.5709132677165352
 31
0
  0
LINE
  5
5FA
330
1B
100
AcDbEntity
  8
B.Cu
  6
CONTINUOUS
100
AcDbLine
 10
5.432394133858268
 20
-3.5709132677165352
 30
0
 11
5.4312468110236223
 21
-3.5651452362204723
 31
0
  0
LINE
  5
5FB
330
1B
100
AcDbEntity
  8
B.Cu
  6
CONTINUOUS
100
AcDbLine
 10
5.4312468110236223
 20
-3.5651452362204723
 30
0
 11
5.4312468110236223
 21
-3.5592642125984253
 31
0
  0
LINE
  5
5FC
330
1B
100
AcDbEntity
  8
B.Cu
  6
CONTINUOUS
100
AcDbLine
 10
5.4312468110236223
 20
-3.5592642125984253
 30
0
 11
5.432394133858268
 21
-3.553496181102362
 31
0
  0
LINE
  5
5FD
330
1B
100
AcDbEntity
  8
B.Cu
  6
CONTINUOUS
100
AcDbLine
 10
5.432394133858268
 20
-3.553496181102362
 30
0
 11
5.4346447244094485
 21
-3.5480628346456693
 31
0
  0
LINE
  5
5FE
330
1B
100
AcDbEntity
  8
B.Cu
  6
CONTINUOUS
100
AcDbLine
 10
5.4346447244094485
 20
-3.5480628346456693
 30
0
 11
5.4379120472440947
 21
-3.5431729133858267
 31
0
  0
LINE
  5
5FF
330
1B
100
AcDbEntity
  8
B.Cu
  6
CONTINUOUS
100
AcDbLine
 10
5.4379120472440947
 20
-3.5431729133858267
 30
0
 11
5.4420705511811018
 21
-3.5390144094488187
 31
0
  0
LINE
  5
600
330
1B
100
AcDbEntity
  8
B.Cu
  6
CONTINUOUS
100
AcDbLine
 10
5.4420705511811018
 20
-3.5390144094488187
 30
0
 11
5.4469604724409448
 21
-3.5357470866141734
 31
0
  0
LINE
  5
601
330
1B
100
AcDbEntity
  8
B.Cu
  6
CONTINUOUS
100
AcDbLine
 10
5.4469604724409448
 20
-3.5357470866141734
 30
0
 11
5.4523938188976375
 21
-3.533496496062992
 31
0
  0
LINE
  5
602
330
1B
100
AcDbEntity
  8
B.Cu
  6
CONTINUOUS
100
AcDbLine
 10
5.4523938188976375
 20
-3.533496496062992
 30
0
 11
5.4581618503937008
 21
-3.5323491732283463
 31
0
  0
LINE
  5
603
330
1B
100
AcDbEntity
  8
B.Cu
  6
CONTINUOUS
100
AcDbLine
 10
5.4581618503937008
 20
-3.5323491732283463
 30
0
 11
5.4611023622047243
 21
-3.5322047244094485
 31
0
  0
LINE
  5
604
330
1B
100
AcDbEntity
  8
B.Cu
  6
CONTINUOUS
100
AcDbLine
 10
5.4611023622047243
 20
-3.5322047244094485
 30
0
 11
5.4759055118110238
 21
-3.5322047244094485
 31
0
  0
LINE
  5
605
330
1B
100
AcDbEntity
  8
B.Cu
  6
CONTINUOUS
100
AcDbLine
 10
5.4759055118110238
 20
-3.5322047244094485
 30
0
 11
5.4788460236220473
 21
-3.5323491732283463
 31
0
  0
LINE
  5
606
330
1B
100
AcDbEntity
  8
B.Cu
  6
CONTINUOUS
100
AcDbLine
 10
3.4448818897637796
 20
-3.2775590551181102
 30
0
 11
3.454724409448819
 21
-3.2775590551181102
 31
0
  0
LINE
  5
607
330
1B
100
AcDbEntity
  8
B.Cu
  6
CONTINUOUS
100
AcDbLine
 10
3.454724409448819
 20
-3.2775590551181102
 30
0
 11
3.457618622047244
 21
-3.2777012204724407
 31
0
  0
LINE
  5
608
330
1B
100
AcDbEntity
  8
B.Cu
  6
CONTINUOUS
100
AcDbLine
 10
3.457618622047244
 20
-3.2777012204724407
 30
0
 11
3.4632958267716534
 21
-3.2788305118110235
 31
0
  0
LINE
  5
609
330
1B
100
AcDbEntity
  8
B.Cu
  6
CONTINUOUS
100
AcDbLine
 10
3.4632958267716534
 20
-3.2788305118110235
 30
0
 11
3.4686436220472441
 21
-3.2810456299212598
 31
0
  0
LINE
  5
60A
330
1B
100
AcDbEntity
  8
B.Cu
  6
CONTINUOUS
100
AcDbLine
 10
3.4686436220472441
 20
-3.2810456299212598
 30
0
 11
3.4734564960629921
 21
-3.2842614960629919
 31
0
  0
LINE
  5
60B
330
1B
100
AcDbEntity
  8
B.Cu
  6
CONTINUOUS
100
AcDbLine
 10
3.4734564960629921
 20
-3.2842614960629919
 30
0
 11
3.4775495275590549
 21
-3.2883545275590551
 31
0
  0
LINE
  5
60C
330
1B
100
AcDbEntity
  8
B.Cu
  6
CONTINUOUS
100
AcDbLine
 10
3.4775495275590549
 20
-3.2883545275590551
 30
0
 11
3.4807653937007874
 21
-3.2931674015748031
 31
0
  0
LINE
  5
60D
330
1B
100
AcDbEntity
  8
B.Cu
  6
CONTINUOUS
100
AcDbLine
 10
3.4807653937007874
 20
-3.2931674015748031
 30
0
 11
3.4829805118110237
 21
-3.2985151968503934
 31
0
  0
LINE
  5
60E
330
1B
100
AcDbEntity
  8
B.Cu
  6
CONTINUOUS
100
AcDbLine
 10
3.4829805118110237
 20
-3.2985151968503934
 30
0
 11
3.4841098031496061
 21
-3.3041924015748032
 31
0
  0
LINE
  5
60F
330
1B
100
AcDbEntity
  8
B.Cu
  6
CONTINUOUS
100
AcDbLine
 10
3.4841098031496061
 20
-3.3041924015748032
 30
0
 11
3.4841098031496061
 21
-3.3099808267716533
 31
0
  0
LINE
  5
610
330
1B
100
AcDbEntity
  8
B.Cu
  6
CONTINUOUS
100
AcDbLine
 10
3.4841098031496061
 20
-3.3099808267716533
 30
0
 11
3.4829805118110237
 21
-3.3156580314960631
 31
0
  0
LINE
  5
611
330
1B
100
AcDbEntity
  8
B.Cu
  6
CONTINUOUS
100
AcDbLine
 10
3.4829805118110237
 20
-3.3156580314960631
 30
0
 11
3.4807653937007874
 21
-3.3210058267716533
 31
0
  0
LINE
  5
612
330
1B
100
AcDbEntity
  8
B.Cu
  6
CONTINUOUS
100
AcDbLine
 10
3.4807653937007874
 20
-3.3210058267716533
 30
0
 11
3.4775495275590549
 21
-3.3258187007874014
 31
0
  0
LINE
  5
613
330
1B
100
AcDbEntity
  8
B.Cu
  6
CONTINUOUS
100
AcDbLine
 10
3.4775495275590549
 20
-3.3258187007874014
 30
0
 11
3.4734564960629921
 21
-3.3299117322834646
 31
0
  0
LINE
  5
614
330
1B
100
AcDbEntity
  8
B.Cu
  6
CONTINUOUS
100
AcDbLine
 10
3.4734564960629921
 20
-3.3299117322834646
 30
0
 11
3.4686436220472441
 21
-3.3331275984251967
 31
0
  0
LINE
  5
615
330
1B
100
AcDbEntity
  8
B.Cu
  6
CONTINUOUS
100
AcDbLine
 10
3.4686436220472441
 20
-3.3331275984251967
 30
0
 11
3.4632958267716534
 21
-3.335342716535433
 31
0
  0
LINE
  5
616
330
1B
100
AcDbEntity
  8
B.Cu
  6
CONTINUOUS
100
AcDbLine
 10
3.4632958267716534
 20
-3.335342716535433
 30
0
 11
3.457618622047244
 21
-3.3364720078740158
 31
0
  0
LINE
  5
617
330
1B
100
AcDbEntity
  8
B.Cu
  6
CONTINUOUS
100
AcDbLine
 10
3.457618622047244
 20
-3.3364720078740158
 30
0
 11
3.454724409448819
 21
-3.3366141732283463
 31
0
  0
LINE
  5
618
330
1B
100
AcDbEntity
  8
B.Cu
  6
CONTINUOUS
100
AcDbLine
 10
3.454724409448819
 20
-3.3366141732283463
 30
0
 11
3.4350393700787403
 21
-3.3366141732283463
 31
0
  0
LINE
  5
619
330
1B
100
AcDbEntity
  8
B.Cu
  6
CONTINUOUS
100
AcDbLine
 10
3.4350393700787403
 20
-3.3366141732283463
 30
0
 11
3.1027818897637793
 21
-3.3366141732283463
 31
0
  0
LINE
  5
61A
330
1B
100
AcDbEntity
  8
B.Cu
  6
CONTINUOUS
100
AcDbLine
 10
3.1027818897637793
 20
-3.3366141732283463
 30
0
 11
3.0807086614173227
 21
-3.3586874015748029
 31
0
  0
LINE
  5
61B
330
1B
100
AcDbEntity
  8
B.Cu
  6
CONTINUOUS
100
AcDbLine
 10
3.0807086614173227
 20
-3.3586874015748029
 30
0
 11
3.0807086614173227
 21
-3.5433070866141732
 31
0
  0
LINE
  5
61C
330
1B
100
AcDbEntity
  8
B.Cu
  6
CONTINUOUS
100
AcDbLine
 10
3.0807086614173227
 20
-3.5433070866141732
 30
0
 11
3.0805664960629922
 21
-3.5462012992125982
 31
0
  0
LINE
  5
61D
330
1B
100
AcDbEntity
  8
B.Cu
  6
CONTINUOUS
100
AcDbLine
 10
3.0805664960629922
 20
-3.5462012992125982
 30
0
 11
3.0794372047244094
 21
-3.551878503937008
 31
0
  0
LINE
  5
61E
330
1B
100
AcDbEntity
  8
B.Cu
  6
CONTINUOUS
100
AcDbLine
 10
3.0794372047244094
 20
-3.551878503937008
 30
0
 11
3.0772220866141731
 21
-3.5572262992125983
 31
0
  0
LINE
  5
61F
330
1B
100
AcDbEntity
  8
B.Cu
  6
CONTINUOUS
100
AcDbLine
 10
3.0772220866141731
 20
-3.5572262992125983
 30
0
 11
3.074006220472441
 21
-3.5620391732283463
 31
0
  0
LINE
  5
620
330
1B
100
AcDbEntity
  8
B.Cu
  6
CONTINUOUS
100
AcDbLine
 10
3.074006220472441
 20
-3.5620391732283463
 30
0
 11
3.0699131889763778
 21
-3.5661322047244095
 31
0
  0
LINE
  5
621
330
1B
100
AcDbEntity
  8
B.Cu
  6
CONTINUOUS
100
AcDbLine
 10
3.0699131889763778
 20
-3.5661322047244095
 30
0
 11
3.0651003149606297
 21
-3.5693480708661416
 31
0
  0
LINE
  5
622
330
1B
100
AcDbEntity
  8
B.Cu
  6
CONTINUOUS
100
AcDbLine
 10
3.0651003149606297
 20
-3.5693480708661416
 30
0
 11
3.0597525196850395
 21
-3.5715631889763779
 31
0
  0
LINE
  5
623
330
1B
100
AcDbEntity
  8
B.Cu
  6
CONTINUOUS
100
AcDbLine
 10
3.0597525196850395
 20
-3.5715631889763779
 30
0
 11
3.0540753149606297
 21
-3.5726924803149607
 31
0
  0
LINE
  5
624
330
1B
100
AcDbEntity
  8
B.Cu
  6
CONTINUOUS
100
AcDbLine
 10
3.0540753149606297
 20
-3.5726924803149607
 30
0
 11
3.0482868897637796
 21
-3.5726924803149607
 31
0
  0
LINE
  5
625
330
1B
100
AcDbEntity
  8
B.Cu
  6
CONTINUOUS
100
AcDbLine
 10
3.0482868897637796
 20
-3.5726924803149607
 30
0
 11
3.0426096850393698
 21
-3.5715631889763779
 31
0
  0
LINE
  5
626
330
1B
100
AcDbEntity
  8
B.Cu
  6
CONTINUOUS
100
AcDbLine
 10
3.0426096850393698
 20
-3.5715631889763779
 30
0
 11
3.0372618897637795
 21
-3.5693480708661416
 31
0
  0
LINE
  5
627
330
1B
100
AcDbEntity
  8
B.Cu
  6
CONTINUOUS
100
AcDbLine
 10
3.0372618897637795
 20
-3.5693480708661416
 30
0
 11
3.0324490157480315
 21
-3.5661322047244095
 31
0
  0
LINE
  5
628
330
1B
100
AcDbEntity
  8
B.Cu
  6
CONTINUOUS
100
AcDbLine
 10
3.0324490157480315
 20
-3.5661322047244095
 30
0
 11
3.0283559842519683
 21
-3.5620391732283463
 31
0
  0
LINE
  5
629
330
1B
100
AcDbEntity
  8
B.Cu
  6
CONTINUOUS
100
AcDbLine
 10
3.0283559842519683
 20
-3.5620391732283463
 30
0
 11
3.0251401181102362
 21
-3.5572262992125983
 31
0
  0
LINE
  5
62A
330
1B
100
AcDbEntity
  8
B.Cu
  6
CONTINUOUS
100
AcDbLine
 10
3.0251401181102362
 20
-3.5572262992125983
 30
0
 11
3.0229249999999999
 21
-3.551878503937008
 31
0
  0
LINE
  5
62B
330
1B
100
AcDbEntity
  8
B.Cu
  6
CONTINUOUS
100
AcDbLine
 10
3.0229249999999999
 20
-3.551878503937008
 30
0
 11
3.0217957086614171
 21
-3.5462012992125982
 31
0
  0
LINE
  5
62C
330
1B
100
AcDbEntity
  8
B.Cu
  6
CONTINUOUS
100
AcDbLine
 10
3.0217957086614171
 20
-3.5462012992125982
 30
0
 11
3.0216535433070866
 21
-3.5433070866141732
 31
0
  0
LINE
  5
62D
330
1B
100
AcDbEntity
  8
B.Cu
  6
CONTINUOUS
100
AcDbLine
 10
3.0216535433070866
 20
-3.5433070866141732
 30
0
 11
3.0216535433070866
 21
-3.3464566929133857
 31
0
  0
LINE
  5
62E
330
1B
100
AcDbEntity
  8
B.Cu
  6
CONTINUOUS
100
AcDbLine
 10
3.0216535433070866
 20
-3.3464566929133857
 30
0
 11
3.0217957086614171
 21
-3.3435624803149606
 31
0
  0
LINE
  5
62F
330
1B
100
AcDbEntity
  8
B.Cu
  6
CONTINUOUS
100
AcDbLine
 10
3.0217957086614171
 20
-3.3435624803149606
 30
0
 11
3.0222406692913384
 21
-3.3413255905511812
 31
0
  0
LINE
  5
630
330
1B
100
AcDbEntity
  8
B.Cu
  6
CONTINUOUS
100
AcDbLine
 10
3.0222406692913384
 20
-3.3413255905511812
 30
0
 11
3.0229249606299211
 21
-3.33788531496063
 31
0
  0
LINE
  5
631
330
1B
100
AcDbEntity
  8
B.Cu
  6
CONTINUOUS
100
AcDbLine
 10
3.0229249606299211
 20
-3.33788531496063
 30
0
 11
3.0242225590551182
 21
-3.3347526377952756
 31
0
  0
LINE
  5
632
330
1B
100
AcDbEntity
  8
B.Cu
  6
CONTINUOUS
100
AcDbLine
 10
3.0242225590551182
 20
-3.3347526377952756
 30
0
 11
3.0251401181102362
 21
-3.3325374803149606
 31
0
  0
LINE
  5
633
330
1B
100
AcDbEntity
  8
B.Cu
  6
CONTINUOUS
100
AcDbLine
 10
3.0251401181102362
 20
-3.3325374803149606
 30
0
 11
3.0283559842519683
 21
-3.3277246062992125
 31
0
  0
LINE
  5
634
330
1B
100
AcDbEntity
  8
B.Cu
  6
CONTINUOUS
100
AcDbLine
 10
3.0283559842519683
 20
-3.3277246062992125
 30
0
 11
3.0303019685039367
 21
-3.3255775590551182
 31
0
  0
LINE
  5
635
330
1B
100
AcDbEntity
  8
B.Cu
  6
CONTINUOUS
100
AcDbLine
 10
3.0303019685039367
 20
-3.3255775590551182
 30
0
 11
3.0696720472440946
 21
-3.2862074803149603
 31
0
  0
LINE
  5
636
330
1B
100
AcDbEntity
  8
B.Cu
  6
CONTINUOUS
100
AcDbLine
 10
3.0696720472440946
 20
-3.2862074803149603
 30
0
 11
3.0718190944881889
 21
-3.2842614566929131
 31
0
  0
LINE
  5
637
330
1B
100
AcDbEntity
  8
B.Cu
  6
CONTINUOUS
100
AcDbLine
 10
3.0718190944881889
 20
-3.2842614566929131
 30
0
 11
3.0748177165354331
 21
-3.2822578740157478
 31
0
  0
LINE
  5
638
330
1B
100
AcDbEntity
  8
B.Cu
  6
CONTINUOUS
100
AcDbLine
 10
3.0748177165354331
 20
-3.2822578740157478
 30
0
 11
3.0766319685039369
 21
-3.2810456299212598
 31
0
  0
LINE
  5
639
330
1B
100
AcDbEntity
  8
B.Cu
  6
CONTINUOUS
100
AcDbLine
 10
3.0766319685039369
 20
-3.2810456299212598
 30
0
 11
3.078847125984252
 21
-3.2801280708661418
 31
0
  0
LINE
  5
63A
330
1B
100
AcDbEntity
  8
B.Cu
  6
CONTINUOUS
100
AcDbLine
 10
3.078847125984252
 20
-3.2801280708661418
 30
0
 11
3.0819798031496064
 21
-3.2788304724409447
 31
0
  0
LINE
  5
63B
330
1B
100
AcDbEntity
  8
B.Cu
  6
CONTINUOUS
100
AcDbLine
 10
3.0819798031496064
 20
-3.2788304724409447
 30
0
 11
3.087656968503937
 21
-3.2777012204724407
 31
0
  0
LINE
  5
63C
330
1B
100
AcDbEntity
  8
B.Cu
  6
CONTINUOUS
100
AcDbLine
 10
3.087656968503937
 20
-3.2777012204724407
 30
0
 11
3.090551181102362
 21
-3.2775590551181102
 31
0
  0
LINE
  5
63D
330
1B
100
AcDbEntity
  8
B.Cu
  6
CONTINUOUS
100
AcDbLine
 10
3.090551181102362
 20
-3.2775590551181102
 30
0
 11
3.4448818897637796
 21
-3.2775590551181102
 31
0
  0
LINE
  5
63E
330
1B
100
AcDbEntity
  8
B.Cu
  6
CONTINUOUS
100
AcDbLine
 10
5.4788460236220473
 20
-3.3323491732283466
 30
0
 11
5.4846140551181097
 21
-3.3334964960629923
 31
0
  0
LINE
  5
63F
330
1B
100
AcDbEntity
  8
B.Cu
  6
CONTINUOUS
100
AcDbLine
 10
5.4846140551181097
 20
-3.3334964960629923
 30
0
 11
5.4900474015748033
 21
-3.3357470866141732
 31
0
  0
LINE
  5
640
330
1B
100
AcDbEntity
  8
B.Cu
  6
CONTINUOUS
100
AcDbLine
 10
5.4900474015748033
 20
-3.3357470866141732
 30
0
 11
5.4949373228346454
 21
-3.339014409448819
 31
0
  0
LINE
  5
641
330
1B
100
AcDbEntity
  8
B.Cu
  6
CONTINUOUS
100
AcDbLine
 10
5.4949373228346454
 20
-3.339014409448819
 30
0
 11
5.4990958267716534
 21
-3.3431729133858266
 31
0
  0
LINE
  5
642
330
1B
100
AcDbEntity
  8
B.Cu
  6
CONTINUOUS
100
AcDbLine
 10
5.4990958267716534
 20
-3.3431729133858266
 30
0
 11
5.5023631496062988
 21
-3.3480628346456691
 31
0
  0
LINE
  5
643
330
1B
100
AcDbEntity
  8
B.Cu
  6
CONTINUOUS
100
AcDbLine
 10
5.5023631496062988
 20
-3.3480628346456691
 30
0
 11
5.5046137401574802
 21
-3.3534961811023623
 31
0
  0
LINE
  5
644
330
1B
100
AcDbEntity
  8
B.Cu
  6
CONTINUOUS
100
AcDbLine
 10
5.5046137401574802
 20
-3.3534961811023623
 30
0
 11
5.5057610629921259
 21
-3.3592642125984251
 31
0
  0
LINE
  5
645
330
1B
100
AcDbEntity
  8
B.Cu
  6
CONTINUOUS
100
AcDbLine
 10
5.5057610629921259
 20
-3.3592642125984251
 30
0
 11
5.5057610629921259
 21
-3.3651452362204726
 31
0
  0
LINE
  5
646
330
1B
100
AcDbEntity
  8
B.Cu
  6
CONTINUOUS
100
AcDbLine
 10
5.5057610629921259
 20
-3.3651452362204726
 30
0
 11
5.5046137401574802
 21
-3.3709132677165354
 31
0
  0
LINE
  5
647
330
1B
100
AcDbEntity
  8
B.Cu
  6
CONTINUOUS
100
AcDbLine
 10
5.5046137401574802
 20
-3.3709132677165354
 30
0
 11
5.5023631496062988
 21
-3.3763466141732281
 31
0
  0
LINE
  5
648
330
1B
100
AcDbEntity
  8
B.Cu
  6
CONTINUOUS
100
AcDbLine
 10
5.5023631496062988
 20
-3.3763466141732281
 30
0
 11
5.4990958267716534
 21
-3.3812365354330707
 31
0
  0
LINE
  5
649
330
1B
100
AcDbEntity
  8
B.Cu
  6
CONTINUOUS
100
AcDbLine
 10
5.4990958267716534
 20
-3.3812365354330707
 30
0
 11
5.4949373228346454
 21
-3.3853950393700787
 31
0
  0
LINE
  5
64A
330
1B
100
AcDbEntity
  8
B.Cu
  6
CONTINUOUS
100
AcDbLine
 10
5.4949373228346454
 20
-3.3853950393700787
 30
0
 11
5.4900474015748033
 21
-3.3886623622047245
 31
0
  0
LINE
  5
64B
330
1B
100
AcDbEntity
  8
B.Cu
  6
CONTINUOUS
100
AcDbLine
 10
5.4900474015748033
 20
-3.3886623622047245
 30
0
 11
5.4846140551181097
 21
-3.3909129527559054
 31
0
  0
LINE
  5
64C
330
1B
100
AcDbEntity
  8
B.Cu
  6
CONTINUOUS
100
AcDbLine
 10
5.4846140551181097
 20
-3.3909129527559054
 30
0
 11
5.4788460236220473
 21
-3.3920602755905511
 31
0
  0
LINE
  5
64D
330
1B
100
AcDbEntity
  8
B.Cu
  6
CONTINUOUS
100
AcDbLine
 10
5.4788460236220473
 20
-3.3920602755905511
 30
0
 11
5.4759055118110238
 21
-3.3922047244094489
 31
0
  0
LINE
  5
64E
330
1B
100
AcDbEntity
  8
B.Cu
  6
CONTINUOUS
100
AcDbLine
 10
5.4759055118110238
 20
-3.3922047244094489
 30
0
 11
5.4611023622047243
 21
-3.3922047244094489
 31
0
  0
LINE
  5
64F
330
1B
100
AcDbEntity
  8
B.Cu
  6
CONTINUOUS
100
AcDbLine
 10
5.4611023622047243
 20
-3.3922047244094489
 30
0
 11
5.4581618503937008
 21
-3.3920602755905511
 31
0
  0
LINE
  5
650
330
1B
100
AcDbEntity
  8
B.Cu
  6
CONTINUOUS
100
AcDbLine
 10
5.4581618503937008
 20
-3.3920602755905511
 30
0
 11
5.4565129133858266
 21
-3.3917322834645667
 31
0
  0
LINE
  5
651
330
1B
100
AcDbEntity
  8
B.Cu
  6
CONTINUOUS
100
AcDbLine
 10
5.4565129133858266
 20
-3.3917322834645667
 30
0
 11
5.3311283464566932
 21
-3.3917322834645667
 31
0
  0
LINE
  5
652
330
1B
100
AcDbEntity
  8
B.Cu
  6
CONTINUOUS
100
AcDbLine
 10
5.3311283464566932
 20
-3.3917322834645667
 30
0
 11
5.1586744094488184
 21
-3.564186220472441
 31
0
  0
LINE
  5
653
330
1B
100
AcDbEntity
  8
B.Cu
  6
CONTINUOUS
100
AcDbLine
 10
5.1586744094488184
 20
-3.564186220472441
 30
0
 11
5.1565273622047245
 21
-3.5661322047244095
 31
0
  0
LINE
  5
654
330
1B
100
AcDbEntity
  8
B.Cu
  6
CONTINUOUS
100
AcDbLine
 10
5.1565273622047245
 20
-3.5661322047244095
 30
0
 11
5.1517144488188977
 21
-3.5693480708661416
 31
0
  0
LINE
  5
655
330
1B
100
AcDbEntity
  8
B.Cu
  6
CONTINUOUS
100
AcDbLine
 10
5.1517144488188977
 20
-3.5693480708661416
 30
0
 11
5.146366653543307
 21
-3.5715632283464567
 31
0
  0
LINE
  5
656
330
1B
100
AcDbEntity
  8
B.Cu
  6
CONTINUOUS
100
AcDbLine
 10
5.146366653543307
 20
-3.5715632283464567
 30
0
 11
5.1406894881889764
 21
-3.5726924803149607
 31
0
  0
LINE
  5
657
330
1B
100
AcDbEntity
  8
B.Cu
  6
CONTINUOUS
100
AcDbLine
 10
5.1406894881889764
 20
-3.5726924803149607
 30
0
 11
5.1349010629921255
 21
-3.5726924803149607
 31
0
  0
LINE
  5
658
330
1B
100
AcDbEntity
  8
B.Cu
  6
CONTINUOUS
100
AcDbLine
 10
5.1349010629921255
 20
-3.5726924803149607
 30
0
 11
5.1292238976377948
 21
-3.5715632283464567
 31
0
  0
LINE
  5
659
330
1B
100
AcDbEntity
  8
B.Cu
  6
CONTINUOUS
100
AcDbLine
 10
5.1292238976377948
 20
-3.5715632283464567
 30
0
 11
5.123876102362205
 21
-3.5693480708661416
 31
0
  0
LINE
  5
65A
330
1B
100
AcDbEntity
  8
B.Cu
  6
CONTINUOUS
100
AcDbLine
 10
5.123876102362205
 20
-3.5693480708661416
 30
0
 11
5.1190631889763782
 21
-3.5661322047244095
 31
0
  0
LINE
  5
65B
330
1B
100
AcDbEntity
  8
B.Cu
  6
CONTINUOUS
100
AcDbLine
 10
5.1190631889763782
 20
-3.5661322047244095
 30
0
 11
5.1149701574803146
 21
-3.5620391732283463
 31
0
  0
LINE
  5
65C
330
1B
100
AcDbEntity
  8
B.Cu
  6
CONTINUOUS
100
AcDbLine
 10
5.1149701574803146
 20
-3.5620391732283463
 30
0
 11
5.1117542913385829
 21
-3.5572262598425195
 31
0
  0
LINE
  5
65D
330
1B
100
AcDbEntity
  8
B.Cu
  6
CONTINUOUS
100
AcDbLine
 10
5.1117542913385829
 20
-3.5572262598425195
 30
0
 11
5.1095391338582674
 21
-3.5518784645669292
 31
0
  0
LINE
  5
65E
330
1B
100
AcDbEntity
  8
B.Cu
  6
CONTINUOUS
100
AcDbLine
 10
5.1095391338582674
 20
-3.5518784645669292
 30
0
 11
5.1084098818897639
 21
-3.5462012992125982
 31
0
  0
LINE
  5
65F
330
1B
100
AcDbEntity
  8
B.Cu
  6
CONTINUOUS
100
AcDbLine
 10
5.1084098818897639
 20
-3.5462012992125982
 30
0
 11
5.1084098818897639
 21
-3.5404128740157481
 31
0
  0
LINE
  5
660
330
1B
100
AcDbEntity
  8
B.Cu
  6
CONTINUOUS
100
AcDbLine
 10
5.1084098818897639
 20
-3.5404128740157481
 30
0
 11
5.1095391338582674
 21
-3.5347357086614171
 31
0
  0
LINE
  5
661
330
1B
100
AcDbEntity
  8
B.Cu
  6
CONTINUOUS
100
AcDbLine
 10
5.1095391338582674
 20
-3.5347357086614171
 30
0
 11
5.1117542913385829
 21
-3.5293879133858268
 31
0
  0
LINE
  5
662
330
1B
100
AcDbEntity
  8
B.Cu
  6
CONTINUOUS
100
AcDbLine
 10
5.1117542913385829
 20
-3.5293879133858268
 30
0
 11
5.1149701574803146
 21
-3.524575
 31
0
  0
LINE
  5
663
330
1B
100
AcDbEntity
  8
B.Cu
  6
CONTINUOUS
100
AcDbLine
 10
5.1149701574803146
 20
-3.524575
 30
0
 11
5.1169161417322835
 21
-3.5224279527559053
 31
0
  0
LINE
  5
664
330
1B
100
AcDbEntity
  8
B.Cu
  6
CONTINUOUS
100
AcDbLine
 10
5.1169161417322835
 20
-3.5224279527559053
 30
0
 11
5.2980185039370076
 21
-3.3413255905511812
 31
0
  0
LINE
  5
665
330
1B
100
AcDbEntity
  8
B.Cu
  6
CONTINUOUS
100
AcDbLine
 10
5.2980185039370076
 20
-3.3413255905511812
 30
0
 11
5.3001655511811023
 21
-3.3393796062992127
 31
0
  0
LINE
  5
666
330
1B
100
AcDbEntity
  8
B.Cu
  6
CONTINUOUS
100
AcDbLine
 10
5.3001655511811023
 20
-3.3393796062992127
 30
0
 11
5.3049784251968504
 21
-3.3361637401574802
 31
0
  0
LINE
  5
667
330
1B
100
AcDbEntity
  8
B.Cu
  6
CONTINUOUS
100
AcDbLine
 10
5.3049784251968504
 20
-3.3361637401574802
 30
0
 11
5.3103262204724411
 21
-3.3339486220472438
 31
0
  0
LINE
  5
668
330
1B
100
AcDbEntity
  8
B.Cu
  6
CONTINUOUS
100
AcDbLine
 10
5.3103262204724411
 20
-3.3339486220472438
 30
0
 11
5.3160034251968504
 21
-3.3328193307086615
 31
0
  0
LINE
  5
669
330
1B
100
AcDbEntity
  8
B.Cu
  6
CONTINUOUS
100
AcDbLine
 10
5.3160034251968504
 20
-3.3328193307086615
 30
0
 11
5.3188976377952759
 21
-3.3326771653543306
 31
0
  0
LINE
  5
66A
330
1B
100
AcDbEntity
  8
B.Cu
  6
CONTINUOUS
100
AcDbLine
 10
5.3188976377952759
 20
-3.3326771653543306
 30
0
 11
5.4565129133858266
 21
-3.3326771653543306
 31
0
  0
LINE
  5
66B
330
1B
100
AcDbEntity
  8
B.Cu
  6
CONTINUOUS
100
AcDbLine
 10
5.4565129133858266
 20
-3.3326771653543306
 30
0
 11
5.4581618503937008
 21
-3.3323491732283466
 31
0
  0
LINE
  5
66C
330
1B
100
AcDbEntity
  8
B.Cu
  6
CONTINUOUS
100
AcDbLine
 10
5.4581618503937008
 20
-3.3323491732283466
 30
0
 11
5.4611023622047243
 21
-3.3322047244094488
 31
0
  0
LINE
  5
66D
330
1B
100
AcDbEntity
  8
B.Cu
  6
CONTINUOUS
100
AcDbLine
 10
5.4611023622047243
 20
-3.3322047244094488
 30
0
 11
5.4759055118110238
 21
-3.3322047244094488
 31
0
  0
LINE
  5
66E
330
1B
100
AcDbEntity
  8
B.Cu
  6
CONTINUOUS
100
AcDbLine
 10
5.4759055118110238
 20
-3.3322047244094488
 30
0
 11
5.4788460236220473
 21
-3.3323491732283466
 31
0
  0
LINE
  5
66F
330
1B
100
AcDbEntity
  8
B.Cu
  6
CONTINUOUS
100
AcDbLine
 10
4.4788460236220473
 20
-3.4323491732283462
 30
0
 11
4.4846140551181097
 21
-3.4334964960629919
 31
0
  0
LINE
  5
670
330
1B
100
AcDbEntity
  8
B.Cu
  6
CONTINUOUS
100
AcDbLine
 10
4.4846140551181097
 20
-3.4334964960629919
 30
0
 11
4.4900474015748033
 21
-3.4357470866141733
 31
0
  0
LINE
  5
671
330
1B
100
AcDbEntity
  8
B.Cu
  6
CONTINUOUS
100
AcDbLine
 10
4.4900474015748033
 20
-3.4357470866141733
 30
0
 11
4.4949373228346454
 21
-3.4390144094488186
 31
0
  0
LINE
  5
672
330
1B
100
AcDbEntity
  8
B.Cu
  6
CONTINUOUS
100
AcDbLine
 10
4.4949373228346454
 20
-3.4390144094488186
 30
0
 11
4.4990958267716534
 21
-3.4431729133858267
 31
0
  0
LINE
  5
673
330
1B
100
AcDbEntity
  8
B.Cu
  6
CONTINUOUS
100
AcDbLine
 10
4.4990958267716534
 20
-3.4431729133858267
 30
0
 11
4.5023631496062988
 21
-3.4480628346456692
 31
0
  0
LINE
  5
674
330
1B
100
AcDbEntity
  8
B.Cu
  6
CONTINUOUS
100
AcDbLine
 10
4.5023631496062988
 20
-3.4480628346456692
 30
0
 11
4.5046137401574802
 21
-3.4534961811023623
 31
0
  0
LINE
  5
675
330
1B
100
AcDbEntity
  8
B.Cu
  6
CONTINUOUS
100
AcDbLine
 10
4.5046137401574802
 20
-3.4534961811023623
 30
0
 11
4.5057610629921259
 21
-3.4592642125984252
 31
0
  0
LINE
  5
676
330
1B
100
AcDbEntity
  8
B.Cu
  6
CONTINUOUS
100
AcDbLine
 10
4.5057610629921259
 20
-3.4592642125984252
 30
0
 11
4.5057610629921259
 21
-3.4651452362204722
 31
0
  0
LINE
  5
677
330
1B
100
AcDbEntity
  8
B.Cu
  6
CONTINUOUS
100
AcDbLine
 10
4.5057610629921259
 20
-3.4651452362204722
 30
0
 11
4.5046137401574802
 21
-3.4709132677165355
 31
0
  0
LINE
  5
678
330
1B
100
AcDbEntity
  8
B.Cu
  6
CONTINUOUS
100
AcDbLine
 10
4.5046137401574802
 20
-3.4709132677165355
 30
0
 11
4.5023631496062988
 21
-3.4763466141732282
 31
0
  0
LINE
  5
679
330
1B
100
AcDbEntity
  8
B.Cu
  6
CONTINUOUS
100
AcDbLine
 10
4.5023631496062988
 20
-3.4763466141732282
 30
0
 11
4.4990958267716534
 21
-3.4812365354330708
 31
0
  0
LINE
  5
67A
330
1B
100
AcDbEntity
  8
B.Cu
  6
CONTINUOUS
100
AcDbLine
 10
4.4990958267716534
 20
-3.4812365354330708
 30
0
 11
4.4949373228346454
 21
-3.4853950393700788
 31
0
  0
LINE
  5
67B
330
1B
100
AcDbEntity
  8
B.Cu
  6
CONTINUOUS
100
AcDbLine
 10
4.4949373228346454
 20
-3.4853950393700788
 30
0
 11
4.4900474015748033
 21
-3.4886623622047241
 31
0
  0
LINE
  5
67C
330
1B
100
AcDbEntity
  8
B.Cu
  6
CONTINUOUS
100
AcDbLine
 10
4.4900474015748033
 20
-3.4886623622047241
 30
0
 11
4.4846140551181097
 21
-3.4909129527559055
 31
0
  0
LINE
  5
67D
330
1B
100
AcDbEntity
  8
B.Cu
  6
CONTINUOUS
100
AcDbLine
 10
4.4846140551181097
 20
-3.4909129527559055
 30
0
 11
4.4788460236220473
 21
-3.4920602755905512
 31
0
  0
LINE
  5
67E
330
1B
100
AcDbEntity
  8
B.Cu
  6
CONTINUOUS
100
AcDbLine
 10
4.4788460236220473
 20
-3.4920602755905512
 30
0
 11
4.4759055118110238
 21
-3.492204724409449
 31
0
  0
LINE
  5
67F
330
1B
100
AcDbEntity
  8
B.Cu
  6
CONTINUOUS
100
AcDbLine
 10
4.4759055118110238
 20
-3.492204724409449
 30
0
 11
4.4611023622047243
 21
-3.492204724409449
 31
0
  0
LINE
  5
680
330
1B
100
AcDbEntity
  8
B.Cu
  6
CONTINUOUS
100
AcDbLine
 10
4.4611023622047243
 20
-3.492204724409449
 30
0
 11
4.4581618503937008
 21
-3.4920602755905512
 31
0
  0
LINE
  5
681
330
1B
100
AcDbEntity
  8
B.Cu
  6
CONTINUOUS
100
AcDbLine
 10
4.4581618503937008
 20
-3.4920602755905512
 30
0
 11
4.4523938188976375
 21
-3.4909129527559055
 31
0
  0
LINE
  5
682
330
1B
100
AcDbEntity
  8
B.Cu
  6
CONTINUOUS
100
AcDbLine
 10
4.4523938188976375
 20
-3.4909129527559055
 30
0
 11
4.4469604724409448
 21
-3.4886623622047241
 31
0
  0
LINE
  5
683
330
1B
100
AcDbEntity
  8
B.Cu
  6
CONTINUOUS
100
AcDbLine
 10
4.4469604724409448
 20
-3.4886623622047241
 30
0
 11
4.4420705511811018
 21
-3.4853950393700788
 31
0
  0
LINE
  5
684
330
1B
100
AcDbEntity
  8
B.Cu
  6
CONTINUOUS
100
AcDbLine
 10
4.4420705511811018
 20
-3.4853950393700788
 30
0
 11
4.4379120472440947
 21
-3.4812365354330708
 31
0
  0
LINE
  5
685
330
1B
100
AcDbEntity
  8
B.Cu
  6
CONTINUOUS
100
AcDbLine
 10
4.4379120472440947
 20
-3.4812365354330708
 30
0
 11
4.4346447244094485
 21
-3.4763466141732282
 31
0
  0
LINE
  5
686
330
1B
100
AcDbEntity
  8
B.Cu
  6
CONTINUOUS
100
AcDbLine
 10
4.4346447244094485
 20
-3.4763466141732282
 30
0
 11
4.432394133858268
 21
-3.4709132677165355
 31
0
  0
LINE
  5
687
330
1B
100
AcDbEntity
  8
B.Cu
  6
CONTINUOUS
100
AcDbLine
 10
4.432394133858268
 20
-3.4709132677165355
 30
0
 11
4.4312468110236223
 21
-3.4651452362204722
 31
0
  0
LINE
  5
688
330
1B
100
AcDbEntity
  8
B.Cu
  6
CONTINUOUS
100
AcDbLine
 10
4.4312468110236223
 20
-3.4651452362204722
 30
0
 11
4.4312468110236223
 21
-3.4592642125984252
 31
0
  0
LINE
  5
689
330
1B
100
AcDbEntity
  8
B.Cu
  6
CONTINUOUS
100
AcDbLine
 10
4.4312468110236223
 20
-3.4592642125984252
 30
0
 11
4.432394133858268
 21
-3.4534961811023623
 31
0
  0
LINE
  5
68A
330
1B
100
AcDbEntity
  8
B.Cu
  6
CONTINUOUS
100
AcDbLine
 10
4.432394133858268
 20
-3.4534961811023623
 30
0
 11
4.4346447244094485
 21
-3.4480628346456692
 31
0
  0
LINE
  5
68B
330
1B
100
AcDbEntity
  8
B.Cu
  6
CONTINUOUS
100
AcDbLine
 10
4.4346447244094485
 20
-3.4480628346456692
 30
0
 11
4.4379120472440947
 21
-3.4431729133858267
 31
0
  0
LINE
  5
68C
330
1B
100
AcDbEntity
  8
B.Cu
  6
CONTINUOUS
100
AcDbLine
 10
4.4379120472440947
 20
-3.4431729133858267
 30
0
 11
4.4420705511811018
 21
-3.4390144094488186
 31
0
  0
LINE
  5
68D
330
1B
100
AcDbEntity
  8
B.Cu
  6
CONTINUOUS
100
AcDbLine
 10
4.4420705511811018
 20
-3.4390144094488186
 30
0
 11
4.4469604724409448
 21
-3.4357470866141733
 31
0
  0
LINE
  5
68E
330
1B
100
AcDbEntity
  8
B.Cu
  6
CONTINUOUS
100
AcDbLine
 10
4.4469604724409448
 20
-3.4357470866141733
 30
0
 11
4.4523938188976375
 21
-3.4334964960629919
 31
0
  0
LINE
  5
68F
330
1B
100
AcDbEntity
  8
B.Cu
  6
CONTINUOUS
100
AcDbLine
 10
4.4523938188976375
 20
-3.4334964960629919
 30
0
 11
4.4581618503937008
 21
-3.4323491732283462
 31
0
  0
LINE
  5
690
330
1B
100
AcDbEntity
  8
B.Cu
  6
CONTINUOUS
100
AcDbLine
 10
4.4581618503937008
 20
-3.4323491732283462
 30
0
 11
4.4611023622047243
 21
-3.4322047244094489
 31
0
  0
LINE
  5
691
330
1B
100
AcDbEntity
  8
B.Cu
  6
CONTINUOUS
100
AcDbLine
 10
4.4611023622047243
 20
-3.4322047244094489
 30
0
 11
4.4759055118110238
 21
-3.4322047244094489
 31
0
  0
LINE
  5
692
330
1B
100
AcDbEntity
  8
B.Cu
  6
CONTINUOUS
100
AcDbLine
 10
4.4759055118110238
 20
-3.4322047244094489
 30
0
 11
4.4788460236220473
 21
-3.4323491732283462
 31
0
  0
LINE
  5
693
330
1B
100
AcDbEntity
  8
B.Cu
  6
CONTINUOUS
100
AcDbLine
 10
5.4788460236220473
 20
-3.4323491732283462
 30
0
 11
5.4846140551181097
 21
-3.4334964960629919
 31
0
  0
LINE
  5
694
330
1B
100
AcDbEntity
  8
B.Cu
  6
CONTINUOUS
100
AcDbLine
 10
5.4846140551181097
 20
-3.4334964960629919
 30
0
 11
5.4900474015748033
 21
-3.4357470866141733
 31
0
  0
LINE
  5
695
330
1B
100
AcDbEntity
  8
B.Cu
  6
CONTINUOUS
100
AcDbLine
 10
5.4900474015748033
 20
-3.4357470866141733
 30
0
 11
5.4949373228346454
 21
-3.4390144094488186
 31
0
  0
LINE
  5
696
330
1B
100
AcDbEntity
  8
B.Cu
  6
CONTINUOUS
100
AcDbLine
 10
5.4949373228346454
 20
-3.4390144094488186
 30
0
 11
5.4990958267716534
 21
-3.4431729133858267
 31
0
  0
LINE
  5
697
330
1B
100
AcDbEntity
  8
B.Cu
  6
CONTINUOUS
100
AcDbLine
 10
5.4990958267716534
 20
-3.4431729133858267
 30
0
 11
5.5023631496062988
 21
-3.4480628346456692
 31
0
  0
LINE
  5
698
330
1B
100
AcDbEntity
  8
B.Cu
  6
CONTINUOUS
100
AcDbLine
 10
5.5023631496062988
 20
-3.4480628346456692
 30
0
 11
5.5046137401574802
 21
-3.4534961811023623
 31
0
  0
LINE
  5
699
330
1B
100
AcDbEntity
  8
B.Cu
  6
CONTINUOUS
100
AcDbLine
 10
5.5046137401574802
 20
-3.4534961811023623
 30
0
 11
5.5057610629921259
 21
-3.4592642125984252
 31
0
  0
LINE
  5
69A
330
1B
100
AcDbEntity
  8
B.Cu
  6
CONTINUOUS
100
AcDbLine
 10
5.5057610629921259
 20
-3.4592642125984252
 30
0
 11
5.5057610629921259
 21
-3.4651452362204722
 31
0
  0
LINE
  5
69B
330
1B
100
AcDbEntity
  8
B.Cu
  6
CONTINUOUS
100
AcDbLine
 10
5.5057610629921259
 20
-3.4651452362204722
 30
0
 11
5.5046137401574802
 21
-3.4709132677165355
 31
0
  0
LINE
  5
69C
330
1B
100
AcDbEntity
  8
B.Cu
  6
CONTINUOUS
100
AcDbLine
 10
5.5046137401574802
 20
-3.4709132677165355
 30
0
 11
5.5023631496062988
 21
-3.4763466141732282
 31
0
  0
LINE
  5
69D
330
1B
100
AcDbEntity
  8
B.Cu
  6
CONTINUOUS
100
AcDbLine
 10
5.5023631496062988
 20
-3.4763466141732282
 30
0
 11
5.4990958267716534
 21
-3.4812365354330708
 31
0
  0
LINE
  5
69E
330
1B
100
AcDbEntity
  8
B.Cu
  6
CONTINUOUS
100
AcDbLine
 10
5.4990958267716534
 20
-3.4812365354330708
 30
0
 11
5.4949373228346454
 21
-3.4853950393700788
 31
0
  0
LINE
  5
69F
330
1B
100
AcDbEntity
  8
B.Cu
  6
CONTINUOUS
100
AcDbLine
 10
5.4949373228346454
 20
-3.4853950393700788
 30
0
 11
5.4900474015748033
 21
-3.4886623622047241
 31
0
  0
LINE
  5
6A0
330
1B
100
AcDbEntity
  8
B.Cu
  6
CONTINUOUS
100
AcDbLine
 10
5.4900474015748033
 20
-3.4886623622047241
 30
0
 11
5.4846140551181097
 21
-3.4909129527559055
 31
0
  0
LINE
  5
6A1
330
1B
100
AcDbEntity
  8
B.Cu
  6
CONTINUOUS
100
AcDbLine
 10
5.4846140551181097
 20
-3.4909129527559055
 30
0
 11
5.4788460236220473
 21
-3.4920602755905512
 31
0
  0
LINE
  5
6A2
330
1B
100
AcDbEntity
  8
B.Cu
  6
CONTINUOUS
100
AcDbLine
 10
5.4788460236220473
 20
-3.4920602755905512
 30
0
 11
5.4759055118110238
 21
-3.492204724409449
 31
0
  0
LINE
  5
6A3
330
1B
100
AcDbEntity
  8
B.Cu
  6
CONTINUOUS
100
AcDbLine
 10
5.4759055118110238
 20
-3.492204724409449
 30
0
 11
5.4611023622047243
 21
-3.492204724409449
 31
0
  0
LINE
  5
6A4
330
1B
100
AcDbEntity
  8
B.Cu
  6
CONTINUOUS
100
AcDbLine
 10
5.4611023622047243
 20
-3.492204724409449
 30
0
 11
5.4581618503937008
 21
-3.4920602755905512
 31
0
  0
LINE
  5
6A5
330
1B
100
AcDbEntity
  8
B.Cu
  6
CONTINUOUS
100
AcDbLine
 10
5.4581618503937008
 20
-3.4920602755905512
 30
0
 11
5.4523938188976375
 21
-3.4909129527559055
 31
0
  0
LINE
  5
6A6
330
1B
100
AcDbEntity
  8
B.Cu
  6
CONTINUOUS
100
AcDbLine
 10
5.4523938188976375
 20
-3.4909129527559055
 30
0
 11
5.4469604724409448
 21
-3.4886623622047241
 31
0
  0
LINE
  5
6A7
330
1B
100
AcDbEntity
  8
B.Cu
  6
CONTINUOUS
100
AcDbLine
 10
5.4469604724409448
 20
-3.4886623622047241
 30
0
 11
5.4420705511811018
 21
-3.4853950393700788
 31
0
  0
LINE
  5
6A8
330
1B
100
AcDbEntity
  8
B.Cu
  6
CONTINUOUS
100
AcDbLine
 10
5.4420705511811018
 20
-3.4853950393700788
 30
0
 11
5.4379120472440947
 21
-3.4812365354330708
 31
0
  0
LINE
  5
6A9
330
1B
100
AcDbEntity
  8
B.Cu
  6
CONTINUOUS
100
AcDbLine
 10
5.4379120472440947
 20
-3.4812365354330708
 30
0
 11
5.4346447244094485
 21
-3.4763466141732282
 31
0
  0
LINE
  5
6AA
330
1B
100
AcDbEntity
  8
B.Cu
  6
CONTINUOUS
100
AcDbLine
 10
5.4346447244094485
 20
-3.4763466141732282
 30
0
 11
5.432394133858268
 21
-3.4709132677165355
 31
0
  0
LINE
  5
6AB
330
1B
100
AcDbEntity
  8
B.Cu
  6
CONTINUOUS
100
AcDbLine
 10
5.432394133858268
 20
-3.4709132677165355
 30
0
 11
5.4312468110236223
 21
-3.4651452362204722
 31
0
  0
LINE
  5
6AC
330
1B
100
AcDbEntity
  8
B.Cu
  6
CONTINUOUS
100
AcDbLine
 10
5.4312468110236223
 20
-3.4651452362204722
 30
0
 11
5.4312468110236223
 21
-3.4592642125984252
 31
0
  0
LINE
  5
6AD
330
1B
100
AcDbEntity
  8
B.Cu
  6
CONTINUOUS
100
AcDbLine
 10
5.4312468110236223
 20
-3.4592642125984252
 30
0
 11
5.432394133858268
 21
-3.4534961811023623
 31
0
  0
LINE
  5
6AE
330
1B
100
AcDbEntity
  8
B.Cu
  6
CONTINUOUS
100
AcDbLine
 10
5.432394133858268
 20
-3.4534961811023623
 30
0
 11
5.4346447244094485
 21
-3.4480628346456692
 31
0
  0
LINE
  5
6AF
330
1B
100
AcDbEntity
  8
B.Cu
  6
CONTINUOUS
100
AcDbLine
 10
5.4346447244094485
 20
-3.4480628346456692
 30
0
 11
5.4379120472440947
 21
-3.4431729133858267
 31
0
  0
LINE
  5
6B0
330
1B
100
AcDbEntity
  8
B.Cu
  6
CONTINUOUS
100
AcDbLine
 10
5.4379120472440947
 20
-3.4431729133858267
 30
0
 11
5.4420705511811018
 21
-3.4390144094488186
 31
0
  0
LINE
  5
6B1
330
1B
100
AcDbEntity
  8
B.Cu
  6
CONTINUOUS
100
AcDbLine
 10
5.4420705511811018
 20
-3.4390144094488186
 30
0
 11
5.4469604724409448
 21
-3.4357470866141733
 31
0
  0
LINE
  5
6B2
330
1B
100
AcDbEntity
  8
B.Cu
  6
CONTINUOUS
100
AcDbLine
 10
5.4469604724409448
 20
-3.4357470866141733
 30
0
 11
5.4523938188976375
 21
-3.4334964960629919
 31
0
  0
LINE
  5
6B3
330
1B
100
AcDbEntity
  8
B.Cu
  6
CONTINUOUS
100
AcDbLine
 10
5.4523938188976375
 20
-3.4334964960629919
 30
0
 11
5.4581618503937008
 21
-3.4323491732283462
 31
0
  0
LINE
  5
6B4
330
1B
100
AcDbEntity
  8
B.Cu
  6
CONTINUOUS
100
AcDbLine
 10
5.4581618503937008
 20
-3.4323491732283462
 30
0
 11
5.4611023622047243
 21
-3.4322047244094489
 31
0
  0
LINE
  5
6B5
330
1B
100
AcDbEntity
  8
B.Cu
  6
CONTINUOUS
100
AcDbLine
 10
5.4611023622047243
 20
-3.4322047244094489
 30
0
 11
5.4759055118110238
 21
-3.4322047244094489
 31
0
  0
LINE
  5
6B6
330
1B
100
AcDbEntity
  8
B.Cu
  6
CONTINUOUS
100
AcDbLine
 10
5.4759055118110238
 20
-3.4322047244094489
 30
0
 11
5.4788460236220473
 21
-3.4323491732283462
 31
0
  0
LINE
  5
6B7
330
1B
100
AcDbEntity
  8
B.Cu
  6
CONTINUOUS
100
AcDbLine
 10
4.4788460236220473
 20
-3.2323491732283465
 30
0
 11
4.4846140551181097
 21
-3.2334964960629922
 31
0
  0
LINE
  5
6B8
330
1B
100
AcDbEntity
  8
B.Cu
  6
CONTINUOUS
100
AcDbLine
 10
4.4846140551181097
 20
-3.2334964960629922
 30
0
 11
4.4900474015748033
 21
-3.2357470866141731
 31
0
  0
LINE
  5
6B9
330
1B
100
AcDbEntity
  8
B.Cu
  6
CONTINUOUS
100
AcDbLine
 10
4.4900474015748033
 20
-3.2357470866141731
 30
0
 11
4.4949373228346454
 21
-3.2390144094488189
 31
0
  0
LINE
  5
6BA
330
1B
100
AcDbEntity
  8
B.Cu
  6
CONTINUOUS
100
AcDbLine
 10
4.4949373228346454
 20
-3.2390144094488189
 30
0
 11
4.4990958267716534
 21
-3.2431729133858269
 31
0
  0
LINE
  5
6BB
330
1B
100
AcDbEntity
  8
B.Cu
  6
CONTINUOUS
100
AcDbLine
 10
4.4990958267716534
 20
-3.2431729133858269
 30
0
 11
4.5023631496062988
 21
-3.248062834645669
 31
0
  0
LINE
  5
6BC
330
1B
100
AcDbEntity
  8
B.Cu
  6
CONTINUOUS
100
AcDbLine
 10
4.5023631496062988
 20
-3.248062834645669
 30
0
 11
4.5046137401574802
 21
-3.2534961811023622
 31
0
  0
LINE
  5
6BD
330
1B
100
AcDbEntity
  8
B.Cu
  6
CONTINUOUS
100
AcDbLine
 10
4.5046137401574802
 20
-3.2534961811023622
 30
0
 11
4.5057610629921259
 21
-3.259264212598425
 31
0
  0
LINE
  5
6BE
330
1B
100
AcDbEntity
  8
B.Cu
  6
CONTINUOUS
100
AcDbLine
 10
4.5057610629921259
 20
-3.259264212598425
 30
0
 11
4.5057610629921259
 21
-3.2651452362204725
 31
0
  0
LINE
  5
6BF
330
1B
100
AcDbEntity
  8
B.Cu
  6
CONTINUOUS
100
AcDbLine
 10
4.5057610629921259
 20
-3.2651452362204725
 30
0
 11
4.5046137401574802
 21
-3.2709132677165353
 31
0
  0
LINE
  5
6C0
330
1B
100
AcDbEntity
  8
B.Cu
  6
CONTINUOUS
100
AcDbLine
 10
4.5046137401574802
 20
-3.2709132677165353
 30
0
 11
4.5023631496062988
 21
-3.2763466141732285
 31
0
  0
LINE
  5
6C1
330
1B
100
AcDbEntity
  8
B.Cu
  6
CONTINUOUS
100
AcDbLine
 10
4.5023631496062988
 20
-3.2763466141732285
 30
0
 11
4.4990958267716534
 21
-3.2812365354330706
 31
0
  0
LINE
  5
6C2
330
1B
100
AcDbEntity
  8
B.Cu
  6
CONTINUOUS
100
AcDbLine
 10
4.4990958267716534
 20
-3.2812365354330706
 30
0
 11
4.4949373228346454
 21
-3.2853950393700786
 31
0
  0
LINE
  5
6C3
330
1B
100
AcDbEntity
  8
B.Cu
  6
CONTINUOUS
100
AcDbLine
 10
4.4949373228346454
 20
-3.2853950393700786
 30
0
 11
4.4900474015748033
 21
-3.2886623622047244
 31
0
  0
LINE
  5
6C4
330
1B
100
AcDbEntity
  8
B.Cu
  6
CONTINUOUS
100
AcDbLine
 10
4.4900474015748033
 20
-3.2886623622047244
 30
0
 11
4.4846140551181097
 21
-3.2909129527559053
 31
0
  0
LINE
  5
6C5
330
1B
100
AcDbEntity
  8
B.Cu
  6
CONTINUOUS
100
AcDbLine
 10
4.4846140551181097
 20
-3.2909129527559053
 30
0
 11
4.4788460236220473
 21
-3.292060275590551
 31
0
  0
LINE
  5
6C6
330
1B
100
AcDbEntity
  8
B.Cu
  6
CONTINUOUS
100
AcDbLine
 10
4.4788460236220473
 20
-3.292060275590551
 30
0
 11
4.4759055118110238
 21
-3.2922047244094488
 31
0
  0
LINE
  5
6C7
330
1B
100
AcDbEntity
  8
B.Cu
  6
CONTINUOUS
100
AcDbLine
 10
4.4759055118110238
 20
-3.2922047244094488
 30
0
 11
4.4611023622047243
 21
-3.2922047244094488
 31
0
  0
LINE
  5
6C8
330
1B
100
AcDbEntity
  8
B.Cu
  6
CONTINUOUS
100
AcDbLine
 10
4.4611023622047243
 20
-3.2922047244094488
 30
0
 11
4.4581618503937008
 21
-3.292060275590551
 31
0
  0
LINE
  5
6C9
330
1B
100
AcDbEntity
  8
B.Cu
  6
CONTINUOUS
100
AcDbLine
 10
4.4581618503937008
 20
-3.292060275590551
 30
0
 11
4.4565129133858266
 21
-3.291732283464567
 31
0
  0
LINE
  5
6CA
330
1B
100
AcDbEntity
  8
B.Cu
  6
CONTINUOUS
100
AcDbLine
 10
4.4565129133858266
 20
-3.291732283464567
 30
0
 11
4.2697110236220475
 21
-3.291732283464567
 31
0
  0
LINE
  5
6CB
330
1B
100
AcDbEntity
  8
B.Cu
  6
CONTINUOUS
100
AcDbLine
 10
4.2697110236220475
 20
-3.291732283464567
 30
0
 11
4.1350523622047239
 21
-3.4263909448818897
 31
0
  0
LINE
  5
6CC
330
1B
100
AcDbEntity
  8
B.Cu
  6
CONTINUOUS
100
AcDbLine
 10
4.1350523622047239
 20
-3.4263909448818897
 30
0
 11
4.1329053149606301
 21
-3.4283369291338581
 31
0
  0
LINE
  5
6CD
330
1B
100
AcDbEntity
  8
B.Cu
  6
CONTINUOUS
100
AcDbLine
 10
4.1329053149606301
 20
-3.4283369291338581
 30
0
 11
4.128092440944882
 21
-3.4315527952755907
 31
0
  0
LINE
  5
6CE
330
1B
100
AcDbEntity
  8
B.Cu
  6
CONTINUOUS
100
AcDbLine
 10
4.128092440944882
 20
-3.4315527952755907
 30
0
 11
4.1265185433070863
 21
-3.4322047244094489
 31
0
  0
LINE
  5
6CF
330
1B
100
AcDbEntity
  8
B.Cu
  6
CONTINUOUS
100
AcDbLine
 10
4.1265185433070863
 20
-3.4322047244094489
 30
0
 11
4.1227446062992126
 21
-3.4337679527559053
 31
0
  0
LINE
  5
6D0
330
1B
100
AcDbEntity
  8
B.Cu
  6
CONTINUOUS
100
AcDbLine
 10
4.1227446062992126
 20
-3.4337679527559053
 30
0
 11
4.117067440944882
 21
-3.4348972047244093
 31
0
  0
LINE
  5
6D1
330
1B
100
AcDbEntity
  8
B.Cu
  6
CONTINUOUS
100
AcDbLine
 10
4.117067440944882
 20
-3.4348972047244093
 30
0
 11
4.1141732283464565
 21
-3.4350393700787403
 31
0
  0
LINE
  5
6D2
330
1B
100
AcDbEntity
  8
B.Cu
  6
CONTINUOUS
100
AcDbLine
 10
4.1141732283464565
 20
-3.4350393700787403
 30
0
 11
4.0354330708661417
 21
-3.4350393700787403
 31
0
  0
LINE
  5
6D3
330
1B
100
AcDbEntity
  8
B.Cu
  6
CONTINUOUS
100
AcDbLine
 10
4.0354330708661417
 20
-3.4350393700787403
 30
0
 11
4.0255905511811019
 21
-3.4350393700787403
 31
0
  0
LINE
  5
6D4
330
1B
100
AcDbEntity
  8
B.Cu
  6
CONTINUOUS
100
AcDbLine
 10
4.0255905511811019
 20
-3.4350393700787403
 30
0
 11
4.0226963385826773
 21
-3.4348972047244093
 31
0
  0
LINE
  5
6D5
330
1B
100
AcDbEntity
  8
B.Cu
  6
CONTINUOUS
100
AcDbLine
 10
4.0226963385826773
 20
-3.4348972047244093
 30
0
 11
4.0170191338582679
 21
-3.4337679133858265
 31
0
  0
LINE
  5
6D6
330
1B
100
AcDbEntity
  8
B.Cu
  6
CONTINUOUS
100
AcDbLine
 10
4.0170191338582679
 20
-3.4337679133858265
 30
0
 11
4.0116713385826772
 21
-3.4315527952755907
 31
0
  0
LINE
  5
6D7
330
1B
100
AcDbEntity
  8
B.Cu
  6
CONTINUOUS
100
AcDbLine
 10
4.0116713385826772
 20
-3.4315527952755907
 30
0
 11
4.0068584645669292
 21
-3.4283369291338581
 31
0
  0
LINE
  5
6D8
330
1B
100
AcDbEntity
  8
B.Cu
  6
CONTINUOUS
100
AcDbLine
 10
4.0068584645669292
 20
-3.4283369291338581
 30
0
 11
4.0027654330708664
 21
-3.4242438976377954
 31
0
  0
LINE
  5
6D9
330
1B
100
AcDbEntity
  8
B.Cu
  6
CONTINUOUS
100
AcDbLine
 10
4.0027654330708664
 20
-3.4242438976377954
 30
0
 11
3.9995495669291339
 21
-3.4194310236220473
 31
0
  0
LINE
  5
6DA
330
1B
100
AcDbEntity
  8
B.Cu
  6
CONTINUOUS
100
AcDbLine
 10
3.9995495669291339
 20
-3.4194310236220473
 30
0
 11
3.9973344488188975
 21
-3.4140832283464566
 31
0
  0
LINE
  5
6DB
330
1B
100
AcDbEntity
  8
B.Cu
  6
CONTINUOUS
100
AcDbLine
 10
3.9973344488188975
 20
-3.4140832283464566
 30
0
 11
3.9962051574803148
 21
-3.4084060236220473
 31
0
  0
LINE
  5
6DC
330
1B
100
AcDbEntity
  8
B.Cu
  6
CONTINUOUS
100
AcDbLine
 10
3.9962051574803148
 20
-3.4084060236220473
 30
0
 11
3.9962051574803148
 21
-3.4026175984251967
 31
0
  0
LINE
  5
6DD
330
1B
100
AcDbEntity
  8
B.Cu
  6
CONTINUOUS
100
AcDbLine
 10
3.9962051574803148
 20
-3.4026175984251967
 30
0
 11
3.9973344488188975
 21
-3.3969403937007874
 31
0
  0
LINE
  5
6DE
330
1B
100
AcDbEntity
  8
B.Cu
  6
CONTINUOUS
100
AcDbLine
 10
3.9973344488188975
 20
-3.3969403937007874
 30
0
 11
3.9995495669291339
 21
-3.3915925984251967
 31
0
  0
LINE
  5
6DF
330
1B
100
AcDbEntity
  8
B.Cu
  6
CONTINUOUS
100
AcDbLine
 10
3.9995495669291339
 20
-3.3915925984251967
 30
0
 11
4.0027654330708664
 21
-3.3867797244094486
 31
0
  0
LINE
  5
6E0
330
1B
100
AcDbEntity
  8
B.Cu
  6
CONTINUOUS
100
AcDbLine
 10
4.0027654330708664
 20
-3.3867797244094486
 30
0
 11
4.0068584645669292
 21
-3.3826866929133859
 31
0
  0
LINE
  5
6E1
330
1B
100
AcDbEntity
  8
B.Cu
  6
CONTINUOUS
100
AcDbLine
 10
4.0068584645669292
 20
-3.3826866929133859
 30
0
 11
4.0116713385826772
 21
-3.3794708267716533
 31
0
  0
LINE
  5
6E2
330
1B
100
AcDbEntity
  8
B.Cu
  6
CONTINUOUS
100
AcDbLine
 10
4.0116713385826772
 20
-3.3794708267716533
 30
0
 11
4.0170191338582679
 21
-3.3772557086614174
 31
0
  0
LINE
  5
6E3
330
1B
100
AcDbEntity
  8
B.Cu
  6
CONTINUOUS
100
AcDbLine
 10
4.0170191338582679
 20
-3.3772557086614174
 30
0
 11
4.0226963385826773
 21
-3.3761264173228347
 31
0
  0
LINE
  5
6E4
330
1B
100
AcDbEntity
  8
B.Cu
  6
CONTINUOUS
100
AcDbLine
 10
4.0226963385826773
 20
-3.3761264173228347
 30
0
 11
4.0255905511811019
 21
-3.3759842519685037
 31
0
  0
LINE
  5
6E5
330
1B
100
AcDbEntity
  8
B.Cu
  6
CONTINUOUS
100
AcDbLine
 10
4.0255905511811019
 20
-3.3759842519685037
 30
0
 11
4.0452755905511806
 21
-3.3759842519685037
 31
0
  0
LINE
  5
6E6
330
1B
100
AcDbEntity
  8
B.Cu
  6
CONTINUOUS
100
AcDbLine
 10
4.0452755905511806
 20
-3.3759842519685037
 30
0
 11
4.1019425196850392
 21
-3.3759842519685037
 31
0
  0
LINE
  5
6E7
330
1B
100
AcDbEntity
  8
B.Cu
  6
CONTINUOUS
100
AcDbLine
 10
4.1019425196850392
 20
-3.3759842519685037
 30
0
 11
4.2366011811023618
 21
-3.2413255905511811
 31
0
  0
LINE
  5
6E8
330
1B
100
AcDbEntity
  8
B.Cu
  6
CONTINUOUS
100
AcDbLine
 10
4.2366011811023618
 20
-3.2413255905511811
 30
0
 11
4.2387482283464566
 21
-3.2393796062992126
 31
0
  0
LINE
  5
6E9
330
1B
100
AcDbEntity
  8
B.Cu
  6
CONTINUOUS
100
AcDbLine
 10
4.2387482283464566
 20
-3.2393796062992126
 30
0
 11
4.2435611023622046
 21
-3.2361637401574801
 31
0
  0
LINE
  5
6EA
330
1B
100
AcDbEntity
  8
B.Cu
  6
CONTINUOUS
100
AcDbLine
 10
4.2435611023622046
 20
-3.2361637401574801
 30
0
 11
4.2489088976377953
 21
-3.2339486220472442
 31
0
  0
LINE
  5
6EB
330
1B
100
AcDbEntity
  8
B.Cu
  6
CONTINUOUS
100
AcDbLine
 10
4.2489088976377953
 20
-3.2339486220472442
 30
0
 11
4.2545861023622047
 21
-3.2328193307086615
 31
0
  0
LINE
  5
6EC
330
1B
100
AcDbEntity
  8
B.Cu
  6
CONTINUOUS
100
AcDbLine
 10
4.2545861023622047
 20
-3.2328193307086615
 30
0
 11
4.2574803149606302
 21
-3.2326771653543305
 31
0
  0
LINE
  5
6ED
330
1B
100
AcDbEntity
  8
B.Cu
  6
CONTINUOUS
100
AcDbLine
 10
4.2574803149606302
 20
-3.2326771653543305
 30
0
 11
4.4565129133858266
 21
-3.2326771653543305
 31
0
  0
LINE
  5
6EE
330
1B
100
AcDbEntity
  8
B.Cu
  6
CONTINUOUS
100
AcDbLine
 10
4.4565129133858266
 20
-3.2326771653543305
 30
0
 11
4.4581618503937008
 21
-3.2323491732283465
 31
0
  0
LINE
  5
6EF
330
1B
100
AcDbEntity
  8
B.Cu
  6
CONTINUOUS
100
AcDbLine
 10
4.4581618503937008
 20
-3.2323491732283465
 30
0
 11
4.4611023622047243
 21
-3.2322047244094487
 31
0
  0
LINE
  5
6F0
330
1B
100
AcDbEntity
  8
B.Cu
  6
CONTINUOUS
100
AcDbLine
 10
4.4611023622047243
 20
-3.2322047244094487
 30
0
 11
4.4759055118110238
 21
-3.2322047244094487
 31
0
  0
LINE
  5
6F1
330
1B
100
AcDbEntity
  8
B.Cu
  6
CONTINUOUS
100
AcDbLine
 10
4.4759055118110238
 20
-3.2322047244094487
 30
0
 11
4.4788460236220473
 21
-3.2323491732283465
 31
0
  0
LINE
  5
6F2
330
1B
100
AcDbEntity
  8
B.Cu
  6
CONTINUOUS
100
AcDbLine
 10
4.5696905905511809
 20
-2.015110157480315
 30
0
 11
4.5753677559055115
 21
-2.016239409448819
 31
0
  0
LINE
  5
6F3
330
1B
100
AcDbEntity
  8
B.Cu
  6
CONTINUOUS
100
AcDbLine
 10
4.5753677559055115
 20
-2.016239409448819
 30
0
 11
4.5785004330708663
 21
-2.0175370078740156
 31
0
  0
LINE
  5
6F4
330
1B
100
AcDbEntity
  8
B.Cu
  6
CONTINUOUS
100
AcDbLine
 10
4.5785004330708663
 20
-2.0175370078740156
 30
0
 11
4.5807155905511809
 21
-2.0184545669291336
 31
0
  0
LINE
  5
6F5
330
1B
100
AcDbEntity
  8
B.Cu
  6
CONTINUOUS
100
AcDbLine
 10
4.5807155905511809
 20
-2.0184545669291336
 30
0
 11
4.5839425196850394
 21
-2.0206107480314959
 31
0
  0
LINE
  5
6F6
330
1B
100
AcDbEntity
  8
B.Cu
  6
CONTINUOUS
100
AcDbLine
 10
4.5839425196850394
 20
-2.0206107480314959
 30
0
 11
4.585528464566929
 21
-2.0216704330708661
 31
0
  0
LINE
  5
6F7
330
1B
100
AcDbEntity
  8
B.Cu
  6
CONTINUOUS
100
AcDbLine
 10
4.585528464566929
 20
-2.0216704330708661
 30
0
 11
4.5876755118110237
 21
-2.0236164173228346
 31
0
  0
LINE
  5
6F8
330
1B
100
AcDbEntity
  8
B.Cu
  6
CONTINUOUS
100
AcDbLine
 10
4.5876755118110237
 20
-2.0236164173228346
 30
0
 11
4.6665484251968499
 21
-2.1024893307086612
 31
0
  0
LINE
  5
6F9
330
1B
100
AcDbEntity
  8
B.Cu
  6
CONTINUOUS
100
AcDbLine
 10
4.6665484251968499
 20
-2.1024893307086612
 30
0
 11
4.6684944094488188
 21
-2.1046363779527559
 31
0
  0
LINE
  5
6FA
330
1B
100
AcDbEntity
  8
B.Cu
  6
CONTINUOUS
100
AcDbLine
 10
4.6684944094488188
 20
-2.1046363779527559
 30
0
 11
4.6717102755905513
 21
-2.109449251968504
 31
0
  0
LINE
  5
6FB
330
1B
100
AcDbEntity
  8
B.Cu
  6
CONTINUOUS
100
AcDbLine
 10
4.6717102755905513
 20
-2.109449251968504
 30
0
 11
4.6717102755905513
 21
-2.1094492913385827
 31
0
  0
LINE
  5
6FC
330
1B
100
AcDbEntity
  8
B.Cu
  6
CONTINUOUS
100
AcDbLine
 10
4.6717102755905513
 20
-2.1094492913385827
 30
0
 11
4.6739254330708659
 21
-2.114797086614173
 31
0
  0
LINE
  5
6FD
330
1B
100
AcDbEntity
  8
B.Cu
  6
CONTINUOUS
100
AcDbLine
 10
4.6739254330708659
 20
-2.114797086614173
 30
0
 11
4.6741646062992128
 21
-2.1159995669291338
 31
0
  0
LINE
  5
6FE
330
1B
100
AcDbEntity
  8
B.Cu
  6
CONTINUOUS
100
AcDbLine
 10
4.6741646062992128
 20
-2.1159995669291338
 30
0
 11
4.6750546850393704
 21
-2.120474251968504
 31
0
  0
LINE
  5
6FF
330
1B
100
AcDbEntity
  8
B.Cu
  6
CONTINUOUS
100
AcDbLine
 10
4.6750546850393704
 20
-2.120474251968504
 30
0
 11
4.6751968503937009
 21
-2.1233684645669291
 31
0
  0
LINE
  5
700
330
1B
100
AcDbEntity
  8
B.Cu
  6
CONTINUOUS
100
AcDbLine
 10
4.6751968503937009
 20
-2.1233684645669291
 30
0
 11
4.6751968503937009
 21
-3.1877611811023621
 31
0
  0
LINE
  5
701
330
1B
100
AcDbEntity
  8
B.Cu
  6
CONTINUOUS
100
AcDbLine
 10
4.6751968503937009
 20
-3.1877611811023621
 30
0
 11
4.6750546850393704
 21
-3.1906553937007875
 31
0
  0
LINE
  5
702
330
1B
100
AcDbEntity
  8
B.Cu
  6
CONTINUOUS
100
AcDbLine
 10
4.6750546850393704
 20
-3.1906553937007875
 30
0
 11
4.6739254330708659
 21
-3.1963325590551181
 31
0
  0
LINE
  5
703
330
1B
100
AcDbEntity
  8
B.Cu
  6
CONTINUOUS
100
AcDbLine
 10
4.6739254330708659
 20
-3.1963325590551181
 30
0
 11
4.6728366535433068
 21
-3.1989610629921259
 31
0
  0
LINE
  5
704
330
1B
100
AcDbEntity
  8
B.Cu
  6
CONTINUOUS
100
AcDbLine
 10
4.6728366535433068
 20
-3.1989610629921259
 30
0
 11
4.6717102755905513
 21
-3.2016803937007872
 31
0
  0
LINE
  5
705
330
1B
100
AcDbEntity
  8
B.Cu
  6
CONTINUOUS
100
AcDbLine
 10
4.6717102755905513
 20
-3.2016803937007872
 30
0
 11
4.6684944094488188
 21
-3.2064932677165352
 31
0
  0
LINE
  5
706
330
1B
100
AcDbEntity
  8
B.Cu
  6
CONTINUOUS
100
AcDbLine
 10
4.6684944094488188
 20
-3.2064932677165352
 30
0
 11
4.6665484251968499
 21
-3.20864031496063
 31
0
  0
LINE
  5
707
330
1B
100
AcDbEntity
  8
B.Cu
  6
CONTINUOUS
100
AcDbLine
 10
4.6665484251968499
 20
-3.20864031496063
 30
0
 11
4.5046977165354329
 21
-3.3704909842519686
 31
0
  0
LINE
  5
708
330
1B
100
AcDbEntity
  8
B.Cu
  6
CONTINUOUS
100
AcDbLine
 10
4.5046977165354329
 20
-3.3704909842519686
 30
0
 11
4.5046137401574802
 21
-3.3709132677165354
 31
0
  0
LINE
  5
709
330
1B
100
AcDbEntity
  8
B.Cu
  6
CONTINUOUS
100
AcDbLine
 10
4.5046137401574802
 20
-3.3709132677165354
 30
0
 11
4.5023631496062988
 21
-3.3763466141732281
 31
0
  0
LINE
  5
70A
330
1B
100
AcDbEntity
  8
B.Cu
  6
CONTINUOUS
100
AcDbLine
 10
4.5023631496062988
 20
-3.3763466141732281
 30
0
 11
4.4990958267716534
 21
-3.3812365354330707
 31
0
  0
LINE
  5
70B
330
1B
100
AcDbEntity
  8
B.Cu
  6
CONTINUOUS
100
AcDbLine
 10
4.4990958267716534
 20
-3.3812365354330707
 30
0
 11
4.4949373228346454
 21
-3.3853950393700787
 31
0
  0
LINE
  5
70C
330
1B
100
AcDbEntity
  8
B.Cu
  6
CONTINUOUS
100
AcDbLine
 10
4.4949373228346454
 20
-3.3853950393700787
 30
0
 11
4.4900474015748033
 21
-3.3886623622047245
 31
0
  0
LINE
  5
70D
330
1B
100
AcDbEntity
  8
B.Cu
  6
CONTINUOUS
100
AcDbLine
 10
4.4900474015748033
 20
-3.3886623622047245
 30
0
 11
4.4846140551181097
 21
-3.3909129527559054
 31
0
  0
LINE
  5
70E
330
1B
100
AcDbEntity
  8
B.Cu
  6
CONTINUOUS
100
AcDbLine
 10
4.4846140551181097
 20
-3.3909129527559054
 30
0
 11
4.4788460236220473
 21
-3.3920602755905511
 31
0
  0
LINE
  5
70F
330
1B
100
AcDbEntity
  8
B.Cu
  6
CONTINUOUS
100
AcDbLine
 10
4.4788460236220473
 20
-3.3920602755905511
 30
0
 11
4.4759055118110238
 21
-3.3922047244094489
 31
0
  0
LINE
  5
710
330
1B
100
AcDbEntity
  8
B.Cu
  6
CONTINUOUS
100
AcDbLine
 10
4.4759055118110238
 20
-3.3922047244094489
 30
0
 11
4.4611023622047243
 21
-3.3922047244094489
 31
0
  0
LINE
  5
711
330
1B
100
AcDbEntity
  8
B.Cu
  6
CONTINUOUS
100
AcDbLine
 10
4.4611023622047243
 20
-3.3922047244094489
 30
0
 11
4.4581618503937008
 21
-3.3920602755905511
 31
0
  0
LINE
  5
712
330
1B
100
AcDbEntity
  8
B.Cu
  6
CONTINUOUS
100
AcDbLine
 10
4.4581618503937008
 20
-3.3920602755905511
 30
0
 11
4.4523938188976375
 21
-3.3909129527559054
 31
0
  0
LINE
  5
713
330
1B
100
AcDbEntity
  8
B.Cu
  6
CONTINUOUS
100
AcDbLine
 10
4.4523938188976375
 20
-3.3909129527559054
 30
0
 11
4.4469604724409448
 21
-3.3886623622047245
 31
0
  0
LINE
  5
714
330
1B
100
AcDbEntity
  8
B.Cu
  6
CONTINUOUS
100
AcDbLine
 10
4.4469604724409448
 20
-3.3886623622047245
 30
0
 11
4.4420705511811018
 21
-3.3853950393700787
 31
0
  0
LINE
  5
715
330
1B
100
AcDbEntity
  8
B.Cu
  6
CONTINUOUS
100
AcDbLine
 10
4.4420705511811018
 20
-3.3853950393700787
 30
0
 11
4.4379120472440947
 21
-3.3812365354330707
 31
0
  0
LINE
  5
716
330
1B
100
AcDbEntity
  8
B.Cu
  6
CONTINUOUS
100
AcDbLine
 10
4.4379120472440947
 20
-3.3812365354330707
 30
0
 11
4.4346447244094485
 21
-3.3763466141732281
 31
0
  0
LINE
  5
717
330
1B
100
AcDbEntity
  8
B.Cu
  6
CONTINUOUS
100
AcDbLine
 10
4.4346447244094485
 20
-3.3763466141732281
 30
0
 11
4.432394133858268
 21
-3.3709132677165354
 31
0
  0
LINE
  5
718
330
1B
100
AcDbEntity
  8
B.Cu
  6
CONTINUOUS
100
AcDbLine
 10
4.432394133858268
 20
-3.3709132677165354
 30
0
 11
4.4312468110236223
 21
-3.3651452362204726
 31
0
  0
LINE
  5
719
330
1B
100
AcDbEntity
  8
B.Cu
  6
CONTINUOUS
100
AcDbLine
 10
4.4312468110236223
 20
-3.3651452362204726
 30
0
 11
4.4312468110236223
 21
-3.3592642125984251
 31
0
  0
LINE
  5
71A
330
1B
100
AcDbEntity
  8
B.Cu
  6
CONTINUOUS
100
AcDbLine
 10
4.4312468110236223
 20
-3.3592642125984251
 30
0
 11
4.432394133858268
 21
-3.3534961811023623
 31
0
  0
LINE
  5
71B
330
1B
100
AcDbEntity
  8
B.Cu
  6
CONTINUOUS
100
AcDbLine
 10
4.432394133858268
 20
-3.3534961811023623
 30
0
 11
4.4346447244094485
 21
-3.3480628346456691
 31
0
  0
LINE
  5
71C
330
1B
100
AcDbEntity
  8
B.Cu
  6
CONTINUOUS
100
AcDbLine
 10
4.4346447244094485
 20
-3.3480628346456691
 30
0
 11
4.4379120472440947
 21
-3.3431729133858266
 31
0
  0
LINE
  5
71D
330
1B
100
AcDbEntity
  8
B.Cu
  6
CONTINUOUS
100
AcDbLine
 10
4.4379120472440947
 20
-3.3431729133858266
 30
0
 11
4.4420705511811018
 21
-3.339014409448819
 31
0
  0
LINE
  5
71E
330
1B
100
AcDbEntity
  8
B.Cu
  6
CONTINUOUS
100
AcDbLine
 10
4.4420705511811018
 20
-3.339014409448819
 30
0
 11
4.4469604724409448
 21
-3.3357470866141732
 31
0
  0
LINE
  5
71F
330
1B
100
AcDbEntity
  8
B.Cu
  6
CONTINUOUS
100
AcDbLine
 10
4.4469604724409448
 20
-3.3357470866141732
 30
0
 11
4.4523938188976375
 21
-3.3334964960629923
 31
0
  0
LINE
  5
720
330
1B
100
AcDbEntity
  8
B.Cu
  6
CONTINUOUS
100
AcDbLine
 10
4.4523938188976375
 20
-3.3334964960629923
 30
0
 11
4.4581618503937008
 21
-3.3323491732283466
 31
0
  0
LINE
  5
721
330
1B
100
AcDbEntity
  8
B.Cu
  6
CONTINUOUS
100
AcDbLine
 10
4.4581618503937008
 20
-3.3323491732283466
 30
0
 11
4.4593829921259838
 21
-3.3322891732283462
 31
0
  0
LINE
  5
722
330
1B
100
AcDbEntity
  8
B.Cu
  6
CONTINUOUS
100
AcDbLine
 10
4.4593829921259838
 20
-3.3322891732283462
 30
0
 11
4.6161417322834648
 21
-3.1755304724409448
 31
0
  0
LINE
  5
723
330
1B
100
AcDbEntity
  8
B.Cu
  6
CONTINUOUS
100
AcDbLine
 10
4.6161417322834648
 20
-3.1755304724409448
 30
0
 11
4.6161417322834648
 21
-2.1355991732283464
 31
0
  0
LINE
  5
724
330
1B
100
AcDbEntity
  8
B.Cu
  6
CONTINUOUS
100
AcDbLine
 10
4.6161417322834648
 20
-2.1355991732283464
 30
0
 11
4.5545656692913381
 21
-2.0740231102362205
 31
0
  0
LINE
  5
725
330
1B
100
AcDbEntity
  8
B.Cu
  6
CONTINUOUS
100
AcDbLine
 10
4.5545656692913381
 20
-2.0740231102362205
 30
0
 11
4.4893351181102359
 21
-2.0740231102362205
 31
0
  0
LINE
  5
726
330
1B
100
AcDbEntity
  8
B.Cu
  6
CONTINUOUS
100
AcDbLine
 10
4.4893351181102359
 20
-2.0740231102362205
 30
0
 11
4.3523622047244093
 21
-2.2109960236220472
 31
0
  0
LINE
  5
727
330
1B
100
AcDbEntity
  8
B.Cu
  6
CONTINUOUS
100
AcDbLine
 10
4.3523622047244093
 20
-2.2109960236220472
 30
0
 11
4.3523622047244093
 21
-2.6968503937007875
 31
0
  0
LINE
  5
728
330
1B
100
AcDbEntity
  8
B.Cu
  6
CONTINUOUS
100
AcDbLine
 10
4.3523622047244093
 20
-2.6968503937007875
 30
0
 11
4.3522200393700787
 21
-2.6997446062992125
 31
0
  0
LINE
  5
729
330
1B
100
AcDbEntity
  8
B.Cu
  6
CONTINUOUS
100
AcDbLine
 10
4.3522200393700787
 20
-2.6997446062992125
 30
0
 11
4.3510907480314955
 21
-2.7054218110236219
 31
0
  0
LINE
  5
72A
330
1B
100
AcDbEntity
  8
B.Cu
  6
CONTINUOUS
100
AcDbLine
 10
4.3510907480314955
 20
-2.7054218110236219
 30
0
 11
4.3488756299212596
 21
-2.7107696062992126
 31
0
  0
LINE
  5
72B
330
1B
100
AcDbEntity
  8
B.Cu
  6
CONTINUOUS
100
AcDbLine
 10
4.3488756299212596
 20
-2.7107696062992126
 30
0
 11
4.3456597637795271
 21
-2.7155824803149606
 31
0
  0
LINE
  5
72C
330
1B
100
AcDbEntity
  8
B.Cu
  6
CONTINUOUS
100
AcDbLine
 10
4.3456597637795271
 20
-2.7155824803149606
 30
0
 11
4.3415667322834643
 21
-2.7196755118110234
 31
0
  0
LINE
  5
72D
330
1B
100
AcDbEntity
  8
B.Cu
  6
CONTINUOUS
100
AcDbLine
 10
4.3415667322834643
 20
-2.7196755118110234
 30
0
 11
4.3367538582677163
 21
-2.7228913779527559
 31
0
  0
LINE
  5
72E
330
1B
100
AcDbEntity
  8
B.Cu
  6
CONTINUOUS
100
AcDbLine
 10
4.3367538582677163
 20
-2.7228913779527559
 30
0
 11
4.3314060629921256
 21
-2.7251064960629923
 31
0
  0
LINE
  5
72F
330
1B
100
AcDbEntity
  8
B.Cu
  6
CONTINUOUS
100
AcDbLine
 10
4.3314060629921256
 20
-2.7251064960629923
 30
0
 11
4.3257288582677162
 21
-2.7262357874015746
 31
0
  0
LINE
  5
730
330
1B
100
AcDbEntity
  8
B.Cu
  6
CONTINUOUS
100
AcDbLine
 10
4.3257288582677162
 20
-2.7262357874015746
 30
0
 11
4.3228346456692917
 21
-2.7263779527559056
 31
0
  0
LINE
  5
731
330
1B
100
AcDbEntity
  8
B.Cu
  6
CONTINUOUS
100
AcDbLine
 10
4.3228346456692917
 20
-2.7263779527559056
 30
0
 11
4.1854590551181099
 21
-2.7263779527559056
 31
0
  0
LINE
  5
732
330
1B
100
AcDbEntity
  8
B.Cu
  6
CONTINUOUS
100
AcDbLine
 10
4.1854590551181099
 20
-2.7263779527559056
 30
0
 11
4.0759972440944878
 21
-2.8358397637795276
 31
0
  0
LINE
  5
733
330
1B
100
AcDbEntity
  8
B.Cu
  6
CONTINUOUS
100
AcDbLine
 10
4.0759972440944878
 20
-2.8358397637795276
 30
0
 11
4.073850196850394
 21
-2.8377857480314961
 31
0
  0
LINE
  5
734
330
1B
100
AcDbEntity
  8
B.Cu
  6
CONTINUOUS
100
AcDbLine
 10
4.073850196850394
 20
-2.8377857480314961
 30
0
 11
4.0690373228346459
 21
-2.8410016141732282
 31
0
  0
LINE
  5
735
330
1B
100
AcDbEntity
  8
B.Cu
  6
CONTINUOUS
100
AcDbLine
 10
4.0690373228346459
 20
-2.8410016141732282
 30
0
 11
4.0682551574803147
 21
-2.8413255905511812
 31
0
  0
LINE
  5
736
330
1B
100
AcDbEntity
  8
B.Cu
  6
CONTINUOUS
100
AcDbLine
 10
4.0682551574803147
 20
-2.8413255905511812
 30
0
 11
4.0636894881889765
 21
-2.8432167716535433
 31
0
  0
LINE
  5
737
330
1B
100
AcDbEntity
  8
B.Cu
  6
CONTINUOUS
100
AcDbLine
 10
4.0636894881889765
 20
-2.8432167716535433
 30
0
 11
4.0580123228346459
 21
-2.8443460236220472
 31
0
  0
LINE
  5
738
330
1B
100
AcDbEntity
  8
B.Cu
  6
CONTINUOUS
100
AcDbLine
 10
4.0580123228346459
 20
-2.8443460236220472
 30
0
 11
4.0551181102362204
 21
-2.8444881889763778
 31
0
  0
LINE
  5
739
330
1B
100
AcDbEntity
  8
B.Cu
  6
CONTINUOUS
100
AcDbLine
 10
4.0551181102362204
 20
-2.8444881889763778
 30
0
 11
4.0354330708661417
 21
-2.8444881889763778
 31
0
  0
LINE
  5
73A
330
1B
100
AcDbEntity
  8
B.Cu
  6
CONTINUOUS
100
AcDbLine
 10
4.0354330708661417
 20
-2.8444881889763778
 30
0
 11
4.0255905511811019
 21
-2.8444881889763778
 31
0
  0
LINE
  5
73B
330
1B
100
AcDbEntity
  8
B.Cu
  6
CONTINUOUS
100
AcDbLine
 10
4.0255905511811019
 20
-2.8444881889763778
 30
0
 11
4.0207152755905513
 21
-2.8444881889763778
 31
0
  0
LINE
  5
73C
330
1B
100
AcDbEntity
  8
B.Cu
  6
CONTINUOUS
100
AcDbLine
 10
4.0207152755905513
 20
-2.8444881889763778
 30
0
 11
4.0178210629921258
 21
-2.8443460236220472
 31
0
  0
LINE
  5
73D
330
1B
100
AcDbEntity
  8
B.Cu
  6
CONTINUOUS
100
AcDbLine
 10
4.0178210629921258
 20
-2.8443460236220472
 30
0
 11
4.0121438582677165
 21
-2.8432167322834645
 31
0
  0
LINE
  5
73E
330
1B
100
AcDbEntity
  8
B.Cu
  6
CONTINUOUS
100
AcDbLine
 10
4.0121438582677165
 20
-2.8432167322834645
 30
0
 11
4.0067960629921258
 21
-2.8410016141732282
 31
0
  0
LINE
  5
73F
330
1B
100
AcDbEntity
  8
B.Cu
  6
CONTINUOUS
100
AcDbLine
 10
4.0067960629921258
 20
-2.8410016141732282
 30
0
 11
4.0019831889763777
 21
-2.8377857480314961
 31
0
  0
LINE
  5
740
330
1B
100
AcDbEntity
  8
B.Cu
  6
CONTINUOUS
100
AcDbLine
 10
4.0019831889763777
 20
-2.8377857480314961
 30
0
 11
3.997890157480315
 21
-2.8336927165354329
 31
0
  0
LINE
  5
741
330
1B
100
AcDbEntity
  8
B.Cu
  6
CONTINUOUS
100
AcDbLine
 10
3.997890157480315
 20
-2.8336927165354329
 30
0
 11
3.9946742913385824
 21
-2.8288798425196848
 31
0
  0
LINE
  5
742
330
1B
100
AcDbEntity
  8
B.Cu
  6
CONTINUOUS
100
AcDbLine
 10
3.9946742913385824
 20
-2.8288798425196848
 30
0
 11
3.9924591732283465
 21
-2.8235320472440946
 31
0
  0
LINE
  5
743
330
1B
100
AcDbEntity
  8
B.Cu
  6
CONTINUOUS
100
AcDbLine
 10
3.9924591732283465
 20
-2.8235320472440946
 30
0
 11
3.9913298818897638
 21
-2.8178548425196848
 31
0
  0
LINE
  5
744
330
1B
100
AcDbEntity
  8
B.Cu
  6
CONTINUOUS
100
AcDbLine
 10
3.9913298818897638
 20
-2.8178548425196848
 30
0
 11
3.9913298818897638
 21
-2.8120664173228347
 31
0
  0
LINE
  5
745
330
1B
100
AcDbEntity
  8
B.Cu
  6
CONTINUOUS
100
AcDbLine
 10
3.9913298818897638
 20
-2.8120664173228347
 30
0
 11
3.9924591732283465
 21
-2.8063892125984253
 31
0
  0
LINE
  5
746
330
1B
100
AcDbEntity
  8
B.Cu
  6
CONTINUOUS
100
AcDbLine
 10
3.9924591732283465
 20
-2.8063892125984253
 30
0
 11
3.9946742913385824
 21
-2.8010414173228346
 31
0
  0
LINE
  5
747
330
1B
100
AcDbEntity
  8
B.Cu
  6
CONTINUOUS
100
AcDbLine
 10
3.9946742913385824
 20
-2.8010414173228346
 30
0
 11
3.997890157480315
 21
-2.7962285433070866
 31
0
  0
LINE
  5
748
330
1B
100
AcDbEntity
  8
B.Cu
  6
CONTINUOUS
100
AcDbLine
 10
3.997890157480315
 20
-2.7962285433070866
 30
0
 11
4.0019831889763777
 21
-2.7921355118110234
 31
0
  0
LINE
  5
749
330
1B
100
AcDbEntity
  8
B.Cu
  6
CONTINUOUS
100
AcDbLine
 10
4.0019831889763777
 20
-2.7921355118110234
 30
0
 11
4.0067960629921258
 21
-2.7889196456692913
 31
0
  0
LINE
  5
74A
330
1B
100
AcDbEntity
  8
B.Cu
  6
CONTINUOUS
100
AcDbLine
 10
4.0067960629921258
 20
-2.7889196456692913
 30
0
 11
4.0121438582677165
 21
-2.786704527559055
 31
0
  0
LINE
  5
74B
330
1B
100
AcDbEntity
  8
B.Cu
  6
CONTINUOUS
100
AcDbLine
 10
4.0121438582677165
 20
-2.786704527559055
 30
0
 11
4.0178210629921258
 21
-2.7855752362204722
 31
0
  0
LINE
  5
74C
330
1B
100
AcDbEntity
  8
B.Cu
  6
CONTINUOUS
100
AcDbLine
 10
4.0178210629921258
 20
-2.7855752362204722
 30
0
 11
4.0207152755905513
 21
-2.7854330708661417
 31
0
  0
LINE
  5
74D
330
1B
100
AcDbEntity
  8
B.Cu
  6
CONTINUOUS
100
AcDbLine
 10
4.0207152755905513
 20
-2.7854330708661417
 30
0
 11
4.0354330708661417
 21
-2.7854330708661417
 31
0
  0
LINE
  5
74E
330
1B
100
AcDbEntity
  8
B.Cu
  6
CONTINUOUS
100
AcDbLine
 10
4.0354330708661417
 20
-2.7854330708661417
 30
0
 11
4.0428874015748031
 21
-2.7854330708661417
 31
0
  0
LINE
  5
74F
330
1B
100
AcDbEntity
  8
B.Cu
  6
CONTINUOUS
100
AcDbLine
 10
4.0428874015748031
 20
-2.7854330708661417
 30
0
 11
4.1523492125984252
 21
-2.6759712598425196
 31
0
  0
LINE
  5
750
330
1B
100
AcDbEntity
  8
B.Cu
  6
CONTINUOUS
100
AcDbLine
 10
4.1523492125984252
 20
-2.6759712598425196
 30
0
 11
4.1544962598425199
 21
-2.6740252755905511
 31
0
  0
LINE
  5
751
330
1B
100
AcDbEntity
  8
B.Cu
  6
CONTINUOUS
100
AcDbLine
 10
4.1544962598425199
 20
-2.6740252755905511
 30
0
 11
4.157197047244094
 21
-2.6722206692913386
 31
0
  0
LINE
  5
752
330
1B
100
AcDbEntity
  8
B.Cu
  6
CONTINUOUS
100
AcDbLine
 10
4.157197047244094
 20
-2.6722206692913386
 30
0
 11
4.1593091338582679
 21
-2.6708094094488186
 31
0
  0
LINE
  5
753
330
1B
100
AcDbEntity
  8
B.Cu
  6
CONTINUOUS
100
AcDbLine
 10
4.1593091338582679
 20
-2.6708094094488186
 30
0
 11
4.1620431102362208
 21
-2.669676968503937
 31
0
  0
LINE
  5
754
330
1B
100
AcDbEntity
  8
B.Cu
  6
CONTINUOUS
100
AcDbLine
 10
4.1620431102362208
 20
-2.669676968503937
 30
0
 11
4.1646569685039365
 21
-2.668594251968504
 31
0
  0
LINE
  5
755
330
1B
100
AcDbEntity
  8
B.Cu
  6
CONTINUOUS
100
AcDbLine
 10
4.1646569685039365
 20
-2.668594251968504
 30
0
 11
4.170334133858268
 21
-2.667465
 31
0
  0
LINE
  5
756
330
1B
100
AcDbEntity
  8
B.Cu
  6
CONTINUOUS
100
AcDbLine
 10
4.170334133858268
 20
-2.667465
 30
0
 11
4.1732283464566926
 21
-2.6673228346456694
 31
0
  0
LINE
  5
757
330
1B
100
AcDbEntity
  8
B.Cu
  6
CONTINUOUS
100
AcDbLine
 10
4.1732283464566926
 20
-2.6673228346456694
 30
0
 11
4.2933070866141732
 21
-2.6673228346456694
 31
0
  0
LINE
  5
758
330
1B
100
AcDbEntity
  8
B.Cu
  6
CONTINUOUS
100
AcDbLine
 10
4.2933070866141732
 20
-2.6673228346456694
 30
0
 11
4.2933070866141732
 21
-2.1987653149606299
 31
0
  0
LINE
  5
759
330
1B
100
AcDbEntity
  8
B.Cu
  6
CONTINUOUS
100
AcDbLine
 10
4.2933070866141732
 20
-2.1987653149606299
 30
0
 11
4.2934492519685037
 21
-2.1958711023622048
 31
0
  0
LINE
  5
75A
330
1B
100
AcDbEntity
  8
B.Cu
  6
CONTINUOUS
100
AcDbLine
 10
4.2934492519685037
 20
-2.1958711023622048
 30
0
 11
4.2936742913385828
 21
-2.1947397244094486
 31
0
  0
LINE
  5
75B
330
1B
100
AcDbEntity
  8
B.Cu
  6
CONTINUOUS
100
AcDbLine
 10
4.2936742913385828
 20
-2.1947397244094486
 30
0
 11
4.2945785039370081
 21
-2.1901939370078738
 31
0
  0
LINE
  5
75C
330
1B
100
AcDbEntity
  8
B.Cu
  6
CONTINUOUS
100
AcDbLine
 10
4.2945785039370081
 20
-2.1901939370078738
 30
0
 11
4.2967936614173228
 21
-2.1848461417322835
 31
0
  0
LINE
  5
75D
330
1B
100
AcDbEntity
  8
B.Cu
  6
CONTINUOUS
100
AcDbLine
 10
4.2967936614173228
 20
-2.1848461417322835
 30
0
 11
4.2967936614173228
 21
-2.1848461023622048
 31
0
  0
LINE
  5
75E
330
1B
100
AcDbEntity
  8
B.Cu
  6
CONTINUOUS
100
AcDbLine
 10
4.2967936614173228
 20
-2.1848461023622048
 30
0
 11
4.3000095275590553
 21
-2.1800332283464567
 31
0
  0
LINE
  5
75F
330
1B
100
AcDbEntity
  8
B.Cu
  6
CONTINUOUS
100
AcDbLine
 10
4.3000095275590553
 20
-2.1800332283464567
 30
0
 11
4.3019555118110233
 21
-2.177886181102362
 31
0
  0
LINE
  5
760
330
1B
100
AcDbEntity
  8
B.Cu
  6
CONTINUOUS
100
AcDbLine
 10
4.3019555118110233
 20
-2.177886181102362
 30
0
 11
4.4562252755905511
 21
-2.0236164173228346
 31
0
  0
LINE
  5
761
330
1B
100
AcDbEntity
  8
B.Cu
  6
CONTINUOUS
100
AcDbLine
 10
4.4562252755905511
 20
-2.0236164173228346
 30
0
 11
4.4583723228346459
 21
-2.0216704330708661
 31
0
  0
LINE
  5
762
330
1B
100
AcDbEntity
  8
B.Cu
  6
CONTINUOUS
100
AcDbLine
 10
4.4583723228346459
 20
-2.0216704330708661
 30
0
 11
4.4599582677165355
 21
-2.0206107480314959
 31
0
  0
LINE
  5
763
330
1B
100
AcDbEntity
  8
B.Cu
  6
CONTINUOUS
100
AcDbLine
 10
4.4599582677165355
 20
-2.0206107480314959
 30
0
 11
4.4631851968503939
 21
-2.0184545669291336
 31
0
  0
LINE
  5
764
330
1B
100
AcDbEntity
  8
B.Cu
  6
CONTINUOUS
100
AcDbLine
 10
4.4631851968503939
 20
-2.0184545669291336
 30
0
 11
4.4654003543307086
 21
-2.0175370078740156
 31
0
  0
LINE
  5
765
330
1B
100
AcDbEntity
  8
B.Cu
  6
CONTINUOUS
100
AcDbLine
 10
4.4654003543307086
 20
-2.0175370078740156
 30
0
 11
4.4685330314960625
 21
-2.016239409448819
 31
0
  0
LINE
  5
766
330
1B
100
AcDbEntity
  8
B.Cu
  6
CONTINUOUS
100
AcDbLine
 10
4.4685330314960625
 20
-2.016239409448819
 30
0
 11
4.474210196850394
 21
-2.015110157480315
 31
0
  0
LINE
  5
767
330
1B
100
AcDbEntity
  8
B.Cu
  6
CONTINUOUS
100
AcDbLine
 10
4.474210196850394
 20
-2.015110157480315
 30
0
 11
4.4771044094488186
 21
-2.014967992125984
 31
0
  0
LINE
  5
768
330
1B
100
AcDbEntity
  8
B.Cu
  6
CONTINUOUS
100
AcDbLine
 10
4.4771044094488186
 20
-2.014967992125984
 30
0
 11
4.5667963779527554
 21
-2.014967992125984
 31
0
  0
LINE
  5
769
330
1B
100
AcDbEntity
  8
B.Cu
  6
CONTINUOUS
100
AcDbLine
 10
4.5667963779527554
 20
-2.014967992125984
 30
0
 11
4.5696905905511809
 21
-2.015110157480315
 31
0
  0
LINE
  5
76A
330
1B
100
AcDbEntity
  8
B.Cu
  6
CONTINUOUS
100
AcDbLine
 10
4.4788460236220473
 20
-3.1323491732283464
 30
0
 11
4.4846140551181097
 21
-3.1334964960629921
 31
0
  0
LINE
  5
76B
330
1B
100
AcDbEntity
  8
B.Cu
  6
CONTINUOUS
100
AcDbLine
 10
4.4846140551181097
 20
-3.1334964960629921
 30
0
 11
4.4900474015748033
 21
-3.135747086614173
 31
0
  0
LINE
  5
76C
330
1B
100
AcDbEntity
  8
B.Cu
  6
CONTINUOUS
100
AcDbLine
 10
4.4900474015748033
 20
-3.135747086614173
 30
0
 11
4.4949373228346454
 21
-3.1390144094488188
 31
0
  0
LINE
  5
76D
330
1B
100
AcDbEntity
  8
B.Cu
  6
CONTINUOUS
100
AcDbLine
 10
4.4949373228346454
 20
-3.1390144094488188
 30
0
 11
4.4990958267716534
 21
-3.1431729133858268
 31
0
  0
LINE
  5
76E
330
1B
100
AcDbEntity
  8
B.Cu
  6
CONTINUOUS
100
AcDbLine
 10
4.4990958267716534
 20
-3.1431729133858268
 30
0
 11
4.5023631496062988
 21
-3.1480628346456694
 31
0
  0
LINE
  5
76F
330
1B
100
AcDbEntity
  8
B.Cu
  6
CONTINUOUS
100
AcDbLine
 10
4.5023631496062988
 20
-3.1480628346456694
 30
0
 11
4.5046137401574802
 21
-3.1534961811023621
 31
0
  0
LINE
  5
770
330
1B
100
AcDbEntity
  8
B.Cu
  6
CONTINUOUS
100
AcDbLine
 10
4.5046137401574802
 20
-3.1534961811023621
 30
0
 11
4.5057610629921259
 21
-3.1592642125984249
 31
0
  0
LINE
  5
771
330
1B
100
AcDbEntity
  8
B.Cu
  6
CONTINUOUS
100
AcDbLine
 10
4.5057610629921259
 20
-3.1592642125984249
 30
0
 11
4.5057610629921259
 21
-3.1651452362204724
 31
0
  0
LINE
  5
772
330
1B
100
AcDbEntity
  8
B.Cu
  6
CONTINUOUS
100
AcDbLine
 10
4.5057610629921259
 20
-3.1651452362204724
 30
0
 11
4.5046137401574802
 21
-3.1709132677165353
 31
0
  0
LINE
  5
773
330
1B
100
AcDbEntity
  8
B.Cu
  6
CONTINUOUS
100
AcDbLine
 10
4.5046137401574802
 20
-3.1709132677165353
 30
0
 11
4.5023631496062988
 21
-3.1763466141732284
 31
0
  0
LINE
  5
774
330
1B
100
AcDbEntity
  8
B.Cu
  6
CONTINUOUS
100
AcDbLine
 10
4.5023631496062988
 20
-3.1763466141732284
 30
0
 11
4.4990958267716534
 21
-3.1812365354330709
 31
0
  0
LINE
  5
775
330
1B
100
AcDbEntity
  8
B.Cu
  6
CONTINUOUS
100
AcDbLine
 10
4.4990958267716534
 20
-3.1812365354330709
 30
0
 11
4.4949373228346454
 21
-3.1853950393700785
 31
0
  0
LINE
  5
776
330
1B
100
AcDbEntity
  8
B.Cu
  6
CONTINUOUS
100
AcDbLine
 10
4.4949373228346454
 20
-3.1853950393700785
 30
0
 11
4.4900474015748033
 21
-3.1886623622047243
 31
0
  0
LINE
  5
777
330
1B
100
AcDbEntity
  8
B.Cu
  6
CONTINUOUS
100
AcDbLine
 10
4.4900474015748033
 20
-3.1886623622047243
 30
0
 11
4.4846140551181097
 21
-3.1909129527559053
 31
0
  0
LINE
  5
778
330
1B
100
AcDbEntity
  8
B.Cu
  6
CONTINUOUS
100
AcDbLine
 10
4.4846140551181097
 20
-3.1909129527559053
 30
0
 11
4.4788460236220473
 21
-3.1920602755905509
 31
0
  0
LINE
  5
779
330
1B
100
AcDbEntity
  8
B.Cu
  6
CONTINUOUS
100
AcDbLine
 10
4.4788460236220473
 20
-3.1920602755905509
 30
0
 11
4.4759055118110238
 21
-3.1922047244094487
 31
0
  0
LINE
  5
77A
330
1B
100
AcDbEntity
  8
B.Cu
  6
CONTINUOUS
100
AcDbLine
 10
4.4759055118110238
 20
-3.1922047244094487
 30
0
 11
4.4611023622047243
 21
-3.1922047244094487
 31
0
  0
LINE
  5
77B
330
1B
100
AcDbEntity
  8
B.Cu
  6
CONTINUOUS
100
AcDbLine
 10
4.4611023622047243
 20
-3.1922047244094487
 30
0
 11
4.4581618503937008
 21
-3.1920602755905509
 31
0
  0
LINE
  5
77C
330
1B
100
AcDbEntity
  8
B.Cu
  6
CONTINUOUS
100
AcDbLine
 10
4.4581618503937008
 20
-3.1920602755905509
 30
0
 11
4.4565129133858266
 21
-3.1917322834645669
 31
0
  0
LINE
  5
77D
330
1B
100
AcDbEntity
  8
B.Cu
  6
CONTINUOUS
100
AcDbLine
 10
4.4565129133858266
 20
-3.1917322834645669
 30
0
 11
4.2750588976377948
 21
-3.1917322834645669
 31
0
  0
LINE
  5
77E
330
1B
100
AcDbEntity
  8
B.Cu
  6
CONTINUOUS
100
AcDbLine
 10
4.2750588976377948
 20
-3.1917322834645669
 30
0
 11
4.138825433070866
 21
-3.3279657480314961
 31
0
  0
LINE
  5
77F
330
1B
100
AcDbEntity
  8
B.Cu
  6
CONTINUOUS
100
AcDbLine
 10
4.138825433070866
 20
-3.3279657480314961
 30
0
 11
4.1366783858267713
 21
-3.3299117322834646
 31
0
  0
LINE
  5
780
330
1B
100
AcDbEntity
  8
B.Cu
  6
CONTINUOUS
100
AcDbLine
 10
4.1366783858267713
 20
-3.3299117322834646
 30
0
 11
4.1318655118110232
 21
-3.3331275984251967
 31
0
  0
LINE
  5
781
330
1B
100
AcDbEntity
  8
B.Cu
  6
CONTINUOUS
100
AcDbLine
 10
4.1318655118110232
 20
-3.3331275984251967
 30
0
 11
4.1298833858267718
 21
-3.3339486220472438
 31
0
  0
LINE
  5
782
330
1B
100
AcDbEntity
  8
B.Cu
  6
CONTINUOUS
100
AcDbLine
 10
4.1298833858267718
 20
-3.3339486220472438
 30
0
 11
4.1265176771653547
 21
-3.3353427559055118
 31
0
  0
LINE
  5
783
330
1B
100
AcDbEntity
  8
B.Cu
  6
CONTINUOUS
100
AcDbLine
 10
4.1265176771653547
 20
-3.3353427559055118
 30
0
 11
4.1208405118110232
 21
-3.3364720078740158
 31
0
  0
LINE
  5
784
330
1B
100
AcDbEntity
  8
B.Cu
  6
CONTINUOUS
100
AcDbLine
 10
4.1208405118110232
 20
-3.3364720078740158
 30
0
 11
4.1179462992125986
 21
-3.3366141732283463
 31
0
  0
LINE
  5
785
330
1B
100
AcDbEntity
  8
B.Cu
  6
CONTINUOUS
100
AcDbLine
 10
4.1179462992125986
 20
-3.3366141732283463
 30
0
 11
4.0354330708661417
 21
-3.3366141732283463
 31
0
  0
LINE
  5
786
330
1B
100
AcDbEntity
  8
B.Cu
  6
CONTINUOUS
100
AcDbLine
 10
4.0354330708661417
 20
-3.3366141732283463
 30
0
 11
4.0255905511811019
 21
-3.3366141732283463
 31
0
  0
LINE
  5
787
330
1B
100
AcDbEntity
  8
B.Cu
  6
CONTINUOUS
100
AcDbLine
 10
4.0255905511811019
 20
-3.3366141732283463
 30
0
 11
4.0226963385826773
 21
-3.3364720078740158
 31
0
  0
LINE
  5
788
330
1B
100
AcDbEntity
  8
B.Cu
  6
CONTINUOUS
100
AcDbLine
 10
4.0226963385826773
 20
-3.3364720078740158
 30
0
 11
4.0170191338582679
 21
-3.335342716535433
 31
0
  0
LINE
  5
789
330
1B
100
AcDbEntity
  8
B.Cu
  6
CONTINUOUS
100
AcDbLine
 10
4.0170191338582679
 20
-3.335342716535433
 30
0
 11
4.0116713385826772
 21
-3.3331275984251967
 31
0
  0
LINE
  5
78A
330
1B
100
AcDbEntity
  8
B.Cu
  6
CONTINUOUS
100
AcDbLine
 10
4.0116713385826772
 20
-3.3331275984251967
 30
0
 11
4.0068584645669292
 21
-3.3299117322834646
 31
0
  0
LINE
  5
78B
330
1B
100
AcDbEntity
  8
B.Cu
  6
CONTINUOUS
100
AcDbLine
 10
4.0068584645669292
 20
-3.3299117322834646
 30
0
 11
4.0027654330708664
 21
-3.3258187007874014
 31
0
  0
LINE
  5
78C
330
1B
100
AcDbEntity
  8
B.Cu
  6
CONTINUOUS
100
AcDbLine
 10
4.0027654330708664
 20
-3.3258187007874014
 30
0
 11
3.9995495669291339
 21
-3.3210058267716533
 31
0
  0
LINE
  5
78D
330
1B
100
AcDbEntity
  8
B.Cu
  6
CONTINUOUS
100
AcDbLine
 10
3.9995495669291339
 20
-3.3210058267716533
 30
0
 11
3.9973344488188975
 21
-3.3156580314960631
 31
0
  0
LINE
  5
78E
330
1B
100
AcDbEntity
  8
B.Cu
  6
CONTINUOUS
100
AcDbLine
 10
3.9973344488188975
 20
-3.3156580314960631
 30
0
 11
3.9962051574803148
 21
-3.3099808267716533
 31
0
  0
LINE
  5
78F
330
1B
100
AcDbEntity
  8
B.Cu
  6
CONTINUOUS
100
AcDbLine
 10
3.9962051574803148
 20
-3.3099808267716533
 30
0
 11
3.9962051574803148
 21
-3.3041924015748032
 31
0
  0
LINE
  5
790
330
1B
100
AcDbEntity
  8
B.Cu
  6
CONTINUOUS
100
AcDbLine
 10
3.9962051574803148
 20
-3.3041924015748032
 30
0
 11
3.9973344488188975
 21
-3.2985151968503934
 31
0
  0
LINE
  5
791
330
1B
100
AcDbEntity
  8
B.Cu
  6
CONTINUOUS
100
AcDbLine
 10
3.9973344488188975
 20
-3.2985151968503934
 30
0
 11
3.9995495669291339
 21
-3.2931674015748031
 31
0
  0
LINE
  5
792
330
1B
100
AcDbEntity
  8
B.Cu
  6
CONTINUOUS
100
AcDbLine
 10
3.9995495669291339
 20
-3.2931674015748031
 30
0
 11
4.0027654330708664
 21
-3.2883545275590551
 31
0
  0
LINE
  5
793
330
1B
100
AcDbEntity
  8
B.Cu
  6
CONTINUOUS
100
AcDbLine
 10
4.0027654330708664
 20
-3.2883545275590551
 30
0
 11
4.0068584645669292
 21
-3.2842614960629919
 31
0
  0
LINE
  5
794
330
1B
100
AcDbEntity
  8
B.Cu
  6
CONTINUOUS
100
AcDbLine
 10
4.0068584645669292
 20
-3.2842614960629919
 30
0
 11
4.0116713385826772
 21
-3.2810456299212598
 31
0
  0
LINE
  5
795
330
1B
100
AcDbEntity
  8
B.Cu
  6
CONTINUOUS
100
AcDbLine
 10
4.0116713385826772
 20
-3.2810456299212598
 30
0
 11
4.0170191338582679
 21
-3.2788305118110235
 31
0
  0
LINE
  5
796
330
1B
100
AcDbEntity
  8
B.Cu
  6
CONTINUOUS
100
AcDbLine
 10
4.0170191338582679
 20
-3.2788305118110235
 30
0
 11
4.0226963385826773
 21
-3.2777012204724407
 31
0
  0
LINE
  5
797
330
1B
100
AcDbEntity
  8
B.Cu
  6
CONTINUOUS
100
AcDbLine
 10
4.0226963385826773
 20
-3.2777012204724407
 30
0
 11
4.0255905511811019
 21
-3.2775590551181102
 31
0
  0
LINE
  5
798
330
1B
100
AcDbEntity
  8
B.Cu
  6
CONTINUOUS
100
AcDbLine
 10
4.0255905511811019
 20
-3.2775590551181102
 30
0
 11
4.0452755905511806
 21
-3.2775590551181102
 31
0
  0
LINE
  5
799
330
1B
100
AcDbEntity
  8
B.Cu
  6
CONTINUOUS
100
AcDbLine
 10
4.0452755905511806
 20
-3.2775590551181102
 30
0
 11
4.1057155905511813
 21
-3.2775590551181102
 31
0
  0
LINE
  5
79A
330
1B
100
AcDbEntity
  8
B.Cu
  6
CONTINUOUS
100
AcDbLine
 10
4.1057155905511813
 20
-3.2775590551181102
 30
0
 11
4.24194905511811
 21
-3.141325590551181
 31
0
  0
LINE
  5
79B
330
1B
100
AcDbEntity
  8
B.Cu
  6
CONTINUOUS
100
AcDbLine
 10
4.24194905511811
 20
-3.141325590551181
 30
0
 11
4.2440961023622048
 21
-3.1393796062992125
 31
0
  0
LINE
  5
79C
330
1B
100
AcDbEntity
  8
B.Cu
  6
CONTINUOUS
100
AcDbLine
 10
4.2440961023622048
 20
-3.1393796062992125
 30
0
 11
4.2489089763779528
 21
-3.1361637401574805
 31
0
  0
LINE
  5
79D
330
1B
100
AcDbEntity
  8
B.Cu
  6
CONTINUOUS
100
AcDbLine
 10
4.2489089763779528
 20
-3.1361637401574805
 30
0
 11
4.2511241338582675
 21
-3.135246181102362
 31
0
  0
LINE
  5
79E
330
1B
100
AcDbEntity
  8
B.Cu
  6
CONTINUOUS
100
AcDbLine
 10
4.2511241338582675
 20
-3.135246181102362
 30
0
 11
4.2542568110236223
 21
-3.1339485826771654
 31
0
  0
LINE
  5
79F
330
1B
100
AcDbEntity
  8
B.Cu
  6
CONTINUOUS
100
AcDbLine
 10
4.2542568110236223
 20
-3.1339485826771654
 30
0
 11
4.2599339763779529
 21
-3.1328193307086614
 31
0
  0
LINE
  5
7A0
330
1B
100
AcDbEntity
  8
B.Cu
  6
CONTINUOUS
100
AcDbLine
 10
4.2599339763779529
 20
-3.1328193307086614
 30
0
 11
4.2628281889763775
 21
-3.1326771653543308
 31
0
  0
LINE
  5
7A1
330
1B
100
AcDbEntity
  8
B.Cu
  6
CONTINUOUS
100
AcDbLine
 10
4.2628281889763775
 20
-3.1326771653543308
 30
0
 11
4.4565129133858266
 21
-3.1326771653543308
 31
0
  0
LINE
  5
7A2
330
1B
100
AcDbEntity
  8
B.Cu
  6
CONTINUOUS
100
AcDbLine
 10
4.4565129133858266
 20
-3.1326771653543308
 30
0
 11
4.4581618503937008
 21
-3.1323491732283464
 31
0
  0
LINE
  5
7A3
330
1B
100
AcDbEntity
  8
B.Cu
  6
CONTINUOUS
100
AcDbLine
 10
4.4581618503937008
 20
-3.1323491732283464
 30
0
 11
4.4611023622047243
 21
-3.1322047244094486
 31
0
  0
LINE
  5
7A4
330
1B
100
AcDbEntity
  8
B.Cu
  6
CONTINUOUS
100
AcDbLine
 10
4.4611023622047243
 20
-3.1322047244094486
 30
0
 11
4.4759055118110238
 21
-3.1322047244094486
 31
0
  0
LINE
  5
7A5
330
1B
100
AcDbEntity
  8
B.Cu
  6
CONTINUOUS
100
AcDbLine
 10
4.4759055118110238
 20
-3.1322047244094486
 30
0
 11
4.4788460236220473
 21
-3.1323491732283464
 31
0
  0
LINE
  5
7A6
330
1B
100
AcDbEntity
  8
B.Cu
  6
CONTINUOUS
100
AcDbLine
 10
5.4788460236220473
 20
-3.2323491732283465
 30
0
 11
5.4846140551181097
 21
-3.2334964960629922
 31
0
  0
LINE
  5
7A7
330
1B
100
AcDbEntity
  8
B.Cu
  6
CONTINUOUS
100
AcDbLine
 10
5.4846140551181097
 20
-3.2334964960629922
 30
0
 11
5.4900474015748033
 21
-3.2357470866141731
 31
0
  0
LINE
  5
7A8
330
1B
100
AcDbEntity
  8
B.Cu
  6
CONTINUOUS
100
AcDbLine
 10
5.4900474015748033
 20
-3.2357470866141731
 30
0
 11
5.4949373228346454
 21
-3.2390144094488189
 31
0
  0
LINE
  5
7A9
330
1B
100
AcDbEntity
  8
B.Cu
  6
CONTINUOUS
100
AcDbLine
 10
5.4949373228346454
 20
-3.2390144094488189
 30
0
 11
5.4990958267716534
 21
-3.2431729133858269
 31
0
  0
LINE
  5
7AA
330
1B
100
AcDbEntity
  8
B.Cu
  6
CONTINUOUS
100
AcDbLine
 10
5.4990958267716534
 20
-3.2431729133858269
 30
0
 11
5.5023631496062988
 21
-3.248062834645669
 31
0
  0
LINE
  5
7AB
330
1B
100
AcDbEntity
  8
B.Cu
  6
CONTINUOUS
100
AcDbLine
 10
5.5023631496062988
 20
-3.248062834645669
 30
0
 11
5.5046137401574802
 21
-3.2534961811023622
 31
0
  0
LINE
  5
7AC
330
1B
100
AcDbEntity
  8
B.Cu
  6
CONTINUOUS
100
AcDbLine
 10
5.5046137401574802
 20
-3.2534961811023622
 30
0
 11
5.5057610629921259
 21
-3.259264212598425
 31
0
  0
LINE
  5
7AD
330
1B
100
AcDbEntity
  8
B.Cu
  6
CONTINUOUS
100
AcDbLine
 10
5.5057610629921259
 20
-3.259264212598425
 30
0
 11
5.5057610629921259
 21
-3.2651452362204725
 31
0
  0
LINE
  5
7AE
330
1B
100
AcDbEntity
  8
B.Cu
  6
CONTINUOUS
100
AcDbLine
 10
5.5057610629921259
 20
-3.2651452362204725
 30
0
 11
5.5046137401574802
 21
-3.2709132677165353
 31
0
  0
LINE
  5
7AF
330
1B
100
AcDbEntity
  8
B.Cu
  6
CONTINUOUS
100
AcDbLine
 10
5.5046137401574802
 20
-3.2709132677165353
 30
0
 11
5.5023631496062988
 21
-3.2763466141732285
 31
0
  0
LINE
  5
7B0
330
1B
100
AcDbEntity
  8
B.Cu
  6
CONTINUOUS
100
AcDbLine
 10
5.5023631496062988
 20
-3.2763466141732285
 30
0
 11
5.4990958267716534
 21
-3.2812365354330706
 31
0
  0
LINE
  5
7B1
330
1B
100
AcDbEntity
  8
B.Cu
  6
CONTINUOUS
100
AcDbLine
 10
5.4990958267716534
 20
-3.2812365354330706
 30
0
 11
5.4949373228346454
 21
-3.2853950393700786
 31
0
  0
LINE
  5
7B2
330
1B
100
AcDbEntity
  8
B.Cu
  6
CONTINUOUS
100
AcDbLine
 10
5.4949373228346454
 20
-3.2853950393700786
 30
0
 11
5.4900474015748033
 21
-3.2886623622047244
 31
0
  0
LINE
  5
7B3
330
1B
100
AcDbEntity
  8
B.Cu
  6
CONTINUOUS
100
AcDbLine
 10
5.4900474015748033
 20
-3.2886623622047244
 30
0
 11
5.4846140551181097
 21
-3.2909129527559053
 31
0
  0
LINE
  5
7B4
330
1B
100
AcDbEntity
  8
B.Cu
  6
CONTINUOUS
100
AcDbLine
 10
5.4846140551181097
 20
-3.2909129527559053
 30
0
 11
5.4788460236220473
 21
-3.292060275590551
 31
0
  0
LINE
  5
7B5
330
1B
100
AcDbEntity
  8
B.Cu
  6
CONTINUOUS
100
AcDbLine
 10
5.4788460236220473
 20
-3.292060275590551
 30
0
 11
5.4759055118110238
 21
-3.2922047244094488
 31
0
  0
LINE
  5
7B6
330
1B
100
AcDbEntity
  8
B.Cu
  6
CONTINUOUS
100
AcDbLine
 10
5.4759055118110238
 20
-3.2922047244094488
 30
0
 11
5.4611023622047243
 21
-3.2922047244094488
 31
0
  0
LINE
  5
7B7
330
1B
100
AcDbEntity
  8
B.Cu
  6
CONTINUOUS
100
AcDbLine
 10
5.4611023622047243
 20
-3.2922047244094488
 30
0
 11
5.4581618503937008
 21
-3.292060275590551
 31
0
  0
LINE
  5
7B8
330
1B
100
AcDbEntity
  8
B.Cu
  6
CONTINUOUS
100
AcDbLine
 10
5.4581618503937008
 20
-3.292060275590551
 30
0
 11
5.4523938188976375
 21
-3.2909129527559053
 31
0
  0
LINE
  5
7B9
330
1B
100
AcDbEntity
  8
B.Cu
  6
CONTINUOUS
100
AcDbLine
 10
5.4523938188976375
 20
-3.2909129527559053
 30
0
 11
5.4469604724409448
 21
-3.2886623622047244
 31
0
  0
LINE
  5
7BA
330
1B
100
AcDbEntity
  8
B.Cu
  6
CONTINUOUS
100
AcDbLine
 10
5.4469604724409448
 20
-3.2886623622047244
 30
0
 11
5.4420705511811018
 21
-3.2853950393700786
 31
0
  0
LINE
  5
7BB
330
1B
100
AcDbEntity
  8
B.Cu
  6
CONTINUOUS
100
AcDbLine
 10
5.4420705511811018
 20
-3.2853950393700786
 30
0
 11
5.4379120472440947
 21
-3.2812365354330706
 31
0
  0
LINE
  5
7BC
330
1B
100
AcDbEntity
  8
B.Cu
  6
CONTINUOUS
100
AcDbLine
 10
5.4379120472440947
 20
-3.2812365354330706
 30
0
 11
5.4346447244094485
 21
-3.2763466141732285
 31
0
  0
LINE
  5
7BD
330
1B
100
AcDbEntity
  8
B.Cu
  6
CONTINUOUS
100
AcDbLine
 10
5.4346447244094485
 20
-3.2763466141732285
 30
0
 11
5.432394133858268
 21
-3.2709132677165353
 31
0
  0
LINE
  5
7BE
330
1B
100
AcDbEntity
  8
B.Cu
  6
CONTINUOUS
100
AcDbLine
 10
5.432394133858268
 20
-3.2709132677165353
 30
0
 11
5.4312468110236223
 21
-3.2651452362204725
 31
0
  0
LINE
  5
7BF
330
1B
100
AcDbEntity
  8
B.Cu
  6
CONTINUOUS
100
AcDbLine
 10
5.4312468110236223
 20
-3.2651452362204725
 30
0
 11
5.4312468110236223
 21
-3.259264212598425
 31
0
  0
LINE
  5
7C0
330
1B
100
AcDbEntity
  8
B.Cu
  6
CONTINUOUS
100
AcDbLine
 10
5.4312468110236223
 20
-3.259264212598425
 30
0
 11
5.432394133858268
 21
-3.2534961811023622
 31
0
  0
LINE
  5
7C1
330
1B
100
AcDbEntity
  8
B.Cu
  6
CONTINUOUS
100
AcDbLine
 10
5.432394133858268
 20
-3.2534961811023622
 30
0
 11
5.4346447244094485
 21
-3.248062834645669
 31
0
  0
LINE
  5
7C2
330
1B
100
AcDbEntity
  8
B.Cu
  6
CONTINUOUS
100
AcDbLine
 10
5.4346447244094485
 20
-3.248062834645669
 30
0
 11
5.4379120472440947
 21
-3.2431729133858269
 31
0
  0
LINE
  5
7C3
330
1B
100
AcDbEntity
  8
B.Cu
  6
CONTINUOUS
100
AcDbLine
 10
5.4379120472440947
 20
-3.2431729133858269
 30
0
 11
5.4420705511811018
 21
-3.2390144094488189
 31
0
  0
LINE
  5
7C4
330
1B
100
AcDbEntity
  8
B.Cu
  6
CONTINUOUS
100
AcDbLine
 10
5.4420705511811018
 20
-3.2390144094488189
 30
0
 11
5.4469604724409448
 21
-3.2357470866141731
 31
0
  0
LINE
  5
7C5
330
1B
100
AcDbEntity
  8
B.Cu
  6
CONTINUOUS
100
AcDbLine
 10
5.4469604724409448
 20
-3.2357470866141731
 30
0
 11
5.4523938188976375
 21
-3.2334964960629922
 31
0
  0
LINE
  5
7C6
330
1B
100
AcDbEntity
  8
B.Cu
  6
CONTINUOUS
100
AcDbLine
 10
5.4523938188976375
 20
-3.2334964960629922
 30
0
 11
5.4581618503937008
 21
-3.2323491732283465
 31
0
  0
LINE
  5
7C7
330
1B
100
AcDbEntity
  8
B.Cu
  6
CONTINUOUS
100
AcDbLine
 10
5.4581618503937008
 20
-3.2323491732283465
 30
0
 11
5.4611023622047243
 21
-3.2322047244094487
 31
0
  0
LINE
  5
7C8
330
1B
100
AcDbEntity
  8
B.Cu
  6
CONTINUOUS
100
AcDbLine
 10
5.4611023622047243
 20
-3.2322047244094487
 30
0
 11
5.4759055118110238
 21
-3.2322047244094487
 31
0
  0
LINE
  5
7C9
330
1B
100
AcDbEntity
  8
B.Cu
  6
CONTINUOUS
100
AcDbLine
 10
5.4759055118110238
 20
-3.2322047244094487
 30
0
 11
5.4788460236220473
 21
-3.2323491732283465
 31
0
  0
LINE
  5
7CA
330
1B
100
AcDbEntity
  8
B.Cu
  6
CONTINUOUS
100
AcDbLine
 10
4.4788460236220473
 20
-3.0323491732283463
 30
0
 11
4.4846140551181097
 21
-3.033496496062992
 31
0
  0
LINE
  5
7CB
330
1B
100
AcDbEntity
  8
B.Cu
  6
CONTINUOUS
100
AcDbLine
 10
4.4846140551181097
 20
-3.033496496062992
 30
0
 11
4.4900474015748033
 21
-3.0357470866141734
 31
0
  0
LINE
  5
7CC
330
1B
100
AcDbEntity
  8
B.Cu
  6
CONTINUOUS
100
AcDbLine
 10
4.4900474015748033
 20
-3.0357470866141734
 30
0
 11
4.4949373228346454
 21
-3.0390144094488187
 31
0
  0
LINE
  5
7CD
330
1B
100
AcDbEntity
  8
B.Cu
  6
CONTINUOUS
100
AcDbLine
 10
4.4949373228346454
 20
-3.0390144094488187
 30
0
 11
4.4990958267716534
 21
-3.0431729133858267
 31
0
  0
LINE
  5
7CE
330
1B
100
AcDbEntity
  8
B.Cu
  6
CONTINUOUS
100
AcDbLine
 10
4.4990958267716534
 20
-3.0431729133858267
 30
0
 11
4.5023631496062988
 21
-3.0480628346456693
 31
0
  0
LINE
  5
7CF
330
1B
100
AcDbEntity
  8
B.Cu
  6
CONTINUOUS
100
AcDbLine
 10
4.5023631496062988
 20
-3.0480628346456693
 30
0
 11
4.5046137401574802
 21
-3.053496181102362
 31
0
  0
LINE
  5
7D0
330
1B
100
AcDbEntity
  8
B.Cu
  6
CONTINUOUS
100
AcDbLine
 10
4.5046137401574802
 20
-3.053496181102362
 30
0
 11
4.5057610629921259
 21
-3.0592642125984253
 31
0
  0
LINE
  5
7D1
330
1B
100
AcDbEntity
  8
B.Cu
  6
CONTINUOUS
100
AcDbLine
 10
4.5057610629921259
 20
-3.0592642125984253
 30
0
 11
4.5057610629921259
 21
-3.0651452362204723
 31
0
  0
LINE
  5
7D2
330
1B
100
AcDbEntity
  8
B.Cu
  6
CONTINUOUS
100
AcDbLine
 10
4.5057610629921259
 20
-3.0651452362204723
 30
0
 11
4.5046137401574802
 21
-3.0709132677165352
 31
0
  0
LINE
  5
7D3
330
1B
100
AcDbEntity
  8
B.Cu
  6
CONTINUOUS
100
AcDbLine
 10
4.5046137401574802
 20
-3.0709132677165352
 30
0
 11
4.5023631496062988
 21
-3.0763466141732283
 31
0
  0
LINE
  5
7D4
330
1B
100
AcDbEntity
  8
B.Cu
  6
CONTINUOUS
100
AcDbLine
 10
4.5023631496062988
 20
-3.0763466141732283
 30
0
 11
4.4990958267716534
 21
-3.0812365354330709
 31
0
  0
LINE
  5
7D5
330
1B
100
AcDbEntity
  8
B.Cu
  6
CONTINUOUS
100
AcDbLine
 10
4.4990958267716534
 20
-3.0812365354330709
 30
0
 11
4.4949373228346454
 21
-3.0853950393700789
 31
0
  0
LINE
  5
7D6
330
1B
100
AcDbEntity
  8
B.Cu
  6
CONTINUOUS
100
AcDbLine
 10
4.4949373228346454
 20
-3.0853950393700789
 30
0
 11
4.4900474015748033
 21
-3.0886623622047242
 31
0
  0
LINE
  5
7D7
330
1B
100
AcDbEntity
  8
B.Cu
  6
CONTINUOUS
100
AcDbLine
 10
4.4900474015748033
 20
-3.0886623622047242
 30
0
 11
4.4846140551181097
 21
-3.0909129527559056
 31
0
  0
LINE
  5
7D8
330
1B
100
AcDbEntity
  8
B.Cu
  6
CONTINUOUS
100
AcDbLine
 10
4.4846140551181097
 20
-3.0909129527559056
 30
0
 11
4.4788460236220473
 21
-3.0920602755905513
 31
0
  0
LINE
  5
7D9
330
1B
100
AcDbEntity
  8
B.Cu
  6
CONTINUOUS
100
AcDbLine
 10
4.4788460236220473
 20
-3.0920602755905513
 30
0
 11
4.4759055118110238
 21
-3.0922047244094486
 31
0
  0
LINE
  5
7DA
330
1B
100
AcDbEntity
  8
B.Cu
  6
CONTINUOUS
100
AcDbLine
 10
4.4759055118110238
 20
-3.0922047244094486
 30
0
 11
4.4611023622047243
 21
-3.0922047244094486
 31
0
  0
LINE
  5
7DB
330
1B
100
AcDbEntity
  8
B.Cu
  6
CONTINUOUS
100
AcDbLine
 10
4.4611023622047243
 20
-3.0922047244094486
 30
0
 11
4.4581618503937008
 21
-3.0920602755905513
 31
0
  0
LINE
  5
7DC
330
1B
100
AcDbEntity
  8
B.Cu
  6
CONTINUOUS
100
AcDbLine
 10
4.4581618503937008
 20
-3.0920602755905513
 30
0
 11
4.4565129133858266
 21
-3.0917322834645669
 31
0
  0
LINE
  5
7DD
330
1B
100
AcDbEntity
  8
B.Cu
  6
CONTINUOUS
100
AcDbLine
 10
4.4565129133858266
 20
-3.0917322834645669
 30
0
 11
4.280406771653543
 21
-3.0917322834645669
 31
0
  0
LINE
  5
7DE
330
1B
100
AcDbEntity
  8
B.Cu
  6
CONTINUOUS
100
AcDbLine
 10
4.280406771653543
 20
-3.0917322834645669
 30
0
 11
4.1425985039370081
 21
-3.2295405511811022
 31
0
  0
LINE
  5
7DF
330
1B
100
AcDbEntity
  8
B.Cu
  6
CONTINUOUS
100
AcDbLine
 10
4.1425985039370081
 20
-3.2295405511811022
 30
0
 11
4.1404514566929134
 21
-3.2314865354330706
 31
0
  0
LINE
  5
7E0
330
1B
100
AcDbEntity
  8
B.Cu
  6
CONTINUOUS
100
AcDbLine
 10
4.1404514566929134
 20
-3.2314865354330706
 30
0
 11
4.1356385826771653
 21
-3.2347024015748032
 31
0
  0
LINE
  5
7E1
330
1B
100
AcDbEntity
  8
B.Cu
  6
CONTINUOUS
100
AcDbLine
 10
4.1356385826771653
 20
-3.2347024015748032
 30
0
 11
4.1334234251968507
 21
-3.2356199212598424
 31
0
  0
LINE
  5
7E2
330
1B
100
AcDbEntity
  8
B.Cu
  6
CONTINUOUS
100
AcDbLine
 10
4.1334234251968507
 20
-3.2356199212598424
 30
0
 11
4.1302907480314959
 21
-3.2369175590551182
 31
0
  0
LINE
  5
7E3
330
1B
100
AcDbEntity
  8
B.Cu
  6
CONTINUOUS
100
AcDbLine
 10
4.1302907480314959
 20
-3.2369175590551182
 30
0
 11
4.1246135826771653
 21
-3.2380468110236218
 31
0
  0
LINE
  5
7E4
330
1B
100
AcDbEntity
  8
B.Cu
  6
CONTINUOUS
100
AcDbLine
 10
4.1246135826771653
 20
-3.2380468110236218
 30
0
 11
4.1217193700787398
 21
-3.2381889763779528
 31
0
  0
LINE
  5
7E5
330
1B
100
AcDbEntity
  8
B.Cu
  6
CONTINUOUS
100
AcDbLine
 10
4.1217193700787398
 20
-3.2381889763779528
 30
0
 11
4.0354330708661417
 21
-3.2381889763779528
 31
0
  0
LINE
  5
7E6
330
1B
100
AcDbEntity
  8
B.Cu
  6
CONTINUOUS
100
AcDbLine
 10
4.0354330708661417
 20
-3.2381889763779528
 30
0
 11
4.0255905511811019
 21
-3.2381889763779528
 31
0
  0
LINE
  5
7E7
330
1B
100
AcDbEntity
  8
B.Cu
  6
CONTINUOUS
100
AcDbLine
 10
4.0255905511811019
 20
-3.2381889763779528
 30
0
 11
4.0226963385826773
 21
-3.2380468110236218
 31
0
  0
LINE
  5
7E8
330
1B
100
AcDbEntity
  8
B.Cu
  6
CONTINUOUS
100
AcDbLine
 10
4.0226963385826773
 20
-3.2380468110236218
 30
0
 11
4.0170191338582679
 21
-3.2369175196850395
 31
0
  0
LINE
  5
7E9
330
1B
100
AcDbEntity
  8
B.Cu
  6
CONTINUOUS
100
AcDbLine
 10
4.0170191338582679
 20
-3.2369175196850395
 30
0
 11
4.0116713385826772
 21
-3.2347024015748032
 31
0
  0
LINE
  5
7EA
330
1B
100
AcDbEntity
  8
B.Cu
  6
CONTINUOUS
100
AcDbLine
 10
4.0116713385826772
 20
-3.2347024015748032
 30
0
 11
4.0068584645669292
 21
-3.2314865354330706
 31
0
  0
LINE
  5
7EB
330
1B
100
AcDbEntity
  8
B.Cu
  6
CONTINUOUS
100
AcDbLine
 10
4.0068584645669292
 20
-3.2314865354330706
 30
0
 11
4.0027654330708664
 21
-3.2273935039370079
 31
0
  0
LINE
  5
7EC
330
1B
100
AcDbEntity
  8
B.Cu
  6
CONTINUOUS
100
AcDbLine
 10
4.0027654330708664
 20
-3.2273935039370079
 30
0
 11
3.9995495669291339
 21
-3.2225806299212598
 31
0
  0
LINE
  5
7ED
330
1B
100
AcDbEntity
  8
B.Cu
  6
CONTINUOUS
100
AcDbLine
 10
3.9995495669291339
 20
-3.2225806299212598
 30
0
 11
3.9973344488188975
 21
-3.2172328346456691
 31
0
  0
LINE
  5
7EE
330
1B
100
AcDbEntity
  8
B.Cu
  6
CONTINUOUS
100
AcDbLine
 10
3.9973344488188975
 20
-3.2172328346456691
 30
0
 11
3.9962051574803148
 21
-3.2115556299212598
 31
0
  0
LINE
  5
7EF
330
1B
100
AcDbEntity
  8
B.Cu
  6
CONTINUOUS
100
AcDbLine
 10
3.9962051574803148
 20
-3.2115556299212598
 30
0
 11
3.9962051574803148
 21
-3.2057672047244092
 31
0
  0
LINE
  5
7F0
330
1B
100
AcDbEntity
  8
B.Cu
  6
CONTINUOUS
100
AcDbLine
 10
3.9962051574803148
 20
-3.2057672047244092
 30
0
 11
3.9973344488188975
 21
-3.2000899999999999
 31
0
  0
LINE
  5
7F1
330
1B
100
AcDbEntity
  8
B.Cu
  6
CONTINUOUS
100
AcDbLine
 10
3.9973344488188975
 20
-3.2000899999999999
 30
0
 11
3.9995495669291339
 21
-3.1947422047244092
 31
0
  0
LINE
  5
7F2
330
1B
100
AcDbEntity
  8
B.Cu
  6
CONTINUOUS
100
AcDbLine
 10
3.9995495669291339
 20
-3.1947422047244092
 30
0
 11
4.0027654330708664
 21
-3.1899293307086611
 31
0
  0
LINE
  5
7F3
330
1B
100
AcDbEntity
  8
B.Cu
  6
CONTINUOUS
100
AcDbLine
 10
4.0027654330708664
 20
-3.1899293307086611
 30
0
 11
4.0068584645669292
 21
-3.1858362992125984
 31
0
  0
LINE
  5
7F4
330
1B
100
AcDbEntity
  8
B.Cu
  6
CONTINUOUS
100
AcDbLine
 10
4.0068584645669292
 20
-3.1858362992125984
 30
0
 11
4.0116713385826772
 21
-3.1826204330708663
 31
0
  0
LINE
  5
7F5
330
1B
100
AcDbEntity
  8
B.Cu
  6
CONTINUOUS
100
AcDbLine
 10
4.0116713385826772
 20
-3.1826204330708663
 30
0
 11
4.0170191338582679
 21
-3.1804053149606299
 31
0
  0
LINE
  5
7F6
330
1B
100
AcDbEntity
  8
B.Cu
  6
CONTINUOUS
100
AcDbLine
 10
4.0170191338582679
 20
-3.1804053149606299
 30
0
 11
4.0226963385826773
 21
-3.1792760236220472
 31
0
  0
LINE
  5
7F7
330
1B
100
AcDbEntity
  8
B.Cu
  6
CONTINUOUS
100
AcDbLine
 10
4.0226963385826773
 20
-3.1792760236220472
 30
0
 11
4.0255905511811019
 21
-3.1791338582677167
 31
0
  0
LINE
  5
7F8
330
1B
100
AcDbEntity
  8
B.Cu
  6
CONTINUOUS
100
AcDbLine
 10
4.0255905511811019
 20
-3.1791338582677167
 30
0
 11
4.0452755905511806
 21
-3.1791338582677167
 31
0
  0
LINE
  5
7F9
330
1B
100
AcDbEntity
  8
B.Cu
  6
CONTINUOUS
100
AcDbLine
 10
4.0452755905511806
 20
-3.1791338582677167
 30
0
 11
4.1094886614173225
 21
-3.1791338582677167
 31
0
  0
LINE
  5
7FA
330
1B
100
AcDbEntity
  8
B.Cu
  6
CONTINUOUS
100
AcDbLine
 10
4.1094886614173225
 20
-3.1791338582677167
 30
0
 11
4.2472969291338583
 21
-3.0413255905511809
 31
0
  0
LINE
  5
7FB
330
1B
100
AcDbEntity
  8
B.Cu
  6
CONTINUOUS
100
AcDbLine
 10
4.2472969291338583
 20
-3.0413255905511809
 30
0
 11
4.2494439370078743
 21
-3.0393796062992124
 31
0
  0
LINE
  5
7FC
330
1B
100
AcDbEntity
  8
B.Cu
  6
CONTINUOUS
100
AcDbLine
 10
4.2494439370078743
 20
-3.0393796062992124
 30
0
 11
4.2526133070866141
 21
-3.0372619291338583
 31
0
  0
LINE
  5
7FD
330
1B
100
AcDbEntity
  8
B.Cu
  6
CONTINUOUS
100
AcDbLine
 10
4.2526133070866141
 20
-3.0372619291338583
 30
0
 11
4.2542568503937011
 21
-3.0361637401574804
 31
0
  0
LINE
  5
7FE
330
1B
100
AcDbEntity
  8
B.Cu
  6
CONTINUOUS
100
AcDbLine
 10
4.2542568503937011
 20
-3.0361637401574804
 30
0
 11
4.2596046456692909
 21
-3.033948622047244
 31
0
  0
LINE
  5
7FF
330
1B
100
AcDbEntity
  8
B.Cu
  6
CONTINUOUS
100
AcDbLine
 10
4.2596046456692909
 20
-3.033948622047244
 30
0
 11
4.2652818503937011
 21
-3.0328193307086613
 31
0
  0
LINE
  5
800
330
1B
100
AcDbEntity
  8
B.Cu
  6
CONTINUOUS
100
AcDbLine
 10
4.2652818503937011
 20
-3.0328193307086613
 30
0
 11
4.2681760629921257
 21
-3.0326771653543307
 31
0
  0
LINE
  5
801
330
1B
100
AcDbEntity
  8
B.Cu
  6
CONTINUOUS
100
AcDbLine
 10
4.2681760629921257
 20
-3.0326771653543307
 30
0
 11
4.4565129133858266
 21
-3.0326771653543307
 31
0
  0
LINE
  5
802
330
1B
100
AcDbEntity
  8
B.Cu
  6
CONTINUOUS
100
AcDbLine
 10
4.4565129133858266
 20
-3.0326771653543307
 30
0
 11
4.4581618503937008
 21
-3.0323491732283463
 31
0
  0
LINE
  5
803
330
1B
100
AcDbEntity
  8
B.Cu
  6
CONTINUOUS
100
AcDbLine
 10
4.4581618503937008
 20
-3.0323491732283463
 30
0
 11
4.4611023622047243
 21
-3.0322047244094485
 31
0
  0
LINE
  5
804
330
1B
100
AcDbEntity
  8
B.Cu
  6
CONTINUOUS
100
AcDbLine
 10
4.4611023622047243
 20
-3.0322047244094485
 30
0
 11
4.4759055118110238
 21
-3.0322047244094485
 31
0
  0
LINE
  5
805
330
1B
100
AcDbEntity
  8
B.Cu
  6
CONTINUOUS
100
AcDbLine
 10
4.4759055118110238
 20
-3.0322047244094485
 30
0
 11
4.4788460236220473
 21
-3.0323491732283463
 31
0
  0
LINE
  5
806
330
1B
100
AcDbEntity
  8
B.Cu
  6
CONTINUOUS
100
AcDbLine
 10
5.4788460236220473
 20
-3.1323491732283464
 30
0
 11
5.4846140551181097
 21
-3.1334964960629921
 31
0
  0
LINE
  5
807
330
1B
100
AcDbEntity
  8
B.Cu
  6
CONTINUOUS
100
AcDbLine
 10
5.4846140551181097
 20
-3.1334964960629921
 30
0
 11
5.4900474015748033
 21
-3.135747086614173
 31
0
  0
LINE
  5
808
330
1B
100
AcDbEntity
  8
B.Cu
  6
CONTINUOUS
100
AcDbLine
 10
5.4900474015748033
 20
-3.135747086614173
 30
0
 11
5.4949373228346454
 21
-3.1390144094488188
 31
0
  0
LINE
  5
809
330
1B
100
AcDbEntity
  8
B.Cu
  6
CONTINUOUS
100
AcDbLine
 10
5.4949373228346454
 20
-3.1390144094488188
 30
0
 11
5.4990958267716534
 21
-3.1431729133858268
 31
0
  0
LINE
  5
80A
330
1B
100
AcDbEntity
  8
B.Cu
  6
CONTINUOUS
100
AcDbLine
 10
5.4990958267716534
 20
-3.1431729133858268
 30
0
 11
5.5023631496062988
 21
-3.1480628346456694
 31
0
  0
LINE
  5
80B
330
1B
100
AcDbEntity
  8
B.Cu
  6
CONTINUOUS
100
AcDbLine
 10
5.5023631496062988
 20
-3.1480628346456694
 30
0
 11
5.5046137401574802
 21
-3.1534961811023621
 31
0
  0
LINE
  5
80C
330
1B
100
AcDbEntity
  8
B.Cu
  6
CONTINUOUS
100
AcDbLine
 10
5.5046137401574802
 20
-3.1534961811023621
 30
0
 11
5.5057610629921259
 21
-3.1592642125984249
 31
0
  0
LINE
  5
80D
330
1B
100
AcDbEntity
  8
B.Cu
  6
CONTINUOUS
100
AcDbLine
 10
5.5057610629921259
 20
-3.1592642125984249
 30
0
 11
5.5057610629921259
 21
-3.1651452362204724
 31
0
  0
LINE
  5
80E
330
1B
100
AcDbEntity
  8
B.Cu
  6
CONTINUOUS
100
AcDbLine
 10
5.5057610629921259
 20
-3.1651452362204724
 30
0
 11
5.5046137401574802
 21
-3.1709132677165353
 31
0
  0
LINE
  5
80F
330
1B
100
AcDbEntity
  8
B.Cu
  6
CONTINUOUS
100
AcDbLine
 10
5.5046137401574802
 20
-3.1709132677165353
 30
0
 11
5.5023631496062988
 21
-3.1763466141732284
 31
0
  0
LINE
  5
810
330
1B
100
AcDbEntity
  8
B.Cu
  6
CONTINUOUS
100
AcDbLine
 10
5.5023631496062988
 20
-3.1763466141732284
 30
0
 11
5.4990958267716534
 21
-3.1812365354330709
 31
0
  0
LINE
  5
811
330
1B
100
AcDbEntity
  8
B.Cu
  6
CONTINUOUS
100
AcDbLine
 10
5.4990958267716534
 20
-3.1812365354330709
 30
0
 11
5.4949373228346454
 21
-3.1853950393700785
 31
0
  0
LINE
  5
812
330
1B
100
AcDbEntity
  8
B.Cu
  6
CONTINUOUS
100
AcDbLine
 10
5.4949373228346454
 20
-3.1853950393700785
 30
0
 11
5.4900474015748033
 21
-3.1886623622047243
 31
0
  0
LINE
  5
813
330
1B
100
AcDbEntity
  8
B.Cu
  6
CONTINUOUS
100
AcDbLine
 10
5.4900474015748033
 20
-3.1886623622047243
 30
0
 11
5.4846140551181097
 21
-3.1909129527559053
 31
0
  0
LINE
  5
814
330
1B
100
AcDbEntity
  8
B.Cu
  6
CONTINUOUS
100
AcDbLine
 10
5.4846140551181097
 20
-3.1909129527559053
 30
0
 11
5.4788460236220473
 21
-3.1920602755905509
 31
0
  0
LINE
  5
815
330
1B
100
AcDbEntity
  8
B.Cu
  6
CONTINUOUS
100
AcDbLine
 10
5.4788460236220473
 20
-3.1920602755905509
 30
0
 11
5.4759055118110238
 21
-3.1922047244094487
 31
0
  0
LINE
  5
816
330
1B
100
AcDbEntity
  8
B.Cu
  6
CONTINUOUS
100
AcDbLine
 10
5.4759055118110238
 20
-3.1922047244094487
 30
0
 11
5.4611023622047243
 21
-3.1922047244094487
 31
0
  0
LINE
  5
817
330
1B
100
AcDbEntity
  8
B.Cu
  6
CONTINUOUS
100
AcDbLine
 10
5.4611023622047243
 20
-3.1922047244094487
 30
0
 11
5.4581618503937008
 21
-3.1920602755905509
 31
0
  0
LINE
  5
818
330
1B
100
AcDbEntity
  8
B.Cu
  6
CONTINUOUS
100
AcDbLine
 10
5.4581618503937008
 20
-3.1920602755905509
 30
0
 11
5.4523938188976375
 21
-3.1909129527559053
 31
0
  0
LINE
  5
819
330
1B
100
AcDbEntity
  8
B.Cu
  6
CONTINUOUS
100
AcDbLine
 10
5.4523938188976375
 20
-3.1909129527559053
 30
0
 11
5.4469604724409448
 21
-3.1886623622047243
 31
0
  0
LINE
  5
81A
330
1B
100
AcDbEntity
  8
B.Cu
  6
CONTINUOUS
100
AcDbLine
 10
5.4469604724409448
 20
-3.1886623622047243
 30
0
 11
5.4420705511811018
 21
-3.1853950393700785
 31
0
  0
LINE
  5
81B
330
1B
100
AcDbEntity
  8
B.Cu
  6
CONTINUOUS
100
AcDbLine
 10
5.4420705511811018
 20
-3.1853950393700785
 30
0
 11
5.4379120472440947
 21
-3.1812365354330709
 31
0
  0
LINE
  5
81C
330
1B
100
AcDbEntity
  8
B.Cu
  6
CONTINUOUS
100
AcDbLine
 10
5.4379120472440947
 20
-3.1812365354330709
 30
0
 11
5.4346447244094485
 21
-3.1763466141732284
 31
0
  0
LINE
  5
81D
330
1B
100
AcDbEntity
  8
B.Cu
  6
CONTINUOUS
100
AcDbLine
 10
5.4346447244094485
 20
-3.1763466141732284
 30
0
 11
5.432394133858268
 21
-3.1709132677165353
 31
0
  0
LINE
  5
81E
330
1B
100
AcDbEntity
  8
B.Cu
  6
CONTINUOUS
100
AcDbLine
 10
5.432394133858268
 20
-3.1709132677165353
 30
0
 11
5.4312468110236223
 21
-3.1651452362204724
 31
0
  0
LINE
  5
81F
330
1B
100
AcDbEntity
  8
B.Cu
  6
CONTINUOUS
100
AcDbLine
 10
5.4312468110236223
 20
-3.1651452362204724
 30
0
 11
5.4312468110236223
 21
-3.1592642125984249
 31
0
  0
LINE
  5
820
330
1B
100
AcDbEntity
  8
B.Cu
  6
CONTINUOUS
100
AcDbLine
 10
5.4312468110236223
 20
-3.1592642125984249
 30
0
 11
5.432394133858268
 21
-3.1534961811023621
 31
0
  0
LINE
  5
821
330
1B
100
AcDbEntity
  8
B.Cu
  6
CONTINUOUS
100
AcDbLine
 10
5.432394133858268
 20
-3.1534961811023621
 30
0
 11
5.4346447244094485
 21
-3.1480628346456694
 31
0
  0
LINE
  5
822
330
1B
100
AcDbEntity
  8
B.Cu
  6
CONTINUOUS
100
AcDbLine
 10
5.4346447244094485
 20
-3.1480628346456694
 30
0
 11
5.4379120472440947
 21
-3.1431729133858268
 31
0
  0
LINE
  5
823
330
1B
100
AcDbEntity
  8
B.Cu
  6
CONTINUOUS
100
AcDbLine
 10
5.4379120472440947
 20
-3.1431729133858268
 30
0
 11
5.4420705511811018
 21
-3.1390144094488188
 31
0
  0
LINE
  5
824
330
1B
100
AcDbEntity
  8
B.Cu
  6
CONTINUOUS
100
AcDbLine
 10
5.4420705511811018
 20
-3.1390144094488188
 30
0
 11
5.4469604724409448
 21
-3.135747086614173
 31
0
  0
LINE
  5
825
330
1B
100
AcDbEntity
  8
B.Cu
  6
CONTINUOUS
100
AcDbLine
 10
5.4469604724409448
 20
-3.135747086614173
 30
0
 11
5.4523938188976375
 21
-3.1334964960629921
 31
0
  0
LINE
  5
826
330
1B
100
AcDbEntity
  8
B.Cu
  6
CONTINUOUS
100
AcDbLine
 10
5.4523938188976375
 20
-3.1334964960629921
 30
0
 11
5.4581618503937008
 21
-3.1323491732283464
 31
0
  0
LINE
  5
827
330
1B
100
AcDbEntity
  8
B.Cu
  6
CONTINUOUS
100
AcDbLine
 10
5.4581618503937008
 20
-3.1323491732283464
 30
0
 11
5.4611023622047243
 21
-3.1322047244094486
 31
0
  0
LINE
  5
828
330
1B
100
AcDbEntity
  8
B.Cu
  6
CONTINUOUS
100
AcDbLine
 10
5.4611023622047243
 20
-3.1322047244094486
 30
0
 11
5.4759055118110238
 21
-3.1322047244094486
 31
0
  0
LINE
  5
829
330
1B
100
AcDbEntity
  8
B.Cu
  6
CONTINUOUS
100
AcDbLine
 10
5.4759055118110238
 20
-3.1322047244094486
 30
0
 11
5.4788460236220473
 21
-3.1323491732283464
 31
0
  0
LINE
  5
82A
330
1B
100
AcDbEntity
  8
B.Cu
  6
CONTINUOUS
100
AcDbLine
 10
3.0701575196850395
 20
-1.969117716535433
 30
0
 11
3.0745237795275591
 21
-1.9712522440944882
 31
0
  0
LINE
  5
82B
330
1B
100
AcDbEntity
  8
B.Cu
  6
CONTINUOUS
100
AcDbLine
 10
3.0745237795275591
 20
-1.9712522440944882
 30
0
 11
3.0779603543307088
 21
-1.9746888188976377
 31
0
  0
LINE
  5
82C
330
1B
100
AcDbEntity
  8
B.Cu
  6
CONTINUOUS
100
AcDbLine
 10
3.0779603543307088
 20
-1.9746888188976377
 30
0
 11
3.0800948818897638
 21
-1.9790550787401575
 31
0
  0
LINE
  5
82D
330
1B
100
AcDbEntity
  8
B.Cu
  6
CONTINUOUS
100
AcDbLine
 10
3.0800948818897638
 20
-1.9790550787401575
 30
0
 11
3.0807086614173227
 21
-1.9832677165354331
 31
0
  0
LINE
  5
82E
330
1B
100
AcDbEntity
  8
B.Cu
  6
CONTINUOUS
100
AcDbLine
 10
3.0807086614173227
 20
-1.9832677165354331
 30
0
 11
3.0807086614173227
 21
-2.0324803149606301
 31
0
  0
LINE
  5
82F
330
1B
100
AcDbEntity
  8
B.Cu
  6
CONTINUOUS
100
AcDbLine
 10
3.0807086614173227
 20
-2.0324803149606301
 30
0
 11
3.0800948818897638
 21
-2.0366929527559057
 31
0
  0
LINE
  5
830
330
1B
100
AcDbEntity
  8
B.Cu
  6
CONTINUOUS
100
AcDbLine
 10
3.0800948818897638
 20
-2.0366929527559057
 30
0
 11
3.0779603543307088
 21
-2.0410592125984253
 31
0
  0
LINE
  5
831
330
1B
100
AcDbEntity
  8
B.Cu
  6
CONTINUOUS
100
AcDbLine
 10
3.0779603543307088
 20
-2.0410592125984253
 30
0
 11
3.0745237795275591
 21
-2.0444957874015746
 31
0
  0
LINE
  5
832
330
1B
100
AcDbEntity
  8
B.Cu
  6
CONTINUOUS
100
AcDbLine
 10
3.0745237795275591
 20
-2.0444957874015746
 30
0
 11
3.0701575196850395
 21
-2.04663031496063
 31
0
  0
LINE
  5
833
330
1B
100
AcDbEntity
  8
B.Cu
  6
CONTINUOUS
100
AcDbLine
 10
3.0701575196850395
 20
-2.04663031496063
 30
0
 11
3.0659448818897639
 21
-2.0472440944881889
 31
0
  0
LINE
  5
834
330
1B
100
AcDbEntity
  8
B.Cu
  6
CONTINUOUS
100
AcDbLine
 10
3.0659448818897639
 20
-2.0472440944881889
 30
0
 11
3.0535692913385826
 21
-2.0472440944881889
 31
0
  0
LINE
  5
835
330
1B
100
AcDbEntity
  8
B.Cu
  6
CONTINUOUS
100
AcDbLine
 10
3.0535692913385826
 20
-2.0472440944881889
 30
0
 11
2.923228346456693
 21
-2.1775850393700789
 31
0
  0
LINE
  5
836
330
1B
100
AcDbEntity
  8
B.Cu
  6
CONTINUOUS
100
AcDbLine
 10
2.923228346456693
 20
-2.1775850393700789
 30
0
 11
2.923228346456693
 21
-2.9208401574803151
 31
0
  0
LINE
  5
837
330
1B
100
AcDbEntity
  8
B.Cu
  6
CONTINUOUS
100
AcDbLine
 10
2.923228346456693
 20
-2.9208401574803151
 30
0
 11
3.0830968503937006
 21
-3.0807086614173227
 31
0
  0
LINE
  5
838
330
1B
100
AcDbEntity
  8
B.Cu
  6
CONTINUOUS
100
AcDbLine
 10
3.0830968503937006
 20
-3.0807086614173227
 30
0
 11
3.4448818897637796
 21
-3.0807086614173227
 31
0
  0
LINE
  5
839
330
1B
100
AcDbEntity
  8
B.Cu
  6
CONTINUOUS
100
AcDbLine
 10
3.4448818897637796
 20
-3.0807086614173227
 30
0
 11
3.454724409448819
 21
-3.0807086614173227
 31
0
  0
LINE
  5
83A
330
1B
100
AcDbEntity
  8
B.Cu
  6
CONTINUOUS
100
AcDbLine
 10
3.454724409448819
 20
-3.0807086614173227
 30
0
 11
3.457618622047244
 21
-3.0808508267716537
 31
0
  0
LINE
  5
83B
330
1B
100
AcDbEntity
  8
B.Cu
  6
CONTINUOUS
100
AcDbLine
 10
3.457618622047244
 20
-3.0808508267716537
 30
0
 11
3.4632958267716534
 21
-3.081980118110236
 31
0
  0
LINE
  5
83C
330
1B
100
AcDbEntity
  8
B.Cu
  6
CONTINUOUS
100
AcDbLine
 10
3.4632958267716534
 20
-3.081980118110236
 30
0
 11
3.4686436220472441
 21
-3.0841952362204723
 31
0
  0
LINE
  5
83D
330
1B
100
AcDbEntity
  8
B.Cu
  6
CONTINUOUS
100
AcDbLine
 10
3.4686436220472441
 20
-3.0841952362204723
 30
0
 11
3.4734564960629921
 21
-3.0874111023622048
 31
0
  0
LINE
  5
83E
330
1B
100
AcDbEntity
  8
B.Cu
  6
CONTINUOUS
100
AcDbLine
 10
3.4734564960629921
 20
-3.0874111023622048
 30
0
 11
3.4775495275590549
 21
-3.0915041338582676
 31
0
  0
LINE
  5
83F
330
1B
100
AcDbEntity
  8
B.Cu
  6
CONTINUOUS
100
AcDbLine
 10
3.4775495275590549
 20
-3.0915041338582676
 30
0
 11
3.4807653937007874
 21
-3.0963170078740156
 31
0
  0
LINE
  5
840
330
1B
100
AcDbEntity
  8
B.Cu
  6
CONTINUOUS
100
AcDbLine
 10
3.4807653937007874
 20
-3.0963170078740156
 30
0
 11
3.4829805118110237
 21
-3.1016648031496064
 31
0
  0
LINE
  5
841
330
1B
100
AcDbEntity
  8
B.Cu
  6
CONTINUOUS
100
AcDbLine
 10
3.4829805118110237
 20
-3.1016648031496064
 30
0
 11
3.4841098031496061
 21
-3.1073420078740157
 31
0
  0
LINE
  5
842
330
1B
100
AcDbEntity
  8
B.Cu
  6
CONTINUOUS
100
AcDbLine
 10
3.4841098031496061
 20
-3.1073420078740157
 30
0
 11
3.4841098031496061
 21
-3.1131304330708662
 31
0
  0
LINE
  5
843
330
1B
100
AcDbEntity
  8
B.Cu
  6
CONTINUOUS
100
AcDbLine
 10
3.4841098031496061
 20
-3.1131304330708662
 30
0
 11
3.4829805118110237
 21
-3.1188076377952756
 31
0
  0
LINE
  5
844
330
1B
100
AcDbEntity
  8
B.Cu
  6
CONTINUOUS
100
AcDbLine
 10
3.4829805118110237
 20
-3.1188076377952756
 30
0
 11
3.4807653937007874
 21
-3.1241554330708659
 31
0
  0
LINE
  5
845
330
1B
100
AcDbEntity
  8
B.Cu
  6
CONTINUOUS
100
AcDbLine
 10
3.4807653937007874
 20
-3.1241554330708659
 30
0
 11
3.4775495275590549
 21
-3.1289683070866139
 31
0
  0
LINE
  5
846
330
1B
100
AcDbEntity
  8
B.Cu
  6
CONTINUOUS
100
AcDbLine
 10
3.4775495275590549
 20
-3.1289683070866139
 30
0
 11
3.4734564960629921
 21
-3.1330613385826771
 31
0
  0
LINE
  5
847
330
1B
100
AcDbEntity
  8
B.Cu
  6
CONTINUOUS
100
AcDbLine
 10
3.4734564960629921
 20
-3.1330613385826771
 30
0
 11
3.4686436220472441
 21
-3.1362772047244092
 31
0
  0
LINE
  5
848
330
1B
100
AcDbEntity
  8
B.Cu
  6
CONTINUOUS
100
AcDbLine
 10
3.4686436220472441
 20
-3.1362772047244092
 30
0
 11
3.4632958267716534
 21
-3.1384923228346455
 31
0
  0
LINE
  5
849
330
1B
100
AcDbEntity
  8
B.Cu
  6
CONTINUOUS
100
AcDbLine
 10
3.4632958267716534
 20
-3.1384923228346455
 30
0
 11
3.457618622047244
 21
-3.1396216141732283
 31
0
  0
LINE
  5
84A
330
1B
100
AcDbEntity
  8
B.Cu
  6
CONTINUOUS
100
AcDbLine
 10
3.457618622047244
 20
-3.1396216141732283
 30
0
 11
3.454724409448819
 21
-3.1397637795275588
 31
0
  0
LINE
  5
84B
330
1B
100
AcDbEntity
  8
B.Cu
  6
CONTINUOUS
100
AcDbLine
 10
3.454724409448819
 20
-3.1397637795275588
 30
0
 11
3.4350393700787403
 21
-3.1397637795275588
 31
0
  0
LINE
  5
84C
330
1B
100
AcDbEntity
  8
B.Cu
  6
CONTINUOUS
100
AcDbLine
 10
3.4350393700787403
 20
-3.1397637795275588
 30
0
 11
3.0708661417322833
 21
-3.1397637795275588
 31
0
  0
LINE
  5
84D
330
1B
100
AcDbEntity
  8
B.Cu
  6
CONTINUOUS
100
AcDbLine
 10
3.0708661417322833
 20
-3.1397637795275588
 30
0
 11
3.0679719291338583
 21
-3.1396216141732283
 31
0
  0
LINE
  5
84E
330
1B
100
AcDbEntity
  8
B.Cu
  6
CONTINUOUS
100
AcDbLine
 10
3.0679719291338583
 20
-3.1396216141732283
 30
0
 11
3.0622947637795277
 21
-3.1384923622047243
 31
0
  0
LINE
  5
84F
330
1B
100
AcDbEntity
  8
B.Cu
  6
CONTINUOUS
100
AcDbLine
 10
3.0622947637795277
 20
-3.1384923622047243
 30
0
 11
3.0591620866141733
 21
-3.1371947244094489
 31
0
  0
LINE
  5
850
330
1B
100
AcDbEntity
  8
B.Cu
  6
CONTINUOUS
100
AcDbLine
 10
3.0591620866141733
 20
-3.1371947244094489
 30
0
 11
3.0569469291338582
 21
-3.1362772047244092
 31
0
  0
LINE
  5
851
330
1B
100
AcDbEntity
  8
B.Cu
  6
CONTINUOUS
100
AcDbLine
 10
3.0569469291338582
 20
-3.1362772047244092
 30
0
 11
3.0521340551181102
 21
-3.1330613385826771
 31
0
  0
LINE
  5
852
330
1B
100
AcDbEntity
  8
B.Cu
  6
CONTINUOUS
100
AcDbLine
 10
3.0521340551181102
 20
-3.1330613385826771
 30
0
 11
3.0499870078740159
 21
-3.1311153543307086
 31
0
  0
LINE
  5
853
330
1B
100
AcDbEntity
  8
B.Cu
  6
CONTINUOUS
100
AcDbLine
 10
3.0499870078740159
 20
-3.1311153543307086
 30
0
 11
2.8728216535433071
 21
-2.9539499999999999
 31
0
  0
LINE
  5
854
330
1B
100
AcDbEntity
  8
B.Cu
  6
CONTINUOUS
100
AcDbLine
 10
2.8728216535433071
 20
-2.9539499999999999
 30
0
 11
2.8708756692913386
 21
-2.9518029527559055
 31
0
  0
LINE
  5
855
330
1B
100
AcDbEntity
  8
B.Cu
  6
CONTINUOUS
100
AcDbLine
 10
2.8708756692913386
 20
-2.9518029527559055
 30
0
 11
2.8676598031496061
 21
-2.9469900787401575
 31
0
  0
LINE
  5
856
330
1B
100
AcDbEntity
  8
B.Cu
  6
CONTINUOUS
100
AcDbLine
 10
2.8676598031496061
 20
-2.9469900787401575
 30
0
 11
2.8662028346456694
 21
-2.9434726377952756
 31
0
  0
LINE
  5
857
330
1B
100
AcDbEntity
  8
B.Cu
  6
CONTINUOUS
100
AcDbLine
 10
2.8662028346456694
 20
-2.9434726377952756
 30
0
 11
2.8654446456692915
 21
-2.941642244094488
 31
0
  0
LINE
  5
858
330
1B
100
AcDbEntity
  8
B.Cu
  6
CONTINUOUS
100
AcDbLine
 10
2.8654446456692915
 20
-2.941642244094488
 30
0
 11
2.8643153937007875
 21
-2.9359650787401574
 31
0
  0
LINE
  5
859
330
1B
100
AcDbEntity
  8
B.Cu
  6
CONTINUOUS
100
AcDbLine
 10
2.8643153937007875
 20
-2.9359650787401574
 30
0
 11
2.8641732283464565
 21
-2.9330708661417324
 31
0
  0
LINE
  5
85A
330
1B
100
AcDbEntity
  8
B.Cu
  6
CONTINUOUS
100
AcDbLine
 10
2.8641732283464565
 20
-2.9330708661417324
 30
0
 11
2.8641732283464565
 21
-2.1653543307086616
 31
0
  0
LINE
  5
85B
330
1B
100
AcDbEntity
  8
B.Cu
  6
CONTINUOUS
100
AcDbLine
 10
2.8641732283464565
 20
-2.1653543307086616
 30
0
 11
2.8643153937007875
 21
-2.1624601181102361
 31
0
  0
LINE
  5
85C
330
1B
100
AcDbEntity
  8
B.Cu
  6
CONTINUOUS
100
AcDbLine
 10
2.8643153937007875
 20
-2.1624601181102361
 30
0
 11
2.8654446456692915
 21
-2.1567829527559055
 31
0
  0
LINE
  5
85D
330
1B
100
AcDbEntity
  8
B.Cu
  6
CONTINUOUS
100
AcDbLine
 10
2.8654446456692915
 20
-2.1567829527559055
 30
0
 11
2.8671135826771654
 21
-2.1527538582677166
 31
0
  0
LINE
  5
85E
330
1B
100
AcDbEntity
  8
B.Cu
  6
CONTINUOUS
100
AcDbLine
 10
2.8671135826771654
 20
-2.1527538582677166
 30
0
 11
2.8676598031496061
 21
-2.151435118110236
 31
0
  0
LINE
  5
85F
330
1B
100
AcDbEntity
  8
B.Cu
  6
CONTINUOUS
100
AcDbLine
 10
2.8676598031496061
 20
-2.151435118110236
 30
0
 11
2.8708756692913386
 21
-2.146622244094488
 31
0
  0
LINE
  5
860
330
1B
100
AcDbEntity
  8
B.Cu
  6
CONTINUOUS
100
AcDbLine
 10
2.8708756692913386
 20
-2.146622244094488
 30
0
 11
2.8728216535433071
 21
-2.1444751968503937
 31
0
  0
LINE
  5
861
330
1B
100
AcDbEntity
  8
B.Cu
  6
CONTINUOUS
100
AcDbLine
 10
2.8728216535433071
 20
-2.1444751968503937
 30
0
 11
3.0216535433070866
 21
-1.9956433070866142
 31
0
  0
LINE
  5
862
330
1B
100
AcDbEntity
  8
B.Cu
  6
CONTINUOUS
100
AcDbLine
 10
3.0216535433070866
 20
-1.9956433070866142
 30
0
 11
3.0216535433070866
 21
-1.9832677165354331
 31
0
  0
LINE
  5
863
330
1B
100
AcDbEntity
  8
B.Cu
  6
CONTINUOUS
100
AcDbLine
 10
3.0216535433070866
 20
-1.9832677165354331
 30
0
 11
3.0222673228346455
 21
-1.9790550787401575
 31
0
  0
LINE
  5
864
330
1B
100
AcDbEntity
  8
B.Cu
  6
CONTINUOUS
100
AcDbLine
 10
3.0222673228346455
 20
-1.9790550787401575
 30
0
 11
3.0244018503937009
 21
-1.9746888188976377
 31
0
  0
LINE
  5
865
330
1B
100
AcDbEntity
  8
B.Cu
  6
CONTINUOUS
100
AcDbLine
 10
3.0244018503937009
 20
-1.9746888188976377
 30
0
 11
3.0278384251968502
 21
-1.9712522440944882
 31
0
  0
LINE
  5
866
330
1B
100
AcDbEntity
  8
B.Cu
  6
CONTINUOUS
100
AcDbLine
 10
3.0278384251968502
 20
-1.9712522440944882
 30
0
 11
3.0322046850393698
 21
-1.969117716535433
 31
0
  0
LINE
  5
867
330
1B
100
AcDbEntity
  8
B.Cu
  6
CONTINUOUS
100
AcDbLine
 10
3.0322046850393698
 20
-1.969117716535433
 30
0
 11
3.0364173228346454
 21
-1.9685039370078741
 31
0
  0
LINE
  5
868
330
1B
100
AcDbEntity
  8
B.Cu
  6
CONTINUOUS
100
AcDbLine
 10
3.0364173228346454
 20
-1.9685039370078741
 30
0
 11
3.0659448818897639
 21
-1.9685039370078741
 31
0
  0
LINE
  5
869
330
1B
100
AcDbEntity
  8
B.Cu
  6
CONTINUOUS
100
AcDbLine
 10
3.0659448818897639
 20
-1.9685039370078741
 30
0
 11
3.0701575196850395
 21
-1.969117716535433
 31
0
  0
LINE
  5
86A
330
1B
100
AcDbEntity
  8
B.Cu
  6
CONTINUOUS
100
AcDbLine
 10
5.4788460236220473
 20
-3.0323491732283463
 30
0
 11
5.4846140551181097
 21
-3.033496496062992
 31
0
  0
LINE
  5
86B
330
1B
100
AcDbEntity
  8
B.Cu
  6
CONTINUOUS
100
AcDbLine
 10
5.4846140551181097
 20
-3.033496496062992
 30
0
 11
5.4900474015748033
 21
-3.0357470866141734
 31
0
  0
LINE
  5
86C
330
1B
100
AcDbEntity
  8
B.Cu
  6
CONTINUOUS
100
AcDbLine
 10
5.4900474015748033
 20
-3.0357470866141734
 30
0
 11
5.4949373228346454
 21
-3.0390144094488187
 31
0
  0
LINE
  5
86D
330
1B
100
AcDbEntity
  8
B.Cu
  6
CONTINUOUS
100
AcDbLine
 10
5.4949373228346454
 20
-3.0390144094488187
 30
0
 11
5.4990958267716534
 21
-3.0431729133858267
 31
0
  0
LINE
  5
86E
330
1B
100
AcDbEntity
  8
B.Cu
  6
CONTINUOUS
100
AcDbLine
 10
5.4990958267716534
 20
-3.0431729133858267
 30
0
 11
5.5023631496062988
 21
-3.0480628346456693
 31
0
  0
LINE
  5
86F
330
1B
100
AcDbEntity
  8
B.Cu
  6
CONTINUOUS
100
AcDbLine
 10
5.5023631496062988
 20
-3.0480628346456693
 30
0
 11
5.5046137401574802
 21
-3.053496181102362
 31
0
  0
LINE
  5
870
330
1B
100
AcDbEntity
  8
B.Cu
  6
CONTINUOUS
100
AcDbLine
 10
5.5046137401574802
 20
-3.053496181102362
 30
0
 11
5.5057610629921259
 21
-3.0592642125984253
 31
0
  0
LINE
  5
871
330
1B
100
AcDbEntity
  8
B.Cu
  6
CONTINUOUS
100
AcDbLine
 10
5.5057610629921259
 20
-3.0592642125984253
 30
0
 11
5.5057610629921259
 21
-3.0651452362204723
 31
0
  0
LINE
  5
872
330
1B
100
AcDbEntity
  8
B.Cu
  6
CONTINUOUS
100
AcDbLine
 10
5.5057610629921259
 20
-3.0651452362204723
 30
0
 11
5.5046137401574802
 21
-3.0709132677165352
 31
0
  0
LINE
  5
873
330
1B
100
AcDbEntity
  8
B.Cu
  6
CONTINUOUS
100
AcDbLine
 10
5.5046137401574802
 20
-3.0709132677165352
 30
0
 11
5.5023631496062988
 21
-3.0763466141732283
 31
0
  0
LINE
  5
874
330
1B
100
AcDbEntity
  8
B.Cu
  6
CONTINUOUS
100
AcDbLine
 10
5.5023631496062988
 20
-3.0763466141732283
 30
0
 11
5.4990958267716534
 21
-3.0812365354330709
 31
0
  0
LINE
  5
875
330
1B
100
AcDbEntity
  8
B.Cu
  6
CONTINUOUS
100
AcDbLine
 10
5.4990958267716534
 20
-3.0812365354330709
 30
0
 11
5.4949373228346454
 21
-3.0853950393700789
 31
0
  0
LINE
  5
876
330
1B
100
AcDbEntity
  8
B.Cu
  6
CONTINUOUS
100
AcDbLine
 10
5.4949373228346454
 20
-3.0853950393700789
 30
0
 11
5.4900474015748033
 21
-3.0886623622047242
 31
0
  0
LINE
  5
877
330
1B
100
AcDbEntity
  8
B.Cu
  6
CONTINUOUS
100
AcDbLine
 10
5.4900474015748033
 20
-3.0886623622047242
 30
0
 11
5.4846140551181097
 21
-3.0909129527559056
 31
0
  0
LINE
  5
878
330
1B
100
AcDbEntity
  8
B.Cu
  6
CONTINUOUS
100
AcDbLine
 10
5.4846140551181097
 20
-3.0909129527559056
 30
0
 11
5.4788460236220473
 21
-3.0920602755905513
 31
0
  0
LINE
  5
879
330
1B
100
AcDbEntity
  8
B.Cu
  6
CONTINUOUS
100
AcDbLine
 10
5.4788460236220473
 20
-3.0920602755905513
 30
0
 11
5.4759055118110238
 21
-3.0922047244094486
 31
0
  0
LINE
  5
87A
330
1B
100
AcDbEntity
  8
B.Cu
  6
CONTINUOUS
100
AcDbLine
 10
5.4759055118110238
 20
-3.0922047244094486
 30
0
 11
5.4611023622047243
 21
-3.0922047244094486
 31
0
  0
LINE
  5
87B
330
1B
100
AcDbEntity
  8
B.Cu
  6
CONTINUOUS
100
AcDbLine
 10
5.4611023622047243
 20
-3.0922047244094486
 30
0
 11
5.4581618503937008
 21
-3.0920602755905513
 31
0
  0
LINE
  5
87C
330
1B
100
AcDbEntity
  8
B.Cu
  6
CONTINUOUS
100
AcDbLine
 10
5.4581618503937008
 20
-3.0920602755905513
 30
0
 11
5.4523938188976375
 21
-3.0909129527559056
 31
0
  0
LINE
  5
87D
330
1B
100
AcDbEntity
  8
B.Cu
  6
CONTINUOUS
100
AcDbLine
 10
5.4523938188976375
 20
-3.0909129527559056
 30
0
 11
5.4469604724409448
 21
-3.0886623622047242
 31
0
  0
LINE
  5
87E
330
1B
100
AcDbEntity
  8
B.Cu
  6
CONTINUOUS
100
AcDbLine
 10
5.4469604724409448
 20
-3.0886623622047242
 30
0
 11
5.4420705511811018
 21
-3.0853950393700789
 31
0
  0
LINE
  5
87F
330
1B
100
AcDbEntity
  8
B.Cu
  6
CONTINUOUS
100
AcDbLine
 10
5.4420705511811018
 20
-3.0853950393700789
 30
0
 11
5.4379120472440947
 21
-3.0812365354330709
 31
0
  0
LINE
  5
880
330
1B
100
AcDbEntity
  8
B.Cu
  6
CONTINUOUS
100
AcDbLine
 10
5.4379120472440947
 20
-3.0812365354330709
 30
0
 11
5.4346447244094485
 21
-3.0763466141732283
 31
0
  0
LINE
  5
881
330
1B
100
AcDbEntity
  8
B.Cu
  6
CONTINUOUS
100
AcDbLine
 10
5.4346447244094485
 20
-3.0763466141732283
 30
0
 11
5.432394133858268
 21
-3.0709132677165352
 31
0
  0
LINE
  5
882
330
1B
100
AcDbEntity
  8
B.Cu
  6
CONTINUOUS
100
AcDbLine
 10
5.432394133858268
 20
-3.0709132677165352
 30
0
 11
5.4312468110236223
 21
-3.0651452362204723
 31
0
  0
LINE
  5
883
330
1B
100
AcDbEntity
  8
B.Cu
  6
CONTINUOUS
100
AcDbLine
 10
5.4312468110236223
 20
-3.0651452362204723
 30
0
 11
5.4312468110236223
 21
-3.0592642125984253
 31
0
  0
LINE
  5
884
330
1B
100
AcDbEntity
  8
B.Cu
  6
CONTINUOUS
100
AcDbLine
 10
5.4312468110236223
 20
-3.0592642125984253
 30
0
 11
5.432394133858268
 21
-3.053496181102362
 31
0
  0
LINE
  5
885
330
1B
100
AcDbEntity
  8
B.Cu
  6
CONTINUOUS
100
AcDbLine
 10
5.432394133858268
 20
-3.053496181102362
 30
0
 11
5.4346447244094485
 21
-3.0480628346456693
 31
0
  0
LINE
  5
886
330
1B
100
AcDbEntity
  8
B.Cu
  6
CONTINUOUS
100
AcDbLine
 10
5.4346447244094485
 20
-3.0480628346456693
 30
0
 11
5.4379120472440947
 21
-3.0431729133858267
 31
0
  0
LINE
  5
887
330
1B
100
AcDbEntity
  8
B.Cu
  6
CONTINUOUS
100
AcDbLine
 10
5.4379120472440947
 20
-3.0431729133858267
 30
0
 11
5.4420705511811018
 21
-3.0390144094488187
 31
0
  0
LINE
  5
888
330
1B
100
AcDbEntity
  8
B.Cu
  6
CONTINUOUS
100
AcDbLine
 10
5.4420705511811018
 20
-3.0390144094488187
 30
0
 11
5.4469604724409448
 21
-3.0357470866141734
 31
0
  0
LINE
  5
889
330
1B
100
AcDbEntity
  8
B.Cu
  6
CONTINUOUS
100
AcDbLine
 10
5.4469604724409448
 20
-3.0357470866141734
 30
0
 11
5.4523938188976375
 21
-3.033496496062992
 31
0
  0
LINE
  5
88A
330
1B
100
AcDbEntity
  8
B.Cu
  6
CONTINUOUS
100
AcDbLine
 10
5.4523938188976375
 20
-3.033496496062992
 30
0
 11
5.4581618503937008
 21
-3.0323491732283463
 31
0
  0
LINE
  5
88B
330
1B
100
AcDbEntity
  8
B.Cu
  6
CONTINUOUS
100
AcDbLine
 10
5.4581618503937008
 20
-3.0323491732283463
 30
0
 11
5.4611023622047243
 21
-3.0322047244094485
 31
0
  0
LINE
  5
88C
330
1B
100
AcDbEntity
  8
B.Cu
  6
CONTINUOUS
100
AcDbLine
 10
5.4611023622047243
 20
-3.0322047244094485
 30
0
 11
5.4759055118110238
 21
-3.0322047244094485
 31
0
  0
LINE
  5
88D
330
1B
100
AcDbEntity
  8
B.Cu
  6
CONTINUOUS
100
AcDbLine
 10
5.4759055118110238
 20
-3.0322047244094485
 30
0
 11
5.4788460236220473
 21
-3.0323491732283463
 31
0
  0
LINE
  5
88E
330
1B
100
AcDbEntity
  8
B.Cu
  6
CONTINUOUS
100
AcDbLine
 10
3.158177716535433
 20
-1.9697753937007874
 30
0
 11
3.1635255118110237
 21
-1.9719905118110235
 31
0
  0
LINE
  5
88F
330
1B
100
AcDbEntity
  8
B.Cu
  6
CONTINUOUS
100
AcDbLine
 10
3.1635255118110237
 20
-1.9719905118110235
 30
0
 11
3.1683383858267717
 21
-1.9752063779527558
 31
0
  0
LINE
  5
890
330
1B
100
AcDbEntity
  8
B.Cu
  6
CONTINUOUS
100
AcDbLine
 10
3.1683383858267717
 20
-1.9752063779527558
 30
0
 11
3.1724314173228345
 21
-1.9792994094488188
 31
0
  0
LINE
  5
891
330
1B
100
AcDbEntity
  8
B.Cu
  6
CONTINUOUS
100
AcDbLine
 10
3.1724314173228345
 20
-1.9792994094488188
 30
0
 11
3.175647283464567
 21
-1.9841122834645668
 31
0
  0
LINE
  5
892
330
1B
100
AcDbEntity
  8
B.Cu
  6
CONTINUOUS
100
AcDbLine
 10
3.175647283464567
 20
-1.9841122834645668
 30
0
 11
3.1778624015748029
 21
-1.9894600787401575
 31
0
  0
LINE
  5
893
330
1B
100
AcDbEntity
  8
B.Cu
  6
CONTINUOUS
100
AcDbLine
 10
3.1778624015748029
 20
-1.9894600787401575
 30
0
 11
3.1789916929133857
 21
-1.9951372834645669
 31
0
  0
LINE
  5
894
330
1B
100
AcDbEntity
  8
B.Cu
  6
CONTINUOUS
100
AcDbLine
 10
3.1789916929133857
 20
-1.9951372834645669
 30
0
 11
3.1791338582677167
 21
-1.9980314960629921
 31
0
  0
LINE
  5
895
330
1B
100
AcDbEntity
  8
B.Cu
  6
CONTINUOUS
100
AcDbLine
 10
3.1791338582677167
 20
-1.9980314960629921
 30
0
 11
3.1791338582677167
 21
-2.0078740157480315
 31
0
  0
LINE
  5
896
330
1B
100
AcDbEntity
  8
B.Cu
  6
CONTINUOUS
100
AcDbLine
 10
3.1791338582677167
 20
-2.0078740157480315
 30
0
 11
3.1791338582677167
 21
-2.0866141732283463
 31
0
  0
LINE
  5
897
330
1B
100
AcDbEntity
  8
B.Cu
  6
CONTINUOUS
100
AcDbLine
 10
3.1791338582677167
 20
-2.0866141732283463
 30
0
 11
3.1789916929133857
 21
-2.0895083858267718
 31
0
  0
LINE
  5
898
330
1B
100
AcDbEntity
  8
B.Cu
  6
CONTINUOUS
100
AcDbLine
 10
3.1789916929133857
 20
-2.0895083858267718
 30
0
 11
3.1778624409448817
 21
-2.0951855511811024
 31
0
  0
LINE
  5
899
330
1B
100
AcDbEntity
  8
B.Cu
  6
CONTINUOUS
100
AcDbLine
 10
3.1778624409448817
 20
-2.0951855511811024
 30
0
 11
3.1769751968503934
 21
-2.0973274803149606
 31
0
  0
LINE
  5
89A
330
1B
100
AcDbEntity
  8
B.Cu
  6
CONTINUOUS
100
AcDbLine
 10
3.1769751968503934
 20
-2.0973274803149606
 30
0
 11
3.175647283464567
 21
-2.1005333858267714
 31
0
  0
LINE
  5
89B
330
1B
100
AcDbEntity
  8
B.Cu
  6
CONTINUOUS
100
AcDbLine
 10
3.175647283464567
 20
-2.1005333858267714
 30
0
 11
3.1743403543307087
 21
-2.1024893307086612
 31
0
  0
LINE
  5
89C
330
1B
100
AcDbEntity
  8
B.Cu
  6
CONTINUOUS
100
AcDbLine
 10
3.1743403543307087
 20
-2.1024893307086612
 30
0
 11
3.1724314173228345
 21
-2.1053462598425194
 31
0
  0
LINE
  5
89D
330
1B
100
AcDbEntity
  8
B.Cu
  6
CONTINUOUS
100
AcDbLine
 10
3.1724314173228345
 20
-2.1053462598425194
 30
0
 11
3.1704854330708661
 21
-2.1074933070866142
 31
0
  0
LINE
  5
89E
330
1B
100
AcDbEntity
  8
B.Cu
  6
CONTINUOUS
100
AcDbLine
 10
3.1704854330708661
 20
-2.1074933070866142
 30
0
 11
2.9901574803149606
 21
-2.2878212598425196
 31
0
  0
LINE
  5
89F
330
1B
100
AcDbEntity
  8
B.Cu
  6
CONTINUOUS
100
AcDbLine
 10
2.9901574803149606
 20
-2.2878212598425196
 30
0
 11
2.9901574803149606
 21
-2.7436748031496063
 31
0
  0
LINE
  5
8A0
330
1B
100
AcDbEntity
  8
B.Cu
  6
CONTINUOUS
100
AcDbLine
 10
2.9901574803149606
 20
-2.7436748031496063
 30
0
 11
3.2287661417322835
 21
-2.9822834645669292
 31
0
  0
LINE
  5
8A1
330
1B
100
AcDbEntity
  8
B.Cu
  6
CONTINUOUS
100
AcDbLine
 10
3.2287661417322835
 20
-2.9822834645669292
 30
0
 11
3.4448818897637796
 21
-2.9822834645669292
 31
0
  0
LINE
  5
8A2
330
1B
100
AcDbEntity
  8
B.Cu
  6
CONTINUOUS
100
AcDbLine
 10
3.4448818897637796
 20
-2.9822834645669292
 30
0
 11
3.454724409448819
 21
-2.9822834645669292
 31
0
  0
LINE
  5
8A3
330
1B
100
AcDbEntity
  8
B.Cu
  6
CONTINUOUS
100
AcDbLine
 10
3.454724409448819
 20
-2.9822834645669292
 30
0
 11
3.457618622047244
 21
-2.9824256299212597
 31
0
  0
LINE
  5
8A4
330
1B
100
AcDbEntity
  8
B.Cu
  6
CONTINUOUS
100
AcDbLine
 10
3.457618622047244
 20
-2.9824256299212597
 30
0
 11
3.4632958267716534
 21
-2.9835549212598425
 31
0
  0
LINE
  5
8A5
330
1B
100
AcDbEntity
  8
B.Cu
  6
CONTINUOUS
100
AcDbLine
 10
3.4632958267716534
 20
-2.9835549212598425
 30
0
 11
3.4686436220472441
 21
-2.9857700393700788
 31
0
  0
LINE
  5
8A6
330
1B
100
AcDbEntity
  8
B.Cu
  6
CONTINUOUS
100
AcDbLine
 10
3.4686436220472441
 20
-2.9857700393700788
 30
0
 11
3.4734564960629921
 21
-2.9889859055118109
 31
0
  0
LINE
  5
8A7
330
1B
100
AcDbEntity
  8
B.Cu
  6
CONTINUOUS
100
AcDbLine
 10
3.4734564960629921
 20
-2.9889859055118109
 30
0
 11
3.4775495275590549
 21
-2.9930789370078741
 31
0
  0
LINE
  5
8A8
330
1B
100
AcDbEntity
  8
B.Cu
  6
CONTINUOUS
100
AcDbLine
 10
3.4775495275590549
 20
-2.9930789370078741
 30
0
 11
3.4807653937007874
 21
-2.9978918110236221
 31
0
  0
LINE
  5
8A9
330
1B
100
AcDbEntity
  8
B.Cu
  6
CONTINUOUS
100
AcDbLine
 10
3.4807653937007874
 20
-2.9978918110236221
 30
0
 11
3.4829805118110237
 21
-3.0032396062992124
 31
0
  0
LINE
  5
8AA
330
1B
100
AcDbEntity
  8
B.Cu
  6
CONTINUOUS
100
AcDbLine
 10
3.4829805118110237
 20
-3.0032396062992124
 30
0
 11
3.4841098031496061
 21
-3.0089168110236222
 31
0
  0
LINE
  5
8AB
330
1B
100
AcDbEntity
  8
B.Cu
  6
CONTINUOUS
100
AcDbLine
 10
3.4841098031496061
 20
-3.0089168110236222
 30
0
 11
3.4841098031496061
 21
-3.0147052362204723
 31
0
  0
LINE
  5
8AC
330
1B
100
AcDbEntity
  8
B.Cu
  6
CONTINUOUS
100
AcDbLine
 10
3.4841098031496061
 20
-3.0147052362204723
 30
0
 11
3.4829805118110237
 21
-3.0203824409448816
 31
0
  0
LINE
  5
8AD
330
1B
100
AcDbEntity
  8
B.Cu
  6
CONTINUOUS
100
AcDbLine
 10
3.4829805118110237
 20
-3.0203824409448816
 30
0
 11
3.4807653937007874
 21
-3.0257302362204723
 31
0
  0
LINE
  5
8AE
330
1B
100
AcDbEntity
  8
B.Cu
  6
CONTINUOUS
100
AcDbLine
 10
3.4807653937007874
 20
-3.0257302362204723
 30
0
 11
3.4775495275590549
 21
-3.0305431102362204
 31
0
  0
LINE
  5
8AF
330
1B
100
AcDbEntity
  8
B.Cu
  6
CONTINUOUS
100
AcDbLine
 10
3.4775495275590549
 20
-3.0305431102362204
 30
0
 11
3.4734564960629921
 21
-3.0346361417322836
 31
0
  0
LINE
  5
8B0
330
1B
100
AcDbEntity
  8
B.Cu
  6
CONTINUOUS
100
AcDbLine
 10
3.4734564960629921
 20
-3.0346361417322836
 30
0
 11
3.4686436220472441
 21
-3.0378520078740157
 31
0
  0
LINE
  5
8B1
330
1B
100
AcDbEntity
  8
B.Cu
  6
CONTINUOUS
100
AcDbLine
 10
3.4686436220472441
 20
-3.0378520078740157
 30
0
 11
3.4632958267716534
 21
-3.040067125984252
 31
0
  0
LINE
  5
8B2
330
1B
100
AcDbEntity
  8
B.Cu
  6
CONTINUOUS
100
AcDbLine
 10
3.4632958267716534
 20
-3.040067125984252
 30
0
 11
3.457618622047244
 21
-3.0411964173228347
 31
0
  0
LINE
  5
8B3
330
1B
100
AcDbEntity
  8
B.Cu
  6
CONTINUOUS
100
AcDbLine
 10
3.457618622047244
 20
-3.0411964173228347
 30
0
 11
3.454724409448819
 21
-3.0413385826771653
 31
0
  0
LINE
  5
8B4
330
1B
100
AcDbEntity
  8
B.Cu
  6
CONTINUOUS
100
AcDbLine
 10
3.454724409448819
 20
-3.0413385826771653
 30
0
 11
3.4350393700787403
 21
-3.0413385826771653
 31
0
  0
LINE
  5
8B5
330
1B
100
AcDbEntity
  8
B.Cu
  6
CONTINUOUS
100
AcDbLine
 10
3.4350393700787403
 20
-3.0413385826771653
 30
0
 11
3.2165354330708662
 21
-3.0413385826771653
 31
0
  0
LINE
  5
8B6
330
1B
100
AcDbEntity
  8
B.Cu
  6
CONTINUOUS
100
AcDbLine
 10
3.2165354330708662
 20
-3.0413385826771653
 30
0
 11
3.2136412204724407
 21
-3.0411964173228347
 31
0
  0
LINE
  5
8B7
330
1B
100
AcDbEntity
  8
B.Cu
  6
CONTINUOUS
100
AcDbLine
 10
3.2136412204724407
 20
-3.0411964173228347
 30
0
 11
3.2079640157480314
 21
-3.040067125984252
 31
0
  0
LINE
  5
8B8
330
1B
100
AcDbEntity
  8
B.Cu
  6
CONTINUOUS
100
AcDbLine
 10
3.2079640157480314
 20
-3.040067125984252
 30
0
 11
3.2026162204724407
 21
-3.0378520078740157
 31
0
  0
LINE
  5
8B9
330
1B
100
AcDbEntity
  8
B.Cu
  6
CONTINUOUS
100
AcDbLine
 10
3.2026162204724407
 20
-3.0378520078740157
 30
0
 11
3.1978033464566926
 21
-3.0346361417322836
 31
0
  0
LINE
  5
8BA
330
1B
100
AcDbEntity
  8
B.Cu
  6
CONTINUOUS
100
AcDbLine
 10
3.1978033464566926
 20
-3.0346361417322836
 30
0
 11
3.1956562992125983
 21
-3.0326901574803147
 31
0
  0
LINE
  5
8BB
330
1B
100
AcDbEntity
  8
B.Cu
  6
CONTINUOUS
100
AcDbLine
 10
3.1956562992125983
 20
-3.0326901574803147
 30
0
 11
2.9397507874015747
 21
-2.7767846456692911
 31
0
  0
LINE
  5
8BC
330
1B
100
AcDbEntity
  8
B.Cu
  6
CONTINUOUS
100
AcDbLine
 10
2.9397507874015747
 20
-2.7767846456692911
 30
0
 11
2.9378048031496062
 21
-2.7746375984251967
 31
0
  0
LINE
  5
8BD
330
1B
100
AcDbEntity
  8
B.Cu
  6
CONTINUOUS
100
AcDbLine
 10
2.9378048031496062
 20
-2.7746375984251967
 30
0
 11
2.9376436614173227
 21
-2.7743964566929131
 31
0
  0
LINE
  5
8BE
330
1B
100
AcDbEntity
  8
B.Cu
  6
CONTINUOUS
100
AcDbLine
 10
2.9376436614173227
 20
-2.7743964566929131
 30
0
 11
2.9345889370078742
 21
-2.7698247244094487
 31
0
  0
LINE
  5
8BF
330
1B
100
AcDbEntity
  8
B.Cu
  6
CONTINUOUS
100
AcDbLine
 10
2.9345889370078742
 20
-2.7698247244094487
 30
0
 11
2.9326314566929135
 21
-2.765098937007874
 31
0
  0
LINE
  5
8C0
330
1B
100
AcDbEntity
  8
B.Cu
  6
CONTINUOUS
100
AcDbLine
 10
2.9326314566929135
 20
-2.765098937007874
 30
0
 11
2.9323737795275591
 21
-2.7644768897637793
 31
0
  0
LINE
  5
8C1
330
1B
100
AcDbEntity
  8
B.Cu
  6
CONTINUOUS
100
AcDbLine
 10
2.9323737795275591
 20
-2.7644768897637793
 30
0
 11
2.9312445275590551
 21
-2.7587997244094487
 31
0
  0
LINE
  5
8C2
330
1B
100
AcDbEntity
  8
B.Cu
  6
CONTINUOUS
100
AcDbLine
 10
2.9312445275590551
 20
-2.7587997244094487
 30
0
 11
2.9311023622047245
 21
-2.7559055118110236
 31
0
  0
LINE
  5
8C3
330
1B
100
AcDbEntity
  8
B.Cu
  6
CONTINUOUS
100
AcDbLine
 10
2.9311023622047245
 20
-2.7559055118110236
 30
0
 11
2.9311023622047245
 21
-2.2755905511811023
 31
0
  0
LINE
  5
8C4
330
1B
100
AcDbEntity
  8
B.Cu
  6
CONTINUOUS
100
AcDbLine
 10
2.9311023622047245
 20
-2.2755905511811023
 30
0
 11
2.9312445275590551
 21
-2.2726963385826773
 31
0
  0
LINE
  5
8C5
330
1B
100
AcDbEntity
  8
B.Cu
  6
CONTINUOUS
100
AcDbLine
 10
2.9312445275590551
 20
-2.2726963385826773
 30
0
 11
2.9318712992125984
 21
-2.2695453543307087
 31
0
  0
LINE
  5
8C6
330
1B
100
AcDbEntity
  8
B.Cu
  6
CONTINUOUS
100
AcDbLine
 10
2.9318712992125984
 20
-2.2695453543307087
 30
0
 11
2.9323737795275591
 21
-2.2670191732283462
 31
0
  0
LINE
  5
8C7
330
1B
100
AcDbEntity
  8
B.Cu
  6
CONTINUOUS
100
AcDbLine
 10
2.9323737795275591
 20
-2.2670191732283462
 30
0
 11
2.9345889370078742
 21
-2.261671377952756
 31
0
  0
LINE
  5
8C8
330
1B
100
AcDbEntity
  8
B.Cu
  6
CONTINUOUS
100
AcDbLine
 10
2.9345889370078742
 20
-2.261671377952756
 30
0
 11
2.9345889370078742
 21
-2.2616713385826772
 31
0
  0
LINE
  5
8C9
330
1B
100
AcDbEntity
  8
B.Cu
  6
CONTINUOUS
100
AcDbLine
 10
2.9345889370078742
 20
-2.2616713385826772
 30
0
 11
2.9378048031496062
 21
-2.2568584645669292
 31
0
  0
LINE
  5
8CA
330
1B
100
AcDbEntity
  8
B.Cu
  6
CONTINUOUS
100
AcDbLine
 10
2.9378048031496062
 20
-2.2568584645669292
 30
0
 11
2.9397507874015747
 21
-2.2547114173228344
 31
0
  0
LINE
  5
8CB
330
1B
100
AcDbEntity
  8
B.Cu
  6
CONTINUOUS
100
AcDbLine
 10
2.9397507874015747
 20
-2.2547114173228344
 30
0
 11
3.1200787401574801
 21
-2.074383464566929
 31
0
  0
LINE
  5
8CC
330
1B
100
AcDbEntity
  8
B.Cu
  6
CONTINUOUS
100
AcDbLine
 10
3.1200787401574801
 20
-2.074383464566929
 30
0
 11
3.1200787401574801
 21
-2.0078740157480315
 31
0
  0
LINE
  5
8CD
330
1B
100
AcDbEntity
  8
B.Cu
  6
CONTINUOUS
100
AcDbLine
 10
3.1200787401574801
 20
-2.0078740157480315
 30
0
 11
3.1200787401574801
 21
-1.9980314960629921
 31
0
  0
LINE
  5
8CE
330
1B
100
AcDbEntity
  8
B.Cu
  6
CONTINUOUS
100
AcDbLine
 10
3.1200787401574801
 20
-1.9980314960629921
 30
0
 11
3.1202209055118111
 21
-1.9951372834645669
 31
0
  0
LINE
  5
8CF
330
1B
100
AcDbEntity
  8
B.Cu
  6
CONTINUOUS
100
AcDbLine
 10
3.1202209055118111
 20
-1.9951372834645669
 30
0
 11
3.1213501968503938
 21
-1.9894600787401575
 31
0
  0
LINE
  5
8D0
330
1B
100
AcDbEntity
  8
B.Cu
  6
CONTINUOUS
100
AcDbLine
 10
3.1213501968503938
 20
-1.9894600787401575
 30
0
 11
3.1235653149606297
 21
-1.9841122834645668
 31
0
  0
LINE
  5
8D1
330
1B
100
AcDbEntity
  8
B.Cu
  6
CONTINUOUS
100
AcDbLine
 10
3.1235653149606297
 20
-1.9841122834645668
 30
0
 11
3.1267811811023623
 21
-1.9792994094488188
 31
0
  0
LINE
  5
8D2
330
1B
100
AcDbEntity
  8
B.Cu
  6
CONTINUOUS
100
AcDbLine
 10
3.1267811811023623
 20
-1.9792994094488188
 30
0
 11
3.130874212598425
 21
-1.9752063779527558
 31
0
  0
LINE
  5
8D3
330
1B
100
AcDbEntity
  8
B.Cu
  6
CONTINUOUS
100
AcDbLine
 10
3.130874212598425
 20
-1.9752063779527558
 30
0
 11
3.1356870866141731
 21
-1.9719905118110235
 31
0
  0
LINE
  5
8D4
330
1B
100
AcDbEntity
  8
B.Cu
  6
CONTINUOUS
100
AcDbLine
 10
3.1356870866141731
 20
-1.9719905118110235
 30
0
 11
3.1410348818897638
 21
-1.9697753937007874
 31
0
  0
LINE
  5
8D5
330
1B
100
AcDbEntity
  8
B.Cu
  6
CONTINUOUS
100
AcDbLine
 10
3.1410348818897638
 20
-1.9697753937007874
 30
0
 11
3.1467120866141731
 21
-1.9686461023622046
 31
0
  0
LINE
  5
8D6
330
1B
100
AcDbEntity
  8
B.Cu
  6
CONTINUOUS
100
AcDbLine
 10
3.1467120866141731
 20
-1.9686461023622046
 30
0
 11
3.1525005118110236
 21
-1.9686461023622046
 31
0
  0
LINE
  5
8D7
330
1B
100
AcDbEntity
  8
B.Cu
  6
CONTINUOUS
100
AcDbLine
 10
3.1525005118110236
 20
-1.9686461023622046
 30
0
 11
3.158177716535433
 21
-1.9697753937007874
 31
0
  0
LINE
  5
8D8
330
1B
100
AcDbEntity
  8
B.Cu
  6
CONTINUOUS
100
AcDbLine
 10
4.4788460236220473
 20
-2.8323491732283466
 30
0
 11
4.4846140551181097
 21
-2.8334964960629923
 31
0
  0
LINE
  5
8D9
330
1B
100
AcDbEntity
  8
B.Cu
  6
CONTINUOUS
100
AcDbLine
 10
4.4846140551181097
 20
-2.8334964960629923
 30
0
 11
4.4900474015748033
 21
-2.8357470866141732
 31
0
  0
LINE
  5
8DA
330
1B
100
AcDbEntity
  8
B.Cu
  6
CONTINUOUS
100
AcDbLine
 10
4.4900474015748033
 20
-2.8357470866141732
 30
0
 11
4.4949373228346454
 21
-2.839014409448819
 31
0
  0
LINE
  5
8DB
330
1B
100
AcDbEntity
  8
B.Cu
  6
CONTINUOUS
100
AcDbLine
 10
4.4949373228346454
 20
-2.839014409448819
 30
0
 11
4.4990958267716534
 21
-2.8431729133858266
 31
0
  0
LINE
  5
8DC
330
1B
100
AcDbEntity
  8
B.Cu
  6
CONTINUOUS
100
AcDbLine
 10
4.4990958267716534
 20
-2.8431729133858266
 30
0
 11
4.5023631496062988
 21
-2.8480628346456691
 31
0
  0
LINE
  5
8DD
330
1B
100
AcDbEntity
  8
B.Cu
  6
CONTINUOUS
100
AcDbLine
 10
4.5023631496062988
 20
-2.8480628346456691
 30
0
 11
4.5046137401574802
 21
-2.8534961811023623
 31
0
  0
LINE
  5
8DE
330
1B
100
AcDbEntity
  8
B.Cu
  6
CONTINUOUS
100
AcDbLine
 10
4.5046137401574802
 20
-2.8534961811023623
 30
0
 11
4.5057610629921259
 21
-2.8592642125984251
 31
0
  0
LINE
  5
8DF
330
1B
100
AcDbEntity
  8
B.Cu
  6
CONTINUOUS
100
AcDbLine
 10
4.5057610629921259
 20
-2.8592642125984251
 30
0
 11
4.5057610629921259
 21
-2.8651452362204726
 31
0
  0
LINE
  5
8E0
330
1B
100
AcDbEntity
  8
B.Cu
  6
CONTINUOUS
100
AcDbLine
 10
4.5057610629921259
 20
-2.8651452362204726
 30
0
 11
4.5046137401574802
 21
-2.8709132677165354
 31
0
  0
LINE
  5
8E1
330
1B
100
AcDbEntity
  8
B.Cu
  6
CONTINUOUS
100
AcDbLine
 10
4.5046137401574802
 20
-2.8709132677165354
 30
0
 11
4.5023631496062988
 21
-2.8763466141732281
 31
0
  0
LINE
  5
8E2
330
1B
100
AcDbEntity
  8
B.Cu
  6
CONTINUOUS
100
AcDbLine
 10
4.5023631496062988
 20
-2.8763466141732281
 30
0
 11
4.4990958267716534
 21
-2.8812365354330707
 31
0
  0
LINE
  5
8E3
330
1B
100
AcDbEntity
  8
B.Cu
  6
CONTINUOUS
100
AcDbLine
 10
4.4990958267716534
 20
-2.8812365354330707
 30
0
 11
4.4949373228346454
 21
-2.8853950393700787
 31
0
  0
LINE
  5
8E4
330
1B
100
AcDbEntity
  8
B.Cu
  6
CONTINUOUS
100
AcDbLine
 10
4.4949373228346454
 20
-2.8853950393700787
 30
0
 11
4.4900474015748033
 21
-2.8886623622047245
 31
0
  0
LINE
  5
8E5
330
1B
100
AcDbEntity
  8
B.Cu
  6
CONTINUOUS
100
AcDbLine
 10
4.4900474015748033
 20
-2.8886623622047245
 30
0
 11
4.4846140551181097
 21
-2.8909129527559054
 31
0
  0
LINE
  5
8E6
330
1B
100
AcDbEntity
  8
B.Cu
  6
CONTINUOUS
100
AcDbLine
 10
4.4846140551181097
 20
-2.8909129527559054
 30
0
 11
4.4788460236220473
 21
-2.8920602755905511
 31
0
  0
LINE
  5
8E7
330
1B
100
AcDbEntity
  8
B.Cu
  6
CONTINUOUS
100
AcDbLine
 10
4.4788460236220473
 20
-2.8920602755905511
 30
0
 11
4.4759055118110238
 21
-2.8922047244094489
 31
0
  0
LINE
  5
8E8
330
1B
100
AcDbEntity
  8
B.Cu
  6
CONTINUOUS
100
AcDbLine
 10
4.4759055118110238
 20
-2.8922047244094489
 30
0
 11
4.4611023622047243
 21
-2.8922047244094489
 31
0
  0
LINE
  5
8E9
330
1B
100
AcDbEntity
  8
B.Cu
  6
CONTINUOUS
100
AcDbLine
 10
4.4611023622047243
 20
-2.8922047244094489
 30
0
 11
4.4581618503937008
 21
-2.8920602755905511
 31
0
  0
LINE
  5
8EA
330
1B
100
AcDbEntity
  8
B.Cu
  6
CONTINUOUS
100
AcDbLine
 10
4.4581618503937008
 20
-2.8920602755905511
 30
0
 11
4.4565129133858266
 21
-2.8917322834645667
 31
0
  0
LINE
  5
8EB
330
1B
100
AcDbEntity
  8
B.Cu
  6
CONTINUOUS
100
AcDbLine
 10
4.4565129133858266
 20
-2.8917322834645667
 30
0
 11
4.2760102362204719
 21
-2.8917322834645667
 31
0
  0
LINE
  5
8EC
330
1B
100
AcDbEntity
  8
B.Cu
  6
CONTINUOUS
100
AcDbLine
 10
4.2760102362204719
 20
-2.8917322834645667
 30
0
 11
4.1350523622047239
 21
-3.0326901574803147
 31
0
  0
LINE
  5
8ED
330
1B
100
AcDbEntity
  8
B.Cu
  6
CONTINUOUS
100
AcDbLine
 10
4.1350523622047239
 20
-3.0326901574803147
 30
0
 11
4.1329053149606301
 21
-3.0346361417322836
 31
0
  0
LINE
  5
8EE
330
1B
100
AcDbEntity
  8
B.Cu
  6
CONTINUOUS
100
AcDbLine
 10
4.1329053149606301
 20
-3.0346361417322836
 30
0
 11
4.128092440944882
 21
-3.0378520078740157
 31
0
  0
LINE
  5
8EF
330
1B
100
AcDbEntity
  8
B.Cu
  6
CONTINUOUS
100
AcDbLine
 10
4.128092440944882
 20
-3.0378520078740157
 30
0
 11
4.1258772834645665
 21
-3.0387695275590549
 31
0
  0
LINE
  5
8F0
330
1B
100
AcDbEntity
  8
B.Cu
  6
CONTINUOUS
100
AcDbLine
 10
4.1258772834645665
 20
-3.0387695275590549
 30
0
 11
4.1227446062992126
 21
-3.0400671653543307
 31
0
  0
LINE
  5
8F1
330
1B
100
AcDbEntity
  8
B.Cu
  6
CONTINUOUS
100
AcDbLine
 10
4.1227446062992126
 20
-3.0400671653543307
 30
0
 11
4.117067440944882
 21
-3.0411964173228347
 31
0
  0
LINE
  5
8F2
330
1B
100
AcDbEntity
  8
B.Cu
  6
CONTINUOUS
100
AcDbLine
 10
4.117067440944882
 20
-3.0411964173228347
 30
0
 11
4.1141732283464565
 21
-3.0413385826771653
 31
0
  0
LINE
  5
8F3
330
1B
100
AcDbEntity
  8
B.Cu
  6
CONTINUOUS
100
AcDbLine
 10
4.1141732283464565
 20
-3.0413385826771653
 30
0
 11
4.0354330708661417
 21
-3.0413385826771653
 31
0
  0
LINE
  5
8F4
330
1B
100
AcDbEntity
  8
B.Cu
  6
CONTINUOUS
100
AcDbLine
 10
4.0354330708661417
 20
-3.0413385826771653
 30
0
 11
4.0255905511811019
 21
-3.0413385826771653
 31
0
  0
LINE
  5
8F5
330
1B
100
AcDbEntity
  8
B.Cu
  6
CONTINUOUS
100
AcDbLine
 10
4.0255905511811019
 20
-3.0413385826771653
 30
0
 11
3.9960629921259843
 21
-3.0413385826771653
 31
0
  0
LINE
  5
8F6
330
1B
100
AcDbEntity
  8
B.Cu
  6
CONTINUOUS
100
AcDbLine
 10
3.9960629921259843
 20
-3.0413385826771653
 30
0
 11
3.9931687795275588
 21
-3.0411964173228347
 31
0
  0
LINE
  5
8F7
330
1B
100
AcDbEntity
  8
B.Cu
  6
CONTINUOUS
100
AcDbLine
 10
3.9931687795275588
 20
-3.0411964173228347
 30
0
 11
3.9874915748031494
 21
-3.040067125984252
 31
0
  0
LINE
  5
8F8
330
1B
100
AcDbEntity
  8
B.Cu
  6
CONTINUOUS
100
AcDbLine
 10
3.9874915748031494
 20
-3.040067125984252
 30
0
 11
3.9821437795275592
 21
-3.0378520078740157
 31
0
  0
LINE
  5
8F9
330
1B
100
AcDbEntity
  8
B.Cu
  6
CONTINUOUS
100
AcDbLine
 10
3.9821437795275592
 20
-3.0378520078740157
 30
0
 11
3.9773309055118111
 21
-3.0346361417322836
 31
0
  0
LINE
  5
8FA
330
1B
100
AcDbEntity
  8
B.Cu
  6
CONTINUOUS
100
AcDbLine
 10
3.9773309055118111
 20
-3.0346361417322836
 30
0
 11
3.9732378740157479
 21
-3.0305431102362204
 31
0
  0
LINE
  5
8FB
330
1B
100
AcDbEntity
  8
B.Cu
  6
CONTINUOUS
100
AcDbLine
 10
3.9732378740157479
 20
-3.0305431102362204
 30
0
 11
3.9700220078740158
 21
-3.0257302362204723
 31
0
  0
LINE
  5
8FC
330
1B
100
AcDbEntity
  8
B.Cu
  6
CONTINUOUS
100
AcDbLine
 10
3.9700220078740158
 20
-3.0257302362204723
 30
0
 11
3.9678068897637795
 21
-3.0203824409448816
 31
0
  0
LINE
  5
8FD
330
1B
100
AcDbEntity
  8
B.Cu
  6
CONTINUOUS
100
AcDbLine
 10
3.9678068897637795
 20
-3.0203824409448816
 30
0
 11
3.9666775984251967
 21
-3.0147052362204723
 31
0
  0
LINE
  5
8FE
330
1B
100
AcDbEntity
  8
B.Cu
  6
CONTINUOUS
100
AcDbLine
 10
3.9666775984251967
 20
-3.0147052362204723
 30
0
 11
3.9666775984251967
 21
-3.0089168110236222
 31
0
  0
LINE
  5
8FF
330
1B
100
AcDbEntity
  8
B.Cu
  6
CONTINUOUS
100
AcDbLine
 10
3.9666775984251967
 20
-3.0089168110236222
 30
0
 11
3.9678068897637795
 21
-3.0032396062992124
 31
0
  0
LINE
  5
900
330
1B
100
AcDbEntity
  8
B.Cu
  6
CONTINUOUS
100
AcDbLine
 10
3.9678068897637795
 20
-3.0032396062992124
 30
0
 11
3.9700220078740158
 21
-2.9978918110236221
 31
0
  0
LINE
  5
901
330
1B
100
AcDbEntity
  8
B.Cu
  6
CONTINUOUS
100
AcDbLine
 10
3.9700220078740158
 20
-2.9978918110236221
 30
0
 11
3.9732378740157479
 21
-2.9930789370078741
 31
0
  0
LINE
  5
902
330
1B
100
AcDbEntity
  8
B.Cu
  6
CONTINUOUS
100
AcDbLine
 10
3.9732378740157479
 20
-2.9930789370078741
 30
0
 11
3.9773309055118111
 21
-2.9889859055118109
 31
0
  0
LINE
  5
903
330
1B
100
AcDbEntity
  8
B.Cu
  6
CONTINUOUS
100
AcDbLine
 10
3.9773309055118111
 20
-2.9889859055118109
 30
0
 11
3.9821437795275592
 21
-2.9857700393700788
 31
0
  0
LINE
  5
904
330
1B
100
AcDbEntity
  8
B.Cu
  6
CONTINUOUS
100
AcDbLine
 10
3.9821437795275592
 20
-2.9857700393700788
 30
0
 11
3.9874915748031494
 21
-2.9835549212598425
 31
0
  0
LINE
  5
905
330
1B
100
AcDbEntity
  8
B.Cu
  6
CONTINUOUS
100
AcDbLine
 10
3.9874915748031494
 20
-2.9835549212598425
 30
0
 11
3.9931687795275588
 21
-2.9824256299212597
 31
0
  0
LINE
  5
906
330
1B
100
AcDbEntity
  8
B.Cu
  6
CONTINUOUS
100
AcDbLine
 10
3.9931687795275588
 20
-2.9824256299212597
 30
0
 11
3.9960629921259843
 21
-2.9822834645669292
 31
0
  0
LINE
  5
907
330
1B
100
AcDbEntity
  8
B.Cu
  6
CONTINUOUS
100
AcDbLine
 10
3.9960629921259843
 20
-2.9822834645669292
 30
0
 11
4.0354330708661417
 21
-2.9822834645669292
 31
0
  0
LINE
  5
908
330
1B
100
AcDbEntity
  8
B.Cu
  6
CONTINUOUS
100
AcDbLine
 10
4.0354330708661417
 20
-2.9822834645669292
 30
0
 11
4.0452755905511806
 21
-2.9822834645669292
 31
0
  0
LINE
  5
909
330
1B
100
AcDbEntity
  8
B.Cu
  6
CONTINUOUS
100
AcDbLine
 10
4.0452755905511806
 20
-2.9822834645669292
 30
0
 11
4.1019425196850392
 21
-2.9822834645669292
 31
0
  0
LINE
  5
90A
330
1B
100
AcDbEntity
  8
B.Cu
  6
CONTINUOUS
100
AcDbLine
 10
4.1019425196850392
 20
-2.9822834645669292
 30
0
 11
4.2429003937007872
 21
-2.8413255905511812
 31
0
  0
LINE
  5
90B
330
1B
100
AcDbEntity
  8
B.Cu
  6
CONTINUOUS
100
AcDbLine
 10
4.2429003937007872
 20
-2.8413255905511812
 30
0
 11
4.245047440944882
 21
-2.839379566929134
 31
0
  0
LINE
  5
90C
330
1B
100
AcDbEntity
  8
B.Cu
  6
CONTINUOUS
100
AcDbLine
 10
4.245047440944882
 20
-2.839379566929134
 30
0
 11
4.2479325590551182
 21
-2.8374518110236218
 31
0
  0
LINE
  5
90D
330
1B
100
AcDbEntity
  8
B.Cu
  6
CONTINUOUS
100
AcDbLine
 10
4.2479325590551182
 20
-2.8374518110236218
 30
0
 11
4.24986031496063
 21
-2.8361637401574802
 31
0
  0
LINE
  5
90E
330
1B
100
AcDbEntity
  8
B.Cu
  6
CONTINUOUS
100
AcDbLine
 10
4.24986031496063
 20
-2.8361637401574802
 30
0
 11
4.2520754724409446
 21
-2.8352461811023622
 31
0
  0
LINE
  5
90F
330
1B
100
AcDbEntity
  8
B.Cu
  6
CONTINUOUS
100
AcDbLine
 10
4.2520754724409446
 20
-2.8352461811023622
 30
0
 11
4.2552081496062995
 21
-2.8339485826771651
 31
0
  0
LINE
  5
910
330
1B
100
AcDbEntity
  8
B.Cu
  6
CONTINUOUS
100
AcDbLine
 10
4.2552081496062995
 20
-2.8339485826771651
 30
0
 11
4.2608853149606301
 21
-2.8328193307086615
 31
0
  0
LINE
  5
911
330
1B
100
AcDbEntity
  8
B.Cu
  6
CONTINUOUS
100
AcDbLine
 10
4.2608853149606301
 20
-2.8328193307086615
 30
0
 11
4.2637795275590546
 21
-2.8326771653543306
 31
0
  0
LINE
  5
912
330
1B
100
AcDbEntity
  8
B.Cu
  6
CONTINUOUS
100
AcDbLine
 10
4.2637795275590546
 20
-2.8326771653543306
 30
0
 11
4.4565129133858266
 21
-2.8326771653543306
 31
0
  0
LINE
  5
913
330
1B
100
AcDbEntity
  8
B.Cu
  6
CONTINUOUS
100
AcDbLine
 10
4.4565129133858266
 20
-2.8326771653543306
 30
0
 11
4.4581618503937008
 21
-2.8323491732283466
 31
0
  0
LINE
  5
914
330
1B
100
AcDbEntity
  8
B.Cu
  6
CONTINUOUS
100
AcDbLine
 10
4.4581618503937008
 20
-2.8323491732283466
 30
0
 11
4.4611023622047243
 21
-2.8322047244094488
 31
0
  0
LINE
  5
915
330
1B
100
AcDbEntity
  8
B.Cu
  6
CONTINUOUS
100
AcDbLine
 10
4.4611023622047243
 20
-2.8322047244094488
 30
0
 11
4.4759055118110238
 21
-2.8322047244094488
 31
0
  0
LINE
  5
916
330
1B
100
AcDbEntity
  8
B.Cu
  6
CONTINUOUS
100
AcDbLine
 10
4.4759055118110238
 20
-2.8322047244094488
 30
0
 11
4.4788460236220473
 21
-2.8323491732283466
 31
0
  0
LINE
  5
917
330
1B
100
AcDbEntity
  8
B.Cu
  6
CONTINUOUS
100
AcDbLine
 10
4.5067183858267716
 20
-2.2654177559055118
 30
0
 11
4.5123955511811022
 21
-2.2665470078740158
 31
0
  0
LINE
  5
918
330
1B
100
AcDbEntity
  8
B.Cu
  6
CONTINUOUS
100
AcDbLine
 10
4.5123955511811022
 20
-2.2665470078740158
 30
0
 11
4.5155282283464562
 21
-2.2678446062992124
 31
0
  0
LINE
  5
919
330
1B
100
AcDbEntity
  8
B.Cu
  6
CONTINUOUS
100
AcDbLine
 10
4.5155282283464562
 20
-2.2678446062992124
 30
0
 11
4.5177433858267717
 21
-2.2687621653543308
 31
0
  0
LINE
  5
91A
330
1B
100
AcDbEntity
  8
B.Cu
  6
CONTINUOUS
100
AcDbLine
 10
4.5177433858267717
 20
-2.2687621653543308
 30
0
 11
4.5189155511811023
 21
-2.2695453937007875
 31
0
  0
LINE
  5
91B
330
1B
100
AcDbEntity
  8
B.Cu
  6
CONTINUOUS
100
AcDbLine
 10
4.5189155511811023
 20
-2.2695453937007875
 30
0
 11
4.5225562598425197
 21
-2.2719780314960629
 31
0
  0
LINE
  5
91C
330
1B
100
AcDbEntity
  8
B.Cu
  6
CONTINUOUS
100
AcDbLine
 10
4.5225562598425197
 20
-2.2719780314960629
 30
0
 11
4.5247033070866145
 21
-2.2739240157480314
 31
0
  0
LINE
  5
91D
330
1B
100
AcDbEntity
  8
B.Cu
  6
CONTINUOUS
100
AcDbLine
 10
4.5247033070866145
 20
-2.2739240157480314
 30
0
 11
4.5641862204724406
 21
-2.3134069291338584
 31
0
  0
LINE
  5
91E
330
1B
100
AcDbEntity
  8
B.Cu
  6
CONTINUOUS
100
AcDbLine
 10
4.5641862204724406
 20
-2.3134069291338584
 30
0
 11
4.5661322047244095
 21
-2.3155539763779527
 31
0
  0
LINE
  5
91F
330
1B
100
AcDbEntity
  8
B.Cu
  6
CONTINUOUS
100
AcDbLine
 10
4.5661322047244095
 20
-2.3155539763779527
 30
0
 11
4.569348070866142
 21
-2.3203668503937007
 31
0
  0
LINE
  5
920
330
1B
100
AcDbEntity
  8
B.Cu
  6
CONTINUOUS
100
AcDbLine
 10
4.569348070866142
 20
-2.3203668503937007
 30
0
 11
4.569348070866142
 21
-2.3203668897637795
 31
0
  0
LINE
  5
921
330
1B
100
AcDbEntity
  8
B.Cu
  6
CONTINUOUS
100
AcDbLine
 10
4.569348070866142
 20
-2.3203668897637795
 30
0
 11
4.5715632283464567
 21
-2.3257146850393702
 31
0
  0
LINE
  5
922
330
1B
100
AcDbEntity
  8
B.Cu
  6
CONTINUOUS
100
AcDbLine
 10
4.5715632283464567
 20
-2.3257146850393702
 30
0
 11
4.572346338582677
 21
-2.3296516535433072
 31
0
  0
LINE
  5
923
330
1B
100
AcDbEntity
  8
B.Cu
  6
CONTINUOUS
100
AcDbLine
 10
4.572346338582677
 20
-2.3296516535433072
 30
0
 11
4.5726924803149602
 21
-2.3313918503937008
 31
0
  0
LINE
  5
924
330
1B
100
AcDbEntity
  8
B.Cu
  6
CONTINUOUS
100
AcDbLine
 10
4.5726924803149602
 20
-2.3313918503937008
 30
0
 11
4.5728346456692917
 21
-2.3342860629921258
 31
0
  0
LINE
  5
925
330
1B
100
AcDbEntity
  8
B.Cu
  6
CONTINUOUS
100
AcDbLine
 10
4.5728346456692917
 20
-2.3342860629921258
 30
0
 11
4.5728346456692917
 21
-2.9362204724409446
 31
0
  0
LINE
  5
926
330
1B
100
AcDbEntity
  8
B.Cu
  6
CONTINUOUS
100
AcDbLine
 10
4.5728346456692917
 20
-2.9362204724409446
 30
0
 11
4.5726924803149602
 21
-2.9391146850393701
 31
0
  0
LINE
  5
927
330
1B
100
AcDbEntity
  8
B.Cu
  6
CONTINUOUS
100
AcDbLine
 10
4.5726924803149602
 20
-2.9391146850393701
 30
0
 11
4.5715632283464567
 21
-2.9447918503937007
 31
0
  0
LINE
  5
928
330
1B
100
AcDbEntity
  8
B.Cu
  6
CONTINUOUS
100
AcDbLine
 10
4.5715632283464567
 20
-2.9447918503937007
 30
0
 11
4.5706526771653539
 21
-2.9469900787401575
 31
0
  0
LINE
  5
929
330
1B
100
AcDbEntity
  8
B.Cu
  6
CONTINUOUS
100
AcDbLine
 10
4.5706526771653539
 20
-2.9469900787401575
 30
0
 11
4.569348070866142
 21
-2.9501396850393702
 31
0
  0
LINE
  5
92A
330
1B
100
AcDbEntity
  8
B.Cu
  6
CONTINUOUS
100
AcDbLine
 10
4.569348070866142
 20
-2.9501396850393702
 30
0
 11
4.568236692913386
 21
-2.9518029527559055
 31
0
  0
LINE
  5
92B
330
1B
100
AcDbEntity
  8
B.Cu
  6
CONTINUOUS
100
AcDbLine
 10
4.568236692913386
 20
-2.9518029527559055
 30
0
 11
4.5661322047244095
 21
-2.9549525590551182
 31
0
  0
LINE
  5
92C
330
1B
100
AcDbEntity
  8
B.Cu
  6
CONTINUOUS
100
AcDbLine
 10
4.5661322047244095
 20
-2.9549525590551182
 30
0
 11
4.5641862204724406
 21
-2.9570996062992125
 31
0
  0
LINE
  5
92D
330
1B
100
AcDbEntity
  8
B.Cu
  6
CONTINUOUS
100
AcDbLine
 10
4.5641862204724406
 20
-2.9570996062992125
 30
0
 11
4.5382019685039365
 21
-2.9830838582677166
 31
0
  0
LINE
  5
92E
330
1B
100
AcDbEntity
  8
B.Cu
  6
CONTINUOUS
100
AcDbLine
 10
4.5382019685039365
 20
-2.9830838582677166
 30
0
 11
4.5360549212598427
 21
-2.9850298425196851
 31
0
  0
LINE
  5
92F
330
1B
100
AcDbEntity
  8
B.Cu
  6
CONTINUOUS
100
AcDbLine
 10
4.5360549212598427
 20
-2.9850298425196851
 30
0
 11
4.5312420472440946
 21
-2.9882457086614171
 31
0
  0
LINE
  5
930
330
1B
100
AcDbEntity
  8
B.Cu
  6
CONTINUOUS
100
AcDbLine
 10
4.5312420472440946
 20
-2.9882457086614171
 30
0
 11
4.5302361417322832
 21
-2.9886623622047241
 31
0
  0
LINE
  5
931
330
1B
100
AcDbEntity
  8
B.Cu
  6
CONTINUOUS
100
AcDbLine
 10
4.5302361417322832
 20
-2.9886623622047241
 30
0
 11
4.5258942125984252
 21
-2.9904608661417322
 31
0
  0
LINE
  5
932
330
1B
100
AcDbEntity
  8
B.Cu
  6
CONTINUOUS
100
AcDbLine
 10
4.5258942125984252
 20
-2.9904608661417322
 30
0
 11
4.5202170472440946
 21
-2.9915901181102362
 31
0
  0
LINE
  5
933
330
1B
100
AcDbEntity
  8
B.Cu
  6
CONTINUOUS
100
AcDbLine
 10
4.5202170472440946
 20
-2.9915901181102362
 30
0
 11
4.5173228346456691
 21
-2.9917322834645668
 31
0
  0
LINE
  5
934
330
1B
100
AcDbEntity
  8
B.Cu
  6
CONTINUOUS
100
AcDbLine
 10
4.5173228346456691
 20
-2.9917322834645668
 30
0
 11
4.4804949606299216
 21
-2.9917322834645668
 31
0
  0
LINE
  5
935
330
1B
100
AcDbEntity
  8
B.Cu
  6
CONTINUOUS
100
AcDbLine
 10
4.4804949606299216
 20
-2.9917322834645668
 30
0
 11
4.4788460236220473
 21
-2.9920602755905512
 31
0
  0
LINE
  5
936
330
1B
100
AcDbEntity
  8
B.Cu
  6
CONTINUOUS
100
AcDbLine
 10
4.4788460236220473
 20
-2.9920602755905512
 30
0
 11
4.4759055118110238
 21
-2.992204724409449
 31
0
  0
LINE
  5
937
330
1B
100
AcDbEntity
  8
B.Cu
  6
CONTINUOUS
100
AcDbLine
 10
4.4759055118110238
 20
-2.992204724409449
 30
0
 11
4.4611023622047243
 21
-2.992204724409449
 31
0
  0
LINE
  5
938
330
1B
100
AcDbEntity
  8
B.Cu
  6
CONTINUOUS
100
AcDbLine
 10
4.4611023622047243
 20
-2.992204724409449
 30
0
 11
4.4581618503937008
 21
-2.9920602755905512
 31
0
  0
LINE
  5
939
330
1B
100
AcDbEntity
  8
B.Cu
  6
CONTINUOUS
100
AcDbLine
 10
4.4581618503937008
 20
-2.9920602755905512
 30
0
 11
4.4523938188976375
 21
-2.9909129527559055
 31
0
  0
LINE
  5
93A
330
1B
100
AcDbEntity
  8
B.Cu
  6
CONTINUOUS
100
AcDbLine
 10
4.4523938188976375
 20
-2.9909129527559055
 30
0
 11
4.4469604724409448
 21
-2.9886623622047241
 31
0
  0
LINE
  5
93B
330
1B
100
AcDbEntity
  8
B.Cu
  6
CONTINUOUS
100
AcDbLine
 10
4.4469604724409448
 20
-2.9886623622047241
 30
0
 11
4.4420705511811018
 21
-2.9853950393700788
 31
0
  0
LINE
  5
93C
330
1B
100
AcDbEntity
  8
B.Cu
  6
CONTINUOUS
100
AcDbLine
 10
4.4420705511811018
 20
-2.9853950393700788
 30
0
 11
4.4379120472440947
 21
-2.9812365354330708
 31
0
  0
LINE
  5
93D
330
1B
100
AcDbEntity
  8
B.Cu
  6
CONTINUOUS
100
AcDbLine
 10
4.4379120472440947
 20
-2.9812365354330708
 30
0
 11
4.4346447244094485
 21
-2.9763466141732282
 31
0
  0
LINE
  5
93E
330
1B
100
AcDbEntity
  8
B.Cu
  6
CONTINUOUS
100
AcDbLine
 10
4.4346447244094485
 20
-2.9763466141732282
 30
0
 11
4.432394133858268
 21
-2.9709132677165355
 31
0
  0
LINE
  5
93F
330
1B
100
AcDbEntity
  8
B.Cu
  6
CONTINUOUS
100
AcDbLine
 10
4.432394133858268
 20
-2.9709132677165355
 30
0
 11
4.4312468110236223
 21
-2.9651452362204722
 31
0
  0
LINE
  5
940
330
1B
100
AcDbEntity
  8
B.Cu
  6
CONTINUOUS
100
AcDbLine
 10
4.4312468110236223
 20
-2.9651452362204722
 30
0
 11
4.4312468110236223
 21
-2.9592642125984252
 31
0
  0
LINE
  5
941
330
1B
100
AcDbEntity
  8
B.Cu
  6
CONTINUOUS
100
AcDbLine
 10
4.4312468110236223
 20
-2.9592642125984252
 30
0
 11
4.432394133858268
 21
-2.9534961811023623
 31
0
  0
LINE
  5
942
330
1B
100
AcDbEntity
  8
B.Cu
  6
CONTINUOUS
100
AcDbLine
 10
4.432394133858268
 20
-2.9534961811023623
 30
0
 11
4.4346447244094485
 21
-2.9480628346456692
 31
0
  0
LINE
  5
943
330
1B
100
AcDbEntity
  8
B.Cu
  6
CONTINUOUS
100
AcDbLine
 10
4.4346447244094485
 20
-2.9480628346456692
 30
0
 11
4.4379120472440947
 21
-2.9431729133858267
 31
0
  0
LINE
  5
944
330
1B
100
AcDbEntity
  8
B.Cu
  6
CONTINUOUS
100
AcDbLine
 10
4.4379120472440947
 20
-2.9431729133858267
 30
0
 11
4.4420705511811018
 21
-2.9390144094488186
 31
0
  0
LINE
  5
945
330
1B
100
AcDbEntity
  8
B.Cu
  6
CONTINUOUS
100
AcDbLine
 10
4.4420705511811018
 20
-2.9390144094488186
 30
0
 11
4.4469604724409448
 21
-2.9357470866141733
 31
0
  0
LINE
  5
946
330
1B
100
AcDbEntity
  8
B.Cu
  6
CONTINUOUS
100
AcDbLine
 10
4.4469604724409448
 20
-2.9357470866141733
 30
0
 11
4.4523938188976375
 21
-2.9334964960629919
 31
0
  0
LINE
  5
947
330
1B
100
AcDbEntity
  8
B.Cu
  6
CONTINUOUS
100
AcDbLine
 10
4.4523938188976375
 20
-2.9334964960629919
 30
0
 11
4.4581618503937008
 21
-2.9323491732283462
 31
0
  0
LINE
  5
948
330
1B
100
AcDbEntity
  8
B.Cu
  6
CONTINUOUS
100
AcDbLine
 10
4.4581618503937008
 20
-2.9323491732283462
 30
0
 11
4.4611023622047243
 21
-2.9322047244094489
 31
0
  0
LINE
  5
949
330
1B
100
AcDbEntity
  8
B.Cu
  6
CONTINUOUS
100
AcDbLine
 10
4.4611023622047243
 20
-2.9322047244094489
 30
0
 11
4.4759055118110238
 21
-2.9322047244094489
 31
0
  0
LINE
  5
94A
330
1B
100
AcDbEntity
  8
B.Cu
  6
CONTINUOUS
100
AcDbLine
 10
4.4759055118110238
 20
-2.9322047244094489
 30
0
 11
4.4788460236220473
 21
-2.9323491732283462
 31
0
  0
LINE
  5
94B
330
1B
100
AcDbEntity
  8
B.Cu
  6
CONTINUOUS
100
AcDbLine
 10
4.4788460236220473
 20
-2.9323491732283462
 30
0
 11
4.4804949606299216
 21
-2.9326771653543307
 31
0
  0
LINE
  5
94C
330
1B
100
AcDbEntity
  8
B.Cu
  6
CONTINUOUS
100
AcDbLine
 10
4.4804949606299216
 20
-2.9326771653543307
 30
0
 11
4.5050921259842518
 21
-2.9326771653543307
 31
0
  0
LINE
  5
94D
330
1B
100
AcDbEntity
  8
B.Cu
  6
CONTINUOUS
100
AcDbLine
 10
4.5050921259842518
 20
-2.9326771653543307
 30
0
 11
4.5137795275590546
 21
-2.9239897637795274
 31
0
  0
LINE
  5
94E
330
1B
100
AcDbEntity
  8
B.Cu
  6
CONTINUOUS
100
AcDbLine
 10
4.5137795275590546
 20
-2.9239897637795274
 30
0
 11
4.5137795275590546
 21
-2.3465167716535431
 31
0
  0
LINE
  5
94F
330
1B
100
AcDbEntity
  8
B.Cu
  6
CONTINUOUS
100
AcDbLine
 10
4.5137795275590546
 20
-2.3465167716535431
 30
0
 11
4.4915934645669289
 21
-2.3243307086614173
 31
0
  0
LINE
  5
950
330
1B
100
AcDbEntity
  8
B.Cu
  6
CONTINUOUS
100
AcDbLine
 10
4.4915934645669289
 20
-2.3243307086614173
 30
0
 11
4.4454144094488184
 21
-2.3243307086614173
 31
0
  0
LINE
  5
951
330
1B
100
AcDbEntity
  8
B.Cu
  6
CONTINUOUS
100
AcDbLine
 10
4.4454144094488184
 20
-2.3243307086614173
 30
0
 11
4.4192913385826769
 21
-2.3504537795275589
 31
0
  0
LINE
  5
952
330
1B
100
AcDbEntity
  8
B.Cu
  6
CONTINUOUS
100
AcDbLine
 10
4.4192913385826769
 20
-2.3504537795275589
 30
0
 11
4.4192913385826769
 21
-2.795275590551181
 31
0
  0
LINE
  5
953
330
1B
100
AcDbEntity
  8
B.Cu
  6
CONTINUOUS
100
AcDbLine
 10
4.4192913385826769
 20
-2.795275590551181
 30
0
 11
4.4191491732283463
 21
-2.7981698031496061
 31
0
  0
LINE
  5
954
330
1B
100
AcDbEntity
  8
B.Cu
  6
CONTINUOUS
100
AcDbLine
 10
4.4191491732283463
 20
-2.7981698031496061
 30
0
 11
4.4180199212598428
 21
-2.8038469685039371
 31
0
  0
LINE
  5
955
330
1B
100
AcDbEntity
  8
B.Cu
  6
CONTINUOUS
100
AcDbLine
 10
4.4180199212598428
 20
-2.8038469685039371
 30
0
 11
4.4174933858267718
 21
-2.8051181102362204
 31
0
  0
LINE
  5
956
330
1B
100
AcDbEntity
  8
B.Cu
  6
CONTINUOUS
100
AcDbLine
 10
4.4174933858267718
 20
-2.8051181102362204
 30
0
 11
4.4158047637795272
 21
-2.8091948031496061
 31
0
  0
LINE
  5
957
330
1B
100
AcDbEntity
  8
B.Cu
  6
CONTINUOUS
100
AcDbLine
 10
4.4158047637795272
 20
-2.8091948031496061
 30
0
 11
4.4125888976377956
 21
-2.8140076771653542
 31
0
  0
LINE
  5
958
330
1B
100
AcDbEntity
  8
B.Cu
  6
CONTINUOUS
100
AcDbLine
 10
4.4125888976377956
 20
-2.8140076771653542
 30
0
 11
4.4084958661417319
 21
-2.8181007086614174
 31
0
  0
LINE
  5
959
330
1B
100
AcDbEntity
  8
B.Cu
  6
CONTINUOUS
100
AcDbLine
 10
4.4084958661417319
 20
-2.8181007086614174
 30
0
 11
4.4036829921259839
 21
-2.8213165748031495
 31
0
  0
LINE
  5
95A
330
1B
100
AcDbEntity
  8
B.Cu
  6
CONTINUOUS
100
AcDbLine
 10
4.4036829921259839
 20
-2.8213165748031495
 30
0
 11
4.4014678346456693
 21
-2.8222340944881887
 31
0
  0
LINE
  5
95B
330
1B
100
AcDbEntity
  8
B.Cu
  6
CONTINUOUS
100
AcDbLine
 10
4.4014678346456693
 20
-2.8222340944881887
 30
0
 11
4.3983351574803145
 21
-2.8235317322834645
 31
0
  0
LINE
  5
95C
330
1B
100
AcDbEntity
  8
B.Cu
  6
CONTINUOUS
100
AcDbLine
 10
4.3983351574803145
 20
-2.8235317322834645
 30
0
 11
4.3926579921259838
 21
-2.8246609842519685
 31
0
  0
LINE
  5
95D
330
1B
100
AcDbEntity
  8
B.Cu
  6
CONTINUOUS
100
AcDbLine
 10
4.3926579921259838
 20
-2.8246609842519685
 30
0
 11
4.3868695669291338
 21
-2.8246609842519685
 31
0
  0
LINE
  5
95E
330
1B
100
AcDbEntity
  8
B.Cu
  6
CONTINUOUS
100
AcDbLine
 10
4.3868695669291338
 20
-2.8246609842519685
 30
0
 11
4.3811924015748032
 21
-2.8235317322834645
 31
0
  0
LINE
  5
95F
330
1B
100
AcDbEntity
  8
B.Cu
  6
CONTINUOUS
100
AcDbLine
 10
4.3811924015748032
 20
-2.8235317322834645
 30
0
 11
4.3780597244094484
 21
-2.8222340944881887
 31
0
  0
LINE
  5
960
330
1B
100
AcDbEntity
  8
B.Cu
  6
CONTINUOUS
100
AcDbLine
 10
4.3780597244094484
 20
-2.8222340944881887
 30
0
 11
4.3758445669291337
 21
-2.8213165748031495
 31
0
  0
LINE
  5
961
330
1B
100
AcDbEntity
  8
B.Cu
  6
CONTINUOUS
100
AcDbLine
 10
4.3758445669291337
 20
-2.8213165748031495
 30
0
 11
4.3710316929133857
 21
-2.8181007086614174
 31
0
  0
LINE
  5
962
330
1B
100
AcDbEntity
  8
B.Cu
  6
CONTINUOUS
100
AcDbLine
 10
4.3710316929133857
 20
-2.8181007086614174
 30
0
 11
4.3688846456692909
 21
-2.8161547244094489
 31
0
  0
LINE
  5
963
330
1B
100
AcDbEntity
  8
B.Cu
  6
CONTINUOUS
100
AcDbLine
 10
4.3688846456692909
 20
-2.8161547244094489
 30
0
 11
4.3578480314960633
 21
-2.8051181102362204
 31
0
  0
LINE
  5
964
330
1B
100
AcDbEntity
  8
B.Cu
  6
CONTINUOUS
100
AcDbLine
 10
4.3578480314960633
 20
-2.8051181102362204
 30
0
 11
4.2641992125984247
 21
-2.8051181102362204
 31
0
  0
LINE
  5
965
330
1B
100
AcDbEntity
  8
B.Cu
  6
CONTINUOUS
100
AcDbLine
 10
4.2641992125984247
 20
-2.8051181102362204
 30
0
 11
4.1350523622047239
 21
-2.9342649606299211
 31
0
  0
LINE
  5
966
330
1B
100
AcDbEntity
  8
B.Cu
  6
CONTINUOUS
100
AcDbLine
 10
4.1350523622047239
 20
-2.9342649606299211
 30
0
 11
4.1329053149606301
 21
-2.9362109448818896
 31
0
  0
LINE
  5
967
330
1B
100
AcDbEntity
  8
B.Cu
  6
CONTINUOUS
100
AcDbLine
 10
4.1329053149606301
 20
-2.9362109448818896
 30
0
 11
4.128092440944882
 21
-2.9394268110236221
 31
0
  0
LINE
  5
968
330
1B
100
AcDbEntity
  8
B.Cu
  6
CONTINUOUS
100
AcDbLine
 10
4.128092440944882
 20
-2.9394268110236221
 30
0
 11
4.1258772834645665
 21
-2.9403443307086614
 31
0
  0
LINE
  5
969
330
1B
100
AcDbEntity
  8
B.Cu
  6
CONTINUOUS
100
AcDbLine
 10
4.1258772834645665
 20
-2.9403443307086614
 30
0
 11
4.1227446062992126
 21
-2.9416419685039368
 31
0
  0
LINE
  5
96A
330
1B
100
AcDbEntity
  8
B.Cu
  6
CONTINUOUS
100
AcDbLine
 10
4.1227446062992126
 20
-2.9416419685039368
 30
0
 11
4.117067440944882
 21
-2.9427712204724408
 31
0
  0
LINE
  5
96B
330
1B
100
AcDbEntity
  8
B.Cu
  6
CONTINUOUS
100
AcDbLine
 10
4.117067440944882
 20
-2.9427712204724408
 30
0
 11
4.1141732283464565
 21
-2.9429133858267718
 31
0
  0
LINE
  5
96C
330
1B
100
AcDbEntity
  8
B.Cu
  6
CONTINUOUS
100
AcDbLine
 10
4.1141732283464565
 20
-2.9429133858267718
 30
0
 11
4.0354330708661417
 21
-2.9429133858267718
 31
0
  0
LINE
  5
96D
330
1B
100
AcDbEntity
  8
B.Cu
  6
CONTINUOUS
100
AcDbLine
 10
4.0354330708661417
 20
-2.9429133858267718
 30
0
 11
4.0255905511811019
 21
-2.9429133858267718
 31
0
  0
LINE
  5
96E
330
1B
100
AcDbEntity
  8
B.Cu
  6
CONTINUOUS
100
AcDbLine
 10
4.0255905511811019
 20
-2.9429133858267718
 30
0
 11
4.0226963385826773
 21
-2.9427712204724408
 31
0
  0
LINE
  5
96F
330
1B
100
AcDbEntity
  8
B.Cu
  6
CONTINUOUS
100
AcDbLine
 10
4.0226963385826773
 20
-2.9427712204724408
 30
0
 11
4.0170191338582679
 21
-2.941641929133858
 31
0
  0
LINE
  5
970
330
1B
100
AcDbEntity
  8
B.Cu
  6
CONTINUOUS
100
AcDbLine
 10
4.0170191338582679
 20
-2.941641929133858
 30
0
 11
4.0116713385826772
 21
-2.9394268110236221
 31
0
  0
LINE
  5
971
330
1B
100
AcDbEntity
  8
B.Cu
  6
CONTINUOUS
100
AcDbLine
 10
4.0116713385826772
 20
-2.9394268110236221
 30
0
 11
4.0068584645669292
 21
-2.9362109448818896
 31
0
  0
LINE
  5
972
330
1B
100
AcDbEntity
  8
B.Cu
  6
CONTINUOUS
100
AcDbLine
 10
4.0068584645669292
 20
-2.9362109448818896
 30
0
 11
4.0027654330708664
 21
-2.9321179133858268
 31
0
  0
LINE
  5
973
330
1B
100
AcDbEntity
  8
B.Cu
  6
CONTINUOUS
100
AcDbLine
 10
4.0027654330708664
 20
-2.9321179133858268
 30
0
 11
3.9995495669291339
 21
-2.9273050393700788
 31
0
  0
LINE
  5
974
330
1B
100
AcDbEntity
  8
B.Cu
  6
CONTINUOUS
100
AcDbLine
 10
3.9995495669291339
 20
-2.9273050393700788
 30
0
 11
3.9973344488188975
 21
-2.9219572440944881
 31
0
  0
LINE
  5
975
330
1B
100
AcDbEntity
  8
B.Cu
  6
CONTINUOUS
100
AcDbLine
 10
3.9973344488188975
 20
-2.9219572440944881
 30
0
 11
3.9962051574803148
 21
-2.9162800393700787
 31
0
  0
LINE
  5
976
330
1B
100
AcDbEntity
  8
B.Cu
  6
CONTINUOUS
100
AcDbLine
 10
3.9962051574803148
 20
-2.9162800393700787
 30
0
 11
3.9962051574803148
 21
-2.9104916141732282
 31
0
  0
LINE
  5
977
330
1B
100
AcDbEntity
  8
B.Cu
  6
CONTINUOUS
100
AcDbLine
 10
3.9962051574803148
 20
-2.9104916141732282
 30
0
 11
3.9973344488188975
 21
-2.9048144094488189
 31
0
  0
LINE
  5
978
330
1B
100
AcDbEntity
  8
B.Cu
  6
CONTINUOUS
100
AcDbLine
 10
3.9973344488188975
 20
-2.9048144094488189
 30
0
 11
3.9995495669291339
 21
-2.8994666141732282
 31
0
  0
LINE
  5
979
330
1B
100
AcDbEntity
  8
B.Cu
  6
CONTINUOUS
100
AcDbLine
 10
3.9995495669291339
 20
-2.8994666141732282
 30
0
 11
4.0027654330708664
 21
-2.8946537401574801
 31
0
  0
LINE
  5
97A
330
1B
100
AcDbEntity
  8
B.Cu
  6
CONTINUOUS
100
AcDbLine
 10
4.0027654330708664
 20
-2.8946537401574801
 30
0
 11
4.0068584645669292
 21
-2.8905607086614173
 31
0
  0
LINE
  5
97B
330
1B
100
AcDbEntity
  8
B.Cu
  6
CONTINUOUS
100
AcDbLine
 10
4.0068584645669292
 20
-2.8905607086614173
 30
0
 11
4.0116713385826772
 21
-2.8873448425196848
 31
0
  0
LINE
  5
97C
330
1B
100
AcDbEntity
  8
B.Cu
  6
CONTINUOUS
100
AcDbLine
 10
4.0116713385826772
 20
-2.8873448425196848
 30
0
 11
4.0170191338582679
 21
-2.8851297244094489
 31
0
  0
LINE
  5
97D
330
1B
100
AcDbEntity
  8
B.Cu
  6
CONTINUOUS
100
AcDbLine
 10
4.0170191338582679
 20
-2.8851297244094489
 30
0
 11
4.0226963385826773
 21
-2.8840004330708662
 31
0
  0
LINE
  5
97E
330
1B
100
AcDbEntity
  8
B.Cu
  6
CONTINUOUS
100
AcDbLine
 10
4.0226963385826773
 20
-2.8840004330708662
 30
0
 11
4.0255905511811019
 21
-2.8838582677165352
 31
0
  0
LINE
  5
97F
330
1B
100
AcDbEntity
  8
B.Cu
  6
CONTINUOUS
100
AcDbLine
 10
4.0255905511811019
 20
-2.8838582677165352
 30
0
 11
4.0452755905511806
 21
-2.8838582677165352
 31
0
  0
LINE
  5
980
330
1B
100
AcDbEntity
  8
B.Cu
  6
CONTINUOUS
100
AcDbLine
 10
4.0452755905511806
 20
-2.8838582677165352
 30
0
 11
4.1019425196850392
 21
-2.8838582677165352
 31
0
  0
LINE
  5
981
330
1B
100
AcDbEntity
  8
B.Cu
  6
CONTINUOUS
100
AcDbLine
 10
4.1019425196850392
 20
-2.8838582677165352
 30
0
 11
4.23108937007874
 21
-2.7547114173228344
 31
0
  0
LINE
  5
982
330
1B
100
AcDbEntity
  8
B.Cu
  6
CONTINUOUS
100
AcDbLine
 10
4.23108937007874
 20
-2.7547114173228344
 30
0
 11
4.233236377952756
 21
-2.752765433070866
 31
0
  0
LINE
  5
983
330
1B
100
AcDbEntity
  8
B.Cu
  6
CONTINUOUS
100
AcDbLine
 10
4.233236377952756
 20
-2.752765433070866
 30
0
 11
4.2356428346456694
 21
-2.7511574803149608
 31
0
  0
LINE
  5
984
330
1B
100
AcDbEntity
  8
B.Cu
  6
CONTINUOUS
100
AcDbLine
 10
4.2356428346456694
 20
-2.7511574803149608
 30
0
 11
4.2380492913385828
 21
-2.7495495669291339
 31
0
  0
LINE
  5
985
330
1B
100
AcDbEntity
  8
B.Cu
  6
CONTINUOUS
100
AcDbLine
 10
4.2380492913385828
 20
-2.7495495669291339
 30
0
 11
4.2433970866141735
 21
-2.7473344488188975
 31
0
  0
LINE
  5
986
330
1B
100
AcDbEntity
  8
B.Cu
  6
CONTINUOUS
100
AcDbLine
 10
4.2433970866141735
 20
-2.7473344488188975
 30
0
 11
4.2490742913385828
 21
-2.7462051574803148
 31
0
  0
LINE
  5
987
330
1B
100
AcDbEntity
  8
B.Cu
  6
CONTINUOUS
100
AcDbLine
 10
4.2490742913385828
 20
-2.7462051574803148
 30
0
 11
4.2519685039370074
 21
-2.7460629921259843
 31
0
  0
LINE
  5
988
330
1B
100
AcDbEntity
  8
B.Cu
  6
CONTINUOUS
100
AcDbLine
 10
4.2519685039370074
 20
-2.7460629921259843
 30
0
 11
4.3602362204724407
 21
-2.7460629921259843
 31
0
  0
LINE
  5
989
330
1B
100
AcDbEntity
  8
B.Cu
  6
CONTINUOUS
100
AcDbLine
 10
4.3602362204724407
 20
-2.7460629921259843
 30
0
 11
4.3602362204724407
 21
-2.3382230708661416
 31
0
  0
LINE
  5
98A
330
1B
100
AcDbEntity
  8
B.Cu
  6
CONTINUOUS
100
AcDbLine
 10
4.3602362204724407
 20
-2.3382230708661416
 30
0
 11
4.3603783858267713
 21
-2.3353288582677165
 31
0
  0
LINE
  5
98B
330
1B
100
AcDbEntity
  8
B.Cu
  6
CONTINUOUS
100
AcDbLine
 10
4.3603783858267713
 20
-2.3353288582677165
 30
0
 11
4.3605858267716533
 21
-2.3342860629921258
 31
0
  0
LINE
  5
98C
330
1B
100
AcDbEntity
  8
B.Cu
  6
CONTINUOUS
100
AcDbLine
 10
4.3605858267716533
 20
-2.3342860629921258
 30
0
 11
4.3615076377952757
 21
-2.3296516929133859
 31
0
  0
LINE
  5
98D
330
1B
100
AcDbEntity
  8
B.Cu
  6
CONTINUOUS
100
AcDbLine
 10
4.3615076377952757
 20
-2.3296516929133859
 30
0
 11
4.3637227952755904
 21
-2.3243038976377952
 31
0
  0
LINE
  5
98E
330
1B
100
AcDbEntity
  8
B.Cu
  6
CONTINUOUS
100
AcDbLine
 10
4.3637227952755904
 20
-2.3243038976377952
 30
0
 11
4.3637227952755904
 21
-2.3243038582677165
 31
0
  0
LINE
  5
98F
330
1B
100
AcDbEntity
  8
B.Cu
  6
CONTINUOUS
100
AcDbLine
 10
4.3637227952755904
 20
-2.3243038582677165
 30
0
 11
4.3669386614173229
 21
-2.3194909842519684
 31
0
  0
LINE
  5
990
330
1B
100
AcDbEntity
  8
B.Cu
  6
CONTINUOUS
100
AcDbLine
 10
4.3669386614173229
 20
-2.3194909842519684
 30
0
 11
4.3688846456692909
 21
-2.3173439370078741
 31
0
  0
LINE
  5
991
330
1B
100
AcDbEntity
  8
B.Cu
  6
CONTINUOUS
100
AcDbLine
 10
4.3688846456692909
 20
-2.3173439370078741
 30
0
 11
4.4123045669291336
 21
-2.2739240157480314
 31
0
  0
LINE
  5
992
330
1B
100
AcDbEntity
  8
B.Cu
  6
CONTINUOUS
100
AcDbLine
 10
4.4123045669291336
 20
-2.2739240157480314
 30
0
 11
4.4144516141732284
 21
-2.2719780314960629
 31
0
  0
LINE
  5
993
330
1B
100
AcDbEntity
  8
B.Cu
  6
CONTINUOUS
100
AcDbLine
 10
4.4144516141732284
 20
-2.2719780314960629
 30
0
 11
4.4180923228346458
 21
-2.2695453937007875
 31
0
  0
LINE
  5
994
330
1B
100
AcDbEntity
  8
B.Cu
  6
CONTINUOUS
100
AcDbLine
 10
4.4180923228346458
 20
-2.2695453937007875
 30
0
 11
4.4192644881889764
 21
-2.2687621653543308
 31
0
  0
LINE
  5
995
330
1B
100
AcDbEntity
  8
B.Cu
  6
CONTINUOUS
100
AcDbLine
 10
4.4192644881889764
 20
-2.2687621653543308
 30
0
 11
4.4214796456692911
 21
-2.2678446062992124
 31
0
  0
LINE
  5
996
330
1B
100
AcDbEntity
  8
B.Cu
  6
CONTINUOUS
100
AcDbLine
 10
4.4214796456692911
 20
-2.2678446062992124
 30
0
 11
4.4246123228346459
 21
-2.2665470078740158
 31
0
  0
LINE
  5
997
330
1B
100
AcDbEntity
  8
B.Cu
  6
CONTINUOUS
100
AcDbLine
 10
4.4246123228346459
 20
-2.2665470078740158
 30
0
 11
4.4302894881889765
 21
-2.2654177559055118
 31
0
  0
LINE
  5
998
330
1B
100
AcDbEntity
  8
B.Cu
  6
CONTINUOUS
100
AcDbLine
 10
4.4302894881889765
 20
-2.2654177559055118
 30
0
 11
4.4331837007874011
 21
-2.2652755905511812
 31
0
  0
LINE
  5
999
330
1B
100
AcDbEntity
  8
B.Cu
  6
CONTINUOUS
100
AcDbLine
 10
4.4331837007874011
 20
-2.2652755905511812
 30
0
 11
4.5038241732283462
 21
-2.2652755905511812
 31
0
  0
LINE
  5
99A
330
1B
100
AcDbEntity
  8
B.Cu
  6
CONTINUOUS
100
AcDbLine
 10
4.5038241732283462
 20
-2.2652755905511812
 30
0
 11
4.5067183858267716
 21
-2.2654177559055118
 31
0
  0
LINE
  5
99B
330
1B
100
AcDbEntity
  8
B.Cu
  6
CONTINUOUS
100
AcDbLine
 10
4.8314060236220469
 20
-2.8260745669291336
 30
0
 11
4.8367538188976376
 21
-2.8282897244094487
 31
0
  0
LINE
  5
99C
330
1B
100
AcDbEntity
  8
B.Cu
  6
CONTINUOUS
100
AcDbLine
 10
4.8367538188976376
 20
-2.8282897244094487
 30
0
 11
4.8415667322834643
 21
-2.8315055905511812
 31
0
  0
LINE
  5
99D
330
1B
100
AcDbEntity
  8
B.Cu
  6
CONTINUOUS
100
AcDbLine
 10
4.8415667322834643
 20
-2.8315055905511812
 30
0
 11
4.8428593700787399
 21
-2.8326771653543306
 31
0
  0
LINE
  5
99E
330
1B
100
AcDbEntity
  8
B.Cu
  6
CONTINUOUS
100
AcDbLine
 10
4.8428593700787399
 20
-2.8326771653543306
 30
0
 11
5.4565129133858266
 21
-2.8326771653543306
 31
0
  0
LINE
  5
99F
330
1B
100
AcDbEntity
  8
B.Cu
  6
CONTINUOUS
100
AcDbLine
 10
5.4565129133858266
 20
-2.8326771653543306
 30
0
 11
5.4581618503937008
 21
-2.8323491732283466
 31
0
  0
LINE
  5
9A0
330
1B
100
AcDbEntity
  8
B.Cu
  6
CONTINUOUS
100
AcDbLine
 10
5.4581618503937008
 20
-2.8323491732283466
 30
0
 11
5.4611023622047243
 21
-2.8322047244094488
 31
0
  0
LINE
  5
9A1
330
1B
100
AcDbEntity
  8
B.Cu
  6
CONTINUOUS
100
AcDbLine
 10
5.4611023622047243
 20
-2.8322047244094488
 30
0
 11
5.4759055118110238
 21
-2.8322047244094488
 31
0
  0
LINE
  5
9A2
330
1B
100
AcDbEntity
  8
B.Cu
  6
CONTINUOUS
100
AcDbLine
 10
5.4759055118110238
 20
-2.8322047244094488
 30
0
 11
5.4788460236220473
 21
-2.8323491732283466
 31
0
  0
LINE
  5
9A3
330
1B
100
AcDbEntity
  8
B.Cu
  6
CONTINUOUS
100
AcDbLine
 10
5.4788460236220473
 20
-2.8323491732283466
 30
0
 11
5.4846140551181097
 21
-2.8334964960629923
 31
0
  0
LINE
  5
9A4
330
1B
100
AcDbEntity
  8
B.Cu
  6
CONTINUOUS
100
AcDbLine
 10
5.4846140551181097
 20
-2.8334964960629923
 30
0
 11
5.4900474015748033
 21
-2.8357470866141732
 31
0
  0
LINE
  5
9A5
330
1B
100
AcDbEntity
  8
B.Cu
  6
CONTINUOUS
100
AcDbLine
 10
5.4900474015748033
 20
-2.8357470866141732
 30
0
 11
5.4949373228346454
 21
-2.839014409448819
 31
0
  0
LINE
  5
9A6
330
1B
100
AcDbEntity
  8
B.Cu
  6
CONTINUOUS
100
AcDbLine
 10
5.4949373228346454
 20
-2.839014409448819
 30
0
 11
5.4990958267716534
 21
-2.8431729133858266
 31
0
  0
LINE
  5
9A7
330
1B
100
AcDbEntity
  8
B.Cu
  6
CONTINUOUS
100
AcDbLine
 10
5.4990958267716534
 20
-2.8431729133858266
 30
0
 11
5.5023631496062988
 21
-2.8480628346456691
 31
0
  0
LINE
  5
9A8
330
1B
100
AcDbEntity
  8
B.Cu
  6
CONTINUOUS
100
AcDbLine
 10
5.5023631496062988
 20
-2.8480628346456691
 30
0
 11
5.5046137401574802
 21
-2.8534961811023623
 31
0
  0
LINE
  5
9A9
330
1B
100
AcDbEntity
  8
B.Cu
  6
CONTINUOUS
100
AcDbLine
 10
5.5046137401574802
 20
-2.8534961811023623
 30
0
 11
5.5057610629921259
 21
-2.8592642125984251
 31
0
  0
LINE
  5
9AA
330
1B
100
AcDbEntity
  8
B.Cu
  6
CONTINUOUS
100
AcDbLine
 10
5.5057610629921259
 20
-2.8592642125984251
 30
0
 11
5.5057610629921259
 21
-2.8651452362204726
 31
0
  0
LINE
  5
9AB
330
1B
100
AcDbEntity
  8
B.Cu
  6
CONTINUOUS
100
AcDbLine
 10
5.5057610629921259
 20
-2.8651452362204726
 30
0
 11
5.5046137401574802
 21
-2.8709132677165354
 31
0
  0
LINE
  5
9AC
330
1B
100
AcDbEntity
  8
B.Cu
  6
CONTINUOUS
100
AcDbLine
 10
5.5046137401574802
 20
-2.8709132677165354
 30
0
 11
5.5023631496062988
 21
-2.8763466141732281
 31
0
  0
LINE
  5
9AD
330
1B
100
AcDbEntity
  8
B.Cu
  6
CONTINUOUS
100
AcDbLine
 10
5.5023631496062988
 20
-2.8763466141732281
 30
0
 11
5.4990958267716534
 21
-2.8812365354330707
 31
0
  0
LINE
  5
9AE
330
1B
100
AcDbEntity
  8
B.Cu
  6
CONTINUOUS
100
AcDbLine
 10
5.4990958267716534
 20
-2.8812365354330707
 30
0
 11
5.4949373228346454
 21
-2.8853950393700787
 31
0
  0
LINE
  5
9AF
330
1B
100
AcDbEntity
  8
B.Cu
  6
CONTINUOUS
100
AcDbLine
 10
5.4949373228346454
 20
-2.8853950393700787
 30
0
 11
5.4900474015748033
 21
-2.8886623622047245
 31
0
  0
LINE
  5
9B0
330
1B
100
AcDbEntity
  8
B.Cu
  6
CONTINUOUS
100
AcDbLine
 10
5.4900474015748033
 20
-2.8886623622047245
 30
0
 11
5.4846140551181097
 21
-2.8909129527559054
 31
0
  0
LINE
  5
9B1
330
1B
100
AcDbEntity
  8
B.Cu
  6
CONTINUOUS
100
AcDbLine
 10
5.4846140551181097
 20
-2.8909129527559054
 30
0
 11
5.4788460236220473
 21
-2.8920602755905511
 31
0
  0
LINE
  5
9B2
330
1B
100
AcDbEntity
  8
B.Cu
  6
CONTINUOUS
100
AcDbLine
 10
5.4788460236220473
 20
-2.8920602755905511
 30
0
 11
5.4759055118110238
 21
-2.8922047244094489
 31
0
  0
LINE
  5
9B3
330
1B
100
AcDbEntity
  8
B.Cu
  6
CONTINUOUS
100
AcDbLine
 10
5.4759055118110238
 20
-2.8922047244094489
 30
0
 11
5.4611023622047243
 21
-2.8922047244094489
 31
0
  0
LINE
  5
9B4
330
1B
100
AcDbEntity
  8
B.Cu
  6
CONTINUOUS
100
AcDbLine
 10
5.4611023622047243
 20
-2.8922047244094489
 30
0
 11
5.4581618503937008
 21
-2.8920602755905511
 31
0
  0
LINE
  5
9B5
330
1B
100
AcDbEntity
  8
B.Cu
  6
CONTINUOUS
100
AcDbLine
 10
5.4581618503937008
 20
-2.8920602755905511
 30
0
 11
5.4565129133858266
 21
-2.8917322834645667
 31
0
  0
LINE
  5
9B6
330
1B
100
AcDbEntity
  8
B.Cu
  6
CONTINUOUS
100
AcDbLine
 10
5.4565129133858266
 20
-2.8917322834645667
 30
0
 11
4.8307086614173231
 21
-2.8917322834645667
 31
0
  0
LINE
  5
9B7
330
1B
100
AcDbEntity
  8
B.Cu
  6
CONTINUOUS
100
AcDbLine
 10
4.8307086614173231
 20
-2.8917322834645667
 30
0
 11
4.8278144488188977
 21
-2.8915901181102361
 31
0
  0
LINE
  5
9B8
330
1B
100
AcDbEntity
  8
B.Cu
  6
CONTINUOUS
100
AcDbLine
 10
4.8278144488188977
 20
-2.8915901181102361
 30
0
 11
4.822137283464567
 21
-2.8904608661417321
 31
0
  0
LINE
  5
9B9
330
1B
100
AcDbEntity
  8
B.Cu
  6
CONTINUOUS
100
AcDbLine
 10
4.822137283464567
 20
-2.8904608661417321
 30
0
 11
4.8177953543307082
 21
-2.8886623622047245
 31
0
  0
LINE
  5
9BA
330
1B
100
AcDbEntity
  8
B.Cu
  6
CONTINUOUS
100
AcDbLine
 10
4.8177953543307082
 20
-2.8886623622047245
 30
0
 11
4.8167894488188976
 21
-2.8882457086614171
 31
0
  0
LINE
  5
9BB
330
1B
100
AcDbEntity
  8
B.Cu
  6
CONTINUOUS
100
AcDbLine
 10
4.8167894488188976
 20
-2.8882457086614171
 30
0
 11
4.8119765748031496
 21
-2.885029842519685
 31
0
  0
LINE
  5
9BC
330
1B
100
AcDbEntity
  8
B.Cu
  6
CONTINUOUS
100
AcDbLine
 10
4.8119765748031496
 20
-2.885029842519685
 30
0
 11
4.8098295275590548
 21
-2.8830838582677165
 31
0
  0
LINE
  5
9BD
330
1B
100
AcDbEntity
  8
B.Cu
  6
CONTINUOUS
100
AcDbLine
 10
4.8098295275590548
 20
-2.8830838582677165
 30
0
 11
4.8019555118110233
 21
-2.875209842519685
 31
0
  0
LINE
  5
9BE
330
1B
100
AcDbEntity
  8
B.Cu
  6
CONTINUOUS
100
AcDbLine
 10
4.8019555118110233
 20
-2.875209842519685
 30
0
 11
4.8000095275590553
 21
-2.8730627952755903
 31
0
  0
LINE
  5
9BF
330
1B
100
AcDbEntity
  8
B.Cu
  6
CONTINUOUS
100
AcDbLine
 10
4.8000095275590553
 20
-2.8730627952755903
 30
0
 11
4.7967936614173228
 21
-2.8682498818897639
 31
0
  0
LINE
  5
9C0
330
1B
100
AcDbEntity
  8
B.Cu
  6
CONTINUOUS
100
AcDbLine
 10
4.7967936614173228
 20
-2.8682498818897639
 30
0
 11
4.7945785039370081
 21
-2.8629020866141732
 31
0
  0
LINE
  5
9C1
330
1B
100
AcDbEntity
  8
B.Cu
  6
CONTINUOUS
100
AcDbLine
 10
4.7945785039370081
 20
-2.8629020866141732
 30
0
 11
4.7934492519685037
 21
-2.8572249212598426
 31
0
  0
LINE
  5
9C2
330
1B
100
AcDbEntity
  8
B.Cu
  6
CONTINUOUS
100
AcDbLine
 10
4.7934492519685037
 20
-2.8572249212598426
 30
0
 11
4.7934492519685037
 21
-2.8514364960629921
 31
0
  0
LINE
  5
9C3
330
1B
100
AcDbEntity
  8
B.Cu
  6
CONTINUOUS
100
AcDbLine
 10
4.7934492519685037
 20
-2.8514364960629921
 30
0
 11
4.7945785039370081
 21
-2.8457593307086615
 31
0
  0
LINE
  5
9C4
330
1B
100
AcDbEntity
  8
B.Cu
  6
CONTINUOUS
100
AcDbLine
 10
4.7945785039370081
 20
-2.8457593307086615
 30
0
 11
4.7967936614173228
 21
-2.8404115354330708
 31
0
  0
LINE
  5
9C5
330
1B
100
AcDbEntity
  8
B.Cu
  6
CONTINUOUS
100
AcDbLine
 10
4.7967936614173228
 20
-2.8404115354330708
 30
0
 11
4.8000095275590553
 21
-2.835598622047244
 31
0
  0
LINE
  5
9C6
330
1B
100
AcDbEntity
  8
B.Cu
  6
CONTINUOUS
100
AcDbLine
 10
4.8000095275590553
 20
-2.835598622047244
 30
0
 11
4.8041025590551181
 21
-2.8315055905511812
 31
0
  0
LINE
  5
9C7
330
1B
100
AcDbEntity
  8
B.Cu
  6
CONTINUOUS
100
AcDbLine
 10
4.8041025590551181
 20
-2.8315055905511812
 30
0
 11
4.8089154724409449
 21
-2.8282897244094487
 31
0
  0
LINE
  5
9C8
330
1B
100
AcDbEntity
  8
B.Cu
  6
CONTINUOUS
100
AcDbLine
 10
4.8089154724409449
 20
-2.8282897244094487
 30
0
 11
4.8142632677165356
 21
-2.8260745669291336
 31
0
  0
LINE
  5
9C9
330
1B
100
AcDbEntity
  8
B.Cu
  6
CONTINUOUS
100
AcDbLine
 10
4.8142632677165356
 20
-2.8260745669291336
 30
0
 11
4.8199404330708662
 21
-2.8249453149606301
 31
0
  0
LINE
  5
9CA
330
1B
100
AcDbEntity
  8
B.Cu
  6
CONTINUOUS
100
AcDbLine
 10
4.8199404330708662
 20
-2.8249453149606301
 30
0
 11
4.8257288582677162
 21
-2.8249453149606301
 31
0
  0
LINE
  5
9CB
330
1B
100
AcDbEntity
  8
B.Cu
  6
CONTINUOUS
100
AcDbLine
 10
4.8257288582677162
 20
-2.8249453149606301
 30
0
 11
4.8314060236220469
 21
-2.8260745669291336
 31
0
  0
LINE
  5
9CC
330
1B
100
AcDbEntity
  8
B.Cu
  6
CONTINUOUS
100
AcDbLine
 10
4.4788460236220473
 20
-2.7323491732283465
 30
0
 11
4.4846140551181097
 21
-2.7334964960629922
 31
0
  0
LINE
  5
9CD
330
1B
100
AcDbEntity
  8
B.Cu
  6
CONTINUOUS
100
AcDbLine
 10
4.4846140551181097
 20
-2.7334964960629922
 30
0
 11
4.4900474015748033
 21
-2.7357470866141731
 31
0
  0
LINE
  5
9CE
330
1B
100
AcDbEntity
  8
B.Cu
  6
CONTINUOUS
100
AcDbLine
 10
4.4900474015748033
 20
-2.7357470866141731
 30
0
 11
4.4949373228346454
 21
-2.7390144094488189
 31
0
  0
LINE
  5
9CF
330
1B
100
AcDbEntity
  8
B.Cu
  6
CONTINUOUS
100
AcDbLine
 10
4.4949373228346454
 20
-2.7390144094488189
 30
0
 11
4.4990958267716534
 21
-2.7431729133858269
 31
0
  0
LINE
  5
9D0
330
1B
100
AcDbEntity
  8
B.Cu
  6
CONTINUOUS
100
AcDbLine
 10
4.4990958267716534
 20
-2.7431729133858269
 30
0
 11
4.5023631496062988
 21
-2.748062834645669
 31
0
  0
LINE
  5
9D1
330
1B
100
AcDbEntity
  8
B.Cu
  6
CONTINUOUS
100
AcDbLine
 10
4.5023631496062988
 20
-2.748062834645669
 30
0
 11
4.5046137401574802
 21
-2.7534961811023622
 31
0
  0
LINE
  5
9D2
330
1B
100
AcDbEntity
  8
B.Cu
  6
CONTINUOUS
100
AcDbLine
 10
4.5046137401574802
 20
-2.7534961811023622
 30
0
 11
4.5057610629921259
 21
-2.759264212598425
 31
0
  0
LINE
  5
9D3
330
1B
100
AcDbEntity
  8
B.Cu
  6
CONTINUOUS
100
AcDbLine
 10
4.5057610629921259
 20
-2.759264212598425
 30
0
 11
4.5057610629921259
 21
-2.7651452362204725
 31
0
  0
LINE
  5
9D4
330
1B
100
AcDbEntity
  8
B.Cu
  6
CONTINUOUS
100
AcDbLine
 10
4.5057610629921259
 20
-2.7651452362204725
 30
0
 11
4.5046137401574802
 21
-2.7709132677165353
 31
0
  0
LINE
  5
9D5
330
1B
100
AcDbEntity
  8
B.Cu
  6
CONTINUOUS
100
AcDbLine
 10
4.5046137401574802
 20
-2.7709132677165353
 30
0
 11
4.5023631496062988
 21
-2.7763466141732285
 31
0
  0
LINE
  5
9D6
330
1B
100
AcDbEntity
  8
B.Cu
  6
CONTINUOUS
100
AcDbLine
 10
4.5023631496062988
 20
-2.7763466141732285
 30
0
 11
4.4990958267716534
 21
-2.7812365354330706
 31
0
  0
LINE
  5
9D7
330
1B
100
AcDbEntity
  8
B.Cu
  6
CONTINUOUS
100
AcDbLine
 10
4.4990958267716534
 20
-2.7812365354330706
 30
0
 11
4.4949373228346454
 21
-2.7853950393700786
 31
0
  0
LINE
  5
9D8
330
1B
100
AcDbEntity
  8
B.Cu
  6
CONTINUOUS
100
AcDbLine
 10
4.4949373228346454
 20
-2.7853950393700786
 30
0
 11
4.4900474015748033
 21
-2.7886623622047244
 31
0
  0
LINE
  5
9D9
330
1B
100
AcDbEntity
  8
B.Cu
  6
CONTINUOUS
100
AcDbLine
 10
4.4900474015748033
 20
-2.7886623622047244
 30
0
 11
4.4846140551181097
 21
-2.7909129527559053
 31
0
  0
LINE
  5
9DA
330
1B
100
AcDbEntity
  8
B.Cu
  6
CONTINUOUS
100
AcDbLine
 10
4.4846140551181097
 20
-2.7909129527559053
 30
0
 11
4.4788460236220473
 21
-2.792060275590551
 31
0
  0
LINE
  5
9DB
330
1B
100
AcDbEntity
  8
B.Cu
  6
CONTINUOUS
100
AcDbLine
 10
4.4788460236220473
 20
-2.792060275590551
 30
0
 11
4.4759055118110238
 21
-2.7922047244094488
 31
0
  0
LINE
  5
9DC
330
1B
100
AcDbEntity
  8
B.Cu
  6
CONTINUOUS
100
AcDbLine
 10
4.4759055118110238
 20
-2.7922047244094488
 30
0
 11
4.4611023622047243
 21
-2.7922047244094488
 31
0
  0
LINE
  5
9DD
330
1B
100
AcDbEntity
  8
B.Cu
  6
CONTINUOUS
100
AcDbLine
 10
4.4611023622047243
 20
-2.7922047244094488
 30
0
 11
4.4581618503937008
 21
-2.792060275590551
 31
0
  0
LINE
  5
9DE
330
1B
100
AcDbEntity
  8
B.Cu
  6
CONTINUOUS
100
AcDbLine
 10
4.4581618503937008
 20
-2.792060275590551
 30
0
 11
4.4523938188976375
 21
-2.7909129527559053
 31
0
  0
LINE
  5
9DF
330
1B
100
AcDbEntity
  8
B.Cu
  6
CONTINUOUS
100
AcDbLine
 10
4.4523938188976375
 20
-2.7909129527559053
 30
0
 11
4.4469604724409448
 21
-2.7886623622047244
 31
0
  0
LINE
  5
9E0
330
1B
100
AcDbEntity
  8
B.Cu
  6
CONTINUOUS
100
AcDbLine
 10
4.4469604724409448
 20
-2.7886623622047244
 30
0
 11
4.4420705511811018
 21
-2.7853950393700786
 31
0
  0
LINE
  5
9E1
330
1B
100
AcDbEntity
  8
B.Cu
  6
CONTINUOUS
100
AcDbLine
 10
4.4420705511811018
 20
-2.7853950393700786
 30
0
 11
4.4379120472440947
 21
-2.7812365354330706
 31
0
  0
LINE
  5
9E2
330
1B
100
AcDbEntity
  8
B.Cu
  6
CONTINUOUS
100
AcDbLine
 10
4.4379120472440947
 20
-2.7812365354330706
 30
0
 11
4.4346447244094485
 21
-2.7763466141732285
 31
0
  0
LINE
  5
9E3
330
1B
100
AcDbEntity
  8
B.Cu
  6
CONTINUOUS
100
AcDbLine
 10
4.4346447244094485
 20
-2.7763466141732285
 30
0
 11
4.432394133858268
 21
-2.7709132677165353
 31
0
  0
LINE
  5
9E4
330
1B
100
AcDbEntity
  8
B.Cu
  6
CONTINUOUS
100
AcDbLine
 10
4.432394133858268
 20
-2.7709132677165353
 30
0
 11
4.4312468110236223
 21
-2.7651452362204725
 31
0
  0
LINE
  5
9E5
330
1B
100
AcDbEntity
  8
B.Cu
  6
CONTINUOUS
100
AcDbLine
 10
4.4312468110236223
 20
-2.7651452362204725
 30
0
 11
4.4312468110236223
 21
-2.759264212598425
 31
0
  0
LINE
  5
9E6
330
1B
100
AcDbEntity
  8
B.Cu
  6
CONTINUOUS
100
AcDbLine
 10
4.4312468110236223
 20
-2.759264212598425
 30
0
 11
4.432394133858268
 21
-2.7534961811023622
 31
0
  0
LINE
  5
9E7
330
1B
100
AcDbEntity
  8
B.Cu
  6
CONTINUOUS
100
AcDbLine
 10
4.432394133858268
 20
-2.7534961811023622
 30
0
 11
4.4346447244094485
 21
-2.748062834645669
 31
0
  0
LINE
  5
9E8
330
1B
100
AcDbEntity
  8
B.Cu
  6
CONTINUOUS
100
AcDbLine
 10
4.4346447244094485
 20
-2.748062834645669
 30
0
 11
4.4379120472440947
 21
-2.7431729133858269
 31
0
  0
LINE
  5
9E9
330
1B
100
AcDbEntity
  8
B.Cu
  6
CONTINUOUS
100
AcDbLine
 10
4.4379120472440947
 20
-2.7431729133858269
 30
0
 11
4.4420705511811018
 21
-2.7390144094488189
 31
0
  0
LINE
  5
9EA
330
1B
100
AcDbEntity
  8
B.Cu
  6
CONTINUOUS
100
AcDbLine
 10
4.4420705511811018
 20
-2.7390144094488189
 30
0
 11
4.4469604724409448
 21
-2.7357470866141731
 31
0
  0
LINE
  5
9EB
330
1B
100
AcDbEntity
  8
B.Cu
  6
CONTINUOUS
100
AcDbLine
 10
4.4469604724409448
 20
-2.7357470866141731
 30
0
 11
4.4523938188976375
 21
-2.7334964960629922
 31
0
  0
LINE
  5
9EC
330
1B
100
AcDbEntity
  8
B.Cu
  6
CONTINUOUS
100
AcDbLine
 10
4.4523938188976375
 20
-2.7334964960629922
 30
0
 11
4.4581618503937008
 21
-2.7323491732283465
 31
0
  0
LINE
  5
9ED
330
1B
100
AcDbEntity
  8
B.Cu
  6
CONTINUOUS
100
AcDbLine
 10
4.4581618503937008
 20
-2.7323491732283465
 30
0
 11
4.4611023622047243
 21
-2.7322047244094487
 31
0
  0
LINE
  5
9EE
330
1B
100
AcDbEntity
  8
B.Cu
  6
CONTINUOUS
100
AcDbLine
 10
4.4611023622047243
 20
-2.7322047244094487
 30
0
 11
4.4759055118110238
 21
-2.7322047244094487
 31
0
  0
LINE
  5
9EF
330
1B
100
AcDbEntity
  8
B.Cu
  6
CONTINUOUS
100
AcDbLine
 10
4.4759055118110238
 20
-2.7322047244094487
 30
0
 11
4.4788460236220473
 21
-2.7323491732283465
 31
0
  0
LINE
  5
9F0
330
1B
100
AcDbEntity
  8
B.Cu
  6
CONTINUOUS
100
AcDbLine
 10
6.0265162598425199
 20
-1.8997484645669291
 30
0
 11
6.0321934251968505
 21
-1.9008777165354331
 31
0
  0
LINE
  5
9F1
330
1B
100
AcDbEntity
  8
B.Cu
  6
CONTINUOUS
100
AcDbLine
 10
6.0321934251968505
 20
-1.9008777165354331
 30
0
 11
6.0353261023622045
 21
-1.90217531496063
 31
0
  0
LINE
  5
9F2
330
1B
100
AcDbEntity
  8
B.Cu
  6
CONTINUOUS
100
AcDbLine
 10
6.0353261023622045
 20
-1.90217531496063
 30
0
 11
6.03754125984252
 21
-1.903092874015748
 31
0
  0
LINE
  5
9F3
330
1B
100
AcDbEntity
  8
B.Cu
  6
CONTINUOUS
100
AcDbLine
 10
6.03754125984252
 20
-1.903092874015748
 30
0
 11
6.0423541338582671
 21
-1.9063087401574803
 31
0
  0
LINE
  5
9F4
330
1B
100
AcDbEntity
  8
B.Cu
  6
CONTINUOUS
100
AcDbLine
 10
6.0423541338582671
 20
-1.9063087401574803
 30
0
 11
6.0445011811023619
 21
-1.9082547244094488
 31
0
  0
LINE
  5
9F5
330
1B
100
AcDbEntity
  8
B.Cu
  6
CONTINUOUS
100
AcDbLine
 10
6.0445011811023619
 20
-1.9082547244094488
 30
0
 11
6.1453673228346455
 21
-2.0091208661417324
 31
0
  0
LINE
  5
9F6
330
1B
100
AcDbEntity
  8
B.Cu
  6
CONTINUOUS
100
AcDbLine
 10
6.1453673228346455
 20
-2.0091208661417324
 30
0
 11
6.1473133070866144
 21
-2.0112679133858267
 31
0
  0
LINE
  5
9F7
330
1B
100
AcDbEntity
  8
B.Cu
  6
CONTINUOUS
100
AcDbLine
 10
6.1473133070866144
 20
-2.0112679133858267
 30
0
 11
6.150529173228346
 21
-2.0160807874015747
 31
0
  0
LINE
  5
9F8
330
1B
100
AcDbEntity
  8
B.Cu
  6
CONTINUOUS
100
AcDbLine
 10
6.150529173228346
 20
-2.0160807874015747
 30
0
 11
6.1505948818897638
 21
-2.0162394488188977
 31
0
  0
LINE
  5
9F9
330
1B
100
AcDbEntity
  8
B.Cu
  6
CONTINUOUS
100
AcDbLine
 10
6.1505948818897638
 20
-2.0162394488188977
 30
0
 11
6.1527443307086616
 21
-2.0214286220472442
 31
0
  0
LINE
  5
9FA
330
1B
100
AcDbEntity
  8
B.Cu
  6
CONTINUOUS
100
AcDbLine
 10
6.1527443307086616
 20
-2.0214286220472442
 30
0
 11
6.1531794881889761
 21
-2.0236164173228346
 31
0
  0
LINE
  5
9FB
330
1B
100
AcDbEntity
  8
B.Cu
  6
CONTINUOUS
100
AcDbLine
 10
6.1531794881889761
 20
-2.0236164173228346
 30
0
 11
6.1538735826771651
 21
-2.0271057874015748
 31
0
  0
LINE
  5
9FC
330
1B
100
AcDbEntity
  8
B.Cu
  6
CONTINUOUS
100
AcDbLine
 10
6.1538735826771651
 20
-2.0271057874015748
 30
0
 11
6.1540157480314956
 21
-2.0299999999999998
 31
0
  0
LINE
  5
9FD
330
1B
100
AcDbEntity
  8
B.Cu
  6
CONTINUOUS
100
AcDbLine
 10
6.1540157480314956
 20
-2.0299999999999998
 30
0
 11
6.1540157480314956
 21
-2.2712598425196848
 31
0
  0
LINE
  5
9FE
330
1B
100
AcDbEntity
  8
B.Cu
  6
CONTINUOUS
100
AcDbLine
 10
6.1540157480314956
 20
-2.2712598425196848
 30
0
 11
6.1538735826771651
 21
-2.2741540551181103
 31
0
  0
LINE
  5
9FF
330
1B
100
AcDbEntity
  8
B.Cu
  6
CONTINUOUS
100
AcDbLine
 10
6.1538735826771651
 20
-2.2741540551181103
 30
0
 11
6.1527442913385828
 21
-2.2798312598425197
 31
0
  0
LINE
  5
A00
330
1B
100
AcDbEntity
  8
B.Cu
  6
CONTINUOUS
100
AcDbLine
 10
6.1527442913385828
 20
-2.2798312598425197
 30
0
 11
6.150529173228346
 21
-2.2851790551181104
 31
0
  0
LINE
  5
A01
330
1B
100
AcDbEntity
  8
B.Cu
  6
CONTINUOUS
100
AcDbLine
 10
6.150529173228346
 20
-2.2851790551181104
 30
0
 11
6.1473133070866144
 21
-2.2899919291338584
 31
0
  0
LINE
  5
A02
330
1B
100
AcDbEntity
  8
B.Cu
  6
CONTINUOUS
100
AcDbLine
 10
6.1473133070866144
 20
-2.2899919291338584
 30
0
 11
6.1432202755905507
 21
-2.2940849606299212
 31
0
  0
LINE
  5
A03
330
1B
100
AcDbEntity
  8
B.Cu
  6
CONTINUOUS
100
AcDbLine
 10
6.1432202755905507
 20
-2.2940849606299212
 30
0
 11
6.1384074015748027
 21
-2.2973008267716537
 31
0
  0
LINE
  5
A04
330
1B
100
AcDbEntity
  8
B.Cu
  6
CONTINUOUS
100
AcDbLine
 10
6.1384074015748027
 20
-2.2973008267716537
 30
0
 11
6.1330596062992129
 21
-2.2995159448818896
 31
0
  0
LINE
  5
A05
330
1B
100
AcDbEntity
  8
B.Cu
  6
CONTINUOUS
100
AcDbLine
 10
6.1330596062992129
 20
-2.2995159448818896
 30
0
 11
6.1273824015748026
 21
-2.3006452362204723
 31
0
  0
LINE
  5
A06
330
1B
100
AcDbEntity
  8
B.Cu
  6
CONTINUOUS
100
AcDbLine
 10
6.1273824015748026
 20
-2.3006452362204723
 30
0
 11
6.1215939763779526
 21
-2.3006452362204723
 31
0
  0
LINE
  5
A07
330
1B
100
AcDbEntity
  8
B.Cu
  6
CONTINUOUS
100
AcDbLine
 10
6.1215939763779526
 20
-2.3006452362204723
 30
0
 11
6.1159167716535432
 21
-2.2995159448818896
 31
0
  0
LINE
  5
A08
330
1B
100
AcDbEntity
  8
B.Cu
  6
CONTINUOUS
100
AcDbLine
 10
6.1159167716535432
 20
-2.2995159448818896
 30
0
 11
6.1105689763779525
 21
-2.2973008267716537
 31
0
  0
LINE
  5
A09
330
1B
100
AcDbEntity
  8
B.Cu
  6
CONTINUOUS
100
AcDbLine
 10
6.1105689763779525
 20
-2.2973008267716537
 30
0
 11
6.1057561023622045
 21
-2.2940849606299212
 31
0
  0
LINE
  5
A0A
330
1B
100
AcDbEntity
  8
B.Cu
  6
CONTINUOUS
100
AcDbLine
 10
6.1057561023622045
 20
-2.2940849606299212
 30
0
 11
6.1016630708661417
 21
-2.2899919291338584
 31
0
  0
LINE
  5
A0B
330
1B
100
AcDbEntity
  8
B.Cu
  6
CONTINUOUS
100
AcDbLine
 10
6.1016630708661417
 20
-2.2899919291338584
 30
0
 11
6.0984472047244092
 21
-2.2851790551181104
 31
0
  0
LINE
  5
A0C
330
1B
100
AcDbEntity
  8
B.Cu
  6
CONTINUOUS
100
AcDbLine
 10
6.0984472047244092
 20
-2.2851790551181104
 30
0
 11
6.0962320866141733
 21
-2.2798312598425197
 31
0
  0
LINE
  5
A0D
330
1B
100
AcDbEntity
  8
B.Cu
  6
CONTINUOUS
100
AcDbLine
 10
6.0962320866141733
 20
-2.2798312598425197
 30
0
 11
6.0951027952755901
 21
-2.2741540551181103
 31
0
  0
LINE
  5
A0E
330
1B
100
AcDbEntity
  8
B.Cu
  6
CONTINUOUS
100
AcDbLine
 10
6.0951027952755901
 20
-2.2741540551181103
 30
0
 11
6.0949606299212595
 21
-2.2712598425196848
 31
0
  0
LINE
  5
A0F
330
1B
100
AcDbEntity
  8
B.Cu
  6
CONTINUOUS
100
AcDbLine
 10
6.0949606299212595
 20
-2.2712598425196848
 30
0
 11
6.0949606299212595
 21
-2.0422307086614171
 31
0
  0
LINE
  5
A10
330
1B
100
AcDbEntity
  8
B.Cu
  6
CONTINUOUS
100
AcDbLine
 10
6.0949606299212595
 20
-2.0422307086614171
 30
0
 11
6.0113913385826772
 21
-1.9586614173228345
 31
0
  0
LINE
  5
A11
330
1B
100
AcDbEntity
  8
B.Cu
  6
CONTINUOUS
100
AcDbLine
 10
6.0113913385826772
 20
-1.9586614173228345
 30
0
 11
5.3468763779527562
 21
-1.9586614173228345
 31
0
  0
LINE
  5
A12
330
1B
100
AcDbEntity
  8
B.Cu
  6
CONTINUOUS
100
AcDbLine
 10
5.3468763779527562
 20
-1.9586614173228345
 30
0
 11
5.3051181102362204
 21
-2.0004196850393701
 31
0
  0
LINE
  5
A13
330
1B
100
AcDbEntity
  8
B.Cu
  6
CONTINUOUS
100
AcDbLine
 10
5.3051181102362204
 20
-2.0004196850393701
 30
0
 11
5.3051181102362204
 21
-2.6387141732283466
 31
0
  0
LINE
  5
A14
330
1B
100
AcDbEntity
  8
B.Cu
  6
CONTINUOUS
100
AcDbLine
 10
5.3051181102362204
 20
-2.6387141732283466
 30
0
 11
5.3990811023622047
 21
-2.7326771653543305
 31
0
  0
LINE
  5
A15
330
1B
100
AcDbEntity
  8
B.Cu
  6
CONTINUOUS
100
AcDbLine
 10
5.3990811023622047
 20
-2.7326771653543305
 30
0
 11
5.4565129133858266
 21
-2.7326771653543305
 31
0
  0
LINE
  5
A16
330
1B
100
AcDbEntity
  8
B.Cu
  6
CONTINUOUS
100
AcDbLine
 10
5.4565129133858266
 20
-2.7326771653543305
 30
0
 11
5.4581618503937008
 21
-2.7323491732283465
 31
0
  0
LINE
  5
A17
330
1B
100
AcDbEntity
  8
B.Cu
  6
CONTINUOUS
100
AcDbLine
 10
5.4581618503937008
 20
-2.7323491732283465
 30
0
 11
5.4611023622047243
 21
-2.7322047244094487
 31
0
  0
LINE
  5
A18
330
1B
100
AcDbEntity
  8
B.Cu
  6
CONTINUOUS
100
AcDbLine
 10
5.4611023622047243
 20
-2.7322047244094487
 30
0
 11
5.4759055118110238
 21
-2.7322047244094487
 31
0
  0
LINE
  5
A19
330
1B
100
AcDbEntity
  8
B.Cu
  6
CONTINUOUS
100
AcDbLine
 10
5.4759055118110238
 20
-2.7322047244094487
 30
0
 11
5.4788460236220473
 21
-2.7323491732283465
 31
0
  0
LINE
  5
A1A
330
1B
100
AcDbEntity
  8
B.Cu
  6
CONTINUOUS
100
AcDbLine
 10
5.4788460236220473
 20
-2.7323491732283465
 30
0
 11
5.4846140551181097
 21
-2.7334964960629922
 31
0
  0
LINE
  5
A1B
330
1B
100
AcDbEntity
  8
B.Cu
  6
CONTINUOUS
100
AcDbLine
 10
5.4846140551181097
 20
-2.7334964960629922
 30
0
 11
5.4900474015748033
 21
-2.7357470866141731
 31
0
  0
LINE
  5
A1C
330
1B
100
AcDbEntity
  8
B.Cu
  6
CONTINUOUS
100
AcDbLine
 10
5.4900474015748033
 20
-2.7357470866141731
 30
0
 11
5.4949373228346454
 21
-2.7390144094488189
 31
0
  0
LINE
  5
A1D
330
1B
100
AcDbEntity
  8
B.Cu
  6
CONTINUOUS
100
AcDbLine
 10
5.4949373228346454
 20
-2.7390144094488189
 30
0
 11
5.4990958267716534
 21
-2.7431729133858269
 31
0
  0
LINE
  5
A1E
330
1B
100
AcDbEntity
  8
B.Cu
  6
CONTINUOUS
100
AcDbLine
 10
5.4990958267716534
 20
-2.7431729133858269
 30
0
 11
5.5023631496062988
 21
-2.748062834645669
 31
0
  0
LINE
  5
A1F
330
1B
100
AcDbEntity
  8
B.Cu
  6
CONTINUOUS
100
AcDbLine
 10
5.5023631496062988
 20
-2.748062834645669
 30
0
 11
5.5046137401574802
 21
-2.7534961811023622
 31
0
  0
LINE
  5
A20
330
1B
100
AcDbEntity
  8
B.Cu
  6
CONTINUOUS
100
AcDbLine
 10
5.5046137401574802
 20
-2.7534961811023622
 30
0
 11
5.5057610629921259
 21
-2.759264212598425
 31
0
  0
LINE
  5
A21
330
1B
100
AcDbEntity
  8
B.Cu
  6
CONTINUOUS
100
AcDbLine
 10
5.5057610629921259
 20
-2.759264212598425
 30
0
 11
5.5057610629921259
 21
-2.7651452362204725
 31
0
  0
LINE
  5
A22
330
1B
100
AcDbEntity
  8
B.Cu
  6
CONTINUOUS
100
AcDbLine
 10
5.5057610629921259
 20
-2.7651452362204725
 30
0
 11
5.5046137401574802
 21
-2.7709132677165353
 31
0
  0
LINE
  5
A23
330
1B
100
AcDbEntity
  8
B.Cu
  6
CONTINUOUS
100
AcDbLine
 10
5.5046137401574802
 20
-2.7709132677165353
 30
0
 11
5.5023631496062988
 21
-2.7763466141732285
 31
0
  0
LINE
  5
A24
330
1B
100
AcDbEntity
  8
B.Cu
  6
CONTINUOUS
100
AcDbLine
 10
5.5023631496062988
 20
-2.7763466141732285
 30
0
 11
5.4990958267716534
 21
-2.7812365354330706
 31
0
  0
LINE
  5
A25
330
1B
100
AcDbEntity
  8
B.Cu
  6
CONTINUOUS
100
AcDbLine
 10
5.4990958267716534
 20
-2.7812365354330706
 30
0
 11
5.4949373228346454
 21
-2.7853950393700786
 31
0
  0
LINE
  5
A26
330
1B
100
AcDbEntity
  8
B.Cu
  6
CONTINUOUS
100
AcDbLine
 10
5.4949373228346454
 20
-2.7853950393700786
 30
0
 11
5.4900474015748033
 21
-2.7886623622047244
 31
0
  0
LINE
  5
A27
330
1B
100
AcDbEntity
  8
B.Cu
  6
CONTINUOUS
100
AcDbLine
 10
5.4900474015748033
 20
-2.7886623622047244
 30
0
 11
5.4846140551181097
 21
-2.7909129527559053
 31
0
  0
LINE
  5
A28
330
1B
100
AcDbEntity
  8
B.Cu
  6
CONTINUOUS
100
AcDbLine
 10
5.4846140551181097
 20
-2.7909129527559053
 30
0
 11
5.4788460236220473
 21
-2.792060275590551
 31
0
  0
LINE
  5
A29
330
1B
100
AcDbEntity
  8
B.Cu
  6
CONTINUOUS
100
AcDbLine
 10
5.4788460236220473
 20
-2.792060275590551
 30
0
 11
5.4759055118110238
 21
-2.7922047244094488
 31
0
  0
LINE
  5
A2A
330
1B
100
AcDbEntity
  8
B.Cu
  6
CONTINUOUS
100
AcDbLine
 10
5.4759055118110238
 20
-2.7922047244094488
 30
0
 11
5.4611023622047243
 21
-2.7922047244094488
 31
0
  0
LINE
  5
A2B
330
1B
100
AcDbEntity
  8
B.Cu
  6
CONTINUOUS
100
AcDbLine
 10
5.4611023622047243
 20
-2.7922047244094488
 30
0
 11
5.4581618503937008
 21
-2.792060275590551
 31
0
  0
LINE
  5
A2C
330
1B
100
AcDbEntity
  8
B.Cu
  6
CONTINUOUS
100
AcDbLine
 10
5.4581618503937008
 20
-2.792060275590551
 30
0
 11
5.4565129133858266
 21
-2.791732283464567
 31
0
  0
LINE
  5
A2D
330
1B
100
AcDbEntity
  8
B.Cu
  6
CONTINUOUS
100
AcDbLine
 10
5.4565129133858266
 20
-2.791732283464567
 30
0
 11
5.3868503937007874
 21
-2.791732283464567
 31
0
  0
LINE
  5
A2E
330
1B
100
AcDbEntity
  8
B.Cu
  6
CONTINUOUS
100
AcDbLine
 10
5.3868503937007874
 20
-2.791732283464567
 30
0
 11
5.383956181102362
 21
-2.7915901181102361
 31
0
  0
LINE
  5
A2F
330
1B
100
AcDbEntity
  8
B.Cu
  6
CONTINUOUS
100
AcDbLine
 10
5.383956181102362
 20
-2.7915901181102361
 30
0
 11
5.3782790157480314
 21
-2.7904608661417321
 31
0
  0
LINE
  5
A30
330
1B
100
AcDbEntity
  8
B.Cu
  6
CONTINUOUS
100
AcDbLine
 10
5.3782790157480314
 20
-2.7904608661417321
 30
0
 11
5.3739370866141734
 21
-2.7886623622047244
 31
0
  0
LINE
  5
A31
330
1B
100
AcDbEntity
  8
B.Cu
  6
CONTINUOUS
100
AcDbLine
 10
5.3739370866141734
 20
-2.7886623622047244
 30
0
 11
5.3729311811023619
 21
-2.7882457086614174
 31
0
  0
LINE
  5
A32
330
1B
100
AcDbEntity
  8
B.Cu
  6
CONTINUOUS
100
AcDbLine
 10
5.3729311811023619
 20
-2.7882457086614174
 30
0
 11
5.3706241732283466
 21
-2.7867042125984249
 31
0
  0
LINE
  5
A33
330
1B
100
AcDbEntity
  8
B.Cu
  6
CONTINUOUS
100
AcDbLine
 10
5.3706241732283466
 20
-2.7867042125984249
 30
0
 11
5.3681183070866139
 21
-2.7850298818897636
 31
0
  0
LINE
  5
A34
330
1B
100
AcDbEntity
  8
B.Cu
  6
CONTINUOUS
100
AcDbLine
 10
5.3681183070866139
 20
-2.7850298818897636
 30
0
 11
5.36597125984252
 21
-2.7830838582677164
 31
0
  0
LINE
  5
A35
330
1B
100
AcDbEntity
  8
B.Cu
  6
CONTINUOUS
100
AcDbLine
 10
5.36597125984252
 20
-2.7830838582677164
 30
0
 11
5.2547114173228344
 21
-2.6718240157480313
 31
0
  0
LINE
  5
A36
330
1B
100
AcDbEntity
  8
B.Cu
  6
CONTINUOUS
100
AcDbLine
 10
5.2547114173228344
 20
-2.6718240157480313
 30
0
 11
5.2527654330708664
 21
-2.669676968503937
 31
0
  0
LINE
  5
A37
330
1B
100
AcDbEntity
  8
B.Cu
  6
CONTINUOUS
100
AcDbLine
 10
5.2527654330708664
 20
-2.669676968503937
 30
0
 11
5.2523162992125982
 21
-2.6690048031496061
 31
0
  0
LINE
  5
A38
330
1B
100
AcDbEntity
  8
B.Cu
  6
CONTINUOUS
100
AcDbLine
 10
5.2523162992125982
 20
-2.6690048031496061
 30
0
 11
5.2495495669291339
 21
-2.664864094488189
 31
0
  0
LINE
  5
A39
330
1B
100
AcDbEntity
  8
B.Cu
  6
CONTINUOUS
100
AcDbLine
 10
5.2495495669291339
 20
-2.664864094488189
 30
0
 11
5.2486320078740158
 21
-2.6626489370078739
 31
0
  0
LINE
  5
A3A
330
1B
100
AcDbEntity
  8
B.Cu
  6
CONTINUOUS
100
AcDbLine
 10
5.2486320078740158
 20
-2.6626489370078739
 30
0
 11
5.2473344094488183
 21
-2.6595162598425195
 31
0
  0
LINE
  5
A3B
330
1B
100
AcDbEntity
  8
B.Cu
  6
CONTINUOUS
100
AcDbLine
 10
5.2473344094488183
 20
-2.6595162598425195
 30
0
 11
5.2462051574803148
 21
-2.6538390944881889
 31
0
  0
LINE
  5
A3C
330
1B
100
AcDbEntity
  8
B.Cu
  6
CONTINUOUS
100
AcDbLine
 10
5.2462051574803148
 20
-2.6538390944881889
 30
0
 11
5.2460629921259843
 21
-2.6509448818897638
 31
0
  0
LINE
  5
A3D
330
1B
100
AcDbEntity
  8
B.Cu
  6
CONTINUOUS
100
AcDbLine
 10
5.2460629921259843
 20
-2.6509448818897638
 30
0
 11
5.2460629921259843
 21
-1.9881889763779528
 31
0
  0
LINE
  5
A3E
330
1B
100
AcDbEntity
  8
B.Cu
  6
CONTINUOUS
100
AcDbLine
 10
5.2460629921259843
 20
-1.9881889763779528
 30
0
 11
5.2462051574803148
 21
-1.9852947637795275
 31
0
  0
LINE
  5
A3F
330
1B
100
AcDbEntity
  8
B.Cu
  6
CONTINUOUS
100
AcDbLine
 10
5.2462051574803148
 20
-1.9852947637795275
 30
0
 11
5.2464403543307085
 21
-1.9841122834645668
 31
0
  0
LINE
  5
A40
330
1B
100
AcDbEntity
  8
B.Cu
  6
CONTINUOUS
100
AcDbLine
 10
5.2464403543307085
 20
-1.9841122834645668
 30
0
 11
5.2473344094488183
 21
-1.9796175984251969
 31
0
  0
LINE
  5
A41
330
1B
100
AcDbEntity
  8
B.Cu
  6
CONTINUOUS
100
AcDbLine
 10
5.2473344094488183
 20
-1.9796175984251969
 30
0
 11
5.2495495669291339
 21
-1.9742698031496062
 31
0
  0
LINE
  5
A42
330
1B
100
AcDbEntity
  8
B.Cu
  6
CONTINUOUS
100
AcDbLine
 10
5.2495495669291339
 20
-1.9742698031496062
 30
0
 11
5.2495495669291339
 21
-1.9742697637795275
 31
0
  0
LINE
  5
A43
330
1B
100
AcDbEntity
  8
B.Cu
  6
CONTINUOUS
100
AcDbLine
 10
5.2495495669291339
 20
-1.9742697637795275
 30
0
 11
5.2527654330708664
 21
-1.9694568897637794
 31
0
  0
LINE
  5
A44
330
1B
100
AcDbEntity
  8
B.Cu
  6
CONTINUOUS
100
AcDbLine
 10
5.2527654330708664
 20
-1.9694568897637794
 30
0
 11
5.2547114173228344
 21
-1.9673098425196851
 31
0
  0
LINE
  5
A45
330
1B
100
AcDbEntity
  8
B.Cu
  6
CONTINUOUS
100
AcDbLine
 10
5.2547114173228344
 20
-1.9673098425196851
 30
0
 11
5.3137665354330705
 21
-1.9082547244094488
 31
0
  0
LINE
  5
A46
330
1B
100
AcDbEntity
  8
B.Cu
  6
CONTINUOUS
100
AcDbLine
 10
5.3137665354330705
 20
-1.9082547244094488
 30
0
 11
5.3159135826771653
 21
-1.9063087401574803
 31
0
  0
LINE
  5
A47
330
1B
100
AcDbEntity
  8
B.Cu
  6
CONTINUOUS
100
AcDbLine
 10
5.3159135826771653
 20
-1.9063087401574803
 30
0
 11
5.3207264566929133
 21
-1.903092874015748
 31
0
  0
LINE
  5
A48
330
1B
100
AcDbEntity
  8
B.Cu
  6
CONTINUOUS
100
AcDbLine
 10
5.3207264566929133
 20
-1.903092874015748
 30
0
 11
5.326074251968504
 21
-1.9008777559055117
 31
0
  0
LINE
  5
A49
330
1B
100
AcDbEntity
  8
B.Cu
  6
CONTINUOUS
100
AcDbLine
 10
5.326074251968504
 20
-1.9008777559055117
 30
0
 11
5.3317514566929134
 21
-1.8997484645669291
 31
0
  0
LINE
  5
A4A
330
1B
100
AcDbEntity
  8
B.Cu
  6
CONTINUOUS
100
AcDbLine
 10
5.3317514566929134
 20
-1.8997484645669291
 30
0
 11
5.3346456692913389
 21
-1.8996062992125984
 31
0
  0
LINE
  5
A4B
330
1B
100
AcDbEntity
  8
B.Cu
  6
CONTINUOUS
100
AcDbLine
 10
5.3346456692913389
 20
-1.8996062992125984
 30
0
 11
6.0236220472440944
 21
-1.8996062992125984
 31
0
  0
LINE
  5
A4C
330
1B
100
AcDbEntity
  8
B.Cu
  6
CONTINUOUS
100
AcDbLine
 10
6.0236220472440944
 20
-1.8996062992125984
 30
0
 11
6.0265162598425199
 21
-1.8997484645669291
 31
0
  0
LINE
  5
A4D
330
1B
100
AcDbEntity
  8
B.Cu
  6
CONTINUOUS
100
AcDbLine
 10
3.457618622047244
 20
-2.6871500393700787
 30
0
 11
3.4632958267716534
 21
-2.6882793307086614
 31
0
  0
LINE
  5
A4E
330
1B
100
AcDbEntity
  8
B.Cu
  6
CONTINUOUS
100
AcDbLine
 10
3.4632958267716534
 20
-2.6882793307086614
 30
0
 11
3.4686436220472441
 21
-2.6904944488188978
 31
0
  0
LINE
  5
A4F
330
1B
100
AcDbEntity
  8
B.Cu
  6
CONTINUOUS
100
AcDbLine
 10
3.4686436220472441
 20
-2.6904944488188978
 30
0
 11
3.4734564960629921
 21
-2.6937103149606298
 31
0
  0
LINE
  5
A50
330
1B
100
AcDbEntity
  8
B.Cu
  6
CONTINUOUS
100
AcDbLine
 10
3.4734564960629921
 20
-2.6937103149606298
 30
0
 11
3.4775495275590549
 21
-2.6978033464566931
 31
0
  0
LINE
  5
A51
330
1B
100
AcDbEntity
  8
B.Cu
  6
CONTINUOUS
100
AcDbLine
 10
3.4775495275590549
 20
-2.6978033464566931
 30
0
 11
3.4807653937007874
 21
-2.7026162204724411
 31
0
  0
LINE
  5
A52
330
1B
100
AcDbEntity
  8
B.Cu
  6
CONTINUOUS
100
AcDbLine
 10
3.4807653937007874
 20
-2.7026162204724411
 30
0
 11
3.4829805118110237
 21
-2.7079640157480314
 31
0
  0
LINE
  5
A53
330
1B
100
AcDbEntity
  8
B.Cu
  6
CONTINUOUS
100
AcDbLine
 10
3.4829805118110237
 20
-2.7079640157480314
 30
0
 11
3.4841098031496061
 21
-2.7136412204724407
 31
0
  0
LINE
  5
A54
330
1B
100
AcDbEntity
  8
B.Cu
  6
CONTINUOUS
100
AcDbLine
 10
3.4841098031496061
 20
-2.7136412204724407
 30
0
 11
3.4841098031496061
 21
-2.7194296456692912
 31
0
  0
LINE
  5
A55
330
1B
100
AcDbEntity
  8
B.Cu
  6
CONTINUOUS
100
AcDbLine
 10
3.4841098031496061
 20
-2.7194296456692912
 30
0
 11
3.4829805118110237
 21
-2.7251068503937006
 31
0
  0
LINE
  5
A56
330
1B
100
AcDbEntity
  8
B.Cu
  6
CONTINUOUS
100
AcDbLine
 10
3.4829805118110237
 20
-2.7251068503937006
 30
0
 11
3.4807653937007874
 21
-2.7304546456692913
 31
0
  0
LINE
  5
A57
330
1B
100
AcDbEntity
  8
B.Cu
  6
CONTINUOUS
100
AcDbLine
 10
3.4807653937007874
 20
-2.7304546456692913
 30
0
 11
3.4775495275590549
 21
-2.7352675196850393
 31
0
  0
LINE
  5
A58
330
1B
100
AcDbEntity
  8
B.Cu
  6
CONTINUOUS
100
AcDbLine
 10
3.4775495275590549
 20
-2.7352675196850393
 30
0
 11
3.4734564960629921
 21
-2.7393605511811021
 31
0
  0
LINE
  5
A59
330
1B
100
AcDbEntity
  8
B.Cu
  6
CONTINUOUS
100
AcDbLine
 10
3.4734564960629921
 20
-2.7393605511811021
 30
0
 11
3.4686436220472441
 21
-2.7425764173228346
 31
0
  0
LINE
  5
A5A
330
1B
100
AcDbEntity
  8
B.Cu
  6
CONTINUOUS
100
AcDbLine
 10
3.4686436220472441
 20
-2.7425764173228346
 30
0
 11
3.4632958267716534
 21
-2.744791535433071
 31
0
  0
LINE
  5
A5B
330
1B
100
AcDbEntity
  8
B.Cu
  6
CONTINUOUS
100
AcDbLine
 10
3.4632958267716534
 20
-2.744791535433071
 30
0
 11
3.457618622047244
 21
-2.7459208267716533
 31
0
  0
LINE
  5
A5C
330
1B
100
AcDbEntity
  8
B.Cu
  6
CONTINUOUS
100
AcDbLine
 10
3.457618622047244
 20
-2.7459208267716533
 30
0
 11
3.454724409448819
 21
-2.7460629921259843
 31
0
  0
LINE
  5
A5D
330
1B
100
AcDbEntity
  8
B.Cu
  6
CONTINUOUS
100
AcDbLine
 10
3.454724409448819
 20
-2.7460629921259843
 30
0
 11
3.4350393700787403
 21
-2.7460629921259843
 31
0
  0
LINE
  5
A5E
330
1B
100
AcDbEntity
  8
B.Cu
  6
CONTINUOUS
100
AcDbLine
 10
3.4350393700787403
 20
-2.7460629921259843
 30
0
 11
3.4321451574803148
 21
-2.7459208267716533
 31
0
  0
LINE
  5
A5F
330
1B
100
AcDbEntity
  8
B.Cu
  6
CONTINUOUS
100
AcDbLine
 10
3.4321451574803148
 20
-2.7459208267716533
 30
0
 11
3.4264679527559054
 21
-2.744791535433071
 31
0
  0
LINE
  5
A60
330
1B
100
AcDbEntity
  8
B.Cu
  6
CONTINUOUS
100
AcDbLine
 10
3.4264679527559054
 20
-2.744791535433071
 30
0
 11
3.4211201574803147
 21
-2.7425764173228346
 31
0
  0
LINE
  5
A61
330
1B
100
AcDbEntity
  8
B.Cu
  6
CONTINUOUS
100
AcDbLine
 10
3.4211201574803147
 20
-2.7425764173228346
 30
0
 11
3.4163072834645667
 21
-2.7393605511811021
 31
0
  0
LINE
  5
A62
330
1B
100
AcDbEntity
  8
B.Cu
  6
CONTINUOUS
100
AcDbLine
 10
3.4163072834645667
 20
-2.7393605511811021
 30
0
 11
3.4122142519685039
 21
-2.7352675196850393
 31
0
  0
LINE
  5
A63
330
1B
100
AcDbEntity
  8
B.Cu
  6
CONTINUOUS
100
AcDbLine
 10
3.4122142519685039
 20
-2.7352675196850393
 30
0
 11
3.4089983858267714
 21
-2.7304546456692913
 31
0
  0
LINE
  5
A64
330
1B
100
AcDbEntity
  8
B.Cu
  6
CONTINUOUS
100
AcDbLine
 10
3.4089983858267714
 20
-2.7304546456692913
 30
0
 11
3.4067832677165355
 21
-2.7251068503937006
 31
0
  0
LINE
  5
A65
330
1B
100
AcDbEntity
  8
B.Cu
  6
CONTINUOUS
100
AcDbLine
 10
3.4067832677165355
 20
-2.7251068503937006
 30
0
 11
3.4056539763779528
 21
-2.7194296456692912
 31
0
  0
LINE
  5
A66
330
1B
100
AcDbEntity
  8
B.Cu
  6
CONTINUOUS
100
AcDbLine
 10
3.4056539763779528
 20
-2.7194296456692912
 30
0
 11
3.4056539763779528
 21
-2.7136412204724407
 31
0
  0
LINE
  5
A67
330
1B
100
AcDbEntity
  8
B.Cu
  6
CONTINUOUS
100
AcDbLine
 10
3.4056539763779528
 20
-2.7136412204724407
 30
0
 11
3.4067832677165355
 21
-2.7079640157480314
 31
0
  0
LINE
  5
A68
330
1B
100
AcDbEntity
  8
B.Cu
  6
CONTINUOUS
100
AcDbLine
 10
3.4067832677165355
 20
-2.7079640157480314
 30
0
 11
3.4089983858267714
 21
-2.7026162204724411
 31
0
  0
LINE
  5
A69
330
1B
100
AcDbEntity
  8
B.Cu
  6
CONTINUOUS
100
AcDbLine
 10
3.4089983858267714
 20
-2.7026162204724411
 30
0
 11
3.4122142519685039
 21
-2.6978033464566931
 31
0
  0
LINE
  5
A6A
330
1B
100
AcDbEntity
  8
B.Cu
  6
CONTINUOUS
100
AcDbLine
 10
3.4122142519685039
 20
-2.6978033464566931
 30
0
 11
3.4163072834645667
 21
-2.6937103149606298
 31
0
  0
LINE
  5
A6B
330
1B
100
AcDbEntity
  8
B.Cu
  6
CONTINUOUS
100
AcDbLine
 10
3.4163072834645667
 20
-2.6937103149606298
 30
0
 11
3.4211201574803147
 21
-2.6904944488188978
 31
0
  0
LINE
  5
A6C
330
1B
100
AcDbEntity
  8
B.Cu
  6
CONTINUOUS
100
AcDbLine
 10
3.4211201574803147
 20
-2.6904944488188978
 30
0
 11
3.4264679527559054
 21
-2.6882793307086614
 31
0
  0
LINE
  5
A6D
330
1B
100
AcDbEntity
  8
B.Cu
  6
CONTINUOUS
100
AcDbLine
 10
3.4264679527559054
 20
-2.6882793307086614
 30
0
 11
3.4321451574803148
 21
-2.6871500393700787
 31
0
  0
LINE
  5
A6E
330
1B
100
AcDbEntity
  8
B.Cu
  6
CONTINUOUS
100
AcDbLine
 10
3.4321451574803148
 20
-2.6871500393700787
 30
0
 11
3.4350393700787403
 21
-2.6870078740157481
 31
0
  0
LINE
  5
A6F
330
1B
100
AcDbEntity
  8
B.Cu
  6
CONTINUOUS
100
AcDbLine
 10
3.4350393700787403
 20
-2.6870078740157481
 30
0
 11
3.454724409448819
 21
-2.6870078740157481
 31
0
  0
LINE
  5
A70
330
1B
100
AcDbEntity
  8
B.Cu
  6
CONTINUOUS
100
AcDbLine
 10
3.454724409448819
 20
-2.6870078740157481
 30
0
 11
3.457618622047244
 21
-2.6871500393700787
 31
0
  0
LINE
  5
A71
330
1B
100
AcDbEntity
  8
B.Cu
  6
CONTINUOUS
100
AcDbLine
 10
4.4788460236220473
 20
-2.6323491732283464
 30
0
 11
4.4846140551181097
 21
-2.6334964960629921
 31
0
  0
LINE
  5
A72
330
1B
100
AcDbEntity
  8
B.Cu
  6
CONTINUOUS
100
AcDbLine
 10
4.4846140551181097
 20
-2.6334964960629921
 30
0
 11
4.4900474015748033
 21
-2.635747086614173
 31
0
  0
LINE
  5
A73
330
1B
100
AcDbEntity
  8
B.Cu
  6
CONTINUOUS
100
AcDbLine
 10
4.4900474015748033
 20
-2.635747086614173
 30
0
 11
4.4949373228346454
 21
-2.6390144094488188
 31
0
  0
LINE
  5
A74
330
1B
100
AcDbEntity
  8
B.Cu
  6
CONTINUOUS
100
AcDbLine
 10
4.4949373228346454
 20
-2.6390144094488188
 30
0
 11
4.4990958267716534
 21
-2.6431729133858268
 31
0
  0
LINE
  5
A75
330
1B
100
AcDbEntity
  8
B.Cu
  6
CONTINUOUS
100
AcDbLine
 10
4.4990958267716534
 20
-2.6431729133858268
 30
0
 11
4.5023631496062988
 21
-2.6480628346456694
 31
0
  0
LINE
  5
A76
330
1B
100
AcDbEntity
  8
B.Cu
  6
CONTINUOUS
100
AcDbLine
 10
4.5023631496062988
 20
-2.6480628346456694
 30
0
 11
4.5046137401574802
 21
-2.6534961811023621
 31
0
  0
LINE
  5
A77
330
1B
100
AcDbEntity
  8
B.Cu
  6
CONTINUOUS
100
AcDbLine
 10
4.5046137401574802
 20
-2.6534961811023621
 30
0
 11
4.5057610629921259
 21
-2.6592642125984249
 31
0
  0
LINE
  5
A78
330
1B
100
AcDbEntity
  8
B.Cu
  6
CONTINUOUS
100
AcDbLine
 10
4.5057610629921259
 20
-2.6592642125984249
 30
0
 11
4.5057610629921259
 21
-2.6651452362204724
 31
0
  0
LINE
  5
A79
330
1B
100
AcDbEntity
  8
B.Cu
  6
CONTINUOUS
100
AcDbLine
 10
4.5057610629921259
 20
-2.6651452362204724
 30
0
 11
4.5046137401574802
 21
-2.6709132677165353
 31
0
  0
LINE
  5
A7A
330
1B
100
AcDbEntity
  8
B.Cu
  6
CONTINUOUS
100
AcDbLine
 10
4.5046137401574802
 20
-2.6709132677165353
 30
0
 11
4.5023631496062988
 21
-2.6763466141732284
 31
0
  0
LINE
  5
A7B
330
1B
100
AcDbEntity
  8
B.Cu
  6
CONTINUOUS
100
AcDbLine
 10
4.5023631496062988
 20
-2.6763466141732284
 30
0
 11
4.4990958267716534
 21
-2.6812365354330709
 31
0
  0
LINE
  5
A7C
330
1B
100
AcDbEntity
  8
B.Cu
  6
CONTINUOUS
100
AcDbLine
 10
4.4990958267716534
 20
-2.6812365354330709
 30
0
 11
4.4949373228346454
 21
-2.6853950393700785
 31
0
  0
LINE
  5
A7D
330
1B
100
AcDbEntity
  8
B.Cu
  6
CONTINUOUS
100
AcDbLine
 10
4.4949373228346454
 20
-2.6853950393700785
 30
0
 11
4.4900474015748033
 21
-2.6886623622047243
 31
0
  0
LINE
  5
A7E
330
1B
100
AcDbEntity
  8
B.Cu
  6
CONTINUOUS
100
AcDbLine
 10
4.4900474015748033
 20
-2.6886623622047243
 30
0
 11
4.4846140551181097
 21
-2.6909129527559053
 31
0
  0
LINE
  5
A7F
330
1B
100
AcDbEntity
  8
B.Cu
  6
CONTINUOUS
100
AcDbLine
 10
4.4846140551181097
 20
-2.6909129527559053
 30
0
 11
4.4788460236220473
 21
-2.6920602755905509
 31
0
  0
LINE
  5
A80
330
1B
100
AcDbEntity
  8
B.Cu
  6
CONTINUOUS
100
AcDbLine
 10
4.4788460236220473
 20
-2.6920602755905509
 30
0
 11
4.4759055118110238
 21
-2.6922047244094487
 31
0
  0
LINE
  5
A81
330
1B
100
AcDbEntity
  8
B.Cu
  6
CONTINUOUS
100
AcDbLine
 10
4.4759055118110238
 20
-2.6922047244094487
 30
0
 11
4.4611023622047243
 21
-2.6922047244094487
 31
0
  0
LINE
  5
A82
330
1B
100
AcDbEntity
  8
B.Cu
  6
CONTINUOUS
100
AcDbLine
 10
4.4611023622047243
 20
-2.6922047244094487
 30
0
 11
4.4581618503937008
 21
-2.6920602755905509
 31
0
  0
LINE
  5
A83
330
1B
100
AcDbEntity
  8
B.Cu
  6
CONTINUOUS
100
AcDbLine
 10
4.4581618503937008
 20
-2.6920602755905509
 30
0
 11
4.4523938188976375
 21
-2.6909129527559053
 31
0
  0
LINE
  5
A84
330
1B
100
AcDbEntity
  8
B.Cu
  6
CONTINUOUS
100
AcDbLine
 10
4.4523938188976375
 20
-2.6909129527559053
 30
0
 11
4.4469604724409448
 21
-2.6886623622047243
 31
0
  0
LINE
  5
A85
330
1B
100
AcDbEntity
  8
B.Cu
  6
CONTINUOUS
100
AcDbLine
 10
4.4469604724409448
 20
-2.6886623622047243
 30
0
 11
4.4420705511811018
 21
-2.6853950393700785
 31
0
  0
LINE
  5
A86
330
1B
100
AcDbEntity
  8
B.Cu
  6
CONTINUOUS
100
AcDbLine
 10
4.4420705511811018
 20
-2.6853950393700785
 30
0
 11
4.4379120472440947
 21
-2.6812365354330709
 31
0
  0
LINE
  5
A87
330
1B
100
AcDbEntity
  8
B.Cu
  6
CONTINUOUS
100
AcDbLine
 10
4.4379120472440947
 20
-2.6812365354330709
 30
0
 11
4.4346447244094485
 21
-2.6763466141732284
 31
0
  0
LINE
  5
A88
330
1B
100
AcDbEntity
  8
B.Cu
  6
CONTINUOUS
100
AcDbLine
 10
4.4346447244094485
 20
-2.6763466141732284
 30
0
 11
4.432394133858268
 21
-2.6709132677165353
 31
0
  0
LINE
  5
A89
330
1B
100
AcDbEntity
  8
B.Cu
  6
CONTINUOUS
100
AcDbLine
 10
4.432394133858268
 20
-2.6709132677165353
 30
0
 11
4.4312468110236223
 21
-2.6651452362204724
 31
0
  0
LINE
  5
A8A
330
1B
100
AcDbEntity
  8
B.Cu
  6
CONTINUOUS
100
AcDbLine
 10
4.4312468110236223
 20
-2.6651452362204724
 30
0
 11
4.4312468110236223
 21
-2.6592642125984249
 31
0
  0
LINE
  5
A8B
330
1B
100
AcDbEntity
  8
B.Cu
  6
CONTINUOUS
100
AcDbLine
 10
4.4312468110236223
 20
-2.6592642125984249
 30
0
 11
4.432394133858268
 21
-2.6534961811023621
 31
0
  0
LINE
  5
A8C
330
1B
100
AcDbEntity
  8
B.Cu
  6
CONTINUOUS
100
AcDbLine
 10
4.432394133858268
 20
-2.6534961811023621
 30
0
 11
4.4346447244094485
 21
-2.6480628346456694
 31
0
  0
LINE
  5
A8D
330
1B
100
AcDbEntity
  8
B.Cu
  6
CONTINUOUS
100
AcDbLine
 10
4.4346447244094485
 20
-2.6480628346456694
 30
0
 11
4.4379120472440947
 21
-2.6431729133858268
 31
0
  0
LINE
  5
A8E
330
1B
100
AcDbEntity
  8
B.Cu
  6
CONTINUOUS
100
AcDbLine
 10
4.4379120472440947
 20
-2.6431729133858268
 30
0
 11
4.4420705511811018
 21
-2.6390144094488188
 31
0
  0
LINE
  5
A8F
330
1B
100
AcDbEntity
  8
B.Cu
  6
CONTINUOUS
100
AcDbLine
 10
4.4420705511811018
 20
-2.6390144094488188
 30
0
 11
4.4469604724409448
 21
-2.635747086614173
 31
0
  0
LINE
  5
A90
330
1B
100
AcDbEntity
  8
B.Cu
  6
CONTINUOUS
100
AcDbLine
 10
4.4469604724409448
 20
-2.635747086614173
 30
0
 11
4.4523938188976375
 21
-2.6334964960629921
 31
0
  0
LINE
  5
A91
330
1B
100
AcDbEntity
  8
B.Cu
  6
CONTINUOUS
100
AcDbLine
 10
4.4523938188976375
 20
-2.6334964960629921
 30
0
 11
4.4581618503937008
 21
-2.6323491732283464
 31
0
  0
LINE
  5
A92
330
1B
100
AcDbEntity
  8
B.Cu
  6
CONTINUOUS
100
AcDbLine
 10
4.4581618503937008
 20
-2.6323491732283464
 30
0
 11
4.4611023622047243
 21
-2.6322047244094486
 31
0
  0
LINE
  5
A93
330
1B
100
AcDbEntity
  8
B.Cu
  6
CONTINUOUS
100
AcDbLine
 10
4.4611023622047243
 20
-2.6322047244094486
 30
0
 11
4.4759055118110238
 21
-2.6322047244094486
 31
0
  0
LINE
  5
A94
330
1B
100
AcDbEntity
  8
B.Cu
  6
CONTINUOUS
100
AcDbLine
 10
4.4759055118110238
 20
-2.6322047244094486
 30
0
 11
4.4788460236220473
 21
-2.6323491732283464
 31
0
  0
LINE
  5
A95
330
1B
100
AcDbEntity
  8
B.Cu
  6
CONTINUOUS
100
AcDbLine
 10
5.4788460236220473
 20
-2.6323491732283464
 30
0
 11
5.4846140551181097
 21
-2.6334964960629921
 31
0
  0
LINE
  5
A96
330
1B
100
AcDbEntity
  8
B.Cu
  6
CONTINUOUS
100
AcDbLine
 10
5.4846140551181097
 20
-2.6334964960629921
 30
0
 11
5.4900474015748033
 21
-2.635747086614173
 31
0
  0
LINE
  5
A97
330
1B
100
AcDbEntity
  8
B.Cu
  6
CONTINUOUS
100
AcDbLine
 10
5.4900474015748033
 20
-2.635747086614173
 30
0
 11
5.4949373228346454
 21
-2.6390144094488188
 31
0
  0
LINE
  5
A98
330
1B
100
AcDbEntity
  8
B.Cu
  6
CONTINUOUS
100
AcDbLine
 10
5.4949373228346454
 20
-2.6390144094488188
 30
0
 11
5.4990958267716534
 21
-2.6431729133858268
 31
0
  0
LINE
  5
A99
330
1B
100
AcDbEntity
  8
B.Cu
  6
CONTINUOUS
100
AcDbLine
 10
5.4990958267716534
 20
-2.6431729133858268
 30
0
 11
5.5023631496062988
 21
-2.6480628346456694
 31
0
  0
LINE
  5
A9A
330
1B
100
AcDbEntity
  8
B.Cu
  6
CONTINUOUS
100
AcDbLine
 10
5.5023631496062988
 20
-2.6480628346456694
 30
0
 11
5.5046137401574802
 21
-2.6534961811023621
 31
0
  0
LINE
  5
A9B
330
1B
100
AcDbEntity
  8
B.Cu
  6
CONTINUOUS
100
AcDbLine
 10
5.5046137401574802
 20
-2.6534961811023621
 30
0
 11
5.5057610629921259
 21
-2.6592642125984249
 31
0
  0
LINE
  5
A9C
330
1B
100
AcDbEntity
  8
B.Cu
  6
CONTINUOUS
100
AcDbLine
 10
5.5057610629921259
 20
-2.6592642125984249
 30
0
 11
5.5057610629921259
 21
-2.6651452362204724
 31
0
  0
LINE
  5
A9D
330
1B
100
AcDbEntity
  8
B.Cu
  6
CONTINUOUS
100
AcDbLine
 10
5.5057610629921259
 20
-2.6651452362204724
 30
0
 11
5.5046137401574802
 21
-2.6709132677165353
 31
0
  0
LINE
  5
A9E
330
1B
100
AcDbEntity
  8
B.Cu
  6
CONTINUOUS
100
AcDbLine
 10
5.5046137401574802
 20
-2.6709132677165353
 30
0
 11
5.5023631496062988
 21
-2.6763466141732284
 31
0
  0
LINE
  5
A9F
330
1B
100
AcDbEntity
  8
B.Cu
  6
CONTINUOUS
100
AcDbLine
 10
5.5023631496062988
 20
-2.6763466141732284
 30
0
 11
5.4990958267716534
 21
-2.6812365354330709
 31
0
  0
LINE
  5
AA0
330
1B
100
AcDbEntity
  8
B.Cu
  6
CONTINUOUS
100
AcDbLine
 10
5.4990958267716534
 20
-2.6812365354330709
 30
0
 11
5.4949373228346454
 21
-2.6853950393700785
 31
0
  0
LINE
  5
AA1
330
1B
100
AcDbEntity
  8
B.Cu
  6
CONTINUOUS
100
AcDbLine
 10
5.4949373228346454
 20
-2.6853950393700785
 30
0
 11
5.4900474015748033
 21
-2.6886623622047243
 31
0
  0
LINE
  5
AA2
330
1B
100
AcDbEntity
  8
B.Cu
  6
CONTINUOUS
100
AcDbLine
 10
5.4900474015748033
 20
-2.6886623622047243
 30
0
 11
5.4846140551181097
 21
-2.6909129527559053
 31
0
  0
LINE
  5
AA3
330
1B
100
AcDbEntity
  8
B.Cu
  6
CONTINUOUS
100
AcDbLine
 10
5.4846140551181097
 20
-2.6909129527559053
 30
0
 11
5.4788460236220473
 21
-2.6920602755905509
 31
0
  0
LINE
  5
AA4
330
1B
100
AcDbEntity
  8
B.Cu
  6
CONTINUOUS
100
AcDbLine
 10
5.4788460236220473
 20
-2.6920602755905509
 30
0
 11
5.4759055118110238
 21
-2.6922047244094487
 31
0
  0
LINE
  5
AA5
330
1B
100
AcDbEntity
  8
B.Cu
  6
CONTINUOUS
100
AcDbLine
 10
5.4759055118110238
 20
-2.6922047244094487
 30
0
 11
5.4611023622047243
 21
-2.6922047244094487
 31
0
  0
LINE
  5
AA6
330
1B
100
AcDbEntity
  8
B.Cu
  6
CONTINUOUS
100
AcDbLine
 10
5.4611023622047243
 20
-2.6922047244094487
 30
0
 11
5.4581618503937008
 21
-2.6920602755905509
 31
0
  0
LINE
  5
AA7
330
1B
100
AcDbEntity
  8
B.Cu
  6
CONTINUOUS
100
AcDbLine
 10
5.4581618503937008
 20
-2.6920602755905509
 30
0
 11
5.4523938188976375
 21
-2.6909129527559053
 31
0
  0
LINE
  5
AA8
330
1B
100
AcDbEntity
  8
B.Cu
  6
CONTINUOUS
100
AcDbLine
 10
5.4523938188976375
 20
-2.6909129527559053
 30
0
 11
5.4469604724409448
 21
-2.6886623622047243
 31
0
  0
LINE
  5
AA9
330
1B
100
AcDbEntity
  8
B.Cu
  6
CONTINUOUS
100
AcDbLine
 10
5.4469604724409448
 20
-2.6886623622047243
 30
0
 11
5.4420705511811018
 21
-2.6853950393700785
 31
0
  0
LINE
  5
AAA
330
1B
100
AcDbEntity
  8
B.Cu
  6
CONTINUOUS
100
AcDbLine
 10
5.4420705511811018
 20
-2.6853950393700785
 30
0
 11
5.4379120472440947
 21
-2.6812365354330709
 31
0
  0
LINE
  5
AAB
330
1B
100
AcDbEntity
  8
B.Cu
  6
CONTINUOUS
100
AcDbLine
 10
5.4379120472440947
 20
-2.6812365354330709
 30
0
 11
5.4346447244094485
 21
-2.6763466141732284
 31
0
  0
LINE
  5
AAC
330
1B
100
AcDbEntity
  8
B.Cu
  6
CONTINUOUS
100
AcDbLine
 10
5.4346447244094485
 20
-2.6763466141732284
 30
0
 11
5.432394133858268
 21
-2.6709132677165353
 31
0
  0
LINE
  5
AAD
330
1B
100
AcDbEntity
  8
B.Cu
  6
CONTINUOUS
100
AcDbLine
 10
5.432394133858268
 20
-2.6709132677165353
 30
0
 11
5.4312468110236223
 21
-2.6651452362204724
 31
0
  0
LINE
  5
AAE
330
1B
100
AcDbEntity
  8
B.Cu
  6
CONTINUOUS
100
AcDbLine
 10
5.4312468110236223
 20
-2.6651452362204724
 30
0
 11
5.4312468110236223
 21
-2.6592642125984249
 31
0
  0
LINE
  5
AAF
330
1B
100
AcDbEntity
  8
B.Cu
  6
CONTINUOUS
100
AcDbLine
 10
5.4312468110236223
 20
-2.6592642125984249
 30
0
 11
5.432394133858268
 21
-2.6534961811023621
 31
0
  0
LINE
  5
AB0
330
1B
100
AcDbEntity
  8
B.Cu
  6
CONTINUOUS
100
AcDbLine
 10
5.432394133858268
 20
-2.6534961811023621
 30
0
 11
5.4346447244094485
 21
-2.6480628346456694
 31
0
  0
LINE
  5
AB1
330
1B
100
AcDbEntity
  8
B.Cu
  6
CONTINUOUS
100
AcDbLine
 10
5.4346447244094485
 20
-2.6480628346456694
 30
0
 11
5.4379120472440947
 21
-2.6431729133858268
 31
0
  0
LINE
  5
AB2
330
1B
100
AcDbEntity
  8
B.Cu
  6
CONTINUOUS
100
AcDbLine
 10
5.4379120472440947
 20
-2.6431729133858268
 30
0
 11
5.4420705511811018
 21
-2.6390144094488188
 31
0
  0
LINE
  5
AB3
330
1B
100
AcDbEntity
  8
B.Cu
  6
CONTINUOUS
100
AcDbLine
 10
5.4420705511811018
 20
-2.6390144094488188
 30
0
 11
5.4469604724409448
 21
-2.635747086614173
 31
0
  0
LINE
  5
AB4
330
1B
100
AcDbEntity
  8
B.Cu
  6
CONTINUOUS
100
AcDbLine
 10
5.4469604724409448
 20
-2.635747086614173
 30
0
 11
5.4523938188976375
 21
-2.6334964960629921
 31
0
  0
LINE
  5
AB5
330
1B
100
AcDbEntity
  8
B.Cu
  6
CONTINUOUS
100
AcDbLine
 10
5.4523938188976375
 20
-2.6334964960629921
 30
0
 11
5.4581618503937008
 21
-2.6323491732283464
 31
0
  0
LINE
  5
AB6
330
1B
100
AcDbEntity
  8
B.Cu
  6
CONTINUOUS
100
AcDbLine
 10
5.4581618503937008
 20
-2.6323491732283464
 30
0
 11
5.4611023622047243
 21
-2.6322047244094486
 31
0
  0
LINE
  5
AB7
330
1B
100
AcDbEntity
  8
B.Cu
  6
CONTINUOUS
100
AcDbLine
 10
5.4611023622047243
 20
-2.6322047244094486
 30
0
 11
5.4759055118110238
 21
-2.6322047244094486
 31
0
  0
LINE
  5
AB8
330
1B
100
AcDbEntity
  8
B.Cu
  6
CONTINUOUS
100
AcDbLine
 10
5.4759055118110238
 20
-2.6322047244094486
 30
0
 11
5.4788460236220473
 21
-2.6323491732283464
 31
0
  0
LINE
  5
AB9
330
1B
100
AcDbEntity
  8
B.Cu
  6
CONTINUOUS
100
AcDbLine
 10
4.4788460236220473
 20
-2.5323491732283463
 30
0
 11
4.4846140551181097
 21
-2.533496496062992
 31
0
  0
LINE
  5
ABA
330
1B
100
AcDbEntity
  8
B.Cu
  6
CONTINUOUS
100
AcDbLine
 10
4.4846140551181097
 20
-2.533496496062992
 30
0
 11
4.4900474015748033
 21
-2.5357470866141734
 31
0
  0
LINE
  5
ABB
330
1B
100
AcDbEntity
  8
B.Cu
  6
CONTINUOUS
100
AcDbLine
 10
4.4900474015748033
 20
-2.5357470866141734
 30
0
 11
4.4949373228346454
 21
-2.5390144094488187
 31
0
  0
LINE
  5
ABC
330
1B
100
AcDbEntity
  8
B.Cu
  6
CONTINUOUS
100
AcDbLine
 10
4.4949373228346454
 20
-2.5390144094488187
 30
0
 11
4.4990958267716534
 21
-2.5431729133858267
 31
0
  0
LINE
  5
ABD
330
1B
100
AcDbEntity
  8
B.Cu
  6
CONTINUOUS
100
AcDbLine
 10
4.4990958267716534
 20
-2.5431729133858267
 30
0
 11
4.5023631496062988
 21
-2.5480628346456693
 31
0
  0
LINE
  5
ABE
330
1B
100
AcDbEntity
  8
B.Cu
  6
CONTINUOUS
100
AcDbLine
 10
4.5023631496062988
 20
-2.5480628346456693
 30
0
 11
4.5046137401574802
 21
-2.553496181102362
 31
0
  0
LINE
  5
ABF
330
1B
100
AcDbEntity
  8
B.Cu
  6
CONTINUOUS
100
AcDbLine
 10
4.5046137401574802
 20
-2.553496181102362
 30
0
 11
4.5057610629921259
 21
-2.5592642125984253
 31
0
  0
LINE
  5
AC0
330
1B
100
AcDbEntity
  8
B.Cu
  6
CONTINUOUS
100
AcDbLine
 10
4.5057610629921259
 20
-2.5592642125984253
 30
0
 11
4.5057610629921259
 21
-2.5651452362204723
 31
0
  0
LINE
  5
AC1
330
1B
100
AcDbEntity
  8
B.Cu
  6
CONTINUOUS
100
AcDbLine
 10
4.5057610629921259
 20
-2.5651452362204723
 30
0
 11
4.5046137401574802
 21
-2.5709132677165352
 31
0
  0
LINE
  5
AC2
330
1B
100
AcDbEntity
  8
B.Cu
  6
CONTINUOUS
100
AcDbLine
 10
4.5046137401574802
 20
-2.5709132677165352
 30
0
 11
4.5023631496062988
 21
-2.5763466141732283
 31
0
  0
LINE
  5
AC3
330
1B
100
AcDbEntity
  8
B.Cu
  6
CONTINUOUS
100
AcDbLine
 10
4.5023631496062988
 20
-2.5763466141732283
 30
0
 11
4.4990958267716534
 21
-2.5812365354330709
 31
0
  0
LINE
  5
AC4
330
1B
100
AcDbEntity
  8
B.Cu
  6
CONTINUOUS
100
AcDbLine
 10
4.4990958267716534
 20
-2.5812365354330709
 30
0
 11
4.4949373228346454
 21
-2.5853950393700789
 31
0
  0
LINE
  5
AC5
330
1B
100
AcDbEntity
  8
B.Cu
  6
CONTINUOUS
100
AcDbLine
 10
4.4949373228346454
 20
-2.5853950393700789
 30
0
 11
4.4900474015748033
 21
-2.5886623622047242
 31
0
  0
LINE
  5
AC6
330
1B
100
AcDbEntity
  8
B.Cu
  6
CONTINUOUS
100
AcDbLine
 10
4.4900474015748033
 20
-2.5886623622047242
 30
0
 11
4.4846140551181097
 21
-2.5909129527559056
 31
0
  0
LINE
  5
AC7
330
1B
100
AcDbEntity
  8
B.Cu
  6
CONTINUOUS
100
AcDbLine
 10
4.4846140551181097
 20
-2.5909129527559056
 30
0
 11
4.4788460236220473
 21
-2.5920602755905513
 31
0
  0
LINE
  5
AC8
330
1B
100
AcDbEntity
  8
B.Cu
  6
CONTINUOUS
100
AcDbLine
 10
4.4788460236220473
 20
-2.5920602755905513
 30
0
 11
4.4759055118110238
 21
-2.5922047244094486
 31
0
  0
LINE
  5
AC9
330
1B
100
AcDbEntity
  8
B.Cu
  6
CONTINUOUS
100
AcDbLine
 10
4.4759055118110238
 20
-2.5922047244094486
 30
0
 11
4.4611023622047243
 21
-2.5922047244094486
 31
0
  0
LINE
  5
ACA
330
1B
100
AcDbEntity
  8
B.Cu
  6
CONTINUOUS
100
AcDbLine
 10
4.4611023622047243
 20
-2.5922047244094486
 30
0
 11
4.4581618503937008
 21
-2.5920602755905513
 31
0
  0
LINE
  5
ACB
330
1B
100
AcDbEntity
  8
B.Cu
  6
CONTINUOUS
100
AcDbLine
 10
4.4581618503937008
 20
-2.5920602755905513
 30
0
 11
4.4523938188976375
 21
-2.5909129527559056
 31
0
  0
LINE
  5
ACC
330
1B
100
AcDbEntity
  8
B.Cu
  6
CONTINUOUS
100
AcDbLine
 10
4.4523938188976375
 20
-2.5909129527559056
 30
0
 11
4.4469604724409448
 21
-2.5886623622047242
 31
0
  0
LINE
  5
ACD
330
1B
100
AcDbEntity
  8
B.Cu
  6
CONTINUOUS
100
AcDbLine
 10
4.4469604724409448
 20
-2.5886623622047242
 30
0
 11
4.4420705511811018
 21
-2.5853950393700789
 31
0
  0
LINE
  5
ACE
330
1B
100
AcDbEntity
  8
B.Cu
  6
CONTINUOUS
100
AcDbLine
 10
4.4420705511811018
 20
-2.5853950393700789
 30
0
 11
4.4379120472440947
 21
-2.5812365354330709
 31
0
  0
LINE
  5
ACF
330
1B
100
AcDbEntity
  8
B.Cu
  6
CONTINUOUS
100
AcDbLine
 10
4.4379120472440947
 20
-2.5812365354330709
 30
0
 11
4.4346447244094485
 21
-2.5763466141732283
 31
0
  0
LINE
  5
AD0
330
1B
100
AcDbEntity
  8
B.Cu
  6
CONTINUOUS
100
AcDbLine
 10
4.4346447244094485
 20
-2.5763466141732283
 30
0
 11
4.432394133858268
 21
-2.5709132677165352
 31
0
  0
LINE
  5
AD1
330
1B
100
AcDbEntity
  8
B.Cu
  6
CONTINUOUS
100
AcDbLine
 10
4.432394133858268
 20
-2.5709132677165352
 30
0
 11
4.4312468110236223
 21
-2.5651452362204723
 31
0
  0
LINE
  5
AD2
330
1B
100
AcDbEntity
  8
B.Cu
  6
CONTINUOUS
100
AcDbLine
 10
4.4312468110236223
 20
-2.5651452362204723
 30
0
 11
4.4312468110236223
 21
-2.5592642125984253
 31
0
  0
LINE
  5
AD3
330
1B
100
AcDbEntity
  8
B.Cu
  6
CONTINUOUS
100
AcDbLine
 10
4.4312468110236223
 20
-2.5592642125984253
 30
0
 11
4.432394133858268
 21
-2.553496181102362
 31
0
  0
LINE
  5
AD4
330
1B
100
AcDbEntity
  8
B.Cu
  6
CONTINUOUS
100
AcDbLine
 10
4.432394133858268
 20
-2.553496181102362
 30
0
 11
4.4346447244094485
 21
-2.5480628346456693
 31
0
  0
LINE
  5
AD5
330
1B
100
AcDbEntity
  8
B.Cu
  6
CONTINUOUS
100
AcDbLine
 10
4.4346447244094485
 20
-2.5480628346456693
 30
0
 11
4.4379120472440947
 21
-2.5431729133858267
 31
0
  0
LINE
  5
AD6
330
1B
100
AcDbEntity
  8
B.Cu
  6
CONTINUOUS
100
AcDbLine
 10
4.4379120472440947
 20
-2.5431729133858267
 30
0
 11
4.4420705511811018
 21
-2.5390144094488187
 31
0
  0
LINE
  5
AD7
330
1B
100
AcDbEntity
  8
B.Cu
  6
CONTINUOUS
100
AcDbLine
 10
4.4420705511811018
 20
-2.5390144094488187
 30
0
 11
4.4469604724409448
 21
-2.5357470866141734
 31
0
  0
LINE
  5
AD8
330
1B
100
AcDbEntity
  8
B.Cu
  6
CONTINUOUS
100
AcDbLine
 10
4.4469604724409448
 20
-2.5357470866141734
 30
0
 11
4.4523938188976375
 21
-2.533496496062992
 31
0
  0
LINE
  5
AD9
330
1B
100
AcDbEntity
  8
B.Cu
  6
CONTINUOUS
100
AcDbLine
 10
4.4523938188976375
 20
-2.533496496062992
 30
0
 11
4.4581618503937008
 21
-2.5323491732283463
 31
0
  0
LINE
  5
ADA
330
1B
100
AcDbEntity
  8
B.Cu
  6
CONTINUOUS
100
AcDbLine
 10
4.4581618503937008
 20
-2.5323491732283463
 30
0
 11
4.4611023622047243
 21
-2.5322047244094485
 31
0
  0
LINE
  5
ADB
330
1B
100
AcDbEntity
  8
B.Cu
  6
CONTINUOUS
100
AcDbLine
 10
4.4611023622047243
 20
-2.5322047244094485
 30
0
 11
4.4759055118110238
 21
-2.5322047244094485
 31
0
  0
LINE
  5
ADC
330
1B
100
AcDbEntity
  8
B.Cu
  6
CONTINUOUS
100
AcDbLine
 10
4.4759055118110238
 20
-2.5322047244094485
 30
0
 11
4.4788460236220473
 21
-2.5323491732283463
 31
0
  0
LINE
  5
ADD
330
1B
100
AcDbEntity
  8
B.Cu
  6
CONTINUOUS
100
AcDbLine
 10
5.4788460236220473
 20
-2.5323491732283463
 30
0
 11
5.4846140551181097
 21
-2.533496496062992
 31
0
  0
LINE
  5
ADE
330
1B
100
AcDbEntity
  8
B.Cu
  6
CONTINUOUS
100
AcDbLine
 10
5.4846140551181097
 20
-2.533496496062992
 30
0
 11
5.4900474015748033
 21
-2.5357470866141734
 31
0
  0
LINE
  5
ADF
330
1B
100
AcDbEntity
  8
B.Cu
  6
CONTINUOUS
100
AcDbLine
 10
5.4900474015748033
 20
-2.5357470866141734
 30
0
 11
5.4949373228346454
 21
-2.5390144094488187
 31
0
  0
LINE
  5
AE0
330
1B
100
AcDbEntity
  8
B.Cu
  6
CONTINUOUS
100
AcDbLine
 10
5.4949373228346454
 20
-2.5390144094488187
 30
0
 11
5.4990958267716534
 21
-2.5431729133858267
 31
0
  0
LINE
  5
AE1
330
1B
100
AcDbEntity
  8
B.Cu
  6
CONTINUOUS
100
AcDbLine
 10
5.4990958267716534
 20
-2.5431729133858267
 30
0
 11
5.5023631496062988
 21
-2.5480628346456693
 31
0
  0
LINE
  5
AE2
330
1B
100
AcDbEntity
  8
B.Cu
  6
CONTINUOUS
100
AcDbLine
 10
5.5023631496062988
 20
-2.5480628346456693
 30
0
 11
5.5046137401574802
 21
-2.553496181102362
 31
0
  0
LINE
  5
AE3
330
1B
100
AcDbEntity
  8
B.Cu
  6
CONTINUOUS
100
AcDbLine
 10
5.5046137401574802
 20
-2.553496181102362
 30
0
 11
5.5057610629921259
 21
-2.5592642125984253
 31
0
  0
LINE
  5
AE4
330
1B
100
AcDbEntity
  8
B.Cu
  6
CONTINUOUS
100
AcDbLine
 10
5.5057610629921259
 20
-2.5592642125984253
 30
0
 11
5.5057610629921259
 21
-2.5651452362204723
 31
0
  0
LINE
  5
AE5
330
1B
100
AcDbEntity
  8
B.Cu
  6
CONTINUOUS
100
AcDbLine
 10
5.5057610629921259
 20
-2.5651452362204723
 30
0
 11
5.5046137401574802
 21
-2.5709132677165352
 31
0
  0
LINE
  5
AE6
330
1B
100
AcDbEntity
  8
B.Cu
  6
CONTINUOUS
100
AcDbLine
 10
5.5046137401574802
 20
-2.5709132677165352
 30
0
 11
5.5023631496062988
 21
-2.5763466141732283
 31
0
  0
LINE
  5
AE7
330
1B
100
AcDbEntity
  8
B.Cu
  6
CONTINUOUS
100
AcDbLine
 10
5.5023631496062988
 20
-2.5763466141732283
 30
0
 11
5.4990958267716534
 21
-2.5812365354330709
 31
0
  0
LINE
  5
AE8
330
1B
100
AcDbEntity
  8
B.Cu
  6
CONTINUOUS
100
AcDbLine
 10
5.4990958267716534
 20
-2.5812365354330709
 30
0
 11
5.4949373228346454
 21
-2.5853950393700789
 31
0
  0
LINE
  5
AE9
330
1B
100
AcDbEntity
  8
B.Cu
  6
CONTINUOUS
100
AcDbLine
 10
5.4949373228346454
 20
-2.5853950393700789
 30
0
 11
5.4900474015748033
 21
-2.5886623622047242
 31
0
  0
LINE
  5
AEA
330
1B
100
AcDbEntity
  8
B.Cu
  6
CONTINUOUS
100
AcDbLine
 10
5.4900474015748033
 20
-2.5886623622047242
 30
0
 11
5.4846140551181097
 21
-2.5909129527559056
 31
0
  0
LINE
  5
AEB
330
1B
100
AcDbEntity
  8
B.Cu
  6
CONTINUOUS
100
AcDbLine
 10
5.4846140551181097
 20
-2.5909129527559056
 30
0
 11
5.4788460236220473
 21
-2.5920602755905513
 31
0
  0
LINE
  5
AEC
330
1B
100
AcDbEntity
  8
B.Cu
  6
CONTINUOUS
100
AcDbLine
 10
5.4788460236220473
 20
-2.5920602755905513
 30
0
 11
5.4759055118110238
 21
-2.5922047244094486
 31
0
  0
LINE
  5
AED
330
1B
100
AcDbEntity
  8
B.Cu
  6
CONTINUOUS
100
AcDbLine
 10
5.4759055118110238
 20
-2.5922047244094486
 30
0
 11
5.4611023622047243
 21
-2.5922047244094486
 31
0
  0
LINE
  5
AEE
330
1B
100
AcDbEntity
  8
B.Cu
  6
CONTINUOUS
100
AcDbLine
 10
5.4611023622047243
 20
-2.5922047244094486
 30
0
 11
5.4581618503937008
 21
-2.5920602755905513
 31
0
  0
LINE
  5
AEF
330
1B
100
AcDbEntity
  8
B.Cu
  6
CONTINUOUS
100
AcDbLine
 10
5.4581618503937008
 20
-2.5920602755905513
 30
0
 11
5.4523938188976375
 21
-2.5909129527559056
 31
0
  0
LINE
  5
AF0
330
1B
100
AcDbEntity
  8
B.Cu
  6
CONTINUOUS
100
AcDbLine
 10
5.4523938188976375
 20
-2.5909129527559056
 30
0
 11
5.4469604724409448
 21
-2.5886623622047242
 31
0
  0
LINE
  5
AF1
330
1B
100
AcDbEntity
  8
B.Cu
  6
CONTINUOUS
100
AcDbLine
 10
5.4469604724409448
 20
-2.5886623622047242
 30
0
 11
5.4420705511811018
 21
-2.5853950393700789
 31
0
  0
LINE
  5
AF2
330
1B
100
AcDbEntity
  8
B.Cu
  6
CONTINUOUS
100
AcDbLine
 10
5.4420705511811018
 20
-2.5853950393700789
 30
0
 11
5.4379120472440947
 21
-2.5812365354330709
 31
0
  0
LINE
  5
AF3
330
1B
100
AcDbEntity
  8
B.Cu
  6
CONTINUOUS
100
AcDbLine
 10
5.4379120472440947
 20
-2.5812365354330709
 30
0
 11
5.4346447244094485
 21
-2.5763466141732283
 31
0
  0
LINE
  5
AF4
330
1B
100
AcDbEntity
  8
B.Cu
  6
CONTINUOUS
100
AcDbLine
 10
5.4346447244094485
 20
-2.5763466141732283
 30
0
 11
5.432394133858268
 21
-2.5709132677165352
 31
0
  0
LINE
  5
AF5
330
1B
100
AcDbEntity
  8
B.Cu
  6
CONTINUOUS
100
AcDbLine
 10
5.432394133858268
 20
-2.5709132677165352
 30
0
 11
5.4312468110236223
 21
-2.5651452362204723
 31
0
  0
LINE
  5
AF6
330
1B
100
AcDbEntity
  8
B.Cu
  6
CONTINUOUS
100
AcDbLine
 10
5.4312468110236223
 20
-2.5651452362204723
 30
0
 11
5.4312468110236223
 21
-2.5592642125984253
 31
0
  0
LINE
  5
AF7
330
1B
100
AcDbEntity
  8
B.Cu
  6
CONTINUOUS
100
AcDbLine
 10
5.4312468110236223
 20
-2.5592642125984253
 30
0
 11
5.432394133858268
 21
-2.553496181102362
 31
0
  0
LINE
  5
AF8
330
1B
100
AcDbEntity
  8
B.Cu
  6
CONTINUOUS
100
AcDbLine
 10
5.432394133858268
 20
-2.553496181102362
 30
0
 11
5.4346447244094485
 21
-2.5480628346456693
 31
0
  0
LINE
  5
AF9
330
1B
100
AcDbEntity
  8
B.Cu
  6
CONTINUOUS
100
AcDbLine
 10
5.4346447244094485
 20
-2.5480628346456693
 30
0
 11
5.4379120472440947
 21
-2.5431729133858267
 31
0
  0
LINE
  5
AFA
330
1B
100
AcDbEntity
  8
B.Cu
  6
CONTINUOUS
100
AcDbLine
 10
5.4379120472440947
 20
-2.5431729133858267
 30
0
 11
5.4420705511811018
 21
-2.5390144094488187
 31
0
  0
LINE
  5
AFB
330
1B
100
AcDbEntity
  8
B.Cu
  6
CONTINUOUS
100
AcDbLine
 10
5.4420705511811018
 20
-2.5390144094488187
 30
0
 11
5.4469604724409448
 21
-2.5357470866141734
 31
0
  0
LINE
  5
AFC
330
1B
100
AcDbEntity
  8
B.Cu
  6
CONTINUOUS
100
AcDbLine
 10
5.4469604724409448
 20
-2.5357470866141734
 30
0
 11
5.4523938188976375
 21
-2.533496496062992
 31
0
  0
LINE
  5
AFD
330
1B
100
AcDbEntity
  8
B.Cu
  6
CONTINUOUS
100
AcDbLine
 10
5.4523938188976375
 20
-2.533496496062992
 30
0
 11
5.4581618503937008
 21
-2.5323491732283463
 31
0
  0
LINE
  5
AFE
330
1B
100
AcDbEntity
  8
B.Cu
  6
CONTINUOUS
100
AcDbLine
 10
5.4581618503937008
 20
-2.5323491732283463
 30
0
 11
5.4611023622047243
 21
-2.5322047244094485
 31
0
  0
LINE
  5
AFF
330
1B
100
AcDbEntity
  8
B.Cu
  6
CONTINUOUS
100
AcDbLine
 10
5.4611023622047243
 20
-2.5322047244094485
 30
0
 11
5.4759055118110238
 21
-2.5322047244094485
 31
0
  0
LINE
  5
B00
330
1B
100
AcDbEntity
  8
B.Cu
  6
CONTINUOUS
100
AcDbLine
 10
5.4759055118110238
 20
-2.5322047244094485
 30
0
 11
5.4788460236220473
 21
-2.5323491732283463
 31
0
  0
LINE
  5
B01
330
1B
100
AcDbEntity
  8
B.Cu
  6
CONTINUOUS
100
AcDbLine
 10
4.4788460236220473
 20
-2.4323491732283462
 30
0
 11
4.4846140551181097
 21
-2.4334964960629919
 31
0
  0
LINE
  5
B02
330
1B
100
AcDbEntity
  8
B.Cu
  6
CONTINUOUS
100
AcDbLine
 10
4.4846140551181097
 20
-2.4334964960629919
 30
0
 11
4.4900474015748033
 21
-2.4357470866141733
 31
0
  0
LINE
  5
B03
330
1B
100
AcDbEntity
  8
B.Cu
  6
CONTINUOUS
100
AcDbLine
 10
4.4900474015748033
 20
-2.4357470866141733
 30
0
 11
4.4949373228346454
 21
-2.4390144094488186
 31
0
  0
LINE
  5
B04
330
1B
100
AcDbEntity
  8
B.Cu
  6
CONTINUOUS
100
AcDbLine
 10
4.4949373228346454
 20
-2.4390144094488186
 30
0
 11
4.4990958267716534
 21
-2.4431729133858267
 31
0
  0
LINE
  5
B05
330
1B
100
AcDbEntity
  8
B.Cu
  6
CONTINUOUS
100
AcDbLine
 10
4.4990958267716534
 20
-2.4431729133858267
 30
0
 11
4.5023631496062988
 21
-2.4480628346456692
 31
0
  0
LINE
  5
B06
330
1B
100
AcDbEntity
  8
B.Cu
  6
CONTINUOUS
100
AcDbLine
 10
4.5023631496062988
 20
-2.4480628346456692
 30
0
 11
4.5046137401574802
 21
-2.4534961811023623
 31
0
  0
LINE
  5
B07
330
1B
100
AcDbEntity
  8
B.Cu
  6
CONTINUOUS
100
AcDbLine
 10
4.5046137401574802
 20
-2.4534961811023623
 30
0
 11
4.5057610629921259
 21
-2.4592642125984252
 31
0
  0
LINE
  5
B08
330
1B
100
AcDbEntity
  8
B.Cu
  6
CONTINUOUS
100
AcDbLine
 10
4.5057610629921259
 20
-2.4592642125984252
 30
0
 11
4.5057610629921259
 21
-2.4651452362204722
 31
0
  0
LINE
  5
B09
330
1B
100
AcDbEntity
  8
B.Cu
  6
CONTINUOUS
100
AcDbLine
 10
4.5057610629921259
 20
-2.4651452362204722
 30
0
 11
4.5046137401574802
 21
-2.4709132677165355
 31
0
  0
LINE
  5
B0A
330
1B
100
AcDbEntity
  8
B.Cu
  6
CONTINUOUS
100
AcDbLine
 10
4.5046137401574802
 20
-2.4709132677165355
 30
0
 11
4.5023631496062988
 21
-2.4763466141732282
 31
0
  0
LINE
  5
B0B
330
1B
100
AcDbEntity
  8
B.Cu
  6
CONTINUOUS
100
AcDbLine
 10
4.5023631496062988
 20
-2.4763466141732282
 30
0
 11
4.4990958267716534
 21
-2.4812365354330708
 31
0
  0
LINE
  5
B0C
330
1B
100
AcDbEntity
  8
B.Cu
  6
CONTINUOUS
100
AcDbLine
 10
4.4990958267716534
 20
-2.4812365354330708
 30
0
 11
4.4949373228346454
 21
-2.4853950393700788
 31
0
  0
LINE
  5
B0D
330
1B
100
AcDbEntity
  8
B.Cu
  6
CONTINUOUS
100
AcDbLine
 10
4.4949373228346454
 20
-2.4853950393700788
 30
0
 11
4.4900474015748033
 21
-2.4886623622047241
 31
0
  0
LINE
  5
B0E
330
1B
100
AcDbEntity
  8
B.Cu
  6
CONTINUOUS
100
AcDbLine
 10
4.4900474015748033
 20
-2.4886623622047241
 30
0
 11
4.4846140551181097
 21
-2.4909129527559055
 31
0
  0
LINE
  5
B0F
330
1B
100
AcDbEntity
  8
B.Cu
  6
CONTINUOUS
100
AcDbLine
 10
4.4846140551181097
 20
-2.4909129527559055
 30
0
 11
4.4788460236220473
 21
-2.4920602755905512
 31
0
  0
LINE
  5
B10
330
1B
100
AcDbEntity
  8
B.Cu
  6
CONTINUOUS
100
AcDbLine
 10
4.4788460236220473
 20
-2.4920602755905512
 30
0
 11
4.4759055118110238
 21
-2.492204724409449
 31
0
  0
LINE
  5
B11
330
1B
100
AcDbEntity
  8
B.Cu
  6
CONTINUOUS
100
AcDbLine
 10
4.4759055118110238
 20
-2.492204724409449
 30
0
 11
4.4611023622047243
 21
-2.492204724409449
 31
0
  0
LINE
  5
B12
330
1B
100
AcDbEntity
  8
B.Cu
  6
CONTINUOUS
100
AcDbLine
 10
4.4611023622047243
 20
-2.492204724409449
 30
0
 11
4.4581618503937008
 21
-2.4920602755905512
 31
0
  0
LINE
  5
B13
330
1B
100
AcDbEntity
  8
B.Cu
  6
CONTINUOUS
100
AcDbLine
 10
4.4581618503937008
 20
-2.4920602755905512
 30
0
 11
4.4523938188976375
 21
-2.4909129527559055
 31
0
  0
LINE
  5
B14
330
1B
100
AcDbEntity
  8
B.Cu
  6
CONTINUOUS
100
AcDbLine
 10
4.4523938188976375
 20
-2.4909129527559055
 30
0
 11
4.4469604724409448
 21
-2.4886623622047241
 31
0
  0
LINE
  5
B15
330
1B
100
AcDbEntity
  8
B.Cu
  6
CONTINUOUS
100
AcDbLine
 10
4.4469604724409448
 20
-2.4886623622047241
 30
0
 11
4.4420705511811018
 21
-2.4853950393700788
 31
0
  0
LINE
  5
B16
330
1B
100
AcDbEntity
  8
B.Cu
  6
CONTINUOUS
100
AcDbLine
 10
4.4420705511811018
 20
-2.4853950393700788
 30
0
 11
4.4379120472440947
 21
-2.4812365354330708
 31
0
  0
LINE
  5
B17
330
1B
100
AcDbEntity
  8
B.Cu
  6
CONTINUOUS
100
AcDbLine
 10
4.4379120472440947
 20
-2.4812365354330708
 30
0
 11
4.4346447244094485
 21
-2.4763466141732282
 31
0
  0
LINE
  5
B18
330
1B
100
AcDbEntity
  8
B.Cu
  6
CONTINUOUS
100
AcDbLine
 10
4.4346447244094485
 20
-2.4763466141732282
 30
0
 11
4.432394133858268
 21
-2.4709132677165355
 31
0
  0
LINE
  5
B19
330
1B
100
AcDbEntity
  8
B.Cu
  6
CONTINUOUS
100
AcDbLine
 10
4.432394133858268
 20
-2.4709132677165355
 30
0
 11
4.4312468110236223
 21
-2.4651452362204722
 31
0
  0
LINE
  5
B1A
330
1B
100
AcDbEntity
  8
B.Cu
  6
CONTINUOUS
100
AcDbLine
 10
4.4312468110236223
 20
-2.4651452362204722
 30
0
 11
4.4312468110236223
 21
-2.4592642125984252
 31
0
  0
LINE
  5
B1B
330
1B
100
AcDbEntity
  8
B.Cu
  6
CONTINUOUS
100
AcDbLine
 10
4.4312468110236223
 20
-2.4592642125984252
 30
0
 11
4.432394133858268
 21
-2.4534961811023623
 31
0
  0
LINE
  5
B1C
330
1B
100
AcDbEntity
  8
B.Cu
  6
CONTINUOUS
100
AcDbLine
 10
4.432394133858268
 20
-2.4534961811023623
 30
0
 11
4.4346447244094485
 21
-2.4480628346456692
 31
0
  0
LINE
  5
B1D
330
1B
100
AcDbEntity
  8
B.Cu
  6
CONTINUOUS
100
AcDbLine
 10
4.4346447244094485
 20
-2.4480628346456692
 30
0
 11
4.4379120472440947
 21
-2.4431729133858267
 31
0
  0
LINE
  5
B1E
330
1B
100
AcDbEntity
  8
B.Cu
  6
CONTINUOUS
100
AcDbLine
 10
4.4379120472440947
 20
-2.4431729133858267
 30
0
 11
4.4420705511811018
 21
-2.4390144094488186
 31
0
  0
LINE
  5
B1F
330
1B
100
AcDbEntity
  8
B.Cu
  6
CONTINUOUS
100
AcDbLine
 10
4.4420705511811018
 20
-2.4390144094488186
 30
0
 11
4.4469604724409448
 21
-2.4357470866141733
 31
0
  0
LINE
  5
B20
330
1B
100
AcDbEntity
  8
B.Cu
  6
CONTINUOUS
100
AcDbLine
 10
4.4469604724409448
 20
-2.4357470866141733
 30
0
 11
4.4523938188976375
 21
-2.4334964960629919
 31
0
  0
LINE
  5
B21
330
1B
100
AcDbEntity
  8
B.Cu
  6
CONTINUOUS
100
AcDbLine
 10
4.4523938188976375
 20
-2.4334964960629919
 30
0
 11
4.4581618503937008
 21
-2.4323491732283462
 31
0
  0
LINE
  5
B22
330
1B
100
AcDbEntity
  8
B.Cu
  6
CONTINUOUS
100
AcDbLine
 10
4.4581618503937008
 20
-2.4323491732283462
 30
0
 11
4.4611023622047243
 21
-2.4322047244094489
 31
0
  0
LINE
  5
B23
330
1B
100
AcDbEntity
  8
B.Cu
  6
CONTINUOUS
100
AcDbLine
 10
4.4611023622047243
 20
-2.4322047244094489
 30
0
 11
4.4759055118110238
 21
-2.4322047244094489
 31
0
  0
LINE
  5
B24
330
1B
100
AcDbEntity
  8
B.Cu
  6
CONTINUOUS
100
AcDbLine
 10
4.4759055118110238
 20
-2.4322047244094489
 30
0
 11
4.4788460236220473
 21
-2.4323491732283462
 31
0
  0
LINE
  5
B25
330
1B
100
AcDbEntity
  8
B.Cu
  6
CONTINUOUS
100
AcDbLine
 10
6.0395871259842515
 20
-2.2540791732283463
 30
0
 11
6.0452642913385821
 21
-2.2552084251968503
 31
0
  0
LINE
  5
B26
330
1B
100
AcDbEntity
  8
B.Cu
  6
CONTINUOUS
100
AcDbLine
 10
6.0452642913385821
 20
-2.2552084251968503
 30
0
 11
6.0483969685039369
 21
-2.2565060236220473
 31
0
  0
LINE
  5
B27
330
1B
100
AcDbEntity
  8
B.Cu
  6
CONTINUOUS
100
AcDbLine
 10
6.0483969685039369
 20
-2.2565060236220473
 30
0
 11
6.0506121259842516
 21
-2.2574235826771654
 31
0
  0
LINE
  5
B28
330
1B
100
AcDbEntity
  8
B.Cu
  6
CONTINUOUS
100
AcDbLine
 10
6.0506121259842516
 20
-2.2574235826771654
 30
0
 11
6.0536821653543305
 21
-2.2594749212598426
 31
0
  0
LINE
  5
B29
330
1B
100
AcDbEntity
  8
B.Cu
  6
CONTINUOUS
100
AcDbLine
 10
6.0536821653543305
 20
-2.2594749212598426
 30
0
 11
6.0554249999999996
 21
-2.2606394488188974
 31
0
  0
LINE
  5
B2A
330
1B
100
AcDbEntity
  8
B.Cu
  6
CONTINUOUS
100
AcDbLine
 10
6.0554249999999996
 20
-2.2606394488188974
 30
0
 11
6.0575720472440944
 21
-2.2625854330708659
 31
0
  0
LINE
  5
B2B
330
1B
100
AcDbEntity
  8
B.Cu
  6
CONTINUOUS
100
AcDbLine
 10
6.0575720472440944
 20
-2.2625854330708659
 30
0
 11
6.1453673228346455
 21
-2.3503807086614175
 31
0
  0
LINE
  5
B2C
330
1B
100
AcDbEntity
  8
B.Cu
  6
CONTINUOUS
100
AcDbLine
 10
6.1453673228346455
 20
-2.3503807086614175
 30
0
 11
6.1473133070866144
 21
-2.3525277559055118
 31
0
  0
LINE
  5
B2D
330
1B
100
AcDbEntity
  8
B.Cu
  6
CONTINUOUS
100
AcDbLine
 10
6.1473133070866144
 20
-2.3525277559055118
 30
0
 11
6.150529173228346
 21
-2.3573406692913386
 31
0
  0
LINE
  5
B2E
330
1B
100
AcDbEntity
  8
B.Cu
  6
CONTINUOUS
100
AcDbLine
 10
6.150529173228346
 20
-2.3573406692913386
 30
0
 11
6.1527442913385828
 21
-2.3626884645669293
 31
0
  0
LINE
  5
B2F
330
1B
100
AcDbEntity
  8
B.Cu
  6
CONTINUOUS
100
AcDbLine
 10
6.1527442913385828
 20
-2.3626884645669293
 30
0
 11
6.1538735826771651
 21
-2.3683656299212599
 31
0
  0
LINE
  5
B30
330
1B
100
AcDbEntity
  8
B.Cu
  6
CONTINUOUS
100
AcDbLine
 10
6.1538735826771651
 20
-2.3683656299212599
 30
0
 11
6.1538735826771651
 21
-2.3741540551181104
 31
0
  0
LINE
  5
B31
330
1B
100
AcDbEntity
  8
B.Cu
  6
CONTINUOUS
100
AcDbLine
 10
6.1538735826771651
 20
-2.3741540551181104
 30
0
 11
6.1527442913385828
 21
-2.379831220472441
 31
0
  0
LINE
  5
B32
330
1B
100
AcDbEntity
  8
B.Cu
  6
CONTINUOUS
100
AcDbLine
 10
6.1527442913385828
 20
-2.379831220472441
 30
0
 11
6.150529173228346
 21
-2.3851790157480313
 31
0
  0
LINE
  5
B33
330
1B
100
AcDbEntity
  8
B.Cu
  6
CONTINUOUS
100
AcDbLine
 10
6.150529173228346
 20
-2.3851790157480313
 30
0
 11
6.1473133070866144
 21
-2.3899919291338581
 31
0
  0
LINE
  5
B34
330
1B
100
AcDbEntity
  8
B.Cu
  6
CONTINUOUS
100
AcDbLine
 10
6.1473133070866144
 20
-2.3899919291338581
 30
0
 11
6.1432202755905507
 21
-2.3940849606299213
 31
0
  0
LINE
  5
B35
330
1B
100
AcDbEntity
  8
B.Cu
  6
CONTINUOUS
100
AcDbLine
 10
6.1432202755905507
 20
-2.3940849606299213
 30
0
 11
6.1384073622047239
 21
-2.3973008267716533
 31
0
  0
LINE
  5
B36
330
1B
100
AcDbEntity
  8
B.Cu
  6
CONTINUOUS
100
AcDbLine
 10
6.1384073622047239
 20
-2.3973008267716533
 30
0
 11
6.1330595669291341
 21
-2.3995159448818897
 31
0
  0
LINE
  5
B37
330
1B
100
AcDbEntity
  8
B.Cu
  6
CONTINUOUS
100
AcDbLine
 10
6.1330595669291341
 20
-2.3995159448818897
 30
0
 11
6.1273824015748026
 21
-2.4006452362204724
 31
0
  0
LINE
  5
B38
330
1B
100
AcDbEntity
  8
B.Cu
  6
CONTINUOUS
100
AcDbLine
 10
6.1273824015748026
 20
-2.4006452362204724
 30
0
 11
6.1215939763779526
 21
-2.4006452362204724
 31
0
  0
LINE
  5
B39
330
1B
100
AcDbEntity
  8
B.Cu
  6
CONTINUOUS
100
AcDbLine
 10
6.1215939763779526
 20
-2.4006452362204724
 30
0
 11
6.1159168110236219
 21
-2.3995159448818897
 31
0
  0
LINE
  5
B3A
330
1B
100
AcDbEntity
  8
B.Cu
  6
CONTINUOUS
100
AcDbLine
 10
6.1159168110236219
 20
-2.3995159448818897
 30
0
 11
6.1105690157480312
 21
-2.3973008267716533
 31
0
  0
LINE
  5
B3B
330
1B
100
AcDbEntity
  8
B.Cu
  6
CONTINUOUS
100
AcDbLine
 10
6.1105690157480312
 20
-2.3973008267716533
 30
0
 11
6.1057561023622045
 21
-2.3940849606299213
 31
0
  0
LINE
  5
B3C
330
1B
100
AcDbEntity
  8
B.Cu
  6
CONTINUOUS
100
AcDbLine
 10
6.1057561023622045
 20
-2.3940849606299213
 30
0
 11
6.1036090551181097
 21
-2.3921389763779528
 31
0
  0
LINE
  5
B3D
330
1B
100
AcDbEntity
  8
B.Cu
  6
CONTINUOUS
100
AcDbLine
 10
6.1036090551181097
 20
-2.3921389763779528
 30
0
 11
6.0244622047244096
 21
-2.3129921259842519
 31
0
  0
LINE
  5
B3E
330
1B
100
AcDbEntity
  8
B.Cu
  6
CONTINUOUS
100
AcDbLine
 10
6.0244622047244096
 20
-2.3129921259842519
 30
0
 11
5.3838582677165352
 21
-2.3129921259842519
 31
0
  0
LINE
  5
B3F
330
1B
100
AcDbEntity
  8
B.Cu
  6
CONTINUOUS
100
AcDbLine
 10
5.3838582677165352
 20
-2.3129921259842519
 30
0
 11
5.3838582677165352
 21
-2.4174543307086616
 31
0
  0
LINE
  5
B40
330
1B
100
AcDbEntity
  8
B.Cu
  6
CONTINUOUS
100
AcDbLine
 10
5.3838582677165352
 20
-2.4174543307086616
 30
0
 11
5.3990811023622047
 21
-2.4326771653543307
 31
0
  0
LINE
  5
B41
330
1B
100
AcDbEntity
  8
B.Cu
  6
CONTINUOUS
100
AcDbLine
 10
5.3990811023622047
 20
-2.4326771653543307
 30
0
 11
5.4565129133858266
 21
-2.4326771653543307
 31
0
  0
LINE
  5
B42
330
1B
100
AcDbEntity
  8
B.Cu
  6
CONTINUOUS
100
AcDbLine
 10
5.4565129133858266
 20
-2.4326771653543307
 30
0
 11
5.4581618503937008
 21
-2.4323491732283462
 31
0
  0
LINE
  5
B43
330
1B
100
AcDbEntity
  8
B.Cu
  6
CONTINUOUS
100
AcDbLine
 10
5.4581618503937008
 20
-2.4323491732283462
 30
0
 11
5.4611023622047243
 21
-2.4322047244094489
 31
0
  0
LINE
  5
B44
330
1B
100
AcDbEntity
  8
B.Cu
  6
CONTINUOUS
100
AcDbLine
 10
5.4611023622047243
 20
-2.4322047244094489
 30
0
 11
5.4759055118110238
 21
-2.4322047244094489
 31
0
  0
LINE
  5
B45
330
1B
100
AcDbEntity
  8
B.Cu
  6
CONTINUOUS
100
AcDbLine
 10
5.4759055118110238
 20
-2.4322047244094489
 30
0
 11
5.4788460236220473
 21
-2.4323491732283462
 31
0
  0
LINE
  5
B46
330
1B
100
AcDbEntity
  8
B.Cu
  6
CONTINUOUS
100
AcDbLine
 10
5.4788460236220473
 20
-2.4323491732283462
 30
0
 11
5.4846140551181097
 21
-2.4334964960629919
 31
0
  0
LINE
  5
B47
330
1B
100
AcDbEntity
  8
B.Cu
  6
CONTINUOUS
100
AcDbLine
 10
5.4846140551181097
 20
-2.4334964960629919
 30
0
 11
5.4900474015748033
 21
-2.4357470866141733
 31
0
  0
LINE
  5
B48
330
1B
100
AcDbEntity
  8
B.Cu
  6
CONTINUOUS
100
AcDbLine
 10
5.4900474015748033
 20
-2.4357470866141733
 30
0
 11
5.4949373228346454
 21
-2.4390144094488186
 31
0
  0
LINE
  5
B49
330
1B
100
AcDbEntity
  8
B.Cu
  6
CONTINUOUS
100
AcDbLine
 10
5.4949373228346454
 20
-2.4390144094488186
 30
0
 11
5.4990958267716534
 21
-2.4431729133858267
 31
0
  0
LINE
  5
B4A
330
1B
100
AcDbEntity
  8
B.Cu
  6
CONTINUOUS
100
AcDbLine
 10
5.4990958267716534
 20
-2.4431729133858267
 30
0
 11
5.5023631496062988
 21
-2.4480628346456692
 31
0
  0
LINE
  5
B4B
330
1B
100
AcDbEntity
  8
B.Cu
  6
CONTINUOUS
100
AcDbLine
 10
5.5023631496062988
 20
-2.4480628346456692
 30
0
 11
5.5046137401574802
 21
-2.4534961811023623
 31
0
  0
LINE
  5
B4C
330
1B
100
AcDbEntity
  8
B.Cu
  6
CONTINUOUS
100
AcDbLine
 10
5.5046137401574802
 20
-2.4534961811023623
 30
0
 11
5.5057610629921259
 21
-2.4592642125984252
 31
0
  0
LINE
  5
B4D
330
1B
100
AcDbEntity
  8
B.Cu
  6
CONTINUOUS
100
AcDbLine
 10
5.5057610629921259
 20
-2.4592642125984252
 30
0
 11
5.5057610629921259
 21
-2.4651452362204722
 31
0
  0
LINE
  5
B4E
330
1B
100
AcDbEntity
  8
B.Cu
  6
CONTINUOUS
100
AcDbLine
 10
5.5057610629921259
 20
-2.4651452362204722
 30
0
 11
5.5046137401574802
 21
-2.4709132677165355
 31
0
  0
LINE
  5
B4F
330
1B
100
AcDbEntity
  8
B.Cu
  6
CONTINUOUS
100
AcDbLine
 10
5.5046137401574802
 20
-2.4709132677165355
 30
0
 11
5.5023631496062988
 21
-2.4763466141732282
 31
0
  0
LINE
  5
B50
330
1B
100
AcDbEntity
  8
B.Cu
  6
CONTINUOUS
100
AcDbLine
 10
5.5023631496062988
 20
-2.4763466141732282
 30
0
 11
5.4990958267716534
 21
-2.4812365354330708
 31
0
  0
LINE
  5
B51
330
1B
100
AcDbEntity
  8
B.Cu
  6
CONTINUOUS
100
AcDbLine
 10
5.4990958267716534
 20
-2.4812365354330708
 30
0
 11
5.4949373228346454
 21
-2.4853950393700788
 31
0
  0
LINE
  5
B52
330
1B
100
AcDbEntity
  8
B.Cu
  6
CONTINUOUS
100
AcDbLine
 10
5.4949373228346454
 20
-2.4853950393700788
 30
0
 11
5.4900474015748033
 21
-2.4886623622047241
 31
0
  0
LINE
  5
B53
330
1B
100
AcDbEntity
  8
B.Cu
  6
CONTINUOUS
100
AcDbLine
 10
5.4900474015748033
 20
-2.4886623622047241
 30
0
 11
5.4846140551181097
 21
-2.4909129527559055
 31
0
  0
LINE
  5
B54
330
1B
100
AcDbEntity
  8
B.Cu
  6
CONTINUOUS
100
AcDbLine
 10
5.4846140551181097
 20
-2.4909129527559055
 30
0
 11
5.4788460236220473
 21
-2.4920602755905512
 31
0
  0
LINE
  5
B55
330
1B
100
AcDbEntity
  8
B.Cu
  6
CONTINUOUS
100
AcDbLine
 10
5.4788460236220473
 20
-2.4920602755905512
 30
0
 11
5.4759055118110238
 21
-2.492204724409449
 31
0
  0
LINE
  5
B56
330
1B
100
AcDbEntity
  8
B.Cu
  6
CONTINUOUS
100
AcDbLine
 10
5.4759055118110238
 20
-2.492204724409449
 30
0
 11
5.4611023622047243
 21
-2.492204724409449
 31
0
  0
LINE
  5
B57
330
1B
100
AcDbEntity
  8
B.Cu
  6
CONTINUOUS
100
AcDbLine
 10
5.4611023622047243
 20
-2.492204724409449
 30
0
 11
5.4581618503937008
 21
-2.4920602755905512
 31
0
  0
LINE
  5
B58
330
1B
100
AcDbEntity
  8
B.Cu
  6
CONTINUOUS
100
AcDbLine
 10
5.4581618503937008
 20
-2.4920602755905512
 30
0
 11
5.4565129133858266
 21
-2.4917322834645668
 31
0
  0
LINE
  5
B59
330
1B
100
AcDbEntity
  8
B.Cu
  6
CONTINUOUS
100
AcDbLine
 10
5.4565129133858266
 20
-2.4917322834645668
 30
0
 11
5.3868503937007874
 21
-2.4917322834645668
 31
0
  0
LINE
  5
B5A
330
1B
100
AcDbEntity
  8
B.Cu
  6
CONTINUOUS
100
AcDbLine
 10
5.3868503937007874
 20
-2.4917322834645668
 30
0
 11
5.383956181102362
 21
-2.4915901181102362
 31
0
  0
LINE
  5
B5B
330
1B
100
AcDbEntity
  8
B.Cu
  6
CONTINUOUS
100
AcDbLine
 10
5.383956181102362
 20
-2.4915901181102362
 30
0
 11
5.3782789763779526
 21
-2.4904608267716535
 31
0
  0
LINE
  5
B5C
330
1B
100
AcDbEntity
  8
B.Cu
  6
CONTINUOUS
100
AcDbLine
 10
5.3782789763779526
 20
-2.4904608267716535
 30
0
 11
5.3729311811023619
 21
-2.4882457086614171
 31
0
  0
LINE
  5
B5D
330
1B
100
AcDbEntity
  8
B.Cu
  6
CONTINUOUS
100
AcDbLine
 10
5.3729311811023619
 20
-2.4882457086614171
 30
0
 11
5.3681183070866139
 21
-2.4850298425196851
 31
0
  0
LINE
  5
B5E
330
1B
100
AcDbEntity
  8
B.Cu
  6
CONTINUOUS
100
AcDbLine
 10
5.3681183070866139
 20
-2.4850298425196851
 30
0
 11
5.36597125984252
 21
-2.4830838582677166
 31
0
  0
LINE
  5
B5F
330
1B
100
AcDbEntity
  8
B.Cu
  6
CONTINUOUS
100
AcDbLine
 10
5.36597125984252
 20
-2.4830838582677166
 30
0
 11
5.3334515748031492
 21
-2.4505641732283463
 31
0
  0
LINE
  5
B60
330
1B
100
AcDbEntity
  8
B.Cu
  6
CONTINUOUS
100
AcDbLine
 10
5.3334515748031492
 20
-2.4505641732283463
 30
0
 11
5.3315055905511812
 21
-2.448417125984252
 31
0
  0
LINE
  5
B61
330
1B
100
AcDbEntity
  8
B.Cu
  6
CONTINUOUS
100
AcDbLine
 10
5.3315055905511812
 20
-2.448417125984252
 30
0
 11
5.3303653937007871
 21
-2.4467107086614175
 31
0
  0
LINE
  5
B62
330
1B
100
AcDbEntity
  8
B.Cu
  6
CONTINUOUS
100
AcDbLine
 10
5.3303653937007871
 20
-2.4467107086614175
 30
0
 11
5.3282897244094487
 21
-2.4436042519685039
 31
0
  0
LINE
  5
B63
330
1B
100
AcDbEntity
  8
B.Cu
  6
CONTINUOUS
100
AcDbLine
 10
5.3282897244094487
 20
-2.4436042519685039
 30
0
 11
5.3266935826771649
 21
-2.4397507874015747
 31
0
  0
LINE
  5
B64
330
1B
100
AcDbEntity
  8
B.Cu
  6
CONTINUOUS
100
AcDbLine
 10
5.3266935826771649
 20
-2.4397507874015747
 30
0
 11
5.3260745669291341
 21
-2.4382564173228345
 31
0
  0
LINE
  5
B65
330
1B
100
AcDbEntity
  8
B.Cu
  6
CONTINUOUS
100
AcDbLine
 10
5.3260745669291341
 20
-2.4382564173228345
 30
0
 11
5.3249453149606296
 21
-2.4325792519685039
 31
0
  0
LINE
  5
B66
330
1B
100
AcDbEntity
  8
B.Cu
  6
CONTINUOUS
100
AcDbLine
 10
5.3249453149606296
 20
-2.4325792519685039
 30
0
 11
5.3248031496062991
 21
-2.4296850393700788
 31
0
  0
LINE
  5
B67
330
1B
100
AcDbEntity
  8
B.Cu
  6
CONTINUOUS
100
AcDbLine
 10
5.3248031496062991
 20
-2.4296850393700788
 30
0
 11
5.3248031496062991
 21
-2.2834645669291338
 31
0
  0
LINE
  5
B68
330
1B
100
AcDbEntity
  8
B.Cu
  6
CONTINUOUS
100
AcDbLine
 10
5.3248031496062991
 20
-2.2834645669291338
 30
0
 11
5.3249453149606296
 21
-2.2805703543307088
 31
0
  0
LINE
  5
B69
330
1B
100
AcDbEntity
  8
B.Cu
  6
CONTINUOUS
100
AcDbLine
 10
5.3249453149606296
 20
-2.2805703543307088
 30
0
 11
5.3260746062992128
 21
-2.274893149606299
 31
0
  0
LINE
  5
B6A
330
1B
100
AcDbEntity
  8
B.Cu
  6
CONTINUOUS
100
AcDbLine
 10
5.3260746062992128
 20
-2.274893149606299
 30
0
 11
5.3282897244094487
 21
-2.2695453543307087
 31
0
  0
LINE
  5
B6B
330
1B
100
AcDbEntity
  8
B.Cu
  6
CONTINUOUS
100
AcDbLine
 10
5.3282897244094487
 20
-2.2695453543307087
 30
0
 11
5.3315055905511812
 21
-2.2647324803149607
 31
0
  0
LINE
  5
B6C
330
1B
100
AcDbEntity
  8
B.Cu
  6
CONTINUOUS
100
AcDbLine
 10
5.3315055905511812
 20
-2.2647324803149607
 30
0
 11
5.335598622047244
 21
-2.2606394488188974
 31
0
  0
LINE
  5
B6D
330
1B
100
AcDbEntity
  8
B.Cu
  6
CONTINUOUS
100
AcDbLine
 10
5.335598622047244
 20
-2.2606394488188974
 30
0
 11
5.340411496062992
 21
-2.2574235826771654
 31
0
  0
LINE
  5
B6E
330
1B
100
AcDbEntity
  8
B.Cu
  6
CONTINUOUS
100
AcDbLine
 10
5.340411496062992
 20
-2.2574235826771654
 30
0
 11
5.3457592913385827
 21
-2.255208464566929
 31
0
  0
LINE
  5
B6F
330
1B
100
AcDbEntity
  8
B.Cu
  6
CONTINUOUS
100
AcDbLine
 10
5.3457592913385827
 20
-2.255208464566929
 30
0
 11
5.3514364960629921
 21
-2.2540791732283463
 31
0
  0
LINE
  5
B70
330
1B
100
AcDbEntity
  8
B.Cu
  6
CONTINUOUS
100
AcDbLine
 10
5.3514364960629921
 20
-2.2540791732283463
 30
0
 11
5.3543307086614176
 21
-2.2539370078740157
 31
0
  0
LINE
  5
B71
330
1B
100
AcDbEntity
  8
B.Cu
  6
CONTINUOUS
100
AcDbLine
 10
5.3543307086614176
 20
-2.2539370078740157
 30
0
 11
6.0366929133858269
 21
-2.2539370078740157
 31
0
  0
LINE
  5
B72
330
1B
100
AcDbEntity
  8
B.Cu
  6
CONTINUOUS
100
AcDbLine
 10
6.0366929133858269
 20
-2.2539370078740157
 30
0
 11
6.0395871259842515
 21
-2.2540791732283463
 31
0
  0
LINE
  5
B73
330
1B
100
AcDbEntity
  8
B.Cu
  6
CONTINUOUS
100
AcDbLine
 10
4.4788460236220473
 20
-2.3323491732283466
 30
0
 11
4.4846140551181097
 21
-2.3334964960629923
 31
0
  0
LINE
  5
B74
330
1B
100
AcDbEntity
  8
B.Cu
  6
CONTINUOUS
100
AcDbLine
 10
4.4846140551181097
 20
-2.3334964960629923
 30
0
 11
4.4900474015748033
 21
-2.3357470866141732
 31
0
  0
LINE
  5
B75
330
1B
100
AcDbEntity
  8
B.Cu
  6
CONTINUOUS
100
AcDbLine
 10
4.4900474015748033
 20
-2.3357470866141732
 30
0
 11
4.4949373228346454
 21
-2.339014409448819
 31
0
  0
LINE
  5
B76
330
1B
100
AcDbEntity
  8
B.Cu
  6
CONTINUOUS
100
AcDbLine
 10
4.4949373228346454
 20
-2.339014409448819
 30
0
 11
4.4990958267716534
 21
-2.3431729133858266
 31
0
  0
LINE
  5
B77
330
1B
100
AcDbEntity
  8
B.Cu
  6
CONTINUOUS
100
AcDbLine
 10
4.4990958267716534
 20
-2.3431729133858266
 30
0
 11
4.5023631496062988
 21
-2.3480628346456691
 31
0
  0
LINE
  5
B78
330
1B
100
AcDbEntity
  8
B.Cu
  6
CONTINUOUS
100
AcDbLine
 10
4.5023631496062988
 20
-2.3480628346456691
 30
0
 11
4.5046137401574802
 21
-2.3534961811023623
 31
0
  0
LINE
  5
B79
330
1B
100
AcDbEntity
  8
B.Cu
  6
CONTINUOUS
100
AcDbLine
 10
4.5046137401574802
 20
-2.3534961811023623
 30
0
 11
4.5057610629921259
 21
-2.3592642125984251
 31
0
  0
LINE
  5
B7A
330
1B
100
AcDbEntity
  8
B.Cu
  6
CONTINUOUS
100
AcDbLine
 10
4.5057610629921259
 20
-2.3592642125984251
 30
0
 11
4.5057610629921259
 21
-2.3651452362204726
 31
0
  0
LINE
  5
B7B
330
1B
100
AcDbEntity
  8
B.Cu
  6
CONTINUOUS
100
AcDbLine
 10
4.5057610629921259
 20
-2.3651452362204726
 30
0
 11
4.5046137401574802
 21
-2.3709132677165354
 31
0
  0
LINE
  5
B7C
330
1B
100
AcDbEntity
  8
B.Cu
  6
CONTINUOUS
100
AcDbLine
 10
4.5046137401574802
 20
-2.3709132677165354
 30
0
 11
4.5023631496062988
 21
-2.3763466141732281
 31
0
  0
LINE
  5
B7D
330
1B
100
AcDbEntity
  8
B.Cu
  6
CONTINUOUS
100
AcDbLine
 10
4.5023631496062988
 20
-2.3763466141732281
 30
0
 11
4.4990958267716534
 21
-2.3812365354330707
 31
0
  0
LINE
  5
B7E
330
1B
100
AcDbEntity
  8
B.Cu
  6
CONTINUOUS
100
AcDbLine
 10
4.4990958267716534
 20
-2.3812365354330707
 30
0
 11
4.4949373228346454
 21
-2.3853950393700787
 31
0
  0
LINE
  5
B7F
330
1B
100
AcDbEntity
  8
B.Cu
  6
CONTINUOUS
100
AcDbLine
 10
4.4949373228346454
 20
-2.3853950393700787
 30
0
 11
4.4900474015748033
 21
-2.3886623622047245
 31
0
  0
LINE
  5
B80
330
1B
100
AcDbEntity
  8
B.Cu
  6
CONTINUOUS
100
AcDbLine
 10
4.4900474015748033
 20
-2.3886623622047245
 30
0
 11
4.4846140551181097
 21
-2.3909129527559054
 31
0
  0
LINE
  5
B81
330
1B
100
AcDbEntity
  8
B.Cu
  6
CONTINUOUS
100
AcDbLine
 10
4.4846140551181097
 20
-2.3909129527559054
 30
0
 11
4.4788460236220473
 21
-2.3920602755905511
 31
0
  0
LINE
  5
B82
330
1B
100
AcDbEntity
  8
B.Cu
  6
CONTINUOUS
100
AcDbLine
 10
4.4788460236220473
 20
-2.3920602755905511
 30
0
 11
4.4759055118110238
 21
-2.3922047244094489
 31
0
  0
LINE
  5
B83
330
1B
100
AcDbEntity
  8
B.Cu
  6
CONTINUOUS
100
AcDbLine
 10
4.4759055118110238
 20
-2.3922047244094489
 30
0
 11
4.4611023622047243
 21
-2.3922047244094489
 31
0
  0
LINE
  5
B84
330
1B
100
AcDbEntity
  8
B.Cu
  6
CONTINUOUS
100
AcDbLine
 10
4.4611023622047243
 20
-2.3922047244094489
 30
0
 11
4.4581618503937008
 21
-2.3920602755905511
 31
0
  0
LINE
  5
B85
330
1B
100
AcDbEntity
  8
B.Cu
  6
CONTINUOUS
100
AcDbLine
 10
4.4581618503937008
 20
-2.3920602755905511
 30
0
 11
4.4523938188976375
 21
-2.3909129527559054
 31
0
  0
LINE
  5
B86
330
1B
100
AcDbEntity
  8
B.Cu
  6
CONTINUOUS
100
AcDbLine
 10
4.4523938188976375
 20
-2.3909129527559054
 30
0
 11
4.4469604724409448
 21
-2.3886623622047245
 31
0
  0
LINE
  5
B87
330
1B
100
AcDbEntity
  8
B.Cu
  6
CONTINUOUS
100
AcDbLine
 10
4.4469604724409448
 20
-2.3886623622047245
 30
0
 11
4.4420705511811018
 21
-2.3853950393700787
 31
0
  0
LINE
  5
B88
330
1B
100
AcDbEntity
  8
B.Cu
  6
CONTINUOUS
100
AcDbLine
 10
4.4420705511811018
 20
-2.3853950393700787
 30
0
 11
4.4379120472440947
 21
-2.3812365354330707
 31
0
  0
LINE
  5
B89
330
1B
100
AcDbEntity
  8
B.Cu
  6
CONTINUOUS
100
AcDbLine
 10
4.4379120472440947
 20
-2.3812365354330707
 30
0
 11
4.4346447244094485
 21
-2.3763466141732281
 31
0
  0
LINE
  5
B8A
330
1B
100
AcDbEntity
  8
B.Cu
  6
CONTINUOUS
100
AcDbLine
 10
4.4346447244094485
 20
-2.3763466141732281
 30
0
 11
4.432394133858268
 21
-2.3709132677165354
 31
0
  0
LINE
  5
B8B
330
1B
100
AcDbEntity
  8
B.Cu
  6
CONTINUOUS
100
AcDbLine
 10
4.432394133858268
 20
-2.3709132677165354
 30
0
 11
4.4312468110236223
 21
-2.3651452362204726
 31
0
  0
LINE
  5
B8C
330
1B
100
AcDbEntity
  8
B.Cu
  6
CONTINUOUS
100
AcDbLine
 10
4.4312468110236223
 20
-2.3651452362204726
 30
0
 11
4.4312468110236223
 21
-2.3592642125984251
 31
0
  0
LINE
  5
B8D
330
1B
100
AcDbEntity
  8
B.Cu
  6
CONTINUOUS
100
AcDbLine
 10
4.4312468110236223
 20
-2.3592642125984251
 30
0
 11
4.432394133858268
 21
-2.3534961811023623
 31
0
  0
LINE
  5
B8E
330
1B
100
AcDbEntity
  8
B.Cu
  6
CONTINUOUS
100
AcDbLine
 10
4.432394133858268
 20
-2.3534961811023623
 30
0
 11
4.4346447244094485
 21
-2.3480628346456691
 31
0
  0
LINE
  5
B8F
330
1B
100
AcDbEntity
  8
B.Cu
  6
CONTINUOUS
100
AcDbLine
 10
4.4346447244094485
 20
-2.3480628346456691
 30
0
 11
4.4379120472440947
 21
-2.3431729133858266
 31
0
  0
LINE
  5
B90
330
1B
100
AcDbEntity
  8
B.Cu
  6
CONTINUOUS
100
AcDbLine
 10
4.4379120472440947
 20
-2.3431729133858266
 30
0
 11
4.4420705511811018
 21
-2.339014409448819
 31
0
  0
LINE
  5
B91
330
1B
100
AcDbEntity
  8
B.Cu
  6
CONTINUOUS
100
AcDbLine
 10
4.4420705511811018
 20
-2.339014409448819
 30
0
 11
4.4469604724409448
 21
-2.3357470866141732
 31
0
  0
LINE
  5
B92
330
1B
100
AcDbEntity
  8
B.Cu
  6
CONTINUOUS
100
AcDbLine
 10
4.4469604724409448
 20
-2.3357470866141732
 30
0
 11
4.4523938188976375
 21
-2.3334964960629923
 31
0
  0
LINE
  5
B93
330
1B
100
AcDbEntity
  8
B.Cu
  6
CONTINUOUS
100
AcDbLine
 10
4.4523938188976375
 20
-2.3334964960629923
 30
0
 11
4.4581618503937008
 21
-2.3323491732283466
 31
0
  0
LINE
  5
B94
330
1B
100
AcDbEntity
  8
B.Cu
  6
CONTINUOUS
100
AcDbLine
 10
4.4581618503937008
 20
-2.3323491732283466
 30
0
 11
4.4611023622047243
 21
-2.3322047244094488
 31
0
  0
LINE
  5
B95
330
1B
100
AcDbEntity
  8
B.Cu
  6
CONTINUOUS
100
AcDbLine
 10
4.4611023622047243
 20
-2.3322047244094488
 30
0
 11
4.4759055118110238
 21
-2.3322047244094488
 31
0
  0
LINE
  5
B96
330
1B
100
AcDbEntity
  8
B.Cu
  6
CONTINUOUS
100
AcDbLine
 10
4.4759055118110238
 20
-2.3322047244094488
 30
0
 11
4.4788460236220473
 21
-2.3323491732283466
 31
0
  0
CIRCLE
  5
B97
330
1B
100
AcDbEntity
  8
B.Cu
100
AcDbCircle
 10
4.0354330708661417
 20
-2.7165354330708662
 30
0
 40
0.0196850393700787
  0
CIRCLE
  5
B98
330
1B
100
AcDbEntity
  8
B.Cu
100
AcDbCircle
 10
4.0354330708661417
 20
-2.8149606299212597
 30
0
 40
0.0196850393700787
  0
CIRCLE
  5
B99
330
1B
100
AcDbEntity
  8
B.Cu
100
AcDbCircle
 10
4.0354330708661417
 20
-2.9133858267716537
 30
0
 40
0.0196850393700787
  0
CIRCLE
  5
B9A
330
1B
100
AcDbEntity
  8
B.Cu
100
AcDbCircle
 10
4.0354330708661417
 20
-3.0118110236220472
 30
0
 40
0.0196850393700787
  0
CIRCLE
  5
B9B
330
1B
100
AcDbEntity
  8
B.Cu
100
AcDbCircle
 10
4.0354330708661417
 20
-3.1102362204724407
 30
0
 40
0.0196850393700787
  0
CIRCLE
  5
B9C
330
1B
100
AcDbEntity
  8
B.Cu
100
AcDbCircle
 10
4.0354330708661417
 20
-3.2086614173228347
 30
0
 40
0.0196850393700787
  0
CIRCLE
  5
B9D
330
1B
100
AcDbEntity
  8
B.Cu
100
AcDbCircle
 10
4.0354330708661417
 20
-3.3070866141732282
 30
0
 40
0.0196850393700787
  0
CIRCLE
  5
B9E
330
1B
100
AcDbEntity
  8
B.Cu
100
AcDbCircle
 10
4.0354330708661417
 20
-3.4055118110236218
 30
0
 40
0.0196850393700787
  0
CIRCLE
  5
B9F
330
1B
100
AcDbEntity
  8
B.Cu
100
AcDbCircle
 10
6.124488188976378
 20
-2.2712598425196848
 30
0
 40
0.015748031496063
  0
CIRCLE
  5
BA0
330
1B
100
AcDbEntity
  8
B.Cu
100
AcDbCircle
 10
6.124488188976378
 20
-2.3712598425196849
 30
0
 40
0.015748031496063
  0
CIRCLE
  5
BA1
330
1B
100
AcDbEntity
  8
B.Cu
100
AcDbCircle
 10
6.124488188976378
 20
-2.471259842519685
 30
0
 40
0.015748031496063
  0
CIRCLE
  5
BA2
330
1B
100
AcDbEntity
  8
B.Cu
100
AcDbCircle
 10
6.124488188976378
 20
-2.5712598425196851
 30
0
 40
0.015748031496063
  0
CIRCLE
  5
BA3
330
1B
100
AcDbEntity
  8
B.Cu
100
AcDbCircle
 10
4.4822834645669287
 20
-4.7834645669291334
 30
0
 40
0.015748031496063
  0
CIRCLE
  5
BA4
330
1B
100
AcDbEntity
  8
B.Cu
100
AcDbCircle
 10
3.9822834645669292
 20
-4.7834645669291334
 30
0
 40
0.015748031496063
  0
CIRCLE
  5
BA5
330
1B
100
AcDbEntity
  8
B.Cu
100
AcDbCircle
 10
3.1496062992125982
 20
-2.0078740157480315
 30
0
 40
0.0196850393700787
  0
CIRCLE
  5
BA6
330
1B
100
AcDbEntity
  8
B.Cu
100
AcDbCircle
 10
3.0511811023622046
 20
-2.0078740157480315
 30
0
 40
0.0196850393700787
  0
CIRCLE
  5
BA7
330
1B
100
AcDbEntity
  8
B.Cu
100
AcDbCircle
 10
3.3070866141732282
 20
-4.6456692913385824
 30
0
 40
0.0196850393700787
  0
CIRCLE
  5
BA8
330
1B
100
AcDbEntity
  8
B.Cu
100
AcDbCircle
 10
3.3070866141732282
 20
-4.5472440944881889
 30
0
 40
0.0196850393700787
  0
CIRCLE
  5
BA9
330
1B
100
AcDbEntity
  8
B.Cu
100
AcDbCircle
 10
3.3070866141732282
 20
-4.4488188976377954
 30
0
 40
0.0196850393700787
  0
CIRCLE
  5
BAA
330
1B
100
AcDbEntity
  8
B.Cu
100
AcDbCircle
 10
3.3070866141732282
 20
-4.3503937007874018
 30
0
 40
0.0196850393700787
  0
CIRCLE
  5
BAB
330
1B
100
AcDbEntity
  8
B.Cu
100
AcDbCircle
 10
6.5551181102362204
 20
-3.7795275590551181
 30
0
 40
0.0196850393700787
  0
CIRCLE
  5
BAC
330
1B
100
AcDbEntity
  8
B.Cu
100
AcDbCircle
 10
6.5551181102362204
 20
-3.6811023622047245
 30
0
 40
0.0196850393700787
  0
CIRCLE
  5
BAD
330
1B
100
AcDbEntity
  8
B.Cu
100
AcDbCircle
 10
6.5551181102362204
 20
-3.5826771653543306
 30
0
 40
0.0196850393700787
  0
CIRCLE
  5
BAE
330
1B
100
AcDbEntity
  8
B.Cu
100
AcDbCircle
 10
2.8937007874015745
 20
-3.7795275590551181
 30
0
 40
0.0196850393700787
  0
CIRCLE
  5
BAF
330
1B
100
AcDbEntity
  8
B.Cu
100
AcDbCircle
 10
2.9921259842519685
 20
-3.7795275590551181
 30
0
 40
0.0196850393700787
  0
CIRCLE
  5
BB0
330
1B
100
AcDbEntity
  8
B.Cu
100
AcDbCircle
 10
6.3582677165354333
 20
-4.8031496062992121
 30
0
 40
0.0196850393700787
  0
CIRCLE
  5
BB1
330
1B
100
AcDbEntity
  8
B.Cu
100
AcDbCircle
 10
6.4566929133858268
 20
-4.8031496062992121
 30
0
 40
0.0196850393700787
  0
CIRCLE
  5
BB2
330
1B
100
AcDbEntity
  8
B.Cu
100
AcDbCircle
 10
5.3641732283464565
 20
-4.8228346456692917
 30
0
 40
0.0196850393700787
  0
CIRCLE
  5
BB3
330
1B
100
AcDbEntity
  8
B.Cu
100
AcDbCircle
 10
5.46259842519685
 20
-4.8228346456692917
 30
0
 40
0.0196850393700787
  0
CIRCLE
  5
BB4
330
1B
100
AcDbEntity
  8
B.Cu
100
AcDbCircle
 10
6.8700787401574805
 20
-4.3110236220472444
 30
0
 40
0.0196850393700787
  0
CIRCLE
  5
BB5
330
1B
100
AcDbEntity
  8
B.Cu
100
AcDbCircle
 10
6.9685039370078741
 20
-4.3110236220472444
 30
0
 40
0.0196850393700787
  0
CIRCLE
  5
BB6
330
1B
100
AcDbEntity
  8
B.Cu
100
AcDbCircle
 10
5.4685039370078741
 20
-2.3622047244094486
 30
0
 40
0.015748031496063
  0
CIRCLE
  5
BB7
330
1B
100
AcDbEntity
  8
B.Cu
100
AcDbCircle
 10
5.4685039370078741
 20
-2.4622047244094487
 30
0
 40
0.015748031496063
  0
CIRCLE
  5
BB8
330
1B
100
AcDbEntity
  8
B.Cu
100
AcDbCircle
 10
5.4685039370078741
 20
-2.5622047244094488
 30
0
 40
0.015748031496063
  0
CIRCLE
  5
BB9
330
1B
100
AcDbEntity
  8
B.Cu
100
AcDbCircle
 10
5.4685039370078741
 20
-2.6622047244094489
 30
0
 40
0.015748031496063
  0
CIRCLE
  5
BBA
330
1B
100
AcDbEntity
  8
B.Cu
100
AcDbCircle
 10
5.4685039370078741
 20
-2.762204724409449
 30
0
 40
0.015748031496063
  0
CIRCLE
  5
BBB
330
1B
100
AcDbEntity
  8
B.Cu
100
AcDbCircle
 10
5.4685039370078741
 20
-2.8622047244094486
 30
0
 40
0.015748031496063
  0
CIRCLE
  5
BBC
330
1B
100
AcDbEntity
  8
B.Cu
100
AcDbCircle
 10
5.4685039370078741
 20
-2.9622047244094487
 30
0
 40
0.015748031496063
  0
CIRCLE
  5
BBD
330
1B
100
AcDbEntity
  8
B.Cu
100
AcDbCircle
 10
5.4685039370078741
 20
-3.0622047244094488
 30
0
 40
0.015748031496063
  0
CIRCLE
  5
BBE
330
1B
100
AcDbEntity
  8
B.Cu
100
AcDbCircle
 10
5.4685039370078741
 20
-3.1622047244094489
 30
0
 40
0.015748031496063
  0
CIRCLE
  5
BBF
330
1B
100
AcDbEntity
  8
B.Cu
100
AcDbCircle
 10
5.4685039370078741
 20
-3.2622047244094485
 30
0
 40
0.015748031496063
  0
CIRCLE
  5
BC0
330
1B
100
AcDbEntity
  8
B.Cu
100
AcDbCircle
 10
5.4685039370078741
 20
-3.3622047244094486
 30
0
 40
0.015748031496063
  0
CIRCLE
  5
BC1
330
1B
100
AcDbEntity
  8
B.Cu
100
AcDbCircle
 10
5.4685039370078741
 20
-3.4622047244094487
 30
0
 40
0.015748031496063
  0
CIRCLE
  5
BC2
330
1B
100
AcDbEntity
  8
B.Cu
100
AcDbCircle
 10
5.4685039370078741
 20
-3.5622047244094488
 30
0
 40
0.015748031496063
  0
CIRCLE
  5
BC3
330
1B
100
AcDbEntity
  8
B.Cu
100
AcDbCircle
 10
5.4685039370078741
 20
-3.6622047244094489
 30
0
 40
0.015748031496063
  0
CIRCLE
  5
BC4
330
1B
100
AcDbEntity
  8
B.Cu
100
AcDbCircle
 10
5.4685039370078741
 20
-3.7622047244094485
 30
0
 40
0.015748031496063
  0
CIRCLE
  5
BC5
330
1B
100
AcDbEntity
  8
B.Cu
100
AcDbCircle
 10
4.4685039370078741
 20
-2.3622047244094486
 30
0
 40
0.015748031496063
  0
CIRCLE
  5
BC6
330
1B
100
AcDbEntity
  8
B.Cu
100
AcDbCircle
 10
4.4685039370078741
 20
-2.4622047244094487
 30
0
 40
0.015748031496063
  0
CIRCLE
  5
BC7
330
1B
100
AcDbEntity
  8
B.Cu
100
AcDbCircle
 10
4.4685039370078741
 20
-2.5622047244094488
 30
0
 40
0.015748031496063
  0
CIRCLE
  5
BC8
330
1B
100
AcDbEntity
  8
B.Cu
100
AcDbCircle
 10
4.4685039370078741
 20
-2.6622047244094489
 30
0
 40
0.015748031496063
  0
CIRCLE
  5
BC9
330
1B
100
AcDbEntity
  8
B.Cu
100
AcDbCircle
 10
4.4685039370078741
 20
-2.762204724409449
 30
0
 40
0.015748031496063
  0
CIRCLE
  5
BCA
330
1B
100
AcDbEntity
  8
B.Cu
100
AcDbCircle
 10
4.4685039370078741
 20
-2.8622047244094486
 30
0
 40
0.015748031496063
  0
CIRCLE
  5
BCB
330
1B
100
AcDbEntity
  8
B.Cu
100
AcDbCircle
 10
4.4685039370078741
 20
-2.9622047244094487
 30
0
 40
0.015748031496063
  0
CIRCLE
  5
BCC
330
1B
100
AcDbEntity
  8
B.Cu
100
AcDbCircle
 10
4.4685039370078741
 20
-3.0622047244094488
 30
0
 40
0.015748031496063
  0
CIRCLE
  5
BCD
330
1B
100
AcDbEntity
  8
B.Cu
100
AcDbCircle
 10
4.4685039370078741
 20
-3.1622047244094489
 30
0
 40
0.015748031496063
  0
CIRCLE
  5
BCE
330
1B
100
AcDbEntity
  8
B.Cu
100
AcDbCircle
 10
4.4685039370078741
 20
-3.2622047244094485
 30
0
 40
0.015748031496063
  0
CIRCLE
  5
BCF
330
1B
100
AcDbEntity
  8
B.Cu
100
AcDbCircle
 10
4.4685039370078741
 20
-3.3622047244094486
 30
0
 40
0.015748031496063
  0
CIRCLE
  5
BD0
330
1B
100
AcDbEntity
  8
B.Cu
100
AcDbCircle
 10
4.4685039370078741
 20
-3.4622047244094487
 30
0
 40
0.015748031496063
  0
CIRCLE
  5
BD1
330
1B
100
AcDbEntity
  8
B.Cu
100
AcDbCircle
 10
4.4685039370078741
 20
-3.5622047244094488
 30
0
 40
0.015748031496063
  0
CIRCLE
  5
BD2
330
1B
100
AcDbEntity
  8
B.Cu
100
AcDbCircle
 10
4.4685039370078741
 20
-3.6622047244094489
 30
0
 40
0.015748031496063
  0
CIRCLE
  5
BD3
330
1B
100
AcDbEntity
  8
B.Cu
100
AcDbCircle
 10
4.4685039370078741
 20
-3.7622047244094485
 30
0
 40
0.015748031496063
  0
CIRCLE
  5
BD4
330
1B
100
AcDbEntity
  8
B.Cu
100
AcDbCircle
 10
3.4448818897637796
 20
-3.4055118110236218
 30
0
 40
0.0196850393700787
  0
CIRCLE
  5
BD5
330
1B
100
AcDbEntity
  8
B.Cu
100
AcDbCircle
 10
3.4448818897637796
 20
-3.3070866141732282
 30
0
 40
0.0196850393700787
  0
CIRCLE
  5
BD6
330
1B
100
AcDbEntity
  8
B.Cu
100
AcDbCircle
 10
3.4448818897637796
 20
-3.2086614173228347
 30
0
 40
0.0196850393700787
  0
CIRCLE
  5
BD7
330
1B
100
AcDbEntity
  8
B.Cu
100
AcDbCircle
 10
3.4448818897637796
 20
-3.1102362204724407
 30
0
 40
0.0196850393700787
  0
CIRCLE
  5
BD8
330
1B
100
AcDbEntity
  8
B.Cu
100
AcDbCircle
 10
3.4448818897637796
 20
-3.0118110236220472
 30
0
 40
0.0196850393700787
  0
CIRCLE
  5
BD9
330
1B
100
AcDbEntity
  8
B.Cu
100
AcDbCircle
 10
3.4448818897637796
 20
-2.9133858267716537
 30
0
 40
0.0196850393700787
  0
CIRCLE
  5
BDA
330
1B
100
AcDbEntity
  8
B.Cu
100
AcDbCircle
 10
3.4448818897637796
 20
-2.8149606299212597
 30
0
 40
0.0196850393700787
  0
CIRCLE
  5
BDB
330
1B
100
AcDbEntity
  8
B.Cu
100
AcDbCircle
 10
3.4448818897637796
 20
-2.7165354330708662
 30
0
 40
0.0196850393700787
  0
CIRCLE
  5
BDC
330
1B
100
AcDbEntity
  8
B.Cu
100
AcDbCircle
 10
3.0511811023622046
 20
-3.5433070866141732
 30
0
 40
0.0059055118110236
  0
CIRCLE
  5
BDD
330
1B
100
AcDbEntity
  8
B.Cu
100
AcDbCircle
 10
5.3149606299212593
 20
-4.4291338582677167
 30
0
 40
0.0059055118110236
  0
CIRCLE
  5
BDE
330
1B
100
AcDbEntity
  8
B.Cu
100
AcDbCircle
 10
4.8228346456692917
 20
-3.9370078740157481
 30
0
 40
0.0059055118110236
  0
CIRCLE
  5
BDF
330
1B
100
AcDbEntity
  8
B.Cu
100
AcDbCircle
 10
4.8307086614173231
 20
-2.8622047244094486
 30
0
 40
0.0059055118110236
  0
CIRCLE
  5
BE0
330
1B
100
AcDbEntity
  8
B.Cu
100
AcDbCircle
 10
5.1377952755905509
 20
-3.5433070866141732
 30
0
 40
0.0059055118110236
  0
CIRCLE
  5
BE1
330
1B
100
AcDbEntity
  8
B.Cu
100
AcDbCircle
 10
5.1574803149606296
 20
-4.5669291338582676
 30
0
 40
0.0059055118110236
  0
CIRCLE
  5
BE2
330
1B
100
AcDbEntity
  8
B.Cu
100
AcDbCircle
 10
5.9055118110236222
 20
-4.6259842519685037
 30
0
 40
0.0059055118110236
  0
CIRCLE
  5
BE3
330
1B
100
AcDbEntity
  8
B.Cu
100
AcDbCircle
 10
4.8425196850393704
 20
-4.6259842519685037
 30
0
 40
0.0059055118110236
  0
CIRCLE
  5
BE4
330
1B
100
AcDbEntity
  8
B.Cu
100
AcDbCircle
 10
4.8425196850393704
 20
-4.6850393700787398
 30
0
 40
0.0059055118110236
  0
CIRCLE
  5
BE5
330
1B
100
AcDbEntity
  8
B.Cu
100
AcDbCircle
 10
3.0511811023622046
 20
-3.5433070866141732
 30
0
 40
0.0059055118110236
  0
CIRCLE
  5
BE6
330
1B
100
AcDbEntity
  8
B.Cu
100
AcDbCircle
 10
5.3149606299212593
 20
-4.4291338582677167
 30
0
 40
0.0059055118110236
  0
CIRCLE
  5
BE7
330
1B
100
AcDbEntity
  8
B.Cu
100
AcDbCircle
 10
4.8228346456692917
 20
-3.9370078740157481
 30
0
 40
0.0059055118110236
  0
CIRCLE
  5
BE8
330
1B
100
AcDbEntity
  8
B.Cu
100
AcDbCircle
 10
4.8307086614173231
 20
-2.8622047244094486
 30
0
 40
0.0059055118110236
  0
CIRCLE
  5
BE9
330
1B
100
AcDbEntity
  8
B.Cu
100
AcDbCircle
 10
5.1377952755905509
 20
-3.5433070866141732
 30
0
 40
0.0059055118110236
  0
CIRCLE
  5
BEA
330
1B
100
AcDbEntity
  8
B.Cu
100
AcDbCircle
 10
5.1574803149606296
 20
-4.5669291338582676
 30
0
 40
0.0059055118110236
  0
CIRCLE
  5
BEB
330
1B
100
AcDbEntity
  8
B.Cu
100
AcDbCircle
 10
5.9055118110236222
 20
-4.6259842519685037
 30
0
 40
0.0059055118110236
  0
CIRCLE
  5
BEC
330
1B
100
AcDbEntity
  8
B.Cu
100
AcDbCircle
 10
4.8425196850393704
 20
-4.6259842519685037
 30
0
 40
0.0059055118110236
  0
CIRCLE
  5
BED
330
1B
100
AcDbEntity
  8
B.Cu
100
AcDbCircle
 10
4.8425196850393704
 20
-4.6850393700787398
 30
0
 40
0.0059055118110236
  0
CIRCLE
  5
BEE
330
1B
100
AcDbEntity
  8
B.Cu
100
AcDbCircle
 10
4.0354330708661417
 20
-2.7165354330708662
 30
0
 40
0.0196850393700787
  0
CIRCLE
  5
BEF
330
1B
100
AcDbEntity
  8
B.Cu
100
AcDbCircle
 10
4.0354330708661417
 20
-2.8149606299212597
 30
0
 40
0.0196850393700787
  0
CIRCLE
  5
BF0
330
1B
100
AcDbEntity
  8
B.Cu
100
AcDbCircle
 10
4.0354330708661417
 20
-2.9133858267716537
 30
0
 40
0.0196850393700787
  0
CIRCLE
  5
BF1
330
1B
100
AcDbEntity
  8
B.Cu
100
AcDbCircle
 10
4.0354330708661417
 20
-3.0118110236220472
 30
0
 40
0.0196850393700787
  0
CIRCLE
  5
BF2
330
1B
100
AcDbEntity
  8
B.Cu
100
AcDbCircle
 10
4.0354330708661417
 20
-3.1102362204724407
 30
0
 40
0.0196850393700787
  0
CIRCLE
  5
BF3
330
1B
100
AcDbEntity
  8
B.Cu
100
AcDbCircle
 10
4.0354330708661417
 20
-3.2086614173228347
 30
0
 40
0.0196850393700787
  0
CIRCLE
  5
BF4
330
1B
100
AcDbEntity
  8
B.Cu
100
AcDbCircle
 10
4.0354330708661417
 20
-3.3070866141732282
 30
0
 40
0.0196850393700787
  0
CIRCLE
  5
BF5
330
1B
100
AcDbEntity
  8
B.Cu
100
AcDbCircle
 10
4.0354330708661417
 20
-3.4055118110236218
 30
0
 40
0.0196850393700787
  0
CIRCLE
  5
BF6
330
1B
100
AcDbEntity
  8
B.Cu
100
AcDbCircle
 10
6.124488188976378
 20
-2.2712598425196848
 30
0
 40
0.015748031496063
  0
CIRCLE
  5
BF7
330
1B
100
AcDbEntity
  8
B.Cu
100
AcDbCircle
 10
6.124488188976378
 20
-2.3712598425196849
 30
0
 40
0.015748031496063
  0
CIRCLE
  5
BF8
330
1B
100
AcDbEntity
  8
B.Cu
100
AcDbCircle
 10
6.124488188976378
 20
-2.471259842519685
 30
0
 40
0.015748031496063
  0
CIRCLE
  5
BF9
330
1B
100
AcDbEntity
  8
B.Cu
100
AcDbCircle
 10
6.124488188976378
 20
-2.5712598425196851
 30
0
 40
0.015748031496063
  0
CIRCLE
  5
BFA
330
1B
100
AcDbEntity
  8
B.Cu
100
AcDbCircle
 10
4.4822834645669287
 20
-4.7834645669291334
 30
0
 40
0.015748031496063
  0
CIRCLE
  5
BFB
330
1B
100
AcDbEntity
  8
B.Cu
100
AcDbCircle
 10
3.9822834645669292
 20
-4.7834645669291334
 30
0
 40
0.015748031496063
  0
CIRCLE
  5
BFC
330
1B
100
AcDbEntity
  8
B.Cu
100
AcDbCircle
 10
3.1496062992125982
 20
-2.0078740157480315
 30
0
 40
0.0196850393700787
  0
CIRCLE
  5
BFD
330
1B
100
AcDbEntity
  8
B.Cu
100
AcDbCircle
 10
3.0511811023622046
 20
-2.0078740157480315
 30
0
 40
0.0196850393700787
  0
CIRCLE
  5
BFE
330
1B
100
AcDbEntity
  8
B.Cu
100
AcDbCircle
 10
3.3070866141732282
 20
-4.6456692913385824
 30
0
 40
0.0196850393700787
  0
CIRCLE
  5
BFF
330
1B
100
AcDbEntity
  8
B.Cu
100
AcDbCircle
 10
3.3070866141732282
 20
-4.5472440944881889
 30
0
 40
0.0196850393700787
  0
CIRCLE
  5
C00
330
1B
100
AcDbEntity
  8
B.Cu
100
AcDbCircle
 10
3.3070866141732282
 20
-4.4488188976377954
 30
0
 40
0.0196850393700787
  0
CIRCLE
  5
C01
330
1B
100
AcDbEntity
  8
B.Cu
100
AcDbCircle
 10
3.3070866141732282
 20
-4.3503937007874018
 30
0
 40
0.0196850393700787
  0
CIRCLE
  5
C02
330
1B
100
AcDbEntity
  8
B.Cu
100
AcDbCircle
 10
6.5551181102362204
 20
-3.7795275590551181
 30
0
 40
0.0196850393700787
  0
CIRCLE
  5
C03
330
1B
100
AcDbEntity
  8
B.Cu
100
AcDbCircle
 10
6.5551181102362204
 20
-3.6811023622047245
 30
0
 40
0.0196850393700787
  0
CIRCLE
  5
C04
330
1B
100
AcDbEntity
  8
B.Cu
100
AcDbCircle
 10
6.5551181102362204
 20
-3.5826771653543306
 30
0
 40
0.0196850393700787
  0
CIRCLE
  5
C05
330
1B
100
AcDbEntity
  8
B.Cu
100
AcDbCircle
 10
2.8937007874015745
 20
-3.7795275590551181
 30
0
 40
0.0196850393700787
  0
CIRCLE
  5
C06
330
1B
100
AcDbEntity
  8
B.Cu
100
AcDbCircle
 10
2.9921259842519685
 20
-3.7795275590551181
 30
0
 40
0.0196850393700787
  0
CIRCLE
  5
C07
330
1B
100
AcDbEntity
  8
B.Cu
100
AcDbCircle
 10
6.3582677165354333
 20
-4.8031496062992121
 30
0
 40
0.0196850393700787
  0
CIRCLE
  5
C08
330
1B
100
AcDbEntity
  8
B.Cu
100
AcDbCircle
 10
6.4566929133858268
 20
-4.8031496062992121
 30
0
 40
0.0196850393700787
  0
CIRCLE
  5
C09
330
1B
100
AcDbEntity
  8
B.Cu
100
AcDbCircle
 10
5.3641732283464565
 20
-4.8228346456692917
 30
0
 40
0.0196850393700787
  0
CIRCLE
  5
C0A
330
1B
100
AcDbEntity
  8
B.Cu
100
AcDbCircle
 10
5.46259842519685
 20
-4.8228346456692917
 30
0
 40
0.0196850393700787
  0
CIRCLE
  5
C0B
330
1B
100
AcDbEntity
  8
B.Cu
100
AcDbCircle
 10
6.8700787401574805
 20
-4.3110236220472444
 30
0
 40
0.0196850393700787
  0
CIRCLE
  5
C0C
330
1B
100
AcDbEntity
  8
B.Cu
100
AcDbCircle
 10
6.9685039370078741
 20
-4.3110236220472444
 30
0
 40
0.0196850393700787
  0
CIRCLE
  5
C0D
330
1B
100
AcDbEntity
  8
B.Cu
100
AcDbCircle
 10
5.4685039370078741
 20
-2.3622047244094486
 30
0
 40
0.015748031496063
  0
CIRCLE
  5
C0E
330
1B
100
AcDbEntity
  8
B.Cu
100
AcDbCircle
 10
5.4685039370078741
 20
-2.4622047244094487
 30
0
 40
0.015748031496063
  0
CIRCLE
  5
C0F
330
1B
100
AcDbEntity
  8
B.Cu
100
AcDbCircle
 10
5.4685039370078741
 20
-2.5622047244094488
 30
0
 40
0.015748031496063
  0
CIRCLE
  5
C10
330
1B
100
AcDbEntity
  8
B.Cu
100
AcDbCircle
 10
5.4685039370078741
 20
-2.6622047244094489
 30
0
 40
0.015748031496063
  0
CIRCLE
  5
C11
330
1B
100
AcDbEntity
  8
B.Cu
100
AcDbCircle
 10
5.4685039370078741
 20
-2.762204724409449
 30
0
 40
0.015748031496063
  0
CIRCLE
  5
C12
330
1B
100
AcDbEntity
  8
B.Cu
100
AcDbCircle
 10
5.4685039370078741
 20
-2.8622047244094486
 30
0
 40
0.015748031496063
  0
CIRCLE
  5
C13
330
1B
100
AcDbEntity
  8
B.Cu
100
AcDbCircle
 10
5.4685039370078741
 20
-2.9622047244094487
 30
0
 40
0.015748031496063
  0
CIRCLE
  5
C14
330
1B
100
AcDbEntity
  8
B.Cu
100
AcDbCircle
 10
5.4685039370078741
 20
-3.0622047244094488
 30
0
 40
0.015748031496063
  0
CIRCLE
  5
C15
330
1B
100
AcDbEntity
  8
B.Cu
100
AcDbCircle
 10
5.4685039370078741
 20
-3.1622047244094489
 30
0
 40
0.015748031496063
  0
CIRCLE
  5
C16
330
1B
100
AcDbEntity
  8
B.Cu
100
AcDbCircle
 10
5.4685039370078741
 20
-3.2622047244094485
 30
0
 40
0.015748031496063
  0
CIRCLE
  5
C17
330
1B
100
AcDbEntity
  8
B.Cu
100
AcDbCircle
 10
5.4685039370078741
 20
-3.3622047244094486
 30
0
 40
0.015748031496063
  0
CIRCLE
  5
C18
330
1B
100
AcDbEntity
  8
B.Cu
100
AcDbCircle
 10
5.4685039370078741
 20
-3.4622047244094487
 30
0
 40
0.015748031496063
  0
CIRCLE
  5
C19
330
1B
100
AcDbEntity
  8
B.Cu
100
AcDbCircle
 10
5.4685039370078741
 20
-3.5622047244094488
 30
0
 40
0.015748031496063
  0
CIRCLE
  5
C1A
330
1B
100
AcDbEntity
  8
B.Cu
100
AcDbCircle
 10
5.4685039370078741
 20
-3.6622047244094489
 30
0
 40
0.015748031496063
  0
CIRCLE
  5
C1B
330
1B
100
AcDbEntity
  8
B.Cu
100
AcDbCircle
 10
5.4685039370078741
 20
-3.7622047244094485
 30
0
 40
0.015748031496063
  0
CIRCLE
  5
C1C
330
1B
100
AcDbEntity
  8
B.Cu
100
AcDbCircle
 10
4.4685039370078741
 20
-2.3622047244094486
 30
0
 40
0.015748031496063
  0
CIRCLE
  5
C1D
330
1B
100
AcDbEntity
  8
B.Cu
100
AcDbCircle
 10
4.4685039370078741
 20
-2.4622047244094487
 30
0
 40
0.015748031496063
  0
CIRCLE
  5
C1E
330
1B
100
AcDbEntity
  8
B.Cu
100
AcDbCircle
 10
4.4685039370078741
 20
-2.5622047244094488
 30
0
 40
0.015748031496063
  0
CIRCLE
  5
C1F
330
1B
100
AcDbEntity
  8
B.Cu
100
AcDbCircle
 10
4.4685039370078741
 20
-2.6622047244094489
 30
0
 40
0.015748031496063
  0
CIRCLE
  5
C20
330
1B
100
AcDbEntity
  8
B.Cu
100
AcDbCircle
 10
4.4685039370078741
 20
-2.762204724409449
 30
0
 40
0.015748031496063
  0
CIRCLE
  5
C21
330
1B
100
AcDbEntity
  8
B.Cu
100
AcDbCircle
 10
4.4685039370078741
 20
-2.8622047244094486
 30
0
 40
0.015748031496063
  0
CIRCLE
  5
C22
330
1B
100
AcDbEntity
  8
B.Cu
100
AcDbCircle
 10
4.4685039370078741
 20
-2.9622047244094487
 30
0
 40
0.015748031496063
  0
CIRCLE
  5
C23
330
1B
100
AcDbEntity
  8
B.Cu
100
AcDbCircle
 10
4.4685039370078741
 20
-3.0622047244094488
 30
0
 40
0.015748031496063
  0
CIRCLE
  5
C24
330
1B
100
AcDbEntity
  8
B.Cu
100
AcDbCircle
 10
4.4685039370078741
 20
-3.1622047244094489
 30
0
 40
0.015748031496063
  0
CIRCLE
  5
C25
330
1B
100
AcDbEntity
  8
B.Cu
100
AcDbCircle
 10
4.4685039370078741
 20
-3.2622047244094485
 30
0
 40
0.015748031496063
  0
CIRCLE
  5
C26
330
1B
100
AcDbEntity
  8
B.Cu
100
AcDbCircle
 10
4.4685039370078741
 20
-3.3622047244094486
 30
0
 40
0.015748031496063
  0
CIRCLE
  5
C27
330
1B
100
AcDbEntity
  8
B.Cu
100
AcDbCircle
 10
4.4685039370078741
 20
-3.4622047244094487
 30
0
 40
0.015748031496063
  0
CIRCLE
  5
C28
330
1B
100
AcDbEntity
  8
B.Cu
100
AcDbCircle
 10
4.4685039370078741
 20
-3.5622047244094488
 30
0
 40
0.015748031496063
  0
CIRCLE
  5
C29
330
1B
100
AcDbEntity
  8
B.Cu
100
AcDbCircle
 10
4.4685039370078741
 20
-3.6622047244094489
 30
0
 40
0.015748031496063
  0
CIRCLE
  5
C2A
330
1B
100
AcDbEntity
  8
B.Cu
100
AcDbCircle
 10
4.4685039370078741
 20
-3.7622047244094485
 30
0
 40
0.015748031496063
  0
CIRCLE
  5
C2B
330
1B
100
AcDbEntity
  8
B.Cu
100
AcDbCircle
 10
3.4448818897637796
 20
-3.4055118110236218
 30
0
 40
0.0196850393700787
  0
CIRCLE
  5
C2C
330
1B
100
AcDbEntity
  8
B.Cu
100
AcDbCircle
 10
3.4448818897637796
 20
-3.3070866141732282
 30
0
 40
0.0196850393700787
  0
CIRCLE
  5
C2D
330
1B
100
AcDbEntity
  8
B.Cu
100
AcDbCircle
 10
3.4448818897637796
 20
-3.2086614173228347
 30
0
 40
0.0196850393700787
  0
CIRCLE
  5
C2E
330
1B
100
AcDbEntity
  8
B.Cu
100
AcDbCircle
 10
3.4448818897637796
 20
-3.1102362204724407
 30
0
 40
0.0196850393700787
  0
CIRCLE
  5
C2F
330
1B
100
AcDbEntity
  8
B.Cu
100
AcDbCircle
 10
3.4448818897637796
 20
-3.0118110236220472
 30
0
 40
0.0196850393700787
  0
CIRCLE
  5
C30
330
1B
100
AcDbEntity
  8
B.Cu
100
AcDbCircle
 10
3.4448818897637796
 20
-2.9133858267716537
 30
0
 40
0.0196850393700787
  0
CIRCLE
  5
C31
330
1B
100
AcDbEntity
  8
B.Cu
100
AcDbCircle
 10
3.4448818897637796
 20
-2.8149606299212597
 30
0
 40
0.0196850393700787
  0
CIRCLE
  5
C32
330
1B
100
AcDbEntity
  8
B.Cu
100
AcDbCircle
 10
3.4448818897637796
 20
-2.7165354330708662
 30
0
 40
0.0196850393700787
  0
ENDSEC
  0
SECTION
  2
OBJECTS
  0
DICTIONARY
  5
21
330
0
100
AcDbDictionary
281
1
  3
ACAD_GROUP
350
C33
  3
ACAD_LAYOUT
350
22
  3
ACAD_PLOTSTYLENAME
350
11
  0
DICTIONARY
  5
C33
330
21
100
AcDbDictionary
281
1
  0
ACDBDICTIONARYWDFLT
  5
11
330
21
100
AcDbDictionary
281
1
  3
Normal
350
10
100
AcDbDictionaryWithDefault
340
10
  0
ACDBPLACEHOLDER
  5
10
330
11
  0
DICTIONARY
  5
22
330
21
100
AcDbDictionary
281
1
  3
Model
350
1E
  3
Layout1
350
1F
  3
Layout2
350
20
  0
LAYOUT
  5
1E
330
22
100
AcDbPlotSettings
  1

  2
none_device
  4
A3
  6

 40
0.0
 41
0.0
 42
0.0
 43
0.0
 44
420.0
 45
297.0
 46
0.0
 47
0.0
 48
0.0
 49
0.0
140
0.0
141
0.0
142
1.0
143
1.0
 70
1024
 72
1
 73
0
 74
5
  7

 75
16
 76
0
 77
2
 78
300
147
1.0
148
0.0
149
0.0
100
AcDbLayout
  1
Model
 70
1
 71
0
 10
0.0
 20
0.0
 11
420.0
 21
297.0
 12
0.0
 22
0.0
 32
0.0
 14
1e+20
 24
1e+20
 34
1e+20
 15
-1e+20
 25
-1e+20
 35
-1e+20
146
0.0
 13
0.0
 23
0.0
 33
0.0
 16
1.0
 26
0.0
 36
0.0
 17
0.0
 27
1.0
 37
0.0
 76
0
330
1B
  0
LAYOUT
  5
1F
330
22
100
AcDbPlotSettings
  1

  2
none_device
  4
A3
  6

 40
0.0
 41
0.0
 42
0.0
 43
0.0
 44
420.0
 45
297.0
 46
0.0
 47
0.0
 48
0.0
 49
0.0
140
0.0
141
0.0
142
1.0
143
1.0
 70
0
 72
1
 73
0
 74
5
  7

 75
16
 76
0
 77
2
 78
300
147
1.0
148
0.0
149
0.0
100
AcDbLayout
  1
Layout1
 70
1
 71
1
 10
0.0
 20
0.0
 11
420.0
 21
297.0
 12
0.0
 22
0.0
 32
0.0
 14
1e+20
 24
1e+20
 34
1e+20
 15
-1e+20
 25
-1e+20
 35
-1e+20
146
0.0
 13
0.0
 23
0.0
 33
0.0
 16
1.0
 26
0.0
 36
0.0
 17
0.0
 27
1.0
 37
0.0
 76
0
330
1C
  0
LAYOUT
  5
20
330
22
100
AcDbPlotSettings
  1

  2
none_device
  4
A3
  6

 40
0.0
 41
0.0
 42
0.0
 43
0.0
 44
420.0
 45
297.0
 46
0.0
 47
0.0
 48
0.0
 49
0.0
140
0.0
141
0.0
142
1.0
143
1.0
 70
0
 72
1
 73
0
 74
5
  7

 75
16
 76
0
 77
2
 78
300
147
1.0
148
0.0
149
0.0
100
AcDbLayout
  1
Layout2
 70
1
 71
2
 10
0.0
 20
0.0
 11
420.0
 21
297.0
 12
0.0
 22
0.0
 32
0.0
 14
1e+20
 24
1e+20
 34
1e+20
 15
-1e+20
 25
-1e+20
 35
-1e+20
146
0.0
 13
0.0
 23
0.0
 33
0.0
 16
1.0
 26
0.0
 36
0.0
 17
0.0
 27
1.0
 37
0.0
 76
0
330
1D
  0
ENDSEC
  0
EOF
