ISO-10303-21;
HEADER;
/* Generated by software containing ST-Developer
 * from STEP Tools, Inc. (www.steptools.com) 
 */

FILE_DESCRIPTION(
/* description */ (''),
/* implementation_level */ '2;1');

FILE_NAME(
/* name */ 'YOMBOU-Porte-Cl.step',
/* time_stamp */ '2026-09-01T12:04:58Z',
/* author */ (''),
/* organization */ (''),
/* preprocessor_version */ 'ST-DEVELOPER v20.1',
/* originating_system */ 'Autodesk Translation Framework v15.8.0.0',
/* authorisation */ '');

FILE_SCHEMA (('AUTOMOTIVE_DESIGN { 1 0 10303 214 3 1 1 }'));
ENDSEC;

DATA;
#10=MECHANICAL_DESIGN_GEOMETRIC_PRESENTATION_REPRESENTATION('',(#13),#15387);
#11=SHAPE_REPRESENTATION_RELATIONSHIP('SRR','None',#15394,#12);
#12=ADVANCED_BREP_SHAPE_REPRESENTATION('',(#14),#15386);
#13=STYLED_ITEM('',(#15403),#14);
#14=MANIFOLD_SOLID_BREP('Corps1',#7919);
#15=CIRCLE('',#8004,5.);
#16=CIRCLE('',#8005,5.);
#17=CIRCLE('',#8008,5.);
#18=CIRCLE('',#8009,5.);
#19=CIRCLE('',#8010,5.);
#20=CIRCLE('',#8011,2.5);
#21=CIRCLE('',#8013,5.);
#22=CIRCLE('',#8014,5.);
#23=CIRCLE('',#8015,5.);
#24=CIRCLE('',#8018,5.);
#25=CIRCLE('',#8019,5.);
#26=CIRCLE('',#8020,5.);
#27=CIRCLE('',#8021,2.5);
#28=CIRCLE('',#8025,5.);
#29=CYLINDRICAL_SURFACE('',#8003,5.);
#30=CYLINDRICAL_SURFACE('',#8012,5.);
#31=CYLINDRICAL_SURFACE('',#8023,5.);
#32=CYLINDRICAL_SURFACE('',#8024,5.);
#33=CYLINDRICAL_SURFACE('',#8145,2.5);
#34=FACE_BOUND('',#693,.T.);
#35=FACE_BOUND('',#748,.T.);
#36=FACE_BOUND('',#786,.T.);
#37=FACE_BOUND('',#865,.T.);
#38=FACE_BOUND('',#869,.T.);
#39=FACE_BOUND('',#870,.T.);
#40=FACE_BOUND('',#871,.T.);
#41=FACE_BOUND('',#872,.T.);
#42=FACE_BOUND('',#873,.T.);
#43=FACE_BOUND('',#874,.T.);
#44=FACE_BOUND('',#875,.T.);
#45=FACE_BOUND('',#876,.T.);
#46=FACE_BOUND('',#877,.T.);
#47=FACE_BOUND('',#878,.T.);
#48=FACE_BOUND('',#879,.T.);
#49=FACE_BOUND('',#880,.T.);
#50=FACE_BOUND('',#881,.T.);
#51=FACE_BOUND('',#882,.T.);
#52=FACE_BOUND('',#883,.T.);
#53=FACE_BOUND('',#884,.T.);
#54=FACE_BOUND('',#885,.T.);
#55=FACE_BOUND('',#909,.T.);
#56=FACE_BOUND('',#938,.T.);
#57=FACE_BOUND('',#939,.T.);
#58=FACE_BOUND('',#1002,.T.);
#59=FACE_BOUND('',#1031,.T.);
#60=FACE_BOUND('',#1032,.T.);
#61=FACE_BOUND('',#1088,.T.);
#62=PLANE('',#7933);
#63=PLANE('',#7934);
#64=PLANE('',#7935);
#65=PLANE('',#7936);
#66=PLANE('',#7937);
#67=PLANE('',#7938);
#68=PLANE('',#7939);
#69=PLANE('',#7940);
#70=PLANE('',#7941);
#71=PLANE('',#7942);
#72=PLANE('',#7943);
#73=PLANE('',#7944);
#74=PLANE('',#7945);
#75=PLANE('',#7946);
#76=PLANE('',#7947);
#77=PLANE('',#7948);
#78=PLANE('',#7949);
#79=PLANE('',#7950);
#80=PLANE('',#7951);
#81=PLANE('',#7952);
#82=PLANE('',#7953);
#83=PLANE('',#7954);
#84=PLANE('',#7955);
#85=PLANE('',#7956);
#86=PLANE('',#7957);
#87=PLANE('',#7958);
#88=PLANE('',#7959);
#89=PLANE('',#7960);
#90=PLANE('',#7961);
#91=PLANE('',#7962);
#92=PLANE('',#7963);
#93=PLANE('',#7964);
#94=PLANE('',#7965);
#95=PLANE('',#7966);
#96=PLANE('',#7967);
#97=PLANE('',#7968);
#98=PLANE('',#7969);
#99=PLANE('',#7970);
#100=PLANE('',#7971);
#101=PLANE('',#7972);
#102=PLANE('',#7973);
#103=PLANE('',#7974);
#104=PLANE('',#7975);
#105=PLANE('',#7976);
#106=PLANE('',#7977);
#107=PLANE('',#7978);
#108=PLANE('',#7979);
#109=PLANE('',#7980);
#110=PLANE('',#7981);
#111=PLANE('',#7982);
#112=PLANE('',#7983);
#113=PLANE('',#7984);
#114=PLANE('',#7985);
#115=PLANE('',#7986);
#116=PLANE('',#7987);
#117=PLANE('',#7988);
#118=PLANE('',#7989);
#119=PLANE('',#7990);
#120=PLANE('',#7991);
#121=PLANE('',#7992);
#122=PLANE('',#7993);
#123=PLANE('',#7994);
#124=PLANE('',#7995);
#125=PLANE('',#7996);
#126=PLANE('',#7997);
#127=PLANE('',#7998);
#128=PLANE('',#7999);
#129=PLANE('',#8000);
#130=PLANE('',#8001);
#131=PLANE('',#8002);
#132=PLANE('',#8006);
#133=PLANE('',#8007);
#134=PLANE('',#8016);
#135=PLANE('',#8017);
#136=PLANE('',#8022);
#137=PLANE('',#8026);
#138=PLANE('',#8027);
#139=PLANE('',#8028);
#140=PLANE('',#8029);
#141=PLANE('',#8030);
#142=PLANE('',#8031);
#143=PLANE('',#8032);
#144=PLANE('',#8033);
#145=PLANE('',#8034);
#146=PLANE('',#8035);
#147=PLANE('',#8036);
#148=PLANE('',#8037);
#149=PLANE('',#8038);
#150=PLANE('',#8039);
#151=PLANE('',#8040);
#152=PLANE('',#8041);
#153=PLANE('',#8042);
#154=PLANE('',#8043);
#155=PLANE('',#8044);
#156=PLANE('',#8045);
#157=PLANE('',#8046);
#158=PLANE('',#8047);
#159=PLANE('',#8048);
#160=PLANE('',#8049);
#161=PLANE('',#8050);
#162=PLANE('',#8051);
#163=PLANE('',#8052);
#164=PLANE('',#8053);
#165=PLANE('',#8054);
#166=PLANE('',#8055);
#167=PLANE('',#8056);
#168=PLANE('',#8057);
#169=PLANE('',#8058);
#170=PLANE('',#8059);
#171=PLANE('',#8060);
#172=PLANE('',#8061);
#173=PLANE('',#8062);
#174=PLANE('',#8063);
#175=PLANE('',#8064);
#176=PLANE('',#8065);
#177=PLANE('',#8066);
#178=PLANE('',#8067);
#179=PLANE('',#8068);
#180=PLANE('',#8069);
#181=PLANE('',#8070);
#182=PLANE('',#8071);
#183=PLANE('',#8072);
#184=PLANE('',#8073);
#185=PLANE('',#8074);
#186=PLANE('',#8075);
#187=PLANE('',#8076);
#188=PLANE('',#8077);
#189=PLANE('',#8078);
#190=PLANE('',#8079);
#191=PLANE('',#8080);
#192=PLANE('',#8081);
#193=PLANE('',#8082);
#194=PLANE('',#8083);
#195=PLANE('',#8084);
#196=PLANE('',#8085);
#197=PLANE('',#8086);
#198=PLANE('',#8087);
#199=PLANE('',#8088);
#200=PLANE('',#8089);
#201=PLANE('',#8090);
#202=PLANE('',#8091);
#203=PLANE('',#8092);
#204=PLANE('',#8093);
#205=PLANE('',#8094);
#206=PLANE('',#8095);
#207=PLANE('',#8096);
#208=PLANE('',#8097);
#209=PLANE('',#8098);
#210=PLANE('',#8099);
#211=PLANE('',#8100);
#212=PLANE('',#8101);
#213=PLANE('',#8102);
#214=PLANE('',#8103);
#215=PLANE('',#8104);
#216=PLANE('',#8105);
#217=PLANE('',#8106);
#218=PLANE('',#8107);
#219=PLANE('',#8108);
#220=PLANE('',#8109);
#221=PLANE('',#8110);
#222=PLANE('',#8111);
#223=PLANE('',#8112);
#224=PLANE('',#8113);
#225=PLANE('',#8114);
#226=PLANE('',#8115);
#227=PLANE('',#8116);
#228=PLANE('',#8117);
#229=PLANE('',#8118);
#230=PLANE('',#8119);
#231=PLANE('',#8120);
#232=PLANE('',#8121);
#233=PLANE('',#8122);
#234=PLANE('',#8123);
#235=PLANE('',#8124);
#236=PLANE('',#8125);
#237=PLANE('',#8126);
#238=PLANE('',#8127);
#239=PLANE('',#8128);
#240=PLANE('',#8129);
#241=PLANE('',#8130);
#242=PLANE('',#8131);
#243=PLANE('',#8132);
#244=PLANE('',#8133);
#245=PLANE('',#8134);
#246=PLANE('',#8135);
#247=PLANE('',#8136);
#248=PLANE('',#8137);
#249=PLANE('',#8138);
#250=PLANE('',#8139);
#251=PLANE('',#8140);
#252=PLANE('',#8141);
#253=PLANE('',#8142);
#254=PLANE('',#8143);
#255=PLANE('',#8144);
#256=PLANE('',#8146);
#257=PLANE('',#8147);
#258=FACE_OUTER_BOUND('',#676,.T.);
#259=FACE_OUTER_BOUND('',#677,.T.);
#260=FACE_OUTER_BOUND('',#678,.T.);
#261=FACE_OUTER_BOUND('',#679,.T.);
#262=FACE_OUTER_BOUND('',#680,.T.);
#263=FACE_OUTER_BOUND('',#681,.T.);
#264=FACE_OUTER_BOUND('',#682,.T.);
#265=FACE_OUTER_BOUND('',#683,.T.);
#266=FACE_OUTER_BOUND('',#684,.T.);
#267=FACE_OUTER_BOUND('',#685,.T.);
#268=FACE_OUTER_BOUND('',#686,.T.);
#269=FACE_OUTER_BOUND('',#687,.T.);
#270=FACE_OUTER_BOUND('',#688,.T.);
#271=FACE_OUTER_BOUND('',#689,.T.);
#272=FACE_OUTER_BOUND('',#690,.T.);
#273=FACE_OUTER_BOUND('',#691,.T.);
#274=FACE_OUTER_BOUND('',#692,.T.);
#275=FACE_OUTER_BOUND('',#694,.T.);
#276=FACE_OUTER_BOUND('',#695,.T.);
#277=FACE_OUTER_BOUND('',#696,.T.);
#278=FACE_OUTER_BOUND('',#697,.T.);
#279=FACE_OUTER_BOUND('',#698,.T.);
#280=FACE_OUTER_BOUND('',#699,.T.);
#281=FACE_OUTER_BOUND('',#700,.T.);
#282=FACE_OUTER_BOUND('',#701,.T.);
#283=FACE_OUTER_BOUND('',#702,.T.);
#284=FACE_OUTER_BOUND('',#703,.T.);
#285=FACE_OUTER_BOUND('',#704,.T.);
#286=FACE_OUTER_BOUND('',#705,.T.);
#287=FACE_OUTER_BOUND('',#706,.T.);
#288=FACE_OUTER_BOUND('',#707,.T.);
#289=FACE_OUTER_BOUND('',#708,.T.);
#290=FACE_OUTER_BOUND('',#709,.T.);
#291=FACE_OUTER_BOUND('',#710,.T.);
#292=FACE_OUTER_BOUND('',#711,.T.);
#293=FACE_OUTER_BOUND('',#712,.T.);
#294=FACE_OUTER_BOUND('',#713,.T.);
#295=FACE_OUTER_BOUND('',#714,.T.);
#296=FACE_OUTER_BOUND('',#715,.T.);
#297=FACE_OUTER_BOUND('',#716,.T.);
#298=FACE_OUTER_BOUND('',#717,.T.);
#299=FACE_OUTER_BOUND('',#718,.T.);
#300=FACE_OUTER_BOUND('',#719,.T.);
#301=FACE_OUTER_BOUND('',#720,.T.);
#302=FACE_OUTER_BOUND('',#721,.T.);
#303=FACE_OUTER_BOUND('',#722,.T.);
#304=FACE_OUTER_BOUND('',#723,.T.);
#305=FACE_OUTER_BOUND('',#724,.T.);
#306=FACE_OUTER_BOUND('',#725,.T.);
#307=FACE_OUTER_BOUND('',#726,.T.);
#308=FACE_OUTER_BOUND('',#727,.T.);
#309=FACE_OUTER_BOUND('',#728,.T.);
#310=FACE_OUTER_BOUND('',#729,.T.);
#311=FACE_OUTER_BOUND('',#730,.T.);
#312=FACE_OUTER_BOUND('',#731,.T.);
#313=FACE_OUTER_BOUND('',#732,.T.);
#314=FACE_OUTER_BOUND('',#733,.T.);
#315=FACE_OUTER_BOUND('',#734,.T.);
#316=FACE_OUTER_BOUND('',#735,.T.);
#317=FACE_OUTER_BOUND('',#736,.T.);
#318=FACE_OUTER_BOUND('',#737,.T.);
#319=FACE_OUTER_BOUND('',#738,.T.);
#320=FACE_OUTER_BOUND('',#739,.T.);
#321=FACE_OUTER_BOUND('',#740,.T.);
#322=FACE_OUTER_BOUND('',#741,.T.);
#323=FACE_OUTER_BOUND('',#742,.T.);
#324=FACE_OUTER_BOUND('',#743,.T.);
#325=FACE_OUTER_BOUND('',#744,.T.);
#326=FACE_OUTER_BOUND('',#745,.T.);
#327=FACE_OUTER_BOUND('',#746,.T.);
#328=FACE_OUTER_BOUND('',#747,.T.);
#329=FACE_OUTER_BOUND('',#749,.T.);
#330=FACE_OUTER_BOUND('',#750,.T.);
#331=FACE_OUTER_BOUND('',#751,.T.);
#332=FACE_OUTER_BOUND('',#752,.T.);
#333=FACE_OUTER_BOUND('',#753,.T.);
#334=FACE_OUTER_BOUND('',#754,.T.);
#335=FACE_OUTER_BOUND('',#755,.T.);
#336=FACE_OUTER_BOUND('',#756,.T.);
#337=FACE_OUTER_BOUND('',#757,.T.);
#338=FACE_OUTER_BOUND('',#758,.T.);
#339=FACE_OUTER_BOUND('',#759,.T.);
#340=FACE_OUTER_BOUND('',#760,.T.);
#341=FACE_OUTER_BOUND('',#761,.T.);
#342=FACE_OUTER_BOUND('',#762,.T.);
#343=FACE_OUTER_BOUND('',#763,.T.);
#344=FACE_OUTER_BOUND('',#764,.T.);
#345=FACE_OUTER_BOUND('',#765,.T.);
#346=FACE_OUTER_BOUND('',#766,.T.);
#347=FACE_OUTER_BOUND('',#767,.T.);
#348=FACE_OUTER_BOUND('',#768,.T.);
#349=FACE_OUTER_BOUND('',#769,.T.);
#350=FACE_OUTER_BOUND('',#770,.T.);
#351=FACE_OUTER_BOUND('',#771,.T.);
#352=FACE_OUTER_BOUND('',#772,.T.);
#353=FACE_OUTER_BOUND('',#773,.T.);
#354=FACE_OUTER_BOUND('',#774,.T.);
#355=FACE_OUTER_BOUND('',#775,.T.);
#356=FACE_OUTER_BOUND('',#776,.T.);
#357=FACE_OUTER_BOUND('',#777,.T.);
#358=FACE_OUTER_BOUND('',#778,.T.);
#359=FACE_OUTER_BOUND('',#779,.T.);
#360=FACE_OUTER_BOUND('',#780,.T.);
#361=FACE_OUTER_BOUND('',#781,.T.);
#362=FACE_OUTER_BOUND('',#782,.T.);
#363=FACE_OUTER_BOUND('',#783,.T.);
#364=FACE_OUTER_BOUND('',#784,.T.);
#365=FACE_OUTER_BOUND('',#785,.T.);
#366=FACE_OUTER_BOUND('',#787,.T.);
#367=FACE_OUTER_BOUND('',#788,.T.);
#368=FACE_OUTER_BOUND('',#789,.T.);
#369=FACE_OUTER_BOUND('',#790,.T.);
#370=FACE_OUTER_BOUND('',#791,.T.);
#371=FACE_OUTER_BOUND('',#792,.T.);
#372=FACE_OUTER_BOUND('',#793,.T.);
#373=FACE_OUTER_BOUND('',#794,.T.);
#374=FACE_OUTER_BOUND('',#795,.T.);
#375=FACE_OUTER_BOUND('',#796,.T.);
#376=FACE_OUTER_BOUND('',#797,.T.);
#377=FACE_OUTER_BOUND('',#798,.T.);
#378=FACE_OUTER_BOUND('',#799,.T.);
#379=FACE_OUTER_BOUND('',#800,.T.);
#380=FACE_OUTER_BOUND('',#801,.T.);
#381=FACE_OUTER_BOUND('',#802,.T.);
#382=FACE_OUTER_BOUND('',#803,.T.);
#383=FACE_OUTER_BOUND('',#804,.T.);
#384=FACE_OUTER_BOUND('',#805,.T.);
#385=FACE_OUTER_BOUND('',#806,.T.);
#386=FACE_OUTER_BOUND('',#807,.T.);
#387=FACE_OUTER_BOUND('',#808,.T.);
#388=FACE_OUTER_BOUND('',#809,.T.);
#389=FACE_OUTER_BOUND('',#810,.T.);
#390=FACE_OUTER_BOUND('',#811,.T.);
#391=FACE_OUTER_BOUND('',#812,.T.);
#392=FACE_OUTER_BOUND('',#813,.T.);
#393=FACE_OUTER_BOUND('',#814,.T.);
#394=FACE_OUTER_BOUND('',#815,.T.);
#395=FACE_OUTER_BOUND('',#816,.T.);
#396=FACE_OUTER_BOUND('',#817,.T.);
#397=FACE_OUTER_BOUND('',#818,.T.);
#398=FACE_OUTER_BOUND('',#819,.T.);
#399=FACE_OUTER_BOUND('',#820,.T.);
#400=FACE_OUTER_BOUND('',#821,.T.);
#401=FACE_OUTER_BOUND('',#822,.T.);
#402=FACE_OUTER_BOUND('',#823,.T.);
#403=FACE_OUTER_BOUND('',#824,.T.);
#404=FACE_OUTER_BOUND('',#825,.T.);
#405=FACE_OUTER_BOUND('',#826,.T.);
#406=FACE_OUTER_BOUND('',#827,.T.);
#407=FACE_OUTER_BOUND('',#828,.T.);
#408=FACE_OUTER_BOUND('',#829,.T.);
#409=FACE_OUTER_BOUND('',#830,.T.);
#410=FACE_OUTER_BOUND('',#831,.T.);
#411=FACE_OUTER_BOUND('',#832,.T.);
#412=FACE_OUTER_BOUND('',#833,.T.);
#413=FACE_OUTER_BOUND('',#834,.T.);
#414=FACE_OUTER_BOUND('',#835,.T.);
#415=FACE_OUTER_BOUND('',#836,.T.);
#416=FACE_OUTER_BOUND('',#837,.T.);
#417=FACE_OUTER_BOUND('',#838,.T.);
#418=FACE_OUTER_BOUND('',#839,.T.);
#419=FACE_OUTER_BOUND('',#840,.T.);
#420=FACE_OUTER_BOUND('',#841,.T.);
#421=FACE_OUTER_BOUND('',#842,.T.);
#422=FACE_OUTER_BOUND('',#843,.T.);
#423=FACE_OUTER_BOUND('',#844,.T.);
#424=FACE_OUTER_BOUND('',#845,.T.);
#425=FACE_OUTER_BOUND('',#846,.T.);
#426=FACE_OUTER_BOUND('',#847,.T.);
#427=FACE_OUTER_BOUND('',#848,.T.);
#428=FACE_OUTER_BOUND('',#849,.T.);
#429=FACE_OUTER_BOUND('',#850,.T.);
#430=FACE_OUTER_BOUND('',#851,.T.);
#431=FACE_OUTER_BOUND('',#852,.T.);
#432=FACE_OUTER_BOUND('',#853,.T.);
#433=FACE_OUTER_BOUND('',#854,.T.);
#434=FACE_OUTER_BOUND('',#855,.T.);
#435=FACE_OUTER_BOUND('',#856,.T.);
#436=FACE_OUTER_BOUND('',#857,.T.);
#437=FACE_OUTER_BOUND('',#858,.T.);
#438=FACE_OUTER_BOUND('',#859,.T.);
#439=FACE_OUTER_BOUND('',#860,.T.);
#440=FACE_OUTER_BOUND('',#861,.T.);
#441=FACE_OUTER_BOUND('',#862,.T.);
#442=FACE_OUTER_BOUND('',#863,.T.);
#443=FACE_OUTER_BOUND('',#864,.T.);
#444=FACE_OUTER_BOUND('',#866,.T.);
#445=FACE_OUTER_BOUND('',#867,.T.);
#446=FACE_OUTER_BOUND('',#868,.T.);
#447=FACE_OUTER_BOUND('',#886,.T.);
#448=FACE_OUTER_BOUND('',#887,.T.);
#449=FACE_OUTER_BOUND('',#888,.T.);
#450=FACE_OUTER_BOUND('',#889,.T.);
#451=FACE_OUTER_BOUND('',#890,.T.);
#452=FACE_OUTER_BOUND('',#891,.T.);
#453=FACE_OUTER_BOUND('',#892,.T.);
#454=FACE_OUTER_BOUND('',#893,.T.);
#455=FACE_OUTER_BOUND('',#894,.T.);
#456=FACE_OUTER_BOUND('',#895,.T.);
#457=FACE_OUTER_BOUND('',#896,.T.);
#458=FACE_OUTER_BOUND('',#897,.T.);
#459=FACE_OUTER_BOUND('',#898,.T.);
#460=FACE_OUTER_BOUND('',#899,.T.);
#461=FACE_OUTER_BOUND('',#900,.T.);
#462=FACE_OUTER_BOUND('',#901,.T.);
#463=FACE_OUTER_BOUND('',#902,.T.);
#464=FACE_OUTER_BOUND('',#903,.T.);
#465=FACE_OUTER_BOUND('',#904,.T.);
#466=FACE_OUTER_BOUND('',#905,.T.);
#467=FACE_OUTER_BOUND('',#906,.T.);
#468=FACE_OUTER_BOUND('',#907,.T.);
#469=FACE_OUTER_BOUND('',#908,.T.);
#470=FACE_OUTER_BOUND('',#910,.T.);
#471=FACE_OUTER_BOUND('',#911,.T.);
#472=FACE_OUTER_BOUND('',#912,.T.);
#473=FACE_OUTER_BOUND('',#913,.T.);
#474=FACE_OUTER_BOUND('',#914,.T.);
#475=FACE_OUTER_BOUND('',#915,.T.);
#476=FACE_OUTER_BOUND('',#916,.T.);
#477=FACE_OUTER_BOUND('',#917,.T.);
#478=FACE_OUTER_BOUND('',#918,.T.);
#479=FACE_OUTER_BOUND('',#919,.T.);
#480=FACE_OUTER_BOUND('',#920,.T.);
#481=FACE_OUTER_BOUND('',#921,.T.);
#482=FACE_OUTER_BOUND('',#922,.T.);
#483=FACE_OUTER_BOUND('',#923,.T.);
#484=FACE_OUTER_BOUND('',#924,.T.);
#485=FACE_OUTER_BOUND('',#925,.T.);
#486=FACE_OUTER_BOUND('',#926,.T.);
#487=FACE_OUTER_BOUND('',#927,.T.);
#488=FACE_OUTER_BOUND('',#928,.T.);
#489=FACE_OUTER_BOUND('',#929,.T.);
#490=FACE_OUTER_BOUND('',#930,.T.);
#491=FACE_OUTER_BOUND('',#931,.T.);
#492=FACE_OUTER_BOUND('',#932,.T.);
#493=FACE_OUTER_BOUND('',#933,.T.);
#494=FACE_OUTER_BOUND('',#934,.T.);
#495=FACE_OUTER_BOUND('',#935,.T.);
#496=FACE_OUTER_BOUND('',#936,.T.);
#497=FACE_OUTER_BOUND('',#937,.T.);
#498=FACE_OUTER_BOUND('',#940,.T.);
#499=FACE_OUTER_BOUND('',#941,.T.);
#500=FACE_OUTER_BOUND('',#942,.T.);
#501=FACE_OUTER_BOUND('',#943,.T.);
#502=FACE_OUTER_BOUND('',#944,.T.);
#503=FACE_OUTER_BOUND('',#945,.T.);
#504=FACE_OUTER_BOUND('',#946,.T.);
#505=FACE_OUTER_BOUND('',#947,.T.);
#506=FACE_OUTER_BOUND('',#948,.T.);
#507=FACE_OUTER_BOUND('',#949,.T.);
#508=FACE_OUTER_BOUND('',#950,.T.);
#509=FACE_OUTER_BOUND('',#951,.T.);
#510=FACE_OUTER_BOUND('',#952,.T.);
#511=FACE_OUTER_BOUND('',#953,.T.);
#512=FACE_OUTER_BOUND('',#954,.T.);
#513=FACE_OUTER_BOUND('',#955,.T.);
#514=FACE_OUTER_BOUND('',#956,.T.);
#515=FACE_OUTER_BOUND('',#957,.T.);
#516=FACE_OUTER_BOUND('',#958,.T.);
#517=FACE_OUTER_BOUND('',#959,.T.);
#518=FACE_OUTER_BOUND('',#960,.T.);
#519=FACE_OUTER_BOUND('',#961,.T.);
#520=FACE_OUTER_BOUND('',#962,.T.);
#521=FACE_OUTER_BOUND('',#963,.T.);
#522=FACE_OUTER_BOUND('',#964,.T.);
#523=FACE_OUTER_BOUND('',#965,.T.);
#524=FACE_OUTER_BOUND('',#966,.T.);
#525=FACE_OUTER_BOUND('',#967,.T.);
#526=FACE_OUTER_BOUND('',#968,.T.);
#527=FACE_OUTER_BOUND('',#969,.T.);
#528=FACE_OUTER_BOUND('',#970,.T.);
#529=FACE_OUTER_BOUND('',#971,.T.);
#530=FACE_OUTER_BOUND('',#972,.T.);
#531=FACE_OUTER_BOUND('',#973,.T.);
#532=FACE_OUTER_BOUND('',#974,.T.);
#533=FACE_OUTER_BOUND('',#975,.T.);
#534=FACE_OUTER_BOUND('',#976,.T.);
#535=FACE_OUTER_BOUND('',#977,.T.);
#536=FACE_OUTER_BOUND('',#978,.T.);
#537=FACE_OUTER_BOUND('',#979,.T.);
#538=FACE_OUTER_BOUND('',#980,.T.);
#539=FACE_OUTER_BOUND('',#981,.T.);
#540=FACE_OUTER_BOUND('',#982,.T.);
#541=FACE_OUTER_BOUND('',#983,.T.);
#542=FACE_OUTER_BOUND('',#984,.T.);
#543=FACE_OUTER_BOUND('',#985,.T.);
#544=FACE_OUTER_BOUND('',#986,.T.);
#545=FACE_OUTER_BOUND('',#987,.T.);
#546=FACE_OUTER_BOUND('',#988,.T.);
#547=FACE_OUTER_BOUND('',#989,.T.);
#548=FACE_OUTER_BOUND('',#990,.T.);
#549=FACE_OUTER_BOUND('',#991,.T.);
#550=FACE_OUTER_BOUND('',#992,.T.);
#551=FACE_OUTER_BOUND('',#993,.T.);
#552=FACE_OUTER_BOUND('',#994,.T.);
#553=FACE_OUTER_BOUND('',#995,.T.);
#554=FACE_OUTER_BOUND('',#996,.T.);
#555=FACE_OUTER_BOUND('',#997,.T.);
#556=FACE_OUTER_BOUND('',#998,.T.);
#557=FACE_OUTER_BOUND('',#999,.T.);
#558=FACE_OUTER_BOUND('',#1000,.T.);
#559=FACE_OUTER_BOUND('',#1001,.T.);
#560=FACE_OUTER_BOUND('',#1003,.T.);
#561=FACE_OUTER_BOUND('',#1004,.T.);
#562=FACE_OUTER_BOUND('',#1005,.T.);
#563=FACE_OUTER_BOUND('',#1006,.T.);
#564=FACE_OUTER_BOUND('',#1007,.T.);
#565=FACE_OUTER_BOUND('',#1008,.T.);
#566=FACE_OUTER_BOUND('',#1009,.T.);
#567=FACE_OUTER_BOUND('',#1010,.T.);
#568=FACE_OUTER_BOUND('',#1011,.T.);
#569=FACE_OUTER_BOUND('',#1012,.T.);
#570=FACE_OUTER_BOUND('',#1013,.T.);
#571=FACE_OUTER_BOUND('',#1014,.T.);
#572=FACE_OUTER_BOUND('',#1015,.T.);
#573=FACE_OUTER_BOUND('',#1016,.T.);
#574=FACE_OUTER_BOUND('',#1017,.T.);
#575=FACE_OUTER_BOUND('',#1018,.T.);
#576=FACE_OUTER_BOUND('',#1019,.T.);
#577=FACE_OUTER_BOUND('',#1020,.T.);
#578=FACE_OUTER_BOUND('',#1021,.T.);
#579=FACE_OUTER_BOUND('',#1022,.T.);
#580=FACE_OUTER_BOUND('',#1023,.T.);
#581=FACE_OUTER_BOUND('',#1024,.T.);
#582=FACE_OUTER_BOUND('',#1025,.T.);
#583=FACE_OUTER_BOUND('',#1026,.T.);
#584=FACE_OUTER_BOUND('',#1027,.T.);
#585=FACE_OUTER_BOUND('',#1028,.T.);
#586=FACE_OUTER_BOUND('',#1029,.T.);
#587=FACE_OUTER_BOUND('',#1030,.T.);
#588=FACE_OUTER_BOUND('',#1033,.T.);
#589=FACE_OUTER_BOUND('',#1034,.T.);
#590=FACE_OUTER_BOUND('',#1035,.T.);
#591=FACE_OUTER_BOUND('',#1036,.T.);
#592=FACE_OUTER_BOUND('',#1037,.T.);
#593=FACE_OUTER_BOUND('',#1038,.T.);
#594=FACE_OUTER_BOUND('',#1039,.T.);
#595=FACE_OUTER_BOUND('',#1040,.T.);
#596=FACE_OUTER_BOUND('',#1041,.T.);
#597=FACE_OUTER_BOUND('',#1042,.T.);
#598=FACE_OUTER_BOUND('',#1043,.T.);
#599=FACE_OUTER_BOUND('',#1044,.T.);
#600=FACE_OUTER_BOUND('',#1045,.T.);
#601=FACE_OUTER_BOUND('',#1046,.T.);
#602=FACE_OUTER_BOUND('',#1047,.T.);
#603=FACE_OUTER_BOUND('',#1048,.T.);
#604=FACE_OUTER_BOUND('',#1049,.T.);
#605=FACE_OUTER_BOUND('',#1050,.T.);
#606=FACE_OUTER_BOUND('',#1051,.T.);
#607=FACE_OUTER_BOUND('',#1052,.T.);
#608=FACE_OUTER_BOUND('',#1053,.T.);
#609=FACE_OUTER_BOUND('',#1054,.T.);
#610=FACE_OUTER_BOUND('',#1055,.T.);
#611=FACE_OUTER_BOUND('',#1056,.T.);
#612=FACE_OUTER_BOUND('',#1057,.T.);
#613=FACE_OUTER_BOUND('',#1058,.T.);
#614=FACE_OUTER_BOUND('',#1059,.T.);
#615=FACE_OUTER_BOUND('',#1060,.T.);
#616=FACE_OUTER_BOUND('',#1061,.T.);
#617=FACE_OUTER_BOUND('',#1062,.T.);
#618=FACE_OUTER_BOUND('',#1063,.T.);
#619=FACE_OUTER_BOUND('',#1064,.T.);
#620=FACE_OUTER_BOUND('',#1065,.T.);
#621=FACE_OUTER_BOUND('',#1066,.T.);
#622=FACE_OUTER_BOUND('',#1067,.T.);
#623=FACE_OUTER_BOUND('',#1068,.T.);
#624=FACE_OUTER_BOUND('',#1069,.T.);
#625=FACE_OUTER_BOUND('',#1070,.T.);
#626=FACE_OUTER_BOUND('',#1071,.T.);
#627=FACE_OUTER_BOUND('',#1072,.T.);
#628=FACE_OUTER_BOUND('',#1073,.T.);
#629=FACE_OUTER_BOUND('',#1074,.T.);
#630=FACE_OUTER_BOUND('',#1075,.T.);
#631=FACE_OUTER_BOUND('',#1076,.T.);
#632=FACE_OUTER_BOUND('',#1077,.T.);
#633=FACE_OUTER_BOUND('',#1078,.T.);
#634=FACE_OUTER_BOUND('',#1079,.T.);
#635=FACE_OUTER_BOUND('',#1080,.T.);
#636=FACE_OUTER_BOUND('',#1081,.T.);
#637=FACE_OUTER_BOUND('',#1082,.T.);
#638=FACE_OUTER_BOUND('',#1083,.T.);
#639=FACE_OUTER_BOUND('',#1084,.T.);
#640=FACE_OUTER_BOUND('',#1085,.T.);
#641=FACE_OUTER_BOUND('',#1086,.T.);
#642=FACE_OUTER_BOUND('',#1087,.T.);
#643=FACE_OUTER_BOUND('',#1089,.T.);
#644=FACE_OUTER_BOUND('',#1090,.T.);
#645=FACE_OUTER_BOUND('',#1091,.T.);
#646=FACE_OUTER_BOUND('',#1092,.T.);
#647=FACE_OUTER_BOUND('',#1093,.T.);
#648=FACE_OUTER_BOUND('',#1094,.T.);
#649=FACE_OUTER_BOUND('',#1095,.T.);
#650=FACE_OUTER_BOUND('',#1096,.T.);
#651=FACE_OUTER_BOUND('',#1097,.T.);
#652=FACE_OUTER_BOUND('',#1098,.T.);
#653=FACE_OUTER_BOUND('',#1099,.T.);
#654=FACE_OUTER_BOUND('',#1100,.T.);
#655=FACE_OUTER_BOUND('',#1101,.T.);
#656=FACE_OUTER_BOUND('',#1102,.T.);
#657=FACE_OUTER_BOUND('',#1103,.T.);
#658=FACE_OUTER_BOUND('',#1104,.T.);
#659=FACE_OUTER_BOUND('',#1105,.T.);
#660=FACE_OUTER_BOUND('',#1106,.T.);
#661=FACE_OUTER_BOUND('',#1107,.T.);
#662=FACE_OUTER_BOUND('',#1108,.T.);
#663=FACE_OUTER_BOUND('',#1109,.T.);
#664=FACE_OUTER_BOUND('',#1110,.T.);
#665=FACE_OUTER_BOUND('',#1111,.T.);
#666=FACE_OUTER_BOUND('',#1112,.T.);
#667=FACE_OUTER_BOUND('',#1113,.T.);
#668=FACE_OUTER_BOUND('',#1114,.T.);
#669=FACE_OUTER_BOUND('',#1115,.T.);
#670=FACE_OUTER_BOUND('',#1116,.T.);
#671=FACE_OUTER_BOUND('',#1117,.T.);
#672=FACE_OUTER_BOUND('',#1118,.T.);
#673=FACE_OUTER_BOUND('',#1119,.T.);
#674=FACE_OUTER_BOUND('',#1120,.T.);
#675=FACE_OUTER_BOUND('',#1121,.T.);
#676=EDGE_LOOP('',(#4944,#4945,#4946,#4947));
#677=EDGE_LOOP('',(#4948,#4949,#4950,#4951));
#678=EDGE_LOOP('',(#4952,#4953,#4954,#4955));
#679=EDGE_LOOP('',(#4956,#4957,#4958,#4959));
#680=EDGE_LOOP('',(#4960,#4961,#4962,#4963));
#681=EDGE_LOOP('',(#4964,#4965,#4966,#4967));
#682=EDGE_LOOP('',(#4968,#4969,#4970,#4971));
#683=EDGE_LOOP('',(#4972,#4973,#4974,#4975));
#684=EDGE_LOOP('',(#4976,#4977,#4978,#4979));
#685=EDGE_LOOP('',(#4980,#4981,#4982,#4983));
#686=EDGE_LOOP('',(#4984,#4985,#4986,#4987));
#687=EDGE_LOOP('',(#4988,#4989,#4990,#4991));
#688=EDGE_LOOP('',(#4992,#4993,#4994,#4995));
#689=EDGE_LOOP('',(#4996,#4997,#4998,#4999));
#690=EDGE_LOOP('',(#5000,#5001,#5002,#5003));
#691=EDGE_LOOP('',(#5004,#5005,#5006,#5007));
#692=EDGE_LOOP('',(#5008,#5009,#5010,#5011,#5012,#5013,#5014,#5015));
#693=EDGE_LOOP('',(#5016,#5017,#5018,#5019,#5020,#5021,#5022,#5023));
#694=EDGE_LOOP('',(#5024,#5025,#5026,#5027));
#695=EDGE_LOOP('',(#5028,#5029,#5030,#5031));
#696=EDGE_LOOP('',(#5032,#5033,#5034,#5035));
#697=EDGE_LOOP('',(#5036,#5037,#5038,#5039));
#698=EDGE_LOOP('',(#5040,#5041,#5042,#5043));
#699=EDGE_LOOP('',(#5044,#5045,#5046,#5047));
#700=EDGE_LOOP('',(#5048,#5049,#5050,#5051));
#701=EDGE_LOOP('',(#5052,#5053,#5054,#5055));
#702=EDGE_LOOP('',(#5056,#5057,#5058,#5059));
#703=EDGE_LOOP('',(#5060,#5061,#5062,#5063));
#704=EDGE_LOOP('',(#5064,#5065,#5066,#5067));
#705=EDGE_LOOP('',(#5068,#5069,#5070,#5071));
#706=EDGE_LOOP('',(#5072,#5073,#5074,#5075));
#707=EDGE_LOOP('',(#5076,#5077,#5078,#5079));
#708=EDGE_LOOP('',(#5080,#5081,#5082,#5083));
#709=EDGE_LOOP('',(#5084,#5085,#5086,#5087));
#710=EDGE_LOOP('',(#5088,#5089,#5090,#5091,#5092,#5093,#5094,#5095,#5096,
#5097,#5098,#5099,#5100,#5101,#5102,#5103));
#711=EDGE_LOOP('',(#5104,#5105,#5106,#5107));
#712=EDGE_LOOP('',(#5108,#5109,#5110,#5111));
#713=EDGE_LOOP('',(#5112,#5113,#5114,#5115));
#714=EDGE_LOOP('',(#5116,#5117,#5118,#5119));
#715=EDGE_LOOP('',(#5120,#5121,#5122,#5123));
#716=EDGE_LOOP('',(#5124,#5125,#5126,#5127));
#717=EDGE_LOOP('',(#5128,#5129,#5130,#5131));
#718=EDGE_LOOP('',(#5132,#5133,#5134,#5135));
#719=EDGE_LOOP('',(#5136,#5137,#5138,#5139));
#720=EDGE_LOOP('',(#5140,#5141,#5142,#5143));
#721=EDGE_LOOP('',(#5144,#5145,#5146,#5147));
#722=EDGE_LOOP('',(#5148,#5149,#5150,#5151));
#723=EDGE_LOOP('',(#5152,#5153,#5154,#5155));
#724=EDGE_LOOP('',(#5156,#5157,#5158,#5159));
#725=EDGE_LOOP('',(#5160,#5161,#5162,#5163));
#726=EDGE_LOOP('',(#5164,#5165,#5166,#5167));
#727=EDGE_LOOP('',(#5168,#5169,#5170,#5171));
#728=EDGE_LOOP('',(#5172,#5173,#5174,#5175));
#729=EDGE_LOOP('',(#5176,#5177,#5178,#5179));
#730=EDGE_LOOP('',(#5180,#5181,#5182,#5183));
#731=EDGE_LOOP('',(#5184,#5185,#5186,#5187));
#732=EDGE_LOOP('',(#5188,#5189,#5190,#5191));
#733=EDGE_LOOP('',(#5192,#5193,#5194,#5195));
#734=EDGE_LOOP('',(#5196,#5197,#5198,#5199));
#735=EDGE_LOOP('',(#5200,#5201,#5202,#5203));
#736=EDGE_LOOP('',(#5204,#5205,#5206,#5207));
#737=EDGE_LOOP('',(#5208,#5209,#5210,#5211));
#738=EDGE_LOOP('',(#5212,#5213,#5214,#5215));
#739=EDGE_LOOP('',(#5216,#5217,#5218,#5219));
#740=EDGE_LOOP('',(#5220,#5221,#5222,#5223));
#741=EDGE_LOOP('',(#5224,#5225,#5226,#5227));
#742=EDGE_LOOP('',(#5228,#5229,#5230,#5231));
#743=EDGE_LOOP('',(#5232,#5233,#5234,#5235));
#744=EDGE_LOOP('',(#5236,#5237,#5238,#5239));
#745=EDGE_LOOP('',(#5240,#5241,#5242,#5243));
#746=EDGE_LOOP('',(#5244,#5245,#5246,#5247));
#747=EDGE_LOOP('',(#5248,#5249,#5250,#5251,#5252,#5253,#5254,#5255,#5256,
#5257,#5258,#5259,#5260,#5261,#5262,#5263,#5264,#5265,#5266,#5267,#5268,
#5269,#5270,#5271,#5272,#5273,#5274));
#748=EDGE_LOOP('',(#5275,#5276,#5277,#5278,#5279,#5280,#5281,#5282,#5283));
#749=EDGE_LOOP('',(#5284,#5285,#5286,#5287));
#750=EDGE_LOOP('',(#5288,#5289,#5290,#5291));
#751=EDGE_LOOP('',(#5292,#5293,#5294,#5295));
#752=EDGE_LOOP('',(#5296,#5297,#5298,#5299));
#753=EDGE_LOOP('',(#5300,#5301,#5302,#5303));
#754=EDGE_LOOP('',(#5304,#5305,#5306,#5307));
#755=EDGE_LOOP('',(#5308,#5309,#5310,#5311));
#756=EDGE_LOOP('',(#5312,#5313,#5314,#5315));
#757=EDGE_LOOP('',(#5316,#5317,#5318,#5319));
#758=EDGE_LOOP('',(#5320,#5321,#5322,#5323));
#759=EDGE_LOOP('',(#5324,#5325,#5326,#5327));
#760=EDGE_LOOP('',(#5328,#5329,#5330,#5331));
#761=EDGE_LOOP('',(#5332,#5333,#5334,#5335));
#762=EDGE_LOOP('',(#5336,#5337,#5338,#5339));
#763=EDGE_LOOP('',(#5340,#5341,#5342,#5343));
#764=EDGE_LOOP('',(#5344,#5345,#5346,#5347));
#765=EDGE_LOOP('',(#5348,#5349,#5350,#5351));
#766=EDGE_LOOP('',(#5352,#5353,#5354,#5355));
#767=EDGE_LOOP('',(#5356,#5357,#5358,#5359));
#768=EDGE_LOOP('',(#5360,#5361,#5362,#5363));
#769=EDGE_LOOP('',(#5364,#5365,#5366,#5367));
#770=EDGE_LOOP('',(#5368,#5369,#5370,#5371));
#771=EDGE_LOOP('',(#5372,#5373,#5374,#5375));
#772=EDGE_LOOP('',(#5376,#5377,#5378,#5379));
#773=EDGE_LOOP('',(#5380,#5381,#5382,#5383));
#774=EDGE_LOOP('',(#5384,#5385,#5386,#5387));
#775=EDGE_LOOP('',(#5388,#5389,#5390,#5391));
#776=EDGE_LOOP('',(#5392,#5393,#5394,#5395));
#777=EDGE_LOOP('',(#5396,#5397,#5398,#5399));
#778=EDGE_LOOP('',(#5400,#5401,#5402,#5403));
#779=EDGE_LOOP('',(#5404,#5405,#5406,#5407));
#780=EDGE_LOOP('',(#5408,#5409,#5410,#5411));
#781=EDGE_LOOP('',(#5412,#5413,#5414,#5415));
#782=EDGE_LOOP('',(#5416,#5417,#5418,#5419));
#783=EDGE_LOOP('',(#5420,#5421,#5422,#5423));
#784=EDGE_LOOP('',(#5424,#5425,#5426,#5427));
#785=EDGE_LOOP('',(#5428,#5429,#5430,#5431,#5432,#5433,#5434,#5435,#5436,
#5437,#5438,#5439,#5440,#5441,#5442,#5443,#5444,#5445,#5446,#5447,#5448,
#5449,#5450,#5451,#5452,#5453,#5454));
#786=EDGE_LOOP('',(#5455,#5456,#5457,#5458,#5459,#5460,#5461,#5462,#5463));
#787=EDGE_LOOP('',(#5464,#5465,#5466,#5467));
#788=EDGE_LOOP('',(#5468,#5469,#5470,#5471));
#789=EDGE_LOOP('',(#5472,#5473,#5474,#5475));
#790=EDGE_LOOP('',(#5476,#5477,#5478,#5479));
#791=EDGE_LOOP('',(#5480,#5481,#5482,#5483));
#792=EDGE_LOOP('',(#5484,#5485,#5486,#5487));
#793=EDGE_LOOP('',(#5488,#5489,#5490,#5491));
#794=EDGE_LOOP('',(#5492,#5493,#5494,#5495));
#795=EDGE_LOOP('',(#5496,#5497,#5498,#5499));
#796=EDGE_LOOP('',(#5500,#5501,#5502,#5503));
#797=EDGE_LOOP('',(#5504,#5505,#5506,#5507));
#798=EDGE_LOOP('',(#5508,#5509,#5510,#5511));
#799=EDGE_LOOP('',(#5512,#5513,#5514,#5515,#5516,#5517,#5518,#5519,#5520,
#5521,#5522,#5523));
#800=EDGE_LOOP('',(#5524,#5525,#5526,#5527));
#801=EDGE_LOOP('',(#5528,#5529,#5530,#5531));
#802=EDGE_LOOP('',(#5532,#5533,#5534,#5535));
#803=EDGE_LOOP('',(#5536,#5537,#5538,#5539));
#804=EDGE_LOOP('',(#5540,#5541,#5542,#5543));
#805=EDGE_LOOP('',(#5544,#5545,#5546,#5547));
#806=EDGE_LOOP('',(#5548,#5549,#5550,#5551));
#807=EDGE_LOOP('',(#5552,#5553,#5554,#5555));
#808=EDGE_LOOP('',(#5556,#5557,#5558,#5559));
#809=EDGE_LOOP('',(#5560,#5561,#5562,#5563));
#810=EDGE_LOOP('',(#5564,#5565,#5566,#5567));
#811=EDGE_LOOP('',(#5568,#5569,#5570,#5571));
#812=EDGE_LOOP('',(#5572,#5573,#5574,#5575));
#813=EDGE_LOOP('',(#5576,#5577,#5578,#5579));
#814=EDGE_LOOP('',(#5580,#5581,#5582,#5583));
#815=EDGE_LOOP('',(#5584,#5585,#5586,#5587));
#816=EDGE_LOOP('',(#5588,#5589,#5590,#5591,#5592,#5593,#5594,#5595,#5596,
#5597,#5598,#5599,#5600,#5601,#5602,#5603));
#817=EDGE_LOOP('',(#5604,#5605,#5606,#5607));
#818=EDGE_LOOP('',(#5608,#5609,#5610,#5611));
#819=EDGE_LOOP('',(#5612,#5613,#5614,#5615));
#820=EDGE_LOOP('',(#5616,#5617,#5618,#5619));
#821=EDGE_LOOP('',(#5620,#5621,#5622,#5623));
#822=EDGE_LOOP('',(#5624,#5625,#5626,#5627));
#823=EDGE_LOOP('',(#5628,#5629,#5630,#5631));
#824=EDGE_LOOP('',(#5632,#5633,#5634,#5635));
#825=EDGE_LOOP('',(#5636,#5637,#5638,#5639));
#826=EDGE_LOOP('',(#5640,#5641,#5642,#5643));
#827=EDGE_LOOP('',(#5644,#5645,#5646,#5647));
#828=EDGE_LOOP('',(#5648,#5649,#5650,#5651));
#829=EDGE_LOOP('',(#5652,#5653,#5654,#5655));
#830=EDGE_LOOP('',(#5656,#5657,#5658,#5659));
#831=EDGE_LOOP('',(#5660,#5661,#5662,#5663));
#832=EDGE_LOOP('',(#5664,#5665,#5666,#5667));
#833=EDGE_LOOP('',(#5668,#5669,#5670,#5671));
#834=EDGE_LOOP('',(#5672,#5673,#5674,#5675));
#835=EDGE_LOOP('',(#5676,#5677,#5678,#5679));
#836=EDGE_LOOP('',(#5680,#5681,#5682,#5683));
#837=EDGE_LOOP('',(#5684,#5685,#5686,#5687));
#838=EDGE_LOOP('',(#5688,#5689,#5690,#5691));
#839=EDGE_LOOP('',(#5692,#5693,#5694,#5695));
#840=EDGE_LOOP('',(#5696,#5697,#5698,#5699));
#841=EDGE_LOOP('',(#5700,#5701,#5702,#5703));
#842=EDGE_LOOP('',(#5704,#5705,#5706,#5707));
#843=EDGE_LOOP('',(#5708,#5709,#5710,#5711));
#844=EDGE_LOOP('',(#5712,#5713,#5714,#5715));
#845=EDGE_LOOP('',(#5716,#5717,#5718,#5719,#5720,#5721,#5722,#5723,#5724,
#5725,#5726,#5727,#5728,#5729,#5730,#5731,#5732,#5733,#5734,#5735,#5736,
#5737,#5738,#5739,#5740,#5741,#5742,#5743));
#846=EDGE_LOOP('',(#5744,#5745,#5746,#5747));
#847=EDGE_LOOP('',(#5748,#5749,#5750,#5751));
#848=EDGE_LOOP('',(#5752,#5753,#5754,#5755));
#849=EDGE_LOOP('',(#5756,#5757,#5758,#5759));
#850=EDGE_LOOP('',(#5760,#5761,#5762,#5763));
#851=EDGE_LOOP('',(#5764,#5765,#5766,#5767));
#852=EDGE_LOOP('',(#5768,#5769,#5770,#5771));
#853=EDGE_LOOP('',(#5772,#5773,#5774,#5775));
#854=EDGE_LOOP('',(#5776,#5777,#5778,#5779));
#855=EDGE_LOOP('',(#5780,#5781,#5782,#5783));
#856=EDGE_LOOP('',(#5784,#5785,#5786,#5787));
#857=EDGE_LOOP('',(#5788,#5789,#5790,#5791));
#858=EDGE_LOOP('',(#5792,#5793,#5794,#5795,#5796,#5797,#5798,#5799,#5800,
#5801,#5802,#5803));
#859=EDGE_LOOP('',(#5804,#5805,#5806,#5807,#5808,#5809,#5810,#5811,#5812));
#860=EDGE_LOOP('',(#5813,#5814,#5815,#5816,#5817,#5818,#5819,#5820,#5821));
#861=EDGE_LOOP('',(#5822,#5823,#5824,#5825,#5826,#5827,#5828,#5829));
#862=EDGE_LOOP('',(#5830,#5831,#5832,#5833));
#863=EDGE_LOOP('',(#5834,#5835,#5836,#5837));
#864=EDGE_LOOP('',(#5838,#5839,#5840,#5841,#5842,#5843,#5844,#5845));
#865=EDGE_LOOP('',(#5846));
#866=EDGE_LOOP('',(#5847,#5848,#5849,#5850,#5851,#5852,#5853,#5854));
#867=EDGE_LOOP('',(#5855,#5856,#5857,#5858));
#868=EDGE_LOOP('',(#5859,#5860,#5861,#5862,#5863,#5864,#5865,#5866,#5867,
#5868,#5869,#5870,#5871,#5872,#5873,#5874,#5875,#5876,#5877,#5878,#5879,
#5880,#5881,#5882,#5883,#5884,#5885,#5886,#5887,#5888,#5889,#5890,#5891,
#5892,#5893,#5894,#5895,#5896,#5897,#5898,#5899,#5900,#5901,#5902,#5903,
#5904,#5905,#5906,#5907,#5908,#5909,#5910,#5911,#5912,#5913,#5914,#5915,
#5916,#5917,#5918,#5919,#5920,#5921,#5922,#5923,#5924,#5925,#5926,#5927,
#5928,#5929));
#869=EDGE_LOOP('',(#5930,#5931,#5932,#5933,#5934,#5935,#5936,#5937,#5938,
#5939,#5940,#5941,#5942));
#870=EDGE_LOOP('',(#5943,#5944,#5945,#5946,#5947,#5948,#5949,#5950,#5951,
#5952,#5953,#5954,#5955,#5956,#5957,#5958,#5959,#5960,#5961));
#871=EDGE_LOOP('',(#5962,#5963,#5964,#5965,#5966,#5967,#5968,#5969));
#872=EDGE_LOOP('',(#5970,#5971,#5972,#5973,#5974,#5975,#5976,#5977,#5978,
#5979,#5980,#5981,#5982));
#873=EDGE_LOOP('',(#5983,#5984,#5985,#5986,#5987,#5988,#5989,#5990,#5991,
#5992));
#874=EDGE_LOOP('',(#5993,#5994,#5995,#5996,#5997,#5998,#5999,#6000,#6001,
#6002));
#875=EDGE_LOOP('',(#6003,#6004,#6005,#6006,#6007,#6008,#6009,#6010,#6011,
#6012,#6013,#6014,#6015));
#876=EDGE_LOOP('',(#6016,#6017,#6018,#6019,#6020,#6021,#6022,#6023,#6024,
#6025,#6026,#6027,#6028));
#877=EDGE_LOOP('',(#6029));
#878=EDGE_LOOP('',(#6030,#6031,#6032,#6033,#6034,#6035,#6036,#6037,#6038,
#6039,#6040,#6041));
#879=EDGE_LOOP('',(#6042,#6043,#6044,#6045,#6046,#6047,#6048,#6049,#6050,
#6051,#6052,#6053,#6054,#6055,#6056,#6057,#6058,#6059,#6060,#6061,#6062,
#6063,#6064,#6065,#6066,#6067,#6068,#6069));
#880=EDGE_LOOP('',(#6070,#6071,#6072,#6073,#6074,#6075,#6076,#6077,#6078,
#6079,#6080,#6081,#6082,#6083,#6084,#6085));
#881=EDGE_LOOP('',(#6086,#6087,#6088,#6089,#6090,#6091,#6092,#6093,#6094,
#6095,#6096,#6097));
#882=EDGE_LOOP('',(#6098,#6099,#6100,#6101,#6102,#6103,#6104,#6105,#6106,
#6107,#6108,#6109,#6110,#6111,#6112,#6113,#6114,#6115,#6116,#6117,#6118,
#6119,#6120,#6121,#6122,#6123,#6124));
#883=EDGE_LOOP('',(#6125,#6126,#6127,#6128,#6129,#6130,#6131,#6132,#6133,
#6134,#6135,#6136,#6137,#6138,#6139,#6140,#6141,#6142,#6143,#6144,#6145,
#6146,#6147,#6148,#6149,#6150,#6151));
#884=EDGE_LOOP('',(#6152,#6153,#6154,#6155,#6156,#6157,#6158,#6159,#6160,
#6161,#6162,#6163,#6164,#6165,#6166,#6167));
#885=EDGE_LOOP('',(#6168,#6169,#6170,#6171,#6172,#6173,#6174,#6175));
#886=EDGE_LOOP('',(#6176,#6177,#6178,#6179));
#887=EDGE_LOOP('',(#6180,#6181,#6182,#6183));
#888=EDGE_LOOP('',(#6184,#6185,#6186,#6187,#6188,#6189,#6190,#6191));
#889=EDGE_LOOP('',(#6192,#6193,#6194,#6195));
#890=EDGE_LOOP('',(#6196,#6197,#6198,#6199));
#891=EDGE_LOOP('',(#6200,#6201,#6202,#6203));
#892=EDGE_LOOP('',(#6204,#6205,#6206,#6207));
#893=EDGE_LOOP('',(#6208,#6209,#6210,#6211));
#894=EDGE_LOOP('',(#6212,#6213,#6214,#6215));
#895=EDGE_LOOP('',(#6216,#6217,#6218,#6219));
#896=EDGE_LOOP('',(#6220,#6221,#6222,#6223));
#897=EDGE_LOOP('',(#6224,#6225,#6226,#6227));
#898=EDGE_LOOP('',(#6228,#6229,#6230,#6231));
#899=EDGE_LOOP('',(#6232,#6233,#6234,#6235));
#900=EDGE_LOOP('',(#6236,#6237,#6238,#6239));
#901=EDGE_LOOP('',(#6240,#6241,#6242,#6243));
#902=EDGE_LOOP('',(#6244,#6245,#6246,#6247));
#903=EDGE_LOOP('',(#6248,#6249,#6250,#6251));
#904=EDGE_LOOP('',(#6252,#6253,#6254,#6255));
#905=EDGE_LOOP('',(#6256,#6257,#6258,#6259));
#906=EDGE_LOOP('',(#6260,#6261,#6262,#6263));
#907=EDGE_LOOP('',(#6264,#6265,#6266,#6267));
#908=EDGE_LOOP('',(#6268,#6269,#6270,#6271,#6272,#6273,#6274,#6275,#6276,
#6277,#6278));
#909=EDGE_LOOP('',(#6279,#6280,#6281,#6282,#6283,#6284,#6285,#6286));
#910=EDGE_LOOP('',(#6287,#6288,#6289,#6290));
#911=EDGE_LOOP('',(#6291,#6292,#6293,#6294));
#912=EDGE_LOOP('',(#6295,#6296,#6297,#6298));
#913=EDGE_LOOP('',(#6299,#6300,#6301,#6302));
#914=EDGE_LOOP('',(#6303,#6304,#6305,#6306));
#915=EDGE_LOOP('',(#6307,#6308,#6309,#6310));
#916=EDGE_LOOP('',(#6311,#6312,#6313,#6314));
#917=EDGE_LOOP('',(#6315,#6316,#6317,#6318));
#918=EDGE_LOOP('',(#6319,#6320,#6321,#6322));
#919=EDGE_LOOP('',(#6323,#6324,#6325,#6326));
#920=EDGE_LOOP('',(#6327,#6328,#6329,#6330));
#921=EDGE_LOOP('',(#6331,#6332,#6333,#6334));
#922=EDGE_LOOP('',(#6335,#6336,#6337,#6338));
#923=EDGE_LOOP('',(#6339,#6340,#6341,#6342));
#924=EDGE_LOOP('',(#6343,#6344,#6345,#6346));
#925=EDGE_LOOP('',(#6347,#6348,#6349,#6350));
#926=EDGE_LOOP('',(#6351,#6352,#6353,#6354));
#927=EDGE_LOOP('',(#6355,#6356,#6357,#6358));
#928=EDGE_LOOP('',(#6359,#6360,#6361,#6362));
#929=EDGE_LOOP('',(#6363,#6364,#6365,#6366));
#930=EDGE_LOOP('',(#6367,#6368,#6369,#6370));
#931=EDGE_LOOP('',(#6371,#6372,#6373,#6374));
#932=EDGE_LOOP('',(#6375,#6376,#6377,#6378));
#933=EDGE_LOOP('',(#6379,#6380,#6381,#6382));
#934=EDGE_LOOP('',(#6383,#6384,#6385,#6386));
#935=EDGE_LOOP('',(#6387,#6388,#6389,#6390));
#936=EDGE_LOOP('',(#6391,#6392,#6393,#6394));
#937=EDGE_LOOP('',(#6395,#6396,#6397,#6398,#6399,#6400,#6401,#6402,#6403,
#6404,#6405,#6406,#6407));
#938=EDGE_LOOP('',(#6408,#6409,#6410,#6411,#6412,#6413,#6414));
#939=EDGE_LOOP('',(#6415,#6416,#6417,#6418,#6419,#6420,#6421));
#940=EDGE_LOOP('',(#6422,#6423,#6424,#6425));
#941=EDGE_LOOP('',(#6426,#6427,#6428,#6429));
#942=EDGE_LOOP('',(#6430,#6431,#6432,#6433));
#943=EDGE_LOOP('',(#6434,#6435,#6436,#6437));
#944=EDGE_LOOP('',(#6438,#6439,#6440,#6441));
#945=EDGE_LOOP('',(#6442,#6443,#6444,#6445));
#946=EDGE_LOOP('',(#6446,#6447,#6448,#6449));
#947=EDGE_LOOP('',(#6450,#6451,#6452,#6453));
#948=EDGE_LOOP('',(#6454,#6455,#6456,#6457));
#949=EDGE_LOOP('',(#6458,#6459,#6460,#6461));
#950=EDGE_LOOP('',(#6462,#6463,#6464,#6465));
#951=EDGE_LOOP('',(#6466,#6467,#6468,#6469));
#952=EDGE_LOOP('',(#6470,#6471,#6472,#6473));
#953=EDGE_LOOP('',(#6474,#6475,#6476,#6477));
#954=EDGE_LOOP('',(#6478,#6479,#6480,#6481));
#955=EDGE_LOOP('',(#6482,#6483,#6484,#6485));
#956=EDGE_LOOP('',(#6486,#6487,#6488,#6489));
#957=EDGE_LOOP('',(#6490,#6491,#6492,#6493));
#958=EDGE_LOOP('',(#6494,#6495,#6496,#6497));
#959=EDGE_LOOP('',(#6498,#6499,#6500,#6501,#6502,#6503,#6504,#6505,#6506,
#6507,#6508,#6509,#6510,#6511,#6512,#6513,#6514,#6515,#6516));
#960=EDGE_LOOP('',(#6517,#6518,#6519,#6520));
#961=EDGE_LOOP('',(#6521,#6522,#6523,#6524));
#962=EDGE_LOOP('',(#6525,#6526,#6527,#6528));
#963=EDGE_LOOP('',(#6529,#6530,#6531,#6532,#6533));
#964=EDGE_LOOP('',(#6534,#6535,#6536,#6537));
#965=EDGE_LOOP('',(#6538,#6539,#6540,#6541));
#966=EDGE_LOOP('',(#6542,#6543,#6544,#6545));
#967=EDGE_LOOP('',(#6546,#6547,#6548,#6549));
#968=EDGE_LOOP('',(#6550,#6551,#6552,#6553));
#969=EDGE_LOOP('',(#6554,#6555,#6556,#6557));
#970=EDGE_LOOP('',(#6558,#6559,#6560,#6561));
#971=EDGE_LOOP('',(#6562,#6563,#6564,#6565));
#972=EDGE_LOOP('',(#6566,#6567,#6568,#6569));
#973=EDGE_LOOP('',(#6570,#6571,#6572,#6573));
#974=EDGE_LOOP('',(#6574,#6575,#6576,#6577));
#975=EDGE_LOOP('',(#6578,#6579,#6580,#6581));
#976=EDGE_LOOP('',(#6582,#6583,#6584,#6585));
#977=EDGE_LOOP('',(#6586,#6587,#6588,#6589));
#978=EDGE_LOOP('',(#6590,#6591,#6592,#6593));
#979=EDGE_LOOP('',(#6594,#6595,#6596,#6597));
#980=EDGE_LOOP('',(#6598,#6599,#6600,#6601));
#981=EDGE_LOOP('',(#6602,#6603,#6604,#6605));
#982=EDGE_LOOP('',(#6606,#6607,#6608,#6609));
#983=EDGE_LOOP('',(#6610,#6611,#6612,#6613));
#984=EDGE_LOOP('',(#6614,#6615,#6616,#6617));
#985=EDGE_LOOP('',(#6618,#6619,#6620,#6621));
#986=EDGE_LOOP('',(#6622,#6623,#6624,#6625));
#987=EDGE_LOOP('',(#6626,#6627,#6628,#6629));
#988=EDGE_LOOP('',(#6630,#6631,#6632,#6633));
#989=EDGE_LOOP('',(#6634,#6635,#6636,#6637,#6638,#6639,#6640,#6641,#6642,
#6643,#6644,#6645,#6646,#6647,#6648,#6649,#6650,#6651,#6652,#6653,#6654,
#6655,#6656,#6657,#6658,#6659));
#990=EDGE_LOOP('',(#6660,#6661,#6662,#6663));
#991=EDGE_LOOP('',(#6664,#6665,#6666,#6667));
#992=EDGE_LOOP('',(#6668,#6669,#6670,#6671));
#993=EDGE_LOOP('',(#6672,#6673,#6674,#6675));
#994=EDGE_LOOP('',(#6676,#6677,#6678,#6679));
#995=EDGE_LOOP('',(#6680,#6681,#6682,#6683));
#996=EDGE_LOOP('',(#6684,#6685,#6686,#6687));
#997=EDGE_LOOP('',(#6688,#6689,#6690,#6691));
#998=EDGE_LOOP('',(#6692,#6693,#6694,#6695));
#999=EDGE_LOOP('',(#6696,#6697,#6698,#6699));
#1000=EDGE_LOOP('',(#6700,#6701,#6702,#6703));
#1001=EDGE_LOOP('',(#6704,#6705,#6706,#6707,#6708,#6709,#6710,#6711));
#1002=EDGE_LOOP('',(#6712,#6713,#6714));
#1003=EDGE_LOOP('',(#6715,#6716,#6717,#6718));
#1004=EDGE_LOOP('',(#6719,#6720,#6721,#6722));
#1005=EDGE_LOOP('',(#6723,#6724,#6725,#6726));
#1006=EDGE_LOOP('',(#6727,#6728,#6729,#6730));
#1007=EDGE_LOOP('',(#6731,#6732,#6733,#6734));
#1008=EDGE_LOOP('',(#6735,#6736,#6737,#6738));
#1009=EDGE_LOOP('',(#6739,#6740,#6741,#6742));
#1010=EDGE_LOOP('',(#6743,#6744,#6745,#6746));
#1011=EDGE_LOOP('',(#6747,#6748,#6749,#6750));
#1012=EDGE_LOOP('',(#6751,#6752,#6753,#6754));
#1013=EDGE_LOOP('',(#6755,#6756,#6757,#6758));
#1014=EDGE_LOOP('',(#6759,#6760,#6761,#6762));
#1015=EDGE_LOOP('',(#6763,#6764,#6765,#6766));
#1016=EDGE_LOOP('',(#6767,#6768,#6769,#6770));
#1017=EDGE_LOOP('',(#6771,#6772,#6773,#6774));
#1018=EDGE_LOOP('',(#6775,#6776,#6777,#6778));
#1019=EDGE_LOOP('',(#6779,#6780,#6781,#6782));
#1020=EDGE_LOOP('',(#6783,#6784,#6785,#6786));
#1021=EDGE_LOOP('',(#6787,#6788,#6789,#6790));
#1022=EDGE_LOOP('',(#6791,#6792,#6793,#6794));
#1023=EDGE_LOOP('',(#6795,#6796,#6797,#6798));
#1024=EDGE_LOOP('',(#6799,#6800,#6801,#6802));
#1025=EDGE_LOOP('',(#6803,#6804,#6805,#6806));
#1026=EDGE_LOOP('',(#6807,#6808,#6809,#6810));
#1027=EDGE_LOOP('',(#6811,#6812,#6813,#6814));
#1028=EDGE_LOOP('',(#6815,#6816,#6817,#6818));
#1029=EDGE_LOOP('',(#6819,#6820,#6821,#6822));
#1030=EDGE_LOOP('',(#6823,#6824,#6825,#6826,#6827,#6828,#6829,#6830,#6831,
#6832,#6833,#6834,#6835));
#1031=EDGE_LOOP('',(#6836,#6837,#6838,#6839,#6840,#6841,#6842));
#1032=EDGE_LOOP('',(#6843,#6844,#6845,#6846,#6847,#6848,#6849));
#1033=EDGE_LOOP('',(#6850,#6851,#6852,#6853));
#1034=EDGE_LOOP('',(#6854,#6855,#6856,#6857));
#1035=EDGE_LOOP('',(#6858,#6859,#6860,#6861));
#1036=EDGE_LOOP('',(#6862,#6863,#6864,#6865));
#1037=EDGE_LOOP('',(#6866,#6867,#6868,#6869));
#1038=EDGE_LOOP('',(#6870,#6871,#6872,#6873));
#1039=EDGE_LOOP('',(#6874,#6875,#6876,#6877));
#1040=EDGE_LOOP('',(#6878,#6879,#6880,#6881));
#1041=EDGE_LOOP('',(#6882,#6883,#6884,#6885));
#1042=EDGE_LOOP('',(#6886,#6887,#6888,#6889));
#1043=EDGE_LOOP('',(#6890,#6891,#6892,#6893,#6894,#6895,#6896,#6897,#6898,
#6899));
#1044=EDGE_LOOP('',(#6900,#6901,#6902,#6903));
#1045=EDGE_LOOP('',(#6904,#6905,#6906,#6907));
#1046=EDGE_LOOP('',(#6908,#6909,#6910,#6911));
#1047=EDGE_LOOP('',(#6912,#6913,#6914,#6915));
#1048=EDGE_LOOP('',(#6916,#6917,#6918,#6919));
#1049=EDGE_LOOP('',(#6920,#6921,#6922,#6923));
#1050=EDGE_LOOP('',(#6924,#6925,#6926,#6927));
#1051=EDGE_LOOP('',(#6928,#6929,#6930,#6931));
#1052=EDGE_LOOP('',(#6932,#6933,#6934,#6935));
#1053=EDGE_LOOP('',(#6936,#6937,#6938,#6939));
#1054=EDGE_LOOP('',(#6940,#6941,#6942,#6943,#6944,#6945,#6946,#6947,#6948,
#6949));
#1055=EDGE_LOOP('',(#6950,#6951,#6952,#6953));
#1056=EDGE_LOOP('',(#6954,#6955,#6956,#6957));
#1057=EDGE_LOOP('',(#6958,#6959,#6960,#6961));
#1058=EDGE_LOOP('',(#6962,#6963,#6964,#6965));
#1059=EDGE_LOOP('',(#6966,#6967,#6968,#6969));
#1060=EDGE_LOOP('',(#6970,#6971,#6972,#6973));
#1061=EDGE_LOOP('',(#6974,#6975,#6976,#6977));
#1062=EDGE_LOOP('',(#6978,#6979,#6980,#6981));
#1063=EDGE_LOOP('',(#6982,#6983,#6984,#6985));
#1064=EDGE_LOOP('',(#6986,#6987,#6988,#6989));
#1065=EDGE_LOOP('',(#6990,#6991,#6992,#6993));
#1066=EDGE_LOOP('',(#6994,#6995,#6996,#6997));
#1067=EDGE_LOOP('',(#6998,#6999,#7000,#7001));
#1068=EDGE_LOOP('',(#7002,#7003,#7004,#7005,#7006,#7007,#7008,#7009,#7010,
#7011,#7012,#7013,#7014));
#1069=EDGE_LOOP('',(#7015,#7016,#7017,#7018));
#1070=EDGE_LOOP('',(#7019,#7020,#7021,#7022));
#1071=EDGE_LOOP('',(#7023,#7024,#7025,#7026));
#1072=EDGE_LOOP('',(#7027,#7028,#7029,#7030));
#1073=EDGE_LOOP('',(#7031,#7032,#7033,#7034));
#1074=EDGE_LOOP('',(#7035,#7036,#7037,#7038));
#1075=EDGE_LOOP('',(#7039,#7040,#7041,#7042));
#1076=EDGE_LOOP('',(#7043,#7044,#7045,#7046));
#1077=EDGE_LOOP('',(#7047,#7048,#7049,#7050));
#1078=EDGE_LOOP('',(#7051,#7052,#7053,#7054));
#1079=EDGE_LOOP('',(#7055,#7056,#7057,#7058));
#1080=EDGE_LOOP('',(#7059,#7060,#7061,#7062));
#1081=EDGE_LOOP('',(#7063,#7064,#7065,#7066));
#1082=EDGE_LOOP('',(#7067,#7068,#7069,#7070));
#1083=EDGE_LOOP('',(#7071,#7072,#7073,#7074));
#1084=EDGE_LOOP('',(#7075,#7076,#7077,#7078));
#1085=EDGE_LOOP('',(#7079,#7080,#7081,#7082));
#1086=EDGE_LOOP('',(#7083,#7084,#7085,#7086));
#1087=EDGE_LOOP('',(#7087,#7088,#7089,#7090,#7091,#7092,#7093,#7094,#7095,
#7096,#7097));
#1088=EDGE_LOOP('',(#7098,#7099,#7100,#7101,#7102,#7103,#7104,#7105));
#1089=EDGE_LOOP('',(#7106,#7107,#7108,#7109));
#1090=EDGE_LOOP('',(#7110,#7111,#7112,#7113));
#1091=EDGE_LOOP('',(#7114,#7115,#7116,#7117));
#1092=EDGE_LOOP('',(#7118,#7119,#7120,#7121));
#1093=EDGE_LOOP('',(#7122,#7123,#7124,#7125));
#1094=EDGE_LOOP('',(#7126,#7127,#7128,#7129));
#1095=EDGE_LOOP('',(#7130,#7131,#7132,#7133));
#1096=EDGE_LOOP('',(#7134,#7135,#7136,#7137));
#1097=EDGE_LOOP('',(#7138,#7139,#7140,#7141));
#1098=EDGE_LOOP('',(#7142,#7143,#7144,#7145));
#1099=EDGE_LOOP('',(#7146,#7147,#7148,#7149));
#1100=EDGE_LOOP('',(#7150,#7151,#7152,#7153));
#1101=EDGE_LOOP('',(#7154,#7155,#7156,#7157));
#1102=EDGE_LOOP('',(#7158,#7159,#7160,#7161,#7162,#7163,#7164,#7165,#7166,
#7167,#7168,#7169,#7170));
#1103=EDGE_LOOP('',(#7171,#7172,#7173,#7174));
#1104=EDGE_LOOP('',(#7175,#7176,#7177,#7178));
#1105=EDGE_LOOP('',(#7179,#7180,#7181,#7182));
#1106=EDGE_LOOP('',(#7183,#7184,#7185,#7186));
#1107=EDGE_LOOP('',(#7187,#7188,#7189,#7190));
#1108=EDGE_LOOP('',(#7191,#7192,#7193,#7194));
#1109=EDGE_LOOP('',(#7195,#7196,#7197,#7198));
#1110=EDGE_LOOP('',(#7199,#7200,#7201,#7202));
#1111=EDGE_LOOP('',(#7203,#7204,#7205,#7206,#7207,#7208,#7209,#7210,#7211,
#7212));
#1112=EDGE_LOOP('',(#7213,#7214,#7215,#7216,#7217,#7218,#7219,#7220));
#1113=EDGE_LOOP('',(#7221,#7222,#7223,#7224,#7225,#7226,#7227));
#1114=EDGE_LOOP('',(#7228,#7229,#7230,#7231,#7232,#7233,#7234));
#1115=EDGE_LOOP('',(#7235,#7236,#7237));
#1116=EDGE_LOOP('',(#7238,#7239,#7240,#7241,#7242,#7243,#7244));
#1117=EDGE_LOOP('',(#7245,#7246,#7247,#7248,#7249,#7250,#7251));
#1118=EDGE_LOOP('',(#7252,#7253,#7254,#7255,#7256,#7257,#7258,#7259));
#1119=EDGE_LOOP('',(#7260,#7261,#7262,#7263));
#1120=EDGE_LOOP('',(#7264,#7265,#7266,#7267,#7268,#7269,#7270,#7271));
#1121=EDGE_LOOP('',(#7272,#7273,#7274,#7275,#7276,#7277,#7278,#7279,#7280,
#7281,#7282,#7283));
#1122=LINE('',#9315,#1838);
#1123=LINE('',#9322,#1839);
#1124=LINE('',#9340,#1840);
#1125=LINE('',#9363,#1841);
#1126=LINE('',#9386,#1842);
#1127=LINE('',#9409,#1843);
#1128=LINE('',#9432,#1844);
#1129=LINE('',#9455,#1845);
#1130=LINE('',#9499,#1846);
#1131=LINE('',#9506,#1847);
#1132=LINE('',#9524,#1848);
#1133=LINE('',#9547,#1849);
#1134=LINE('',#9570,#1850);
#1135=LINE('',#9593,#1851);
#1136=LINE('',#9616,#1852);
#1137=LINE('',#9639,#1853);
#1138=LINE('',#9669,#1854);
#1139=LINE('',#9671,#1855);
#1140=LINE('',#9673,#1856);
#1141=LINE('',#9674,#1857);
#1142=LINE('',#9677,#1858);
#1143=LINE('',#9679,#1859);
#1144=LINE('',#9680,#1860);
#1145=LINE('',#9698,#1861);
#1146=LINE('',#9721,#1862);
#1147=LINE('',#9744,#1863);
#1148=LINE('',#9767,#1864);
#1149=LINE('',#9775,#1865);
#1150=LINE('',#9777,#1866);
#1151=LINE('',#9778,#1867);
#1152=LINE('',#9781,#1868);
#1153=LINE('',#9783,#1869);
#1154=LINE('',#9784,#1870);
#1155=LINE('',#9787,#1871);
#1156=LINE('',#9789,#1872);
#1157=LINE('',#9790,#1873);
#1158=LINE('',#9808,#1874);
#1159=LINE('',#9831,#1875);
#1160=LINE('',#9854,#1876);
#1161=LINE('',#9877,#1877);
#1162=LINE('',#9885,#1878);
#1163=LINE('',#9887,#1879);
#1164=LINE('',#9888,#1880);
#1165=LINE('',#9891,#1881);
#1166=LINE('',#9893,#1882);
#1167=LINE('',#9894,#1883);
#1168=LINE('',#9896,#1884);
#1169=LINE('',#9897,#1885);
#1170=LINE('',#9917,#1886);
#1171=LINE('',#9924,#1887);
#1172=LINE('',#9942,#1888);
#1173=LINE('',#9965,#1889);
#1174=LINE('',#9988,#1890);
#1175=LINE('',#10011,#1891);
#1176=LINE('',#10034,#1892);
#1177=LINE('',#10057,#1893);
#1178=LINE('',#10080,#1894);
#1179=LINE('',#10087,#1895);
#1180=LINE('',#10088,#1896);
#1181=LINE('',#10107,#1897);
#1182=LINE('',#10114,#1898);
#1183=LINE('',#10132,#1899);
#1184=LINE('',#10155,#1900);
#1185=LINE('',#10178,#1901);
#1186=LINE('',#10201,#1902);
#1187=LINE('',#10224,#1903);
#1188=LINE('',#10247,#1904);
#1189=LINE('',#10270,#1905);
#1190=LINE('',#10293,#1906);
#1191=LINE('',#10316,#1907);
#1192=LINE('',#10339,#1908);
#1193=LINE('',#10362,#1909);
#1194=LINE('',#10385,#1910);
#1195=LINE('',#10393,#1911);
#1196=LINE('',#10395,#1912);
#1197=LINE('',#10396,#1913);
#1198=LINE('',#10414,#1914);
#1199=LINE('',#10437,#1915);
#1200=LINE('',#10445,#1916);
#1201=LINE('',#10447,#1917);
#1202=LINE('',#10448,#1918);
#1203=LINE('',#10466,#1919);
#1204=LINE('',#10489,#1920);
#1205=LINE('',#10512,#1921);
#1206=LINE('',#10535,#1922);
#1207=LINE('',#10558,#1923);
#1208=LINE('',#10581,#1924);
#1209=LINE('',#10604,#1925);
#1210=LINE('',#10627,#1926);
#1211=LINE('',#10635,#1927);
#1212=LINE('',#10637,#1928);
#1213=LINE('',#10638,#1929);
#1214=LINE('',#10678,#1930);
#1215=LINE('',#10685,#1931);
#1216=LINE('',#10703,#1932);
#1217=LINE('',#10726,#1933);
#1218=LINE('',#10749,#1934);
#1219=LINE('',#10772,#1935);
#1220=LINE('',#10795,#1936);
#1221=LINE('',#10818,#1937);
#1222=LINE('',#10841,#1938);
#1223=LINE('',#10848,#1939);
#1224=LINE('',#10849,#1940);
#1225=LINE('',#10868,#1941);
#1226=LINE('',#10875,#1942);
#1227=LINE('',#10893,#1943);
#1228=LINE('',#10916,#1944);
#1229=LINE('',#10939,#1945);
#1230=LINE('',#10962,#1946);
#1231=LINE('',#10985,#1947);
#1232=LINE('',#11008,#1948);
#1233=LINE('',#11031,#1949);
#1234=LINE('',#11054,#1950);
#1235=LINE('',#11077,#1951);
#1236=LINE('',#11100,#1952);
#1237=LINE('',#11123,#1953);
#1238=LINE('',#11146,#1954);
#1239=LINE('',#11154,#1955);
#1240=LINE('',#11156,#1956);
#1241=LINE('',#11157,#1957);
#1242=LINE('',#11175,#1958);
#1243=LINE('',#11198,#1959);
#1244=LINE('',#11206,#1960);
#1245=LINE('',#11208,#1961);
#1246=LINE('',#11209,#1962);
#1247=LINE('',#11227,#1963);
#1248=LINE('',#11250,#1964);
#1249=LINE('',#11273,#1965);
#1250=LINE('',#11296,#1966);
#1251=LINE('',#11319,#1967);
#1252=LINE('',#11342,#1968);
#1253=LINE('',#11365,#1969);
#1254=LINE('',#11388,#1970);
#1255=LINE('',#11396,#1971);
#1256=LINE('',#11398,#1972);
#1257=LINE('',#11399,#1973);
#1258=LINE('',#11424,#1974);
#1259=LINE('',#11426,#1975);
#1260=LINE('',#11428,#1976);
#1261=LINE('',#11429,#1977);
#1262=LINE('',#11432,#1978);
#1263=LINE('',#11434,#1979);
#1264=LINE('',#11435,#1980);
#1265=LINE('',#11438,#1981);
#1266=LINE('',#11440,#1982);
#1267=LINE('',#11441,#1983);
#1268=LINE('',#11444,#1984);
#1269=LINE('',#11446,#1985);
#1270=LINE('',#11447,#1986);
#1271=LINE('',#11450,#1987);
#1272=LINE('',#11452,#1988);
#1273=LINE('',#11453,#1989);
#1274=LINE('',#11456,#1990);
#1275=LINE('',#11458,#1991);
#1276=LINE('',#11459,#1992);
#1277=LINE('',#11462,#1993);
#1278=LINE('',#11464,#1994);
#1279=LINE('',#11465,#1995);
#1280=LINE('',#11468,#1996);
#1281=LINE('',#11470,#1997);
#1282=LINE('',#11471,#1998);
#1283=LINE('',#11474,#1999);
#1284=LINE('',#11476,#2000);
#1285=LINE('',#11477,#2001);
#1286=LINE('',#11480,#2002);
#1287=LINE('',#11482,#2003);
#1288=LINE('',#11483,#2004);
#1289=LINE('',#11486,#2005);
#1290=LINE('',#11488,#2006);
#1291=LINE('',#11489,#2007);
#1292=LINE('',#11491,#2008);
#1293=LINE('',#11492,#2009);
#1294=LINE('',#11497,#2010);
#1295=LINE('',#11499,#2011);
#1296=LINE('',#11501,#2012);
#1297=LINE('',#11502,#2013);
#1298=LINE('',#11505,#2014);
#1299=LINE('',#11507,#2015);
#1300=LINE('',#11508,#2016);
#1301=LINE('',#11526,#2017);
#1302=LINE('',#11549,#2018);
#1303=LINE('',#11572,#2019);
#1304=LINE('',#11595,#2020);
#1305=LINE('',#11603,#2021);
#1306=LINE('',#11605,#2022);
#1307=LINE('',#11606,#2023);
#1308=LINE('',#11609,#2024);
#1309=LINE('',#11611,#2025);
#1310=LINE('',#11612,#2026);
#1311=LINE('',#11615,#2027);
#1312=LINE('',#11617,#2028);
#1313=LINE('',#11618,#2029);
#1314=LINE('',#11636,#2030);
#1315=LINE('',#11659,#2031);
#1316=LINE('',#11682,#2032);
#1317=LINE('',#11705,#2033);
#1318=LINE('',#11713,#2034);
#1319=LINE('',#11715,#2035);
#1320=LINE('',#11716,#2036);
#1321=LINE('',#11719,#2037);
#1322=LINE('',#11721,#2038);
#1323=LINE('',#11722,#2039);
#1324=LINE('',#11724,#2040);
#1325=LINE('',#11725,#2041);
#1326=LINE('',#11730,#2042);
#1327=LINE('',#11732,#2043);
#1328=LINE('',#11734,#2044);
#1329=LINE('',#11735,#2045);
#1330=LINE('',#11738,#2046);
#1331=LINE('',#11740,#2047);
#1332=LINE('',#11741,#2048);
#1333=LINE('',#11759,#2049);
#1334=LINE('',#11782,#2050);
#1335=LINE('',#11805,#2051);
#1336=LINE('',#11828,#2052);
#1337=LINE('',#11851,#2053);
#1338=LINE('',#11859,#2054);
#1339=LINE('',#11861,#2055);
#1340=LINE('',#11862,#2056);
#1341=LINE('',#11865,#2057);
#1342=LINE('',#11867,#2058);
#1343=LINE('',#11868,#2059);
#1344=LINE('',#11871,#2060);
#1345=LINE('',#11873,#2061);
#1346=LINE('',#11874,#2062);
#1347=LINE('',#11892,#2063);
#1348=LINE('',#11915,#2064);
#1349=LINE('',#11938,#2065);
#1350=LINE('',#11961,#2066);
#1351=LINE('',#11969,#2067);
#1352=LINE('',#11971,#2068);
#1353=LINE('',#11972,#2069);
#1354=LINE('',#11975,#2070);
#1355=LINE('',#11977,#2071);
#1356=LINE('',#11978,#2072);
#1357=LINE('',#11981,#2073);
#1358=LINE('',#11983,#2074);
#1359=LINE('',#11984,#2075);
#1360=LINE('',#12002,#2076);
#1361=LINE('',#12025,#2077);
#1362=LINE('',#12048,#2078);
#1363=LINE('',#12071,#2079);
#1364=LINE('',#12094,#2080);
#1365=LINE('',#12117,#2081);
#1366=LINE('',#12140,#2082);
#1367=LINE('',#12163,#2083);
#1368=LINE('',#12171,#2084);
#1369=LINE('',#12173,#2085);
#1370=LINE('',#12174,#2086);
#1371=LINE('',#12177,#2087);
#1372=LINE('',#12179,#2088);
#1373=LINE('',#12180,#2089);
#1374=LINE('',#12182,#2090);
#1375=LINE('',#12183,#2091);
#1376=LINE('',#12188,#2092);
#1377=LINE('',#12190,#2093);
#1378=LINE('',#12192,#2094);
#1379=LINE('',#12193,#2095);
#1380=LINE('',#12196,#2096);
#1381=LINE('',#12198,#2097);
#1382=LINE('',#12199,#2098);
#1383=LINE('',#12202,#2099);
#1384=LINE('',#12204,#2100);
#1385=LINE('',#12205,#2101);
#1386=LINE('',#12208,#2102);
#1387=LINE('',#12210,#2103);
#1388=LINE('',#12211,#2104);
#1389=LINE('',#12214,#2105);
#1390=LINE('',#12216,#2106);
#1391=LINE('',#12217,#2107);
#1392=LINE('',#12220,#2108);
#1393=LINE('',#12222,#2109);
#1394=LINE('',#12223,#2110);
#1395=LINE('',#12226,#2111);
#1396=LINE('',#12228,#2112);
#1397=LINE('',#12229,#2113);
#1398=LINE('',#12232,#2114);
#1399=LINE('',#12234,#2115);
#1400=LINE('',#12235,#2116);
#1401=LINE('',#12238,#2117);
#1402=LINE('',#12240,#2118);
#1403=LINE('',#12241,#2119);
#1404=LINE('',#12244,#2120);
#1405=LINE('',#12246,#2121);
#1406=LINE('',#12247,#2122);
#1407=LINE('',#12250,#2123);
#1408=LINE('',#12252,#2124);
#1409=LINE('',#12253,#2125);
#1410=LINE('',#12255,#2126);
#1411=LINE('',#12256,#2127);
#1412=LINE('',#12266,#2128);
#1413=LINE('',#12269,#2129);
#1414=LINE('',#12272,#2130);
#1415=LINE('',#12274,#2131);
#1416=LINE('',#12275,#2132);
#1417=LINE('',#12278,#2133);
#1418=LINE('',#12282,#2134);
#1419=LINE('',#12286,#2135);
#1420=LINE('',#12294,#2136);
#1421=LINE('',#12296,#2137);
#1422=LINE('',#12300,#2138);
#1423=LINE('',#12303,#2139);
#1424=LINE('',#12306,#2140);
#1425=LINE('',#12308,#2141);
#1426=LINE('',#12309,#2142);
#1427=LINE('',#12314,#2143);
#1428=LINE('',#12376,#2144);
#1429=LINE('',#12437,#2145);
#1430=LINE('',#12439,#2146);
#1431=LINE('',#12441,#2147);
#1432=LINE('',#12443,#2148);
#1433=LINE('',#12445,#2149);
#1434=LINE('',#12447,#2150);
#1435=LINE('',#12449,#2151);
#1436=LINE('',#12451,#2152);
#1437=LINE('',#12452,#2153);
#1438=LINE('',#12454,#2154);
#1439=LINE('',#12458,#2155);
#1440=LINE('',#12460,#2156);
#1441=LINE('',#12462,#2157);
#1442=LINE('',#12464,#2158);
#1443=LINE('',#12468,#2159);
#1444=LINE('',#12524,#2160);
#1445=LINE('',#12574,#2161);
#1446=LINE('',#12576,#2162);
#1447=LINE('',#12578,#2163);
#1448=LINE('',#12580,#2164);
#1449=LINE('',#12582,#2165);
#1450=LINE('',#12595,#2166);
#1451=LINE('',#12598,#2167);
#1452=LINE('',#12600,#2168);
#1453=LINE('',#12602,#2169);
#1454=LINE('',#12670,#2170);
#1455=LINE('',#12672,#2171);
#1456=LINE('',#12674,#2172);
#1457=LINE('',#12730,#2173);
#1458=LINE('',#12732,#2174);
#1459=LINE('',#12734,#2175);
#1460=LINE('',#12754,#2176);
#1461=LINE('',#12756,#2177);
#1462=LINE('',#12758,#2178);
#1463=LINE('',#12760,#2179);
#1464=LINE('',#12762,#2180);
#1465=LINE('',#12764,#2181);
#1466=LINE('',#12766,#2182);
#1467=LINE('',#12767,#2183);
#1468=LINE('',#12770,#2184);
#1469=LINE('',#12772,#2185);
#1470=LINE('',#12774,#2186);
#1471=LINE('',#12836,#2187);
#1472=LINE('',#12838,#2188);
#1473=LINE('',#12840,#2189);
#1474=LINE('',#12842,#2190);
#1475=LINE('',#12844,#2191);
#1476=LINE('',#12846,#2192);
#1477=LINE('',#12848,#2193);
#1478=LINE('',#12850,#2194);
#1479=LINE('',#12852,#2195);
#1480=LINE('',#12853,#2196);
#1481=LINE('',#12856,#2197);
#1482=LINE('',#12858,#2198);
#1483=LINE('',#12860,#2199);
#1484=LINE('',#12862,#2200);
#1485=LINE('',#12864,#2201);
#1486=LINE('',#12866,#2202);
#1487=LINE('',#12868,#2203);
#1488=LINE('',#12870,#2204);
#1489=LINE('',#12872,#2205);
#1490=LINE('',#12873,#2206);
#1491=LINE('',#12876,#2207);
#1492=LINE('',#12878,#2208);
#1493=LINE('',#12880,#2209);
#1494=LINE('',#12882,#2210);
#1495=LINE('',#12884,#2211);
#1496=LINE('',#12886,#2212);
#1497=LINE('',#12888,#2213);
#1498=LINE('',#12890,#2214);
#1499=LINE('',#12892,#2215);
#1500=LINE('',#12894,#2216);
#1501=LINE('',#12896,#2217);
#1502=LINE('',#12898,#2218);
#1503=LINE('',#12899,#2219);
#1504=LINE('',#12902,#2220);
#1505=LINE('',#12904,#2221);
#1506=LINE('',#12906,#2222);
#1507=LINE('',#12908,#2223);
#1508=LINE('',#12910,#2224);
#1509=LINE('',#12912,#2225);
#1510=LINE('',#12914,#2226);
#1511=LINE('',#12916,#2227);
#1512=LINE('',#12918,#2228);
#1513=LINE('',#12920,#2229);
#1514=LINE('',#12922,#2230);
#1515=LINE('',#12924,#2231);
#1516=LINE('',#12925,#2232);
#1517=LINE('',#12929,#2233);
#1518=LINE('',#12931,#2234);
#1519=LINE('',#12933,#2235);
#1520=LINE('',#12935,#2236);
#1521=LINE('',#12938,#2237);
#1522=LINE('',#12941,#2238);
#1523=LINE('',#12942,#2239);
#1524=LINE('',#12961,#2240);
#1525=LINE('',#12968,#2241);
#1526=LINE('',#12986,#2242);
#1527=LINE('',#13009,#2243);
#1528=LINE('',#13032,#2244);
#1529=LINE('',#13055,#2245);
#1530=LINE('',#13078,#2246);
#1531=LINE('',#13101,#2247);
#1532=LINE('',#13138,#2248);
#1533=LINE('',#13145,#2249);
#1534=LINE('',#13157,#2250);
#1535=LINE('',#13174,#2251);
#1536=LINE('',#13191,#2252);
#1537=LINE('',#13208,#2253);
#1538=LINE('',#13225,#2254);
#1539=LINE('',#13271,#2255);
#1540=LINE('',#13288,#2256);
#1541=LINE('',#13310,#2257);
#1542=LINE('',#13314,#2258);
#1543=LINE('',#13316,#2259);
#1544=LINE('',#13318,#2260);
#1545=LINE('',#13319,#2261);
#1546=LINE('',#13337,#2262);
#1547=LINE('',#13360,#2263);
#1548=LINE('',#13383,#2264);
#1549=LINE('',#13406,#2265);
#1550=LINE('',#13414,#2266);
#1551=LINE('',#13416,#2267);
#1552=LINE('',#13417,#2268);
#1553=LINE('',#13419,#2269);
#1554=LINE('',#13420,#2270);
#1555=LINE('',#13424,#2271);
#1556=LINE('',#13426,#2272);
#1557=LINE('',#13428,#2273);
#1558=LINE('',#13429,#2274);
#1559=LINE('',#13447,#2275);
#1560=LINE('',#13470,#2276);
#1561=LINE('',#13493,#2277);
#1562=LINE('',#13516,#2278);
#1563=LINE('',#13524,#2279);
#1564=LINE('',#13526,#2280);
#1565=LINE('',#13527,#2281);
#1566=LINE('',#13529,#2282);
#1567=LINE('',#13530,#2283);
#1568=LINE('',#13533,#2284);
#1569=LINE('',#13535,#2285);
#1570=LINE('',#13536,#2286);
#1571=LINE('',#13548,#2287);
#1572=LINE('',#13565,#2288);
#1573=LINE('',#13582,#2289);
#1574=LINE('',#13599,#2290);
#1575=LINE('',#13616,#2291);
#1576=LINE('',#13633,#2292);
#1577=LINE('',#13650,#2293);
#1578=LINE('',#13667,#2294);
#1579=LINE('',#13684,#2295);
#1580=LINE('',#13701,#2296);
#1581=LINE('',#13709,#2297);
#1582=LINE('',#13710,#2298);
#1583=LINE('',#13712,#2299);
#1584=LINE('',#13725,#2300);
#1585=LINE('',#13732,#2301);
#1586=LINE('',#13744,#2302);
#1587=LINE('',#13761,#2303);
#1588=LINE('',#13778,#2304);
#1589=LINE('',#13786,#2305);
#1590=LINE('',#13787,#2306);
#1591=LINE('',#13790,#2307);
#1592=LINE('',#13791,#2308);
#1593=LINE('',#13794,#2309);
#1594=LINE('',#13795,#2310);
#1595=LINE('',#13807,#2311);
#1596=LINE('',#13824,#2312);
#1597=LINE('',#13841,#2313);
#1598=LINE('',#13858,#2314);
#1599=LINE('',#13875,#2315);
#1600=LINE('',#13892,#2316);
#1601=LINE('',#13909,#2317);
#1602=LINE('',#13926,#2318);
#1603=LINE('',#13943,#2319);
#1604=LINE('',#13951,#2320);
#1605=LINE('',#13952,#2321);
#1606=LINE('',#13955,#2322);
#1607=LINE('',#13956,#2323);
#1608=LINE('',#13958,#2324);
#1609=LINE('',#13962,#2325);
#1610=LINE('',#13963,#2326);
#1611=LINE('',#13966,#2327);
#1612=LINE('',#13967,#2328);
#1613=LINE('',#13969,#2329);
#1614=LINE('',#13973,#2330);
#1615=LINE('',#13975,#2331);
#1616=LINE('',#13976,#2332);
#1617=LINE('',#13988,#2333);
#1618=LINE('',#14005,#2334);
#1619=LINE('',#14022,#2335);
#1620=LINE('',#14039,#2336);
#1621=LINE('',#14056,#2337);
#1622=LINE('',#14073,#2338);
#1623=LINE('',#14090,#2339);
#1624=LINE('',#14107,#2340);
#1625=LINE('',#14115,#2341);
#1626=LINE('',#14116,#2342);
#1627=LINE('',#14128,#2343);
#1628=LINE('',#14145,#2344);
#1629=LINE('',#14162,#2345);
#1630=LINE('',#14179,#2346);
#1631=LINE('',#14196,#2347);
#1632=LINE('',#14213,#2348);
#1633=LINE('',#14230,#2349);
#1634=LINE('',#14247,#2350);
#1635=LINE('',#14293,#2351);
#1636=LINE('',#14310,#2352);
#1637=LINE('',#14318,#2353);
#1638=LINE('',#14319,#2354);
#1639=LINE('',#14322,#2355);
#1640=LINE('',#14323,#2356);
#1641=LINE('',#14326,#2357);
#1642=LINE('',#14327,#2358);
#1643=LINE('',#14329,#2359);
#1644=LINE('',#14331,#2360);
#1645=LINE('',#14335,#2361);
#1646=LINE('',#14337,#2362);
#1647=LINE('',#14339,#2363);
#1648=LINE('',#14340,#2364);
#1649=LINE('',#14343,#2365);
#1650=LINE('',#14345,#2366);
#1651=LINE('',#14346,#2367);
#1652=LINE('',#14348,#2368);
#1653=LINE('',#14349,#2369);
#1654=LINE('',#14352,#2370);
#1655=LINE('',#14354,#2371);
#1656=LINE('',#14355,#2372);
#1657=LINE('',#14358,#2373);
#1658=LINE('',#14359,#2374);
#1659=LINE('',#14362,#2375);
#1660=LINE('',#14363,#2376);
#1661=LINE('',#14366,#2377);
#1662=LINE('',#14367,#2378);
#1663=LINE('',#14370,#2379);
#1664=LINE('',#14371,#2380);
#1665=LINE('',#14374,#2381);
#1666=LINE('',#14375,#2382);
#1667=LINE('',#14378,#2383);
#1668=LINE('',#14379,#2384);
#1669=LINE('',#14381,#2385);
#1670=LINE('',#14386,#2386);
#1671=LINE('',#14388,#2387);
#1672=LINE('',#14390,#2388);
#1673=LINE('',#14391,#2389);
#1674=LINE('',#14409,#2390);
#1675=LINE('',#14432,#2391);
#1676=LINE('',#14455,#2392);
#1677=LINE('',#14478,#2393);
#1678=LINE('',#14486,#2394);
#1679=LINE('',#14488,#2395);
#1680=LINE('',#14489,#2396);
#1681=LINE('',#14491,#2397);
#1682=LINE('',#14492,#2398);
#1683=LINE('',#14496,#2399);
#1684=LINE('',#14498,#2400);
#1685=LINE('',#14500,#2401);
#1686=LINE('',#14501,#2402);
#1687=LINE('',#14519,#2403);
#1688=LINE('',#14542,#2404);
#1689=LINE('',#14565,#2405);
#1690=LINE('',#14588,#2406);
#1691=LINE('',#14596,#2407);
#1692=LINE('',#14598,#2408);
#1693=LINE('',#14599,#2409);
#1694=LINE('',#14601,#2410);
#1695=LINE('',#14602,#2411);
#1696=LINE('',#14605,#2412);
#1697=LINE('',#14607,#2413);
#1698=LINE('',#14608,#2414);
#1699=LINE('',#14620,#2415);
#1700=LINE('',#14637,#2416);
#1701=LINE('',#14654,#2417);
#1702=LINE('',#14671,#2418);
#1703=LINE('',#14688,#2419);
#1704=LINE('',#14705,#2420);
#1705=LINE('',#14722,#2421);
#1706=LINE('',#14739,#2422);
#1707=LINE('',#14756,#2423);
#1708=LINE('',#14773,#2424);
#1709=LINE('',#14781,#2425);
#1710=LINE('',#14782,#2426);
#1711=LINE('',#14784,#2427);
#1712=LINE('',#14788,#2428);
#1713=LINE('',#14790,#2429);
#1714=LINE('',#14791,#2430);
#1715=LINE('',#14794,#2431);
#1716=LINE('',#14795,#2432);
#1717=LINE('',#14798,#2433);
#1718=LINE('',#14799,#2434);
#1719=LINE('',#14802,#2435);
#1720=LINE('',#14803,#2436);
#1721=LINE('',#14806,#2437);
#1722=LINE('',#14807,#2438);
#1723=LINE('',#14810,#2439);
#1724=LINE('',#14811,#2440);
#1725=LINE('',#14814,#2441);
#1726=LINE('',#14815,#2442);
#1727=LINE('',#14818,#2443);
#1728=LINE('',#14819,#2444);
#1729=LINE('',#14822,#2445);
#1730=LINE('',#14823,#2446);
#1731=LINE('',#14825,#2447);
#1732=LINE('',#14829,#2448);
#1733=LINE('',#14831,#2449);
#1734=LINE('',#14832,#2450);
#1735=LINE('',#14835,#2451);
#1736=LINE('',#14836,#2452);
#1737=LINE('',#14839,#2453);
#1738=LINE('',#14840,#2454);
#1739=LINE('',#14843,#2455);
#1740=LINE('',#14844,#2456);
#1741=LINE('',#14847,#2457);
#1742=LINE('',#14848,#2458);
#1743=LINE('',#14851,#2459);
#1744=LINE('',#14852,#2460);
#1745=LINE('',#14855,#2461);
#1746=LINE('',#14856,#2462);
#1747=LINE('',#14859,#2463);
#1748=LINE('',#14860,#2464);
#1749=LINE('',#14863,#2465);
#1750=LINE('',#14864,#2466);
#1751=LINE('',#14866,#2467);
#1752=LINE('',#14870,#2468);
#1753=LINE('',#14872,#2469);
#1754=LINE('',#14873,#2470);
#1755=LINE('',#14876,#2471);
#1756=LINE('',#14877,#2472);
#1757=LINE('',#14880,#2473);
#1758=LINE('',#14881,#2474);
#1759=LINE('',#14884,#2475);
#1760=LINE('',#14885,#2476);
#1761=LINE('',#14888,#2477);
#1762=LINE('',#14889,#2478);
#1763=LINE('',#14892,#2479);
#1764=LINE('',#14893,#2480);
#1765=LINE('',#14896,#2481);
#1766=LINE('',#14897,#2482);
#1767=LINE('',#14900,#2483);
#1768=LINE('',#14901,#2484);
#1769=LINE('',#14904,#2485);
#1770=LINE('',#14905,#2486);
#1771=LINE('',#14908,#2487);
#1772=LINE('',#14909,#2488);
#1773=LINE('',#14912,#2489);
#1774=LINE('',#14913,#2490);
#1775=LINE('',#14916,#2491);
#1776=LINE('',#14917,#2492);
#1777=LINE('',#14919,#2493);
#1778=LINE('',#14939,#2494);
#1779=LINE('',#14946,#2495);
#1780=LINE('',#14964,#2496);
#1781=LINE('',#14987,#2497);
#1782=LINE('',#15010,#2498);
#1783=LINE('',#15033,#2499);
#1784=LINE('',#15056,#2500);
#1785=LINE('',#15079,#2501);
#1786=LINE('',#15116,#2502);
#1787=LINE('',#15123,#2503);
#1788=LINE('',#15135,#2504);
#1789=LINE('',#15152,#2505);
#1790=LINE('',#15169,#2506);
#1791=LINE('',#15186,#2507);
#1792=LINE('',#15203,#2508);
#1793=LINE('',#15249,#2509);
#1794=LINE('',#15266,#2510);
#1795=LINE('',#15288,#2511);
#1796=LINE('',#15291,#2512);
#1797=LINE('',#15293,#2513);
#1798=LINE('',#15294,#2514);
#1799=LINE('',#15297,#2515);
#1800=LINE('',#15298,#2516);
#1801=LINE('',#15301,#2517);
#1802=LINE('',#15302,#2518);
#1803=LINE('',#15305,#2519);
#1804=LINE('',#15306,#2520);
#1805=LINE('',#15309,#2521);
#1806=LINE('',#15310,#2522);
#1807=LINE('',#15313,#2523);
#1808=LINE('',#15314,#2524);
#1809=LINE('',#15317,#2525);
#1810=LINE('',#15318,#2526);
#1811=LINE('',#15321,#2527);
#1812=LINE('',#15322,#2528);
#1813=LINE('',#15325,#2529);
#1814=LINE('',#15326,#2530);
#1815=LINE('',#15329,#2531);
#1816=LINE('',#15330,#2532);
#1817=LINE('',#15333,#2533);
#1818=LINE('',#15334,#2534);
#1819=LINE('',#15337,#2535);
#1820=LINE('',#15338,#2536);
#1821=LINE('',#15340,#2537);
#1822=LINE('',#15344,#2538);
#1823=LINE('',#15345,#2539);
#1824=LINE('',#15348,#2540);
#1825=LINE('',#15349,#2541);
#1826=LINE('',#15352,#2542);
#1827=LINE('',#15353,#2543);
#1828=LINE('',#15356,#2544);
#1829=LINE('',#15357,#2545);
#1830=LINE('',#15360,#2546);
#1831=LINE('',#15361,#2547);
#1832=LINE('',#15364,#2548);
#1833=LINE('',#15365,#2549);
#1834=LINE('',#15368,#2550);
#1835=LINE('',#15369,#2551);
#1836=LINE('',#15371,#2552);
#1837=LINE('',#15381,#2553);
#1838=VECTOR('',#8150,10.);
#1839=VECTOR('',#8151,10.);
#1840=VECTOR('',#8152,10.);
#1841=VECTOR('',#8153,10.);
#1842=VECTOR('',#8154,10.);
#1843=VECTOR('',#8155,10.);
#1844=VECTOR('',#8156,10.);
#1845=VECTOR('',#8157,10.);
#1846=VECTOR('',#8158,10.);
#1847=VECTOR('',#8159,10.);
#1848=VECTOR('',#8160,10.);
#1849=VECTOR('',#8161,10.);
#1850=VECTOR('',#8162,10.);
#1851=VECTOR('',#8163,10.);
#1852=VECTOR('',#8164,10.);
#1853=VECTOR('',#8165,10.);
#1854=VECTOR('',#8170,10.);
#1855=VECTOR('',#8171,10.);
#1856=VECTOR('',#8172,10.);
#1857=VECTOR('',#8173,10.);
#1858=VECTOR('',#8176,10.);
#1859=VECTOR('',#8177,10.);
#1860=VECTOR('',#8178,10.);
#1861=VECTOR('',#8179,10.);
#1862=VECTOR('',#8180,10.);
#1863=VECTOR('',#8181,10.);
#1864=VECTOR('',#8182,10.);
#1865=VECTOR('',#8185,10.);
#1866=VECTOR('',#8186,10.);
#1867=VECTOR('',#8187,10.);
#1868=VECTOR('',#8190,10.);
#1869=VECTOR('',#8191,10.);
#1870=VECTOR('',#8192,10.);
#1871=VECTOR('',#8195,10.);
#1872=VECTOR('',#8196,10.);
#1873=VECTOR('',#8197,10.);
#1874=VECTOR('',#8198,10.);
#1875=VECTOR('',#8199,10.);
#1876=VECTOR('',#8200,10.);
#1877=VECTOR('',#8201,10.);
#1878=VECTOR('',#8204,10.);
#1879=VECTOR('',#8205,10.);
#1880=VECTOR('',#8206,10.);
#1881=VECTOR('',#8209,10.);
#1882=VECTOR('',#8210,10.);
#1883=VECTOR('',#8211,10.);
#1884=VECTOR('',#8214,10.);
#1885=VECTOR('',#8215,10.);
#1886=VECTOR('',#8218,10.);
#1887=VECTOR('',#8219,10.);
#1888=VECTOR('',#8220,10.);
#1889=VECTOR('',#8221,10.);
#1890=VECTOR('',#8222,10.);
#1891=VECTOR('',#8223,10.);
#1892=VECTOR('',#8224,10.);
#1893=VECTOR('',#8225,10.);
#1894=VECTOR('',#8226,10.);
#1895=VECTOR('',#8229,10.);
#1896=VECTOR('',#8230,10.);
#1897=VECTOR('',#8231,10.);
#1898=VECTOR('',#8232,10.);
#1899=VECTOR('',#8233,10.);
#1900=VECTOR('',#8234,10.);
#1901=VECTOR('',#8235,10.);
#1902=VECTOR('',#8236,10.);
#1903=VECTOR('',#8237,10.);
#1904=VECTOR('',#8238,10.);
#1905=VECTOR('',#8239,10.);
#1906=VECTOR('',#8240,10.);
#1907=VECTOR('',#8241,10.);
#1908=VECTOR('',#8242,10.);
#1909=VECTOR('',#8243,10.);
#1910=VECTOR('',#8244,10.);
#1911=VECTOR('',#8247,10.);
#1912=VECTOR('',#8248,10.);
#1913=VECTOR('',#8249,10.);
#1914=VECTOR('',#8250,10.);
#1915=VECTOR('',#8251,10.);
#1916=VECTOR('',#8254,10.);
#1917=VECTOR('',#8255,10.);
#1918=VECTOR('',#8256,10.);
#1919=VECTOR('',#8257,10.);
#1920=VECTOR('',#8258,10.);
#1921=VECTOR('',#8259,10.);
#1922=VECTOR('',#8260,10.);
#1923=VECTOR('',#8261,10.);
#1924=VECTOR('',#8262,10.);
#1925=VECTOR('',#8263,10.);
#1926=VECTOR('',#8264,10.);
#1927=VECTOR('',#8267,10.);
#1928=VECTOR('',#8268,10.);
#1929=VECTOR('',#8269,10.);
#1930=VECTOR('',#8272,10.);
#1931=VECTOR('',#8273,10.);
#1932=VECTOR('',#8274,10.);
#1933=VECTOR('',#8275,10.);
#1934=VECTOR('',#8276,10.);
#1935=VECTOR('',#8277,10.);
#1936=VECTOR('',#8278,10.);
#1937=VECTOR('',#8279,10.);
#1938=VECTOR('',#8280,10.);
#1939=VECTOR('',#8283,10.);
#1940=VECTOR('',#8284,10.);
#1941=VECTOR('',#8285,10.);
#1942=VECTOR('',#8286,10.);
#1943=VECTOR('',#8287,10.);
#1944=VECTOR('',#8288,10.);
#1945=VECTOR('',#8289,10.);
#1946=VECTOR('',#8290,10.);
#1947=VECTOR('',#8291,10.);
#1948=VECTOR('',#8292,10.);
#1949=VECTOR('',#8293,10.);
#1950=VECTOR('',#8294,10.);
#1951=VECTOR('',#8295,10.);
#1952=VECTOR('',#8296,10.);
#1953=VECTOR('',#8297,10.);
#1954=VECTOR('',#8298,10.);
#1955=VECTOR('',#8301,10.);
#1956=VECTOR('',#8302,10.);
#1957=VECTOR('',#8303,10.);
#1958=VECTOR('',#8304,10.);
#1959=VECTOR('',#8305,10.);
#1960=VECTOR('',#8308,10.);
#1961=VECTOR('',#8309,10.);
#1962=VECTOR('',#8310,10.);
#1963=VECTOR('',#8311,10.);
#1964=VECTOR('',#8312,10.);
#1965=VECTOR('',#8313,10.);
#1966=VECTOR('',#8314,10.);
#1967=VECTOR('',#8315,10.);
#1968=VECTOR('',#8316,10.);
#1969=VECTOR('',#8317,10.);
#1970=VECTOR('',#8318,10.);
#1971=VECTOR('',#8321,10.);
#1972=VECTOR('',#8322,10.);
#1973=VECTOR('',#8323,10.);
#1974=VECTOR('',#8328,10.);
#1975=VECTOR('',#8329,10.);
#1976=VECTOR('',#8330,10.);
#1977=VECTOR('',#8331,10.);
#1978=VECTOR('',#8334,10.);
#1979=VECTOR('',#8335,10.);
#1980=VECTOR('',#8336,10.);
#1981=VECTOR('',#8339,10.);
#1982=VECTOR('',#8340,10.);
#1983=VECTOR('',#8341,10.);
#1984=VECTOR('',#8344,10.);
#1985=VECTOR('',#8345,10.);
#1986=VECTOR('',#8346,10.);
#1987=VECTOR('',#8349,10.);
#1988=VECTOR('',#8350,10.);
#1989=VECTOR('',#8351,10.);
#1990=VECTOR('',#8354,10.);
#1991=VECTOR('',#8355,10.);
#1992=VECTOR('',#8356,10.);
#1993=VECTOR('',#8359,10.);
#1994=VECTOR('',#8360,10.);
#1995=VECTOR('',#8361,10.);
#1996=VECTOR('',#8364,10.);
#1997=VECTOR('',#8365,10.);
#1998=VECTOR('',#8366,10.);
#1999=VECTOR('',#8369,10.);
#2000=VECTOR('',#8370,10.);
#2001=VECTOR('',#8371,10.);
#2002=VECTOR('',#8374,10.);
#2003=VECTOR('',#8375,10.);
#2004=VECTOR('',#8376,10.);
#2005=VECTOR('',#8379,10.);
#2006=VECTOR('',#8380,10.);
#2007=VECTOR('',#8381,10.);
#2008=VECTOR('',#8384,10.);
#2009=VECTOR('',#8385,10.);
#2010=VECTOR('',#8390,10.);
#2011=VECTOR('',#8391,10.);
#2012=VECTOR('',#8392,10.);
#2013=VECTOR('',#8393,10.);
#2014=VECTOR('',#8396,10.);
#2015=VECTOR('',#8397,10.);
#2016=VECTOR('',#8398,10.);
#2017=VECTOR('',#8399,10.);
#2018=VECTOR('',#8400,10.);
#2019=VECTOR('',#8401,10.);
#2020=VECTOR('',#8402,10.);
#2021=VECTOR('',#8405,10.);
#2022=VECTOR('',#8406,10.);
#2023=VECTOR('',#8407,10.);
#2024=VECTOR('',#8410,10.);
#2025=VECTOR('',#8411,10.);
#2026=VECTOR('',#8412,10.);
#2027=VECTOR('',#8415,10.);
#2028=VECTOR('',#8416,10.);
#2029=VECTOR('',#8417,10.);
#2030=VECTOR('',#8418,10.);
#2031=VECTOR('',#8419,10.);
#2032=VECTOR('',#8420,10.);
#2033=VECTOR('',#8421,10.);
#2034=VECTOR('',#8424,10.);
#2035=VECTOR('',#8425,10.);
#2036=VECTOR('',#8426,10.);
#2037=VECTOR('',#8429,10.);
#2038=VECTOR('',#8430,10.);
#2039=VECTOR('',#8431,10.);
#2040=VECTOR('',#8434,10.);
#2041=VECTOR('',#8435,10.);
#2042=VECTOR('',#8440,10.);
#2043=VECTOR('',#8441,10.);
#2044=VECTOR('',#8442,10.);
#2045=VECTOR('',#8443,10.);
#2046=VECTOR('',#8446,10.);
#2047=VECTOR('',#8447,10.);
#2048=VECTOR('',#8448,10.);
#2049=VECTOR('',#8449,10.);
#2050=VECTOR('',#8450,10.);
#2051=VECTOR('',#8451,10.);
#2052=VECTOR('',#8452,10.);
#2053=VECTOR('',#8453,10.);
#2054=VECTOR('',#8456,10.);
#2055=VECTOR('',#8457,10.);
#2056=VECTOR('',#8458,10.);
#2057=VECTOR('',#8461,10.);
#2058=VECTOR('',#8462,10.);
#2059=VECTOR('',#8463,10.);
#2060=VECTOR('',#8466,10.);
#2061=VECTOR('',#8467,10.);
#2062=VECTOR('',#8468,10.);
#2063=VECTOR('',#8469,10.);
#2064=VECTOR('',#8470,10.);
#2065=VECTOR('',#8471,10.);
#2066=VECTOR('',#8472,10.);
#2067=VECTOR('',#8475,10.);
#2068=VECTOR('',#8476,10.);
#2069=VECTOR('',#8477,10.);
#2070=VECTOR('',#8480,10.);
#2071=VECTOR('',#8481,10.);
#2072=VECTOR('',#8482,10.);
#2073=VECTOR('',#8485,10.);
#2074=VECTOR('',#8486,10.);
#2075=VECTOR('',#8487,10.);
#2076=VECTOR('',#8488,10.);
#2077=VECTOR('',#8489,10.);
#2078=VECTOR('',#8490,10.);
#2079=VECTOR('',#8491,10.);
#2080=VECTOR('',#8492,10.);
#2081=VECTOR('',#8493,10.);
#2082=VECTOR('',#8494,10.);
#2083=VECTOR('',#8495,10.);
#2084=VECTOR('',#8498,10.);
#2085=VECTOR('',#8499,10.);
#2086=VECTOR('',#8500,10.);
#2087=VECTOR('',#8503,10.);
#2088=VECTOR('',#8504,10.);
#2089=VECTOR('',#8505,10.);
#2090=VECTOR('',#8508,10.);
#2091=VECTOR('',#8509,10.);
#2092=VECTOR('',#8514,10.);
#2093=VECTOR('',#8515,10.);
#2094=VECTOR('',#8516,10.);
#2095=VECTOR('',#8517,10.);
#2096=VECTOR('',#8520,10.);
#2097=VECTOR('',#8521,10.);
#2098=VECTOR('',#8522,10.);
#2099=VECTOR('',#8525,10.);
#2100=VECTOR('',#8526,10.);
#2101=VECTOR('',#8527,10.);
#2102=VECTOR('',#8530,10.);
#2103=VECTOR('',#8531,10.);
#2104=VECTOR('',#8532,10.);
#2105=VECTOR('',#8535,10.);
#2106=VECTOR('',#8536,10.);
#2107=VECTOR('',#8537,10.);
#2108=VECTOR('',#8540,10.);
#2109=VECTOR('',#8541,10.);
#2110=VECTOR('',#8542,10.);
#2111=VECTOR('',#8545,10.);
#2112=VECTOR('',#8546,10.);
#2113=VECTOR('',#8547,10.);
#2114=VECTOR('',#8550,10.);
#2115=VECTOR('',#8551,10.);
#2116=VECTOR('',#8552,10.);
#2117=VECTOR('',#8555,10.);
#2118=VECTOR('',#8556,10.);
#2119=VECTOR('',#8557,10.);
#2120=VECTOR('',#8560,10.);
#2121=VECTOR('',#8561,10.);
#2122=VECTOR('',#8562,10.);
#2123=VECTOR('',#8565,10.);
#2124=VECTOR('',#8566,10.);
#2125=VECTOR('',#8567,10.);
#2126=VECTOR('',#8570,10.);
#2127=VECTOR('',#8571,10.);
#2128=VECTOR('',#8584,10.);
#2129=VECTOR('',#8587,10.);
#2130=VECTOR('',#8590,10.);
#2131=VECTOR('',#8591,10.);
#2132=VECTOR('',#8592,10.);
#2133=VECTOR('',#8595,10.);
#2134=VECTOR('',#8598,10.);
#2135=VECTOR('',#8601,10.);
#2136=VECTOR('',#8610,10.);
#2137=VECTOR('',#8611,10.);
#2138=VECTOR('',#8614,10.);
#2139=VECTOR('',#8617,10.);
#2140=VECTOR('',#8620,10.);
#2141=VECTOR('',#8621,10.);
#2142=VECTOR('',#8622,10.);
#2143=VECTOR('',#8627,10.);
#2144=VECTOR('',#8628,10.);
#2145=VECTOR('',#8629,10.);
#2146=VECTOR('',#8630,10.);
#2147=VECTOR('',#8631,10.);
#2148=VECTOR('',#8632,10.);
#2149=VECTOR('',#8633,10.);
#2150=VECTOR('',#8634,10.);
#2151=VECTOR('',#8635,10.);
#2152=VECTOR('',#8636,10.);
#2153=VECTOR('',#8637,10.);
#2154=VECTOR('',#8638,10.);
#2155=VECTOR('',#8641,10.);
#2156=VECTOR('',#8642,10.);
#2157=VECTOR('',#8643,10.);
#2158=VECTOR('',#8644,10.);
#2159=VECTOR('',#8647,10.);
#2160=VECTOR('',#8648,10.);
#2161=VECTOR('',#8649,10.);
#2162=VECTOR('',#8650,10.);
#2163=VECTOR('',#8651,10.);
#2164=VECTOR('',#8652,10.);
#2165=VECTOR('',#8653,10.);
#2166=VECTOR('',#8654,10.);
#2167=VECTOR('',#8655,10.);
#2168=VECTOR('',#8656,10.);
#2169=VECTOR('',#8657,10.);
#2170=VECTOR('',#8658,10.);
#2171=VECTOR('',#8659,10.);
#2172=VECTOR('',#8660,10.);
#2173=VECTOR('',#8661,10.);
#2174=VECTOR('',#8662,10.);
#2175=VECTOR('',#8663,10.);
#2176=VECTOR('',#8664,10.);
#2177=VECTOR('',#8665,10.);
#2178=VECTOR('',#8666,10.);
#2179=VECTOR('',#8667,10.);
#2180=VECTOR('',#8668,10.);
#2181=VECTOR('',#8669,10.);
#2182=VECTOR('',#8670,10.);
#2183=VECTOR('',#8671,10.);
#2184=VECTOR('',#8672,10.);
#2185=VECTOR('',#8673,10.);
#2186=VECTOR('',#8674,10.);
#2187=VECTOR('',#8675,10.);
#2188=VECTOR('',#8676,10.);
#2189=VECTOR('',#8677,10.);
#2190=VECTOR('',#8678,10.);
#2191=VECTOR('',#8679,10.);
#2192=VECTOR('',#8680,10.);
#2193=VECTOR('',#8681,10.);
#2194=VECTOR('',#8682,10.);
#2195=VECTOR('',#8683,10.);
#2196=VECTOR('',#8684,10.);
#2197=VECTOR('',#8685,10.);
#2198=VECTOR('',#8686,10.);
#2199=VECTOR('',#8687,10.);
#2200=VECTOR('',#8688,10.);
#2201=VECTOR('',#8689,10.);
#2202=VECTOR('',#8690,10.);
#2203=VECTOR('',#8691,10.);
#2204=VECTOR('',#8692,10.);
#2205=VECTOR('',#8693,10.);
#2206=VECTOR('',#8694,10.);
#2207=VECTOR('',#8695,10.);
#2208=VECTOR('',#8696,10.);
#2209=VECTOR('',#8697,10.);
#2210=VECTOR('',#8698,10.);
#2211=VECTOR('',#8699,10.);
#2212=VECTOR('',#8700,10.);
#2213=VECTOR('',#8701,10.);
#2214=VECTOR('',#8702,10.);
#2215=VECTOR('',#8703,10.);
#2216=VECTOR('',#8704,10.);
#2217=VECTOR('',#8705,10.);
#2218=VECTOR('',#8706,10.);
#2219=VECTOR('',#8707,10.);
#2220=VECTOR('',#8708,10.);
#2221=VECTOR('',#8709,10.);
#2222=VECTOR('',#8710,10.);
#2223=VECTOR('',#8711,10.);
#2224=VECTOR('',#8712,10.);
#2225=VECTOR('',#8713,10.);
#2226=VECTOR('',#8714,10.);
#2227=VECTOR('',#8715,10.);
#2228=VECTOR('',#8716,10.);
#2229=VECTOR('',#8717,10.);
#2230=VECTOR('',#8718,10.);
#2231=VECTOR('',#8719,10.);
#2232=VECTOR('',#8720,10.);
#2233=VECTOR('',#8725,10.);
#2234=VECTOR('',#8728,10.);
#2235=VECTOR('',#8731,10.);
#2236=VECTOR('',#8732,10.);
#2237=VECTOR('',#8735,10.);
#2238=VECTOR('',#8738,10.);
#2239=VECTOR('',#8739,10.);
#2240=VECTOR('',#8740,10.);
#2241=VECTOR('',#8741,10.);
#2242=VECTOR('',#8742,10.);
#2243=VECTOR('',#8743,10.);
#2244=VECTOR('',#8744,10.);
#2245=VECTOR('',#8745,10.);
#2246=VECTOR('',#8746,10.);
#2247=VECTOR('',#8747,10.);
#2248=VECTOR('',#8748,10.);
#2249=VECTOR('',#8749,10.);
#2250=VECTOR('',#8750,10.);
#2251=VECTOR('',#8751,10.);
#2252=VECTOR('',#8752,10.);
#2253=VECTOR('',#8753,10.);
#2254=VECTOR('',#8754,10.);
#2255=VECTOR('',#8755,10.);
#2256=VECTOR('',#8756,10.);
#2257=VECTOR('',#8759,10.);
#2258=VECTOR('',#8762,10.);
#2259=VECTOR('',#8763,10.);
#2260=VECTOR('',#8764,10.);
#2261=VECTOR('',#8765,10.);
#2262=VECTOR('',#8766,10.);
#2263=VECTOR('',#8767,10.);
#2264=VECTOR('',#8768,10.);
#2265=VECTOR('',#8769,10.);
#2266=VECTOR('',#8772,10.);
#2267=VECTOR('',#8773,10.);
#2268=VECTOR('',#8774,10.);
#2269=VECTOR('',#8777,10.);
#2270=VECTOR('',#8778,10.);
#2271=VECTOR('',#8781,10.);
#2272=VECTOR('',#8782,10.);
#2273=VECTOR('',#8783,10.);
#2274=VECTOR('',#8784,10.);
#2275=VECTOR('',#8785,10.);
#2276=VECTOR('',#8786,10.);
#2277=VECTOR('',#8787,10.);
#2278=VECTOR('',#8788,10.);
#2279=VECTOR('',#8791,10.);
#2280=VECTOR('',#8792,10.);
#2281=VECTOR('',#8793,10.);
#2282=VECTOR('',#8796,10.);
#2283=VECTOR('',#8797,10.);
#2284=VECTOR('',#8800,10.);
#2285=VECTOR('',#8801,10.);
#2286=VECTOR('',#8802,10.);
#2287=VECTOR('',#8803,10.);
#2288=VECTOR('',#8804,10.);
#2289=VECTOR('',#8805,10.);
#2290=VECTOR('',#8806,10.);
#2291=VECTOR('',#8807,10.);
#2292=VECTOR('',#8808,10.);
#2293=VECTOR('',#8809,10.);
#2294=VECTOR('',#8810,10.);
#2295=VECTOR('',#8811,10.);
#2296=VECTOR('',#8812,10.);
#2297=VECTOR('',#8815,10.);
#2298=VECTOR('',#8816,10.);
#2299=VECTOR('',#8819,10.);
#2300=VECTOR('',#8822,10.);
#2301=VECTOR('',#8823,10.);
#2302=VECTOR('',#8824,10.);
#2303=VECTOR('',#8825,10.);
#2304=VECTOR('',#8826,10.);
#2305=VECTOR('',#8829,10.);
#2306=VECTOR('',#8830,10.);
#2307=VECTOR('',#8833,10.);
#2308=VECTOR('',#8834,10.);
#2309=VECTOR('',#8837,10.);
#2310=VECTOR('',#8838,10.);
#2311=VECTOR('',#8839,10.);
#2312=VECTOR('',#8840,10.);
#2313=VECTOR('',#8841,10.);
#2314=VECTOR('',#8842,10.);
#2315=VECTOR('',#8843,10.);
#2316=VECTOR('',#8844,10.);
#2317=VECTOR('',#8845,10.);
#2318=VECTOR('',#8846,10.);
#2319=VECTOR('',#8847,10.);
#2320=VECTOR('',#8850,10.);
#2321=VECTOR('',#8851,10.);
#2322=VECTOR('',#8854,10.);
#2323=VECTOR('',#8855,10.);
#2324=VECTOR('',#8858,10.);
#2325=VECTOR('',#8863,10.);
#2326=VECTOR('',#8864,10.);
#2327=VECTOR('',#8867,10.);
#2328=VECTOR('',#8868,10.);
#2329=VECTOR('',#8871,10.);
#2330=VECTOR('',#8876,10.);
#2331=VECTOR('',#8877,10.);
#2332=VECTOR('',#8878,10.);
#2333=VECTOR('',#8879,10.);
#2334=VECTOR('',#8880,10.);
#2335=VECTOR('',#8881,10.);
#2336=VECTOR('',#8882,10.);
#2337=VECTOR('',#8883,10.);
#2338=VECTOR('',#8884,10.);
#2339=VECTOR('',#8885,10.);
#2340=VECTOR('',#8886,10.);
#2341=VECTOR('',#8889,10.);
#2342=VECTOR('',#8890,10.);
#2343=VECTOR('',#8891,10.);
#2344=VECTOR('',#8892,10.);
#2345=VECTOR('',#8893,10.);
#2346=VECTOR('',#8894,10.);
#2347=VECTOR('',#8895,10.);
#2348=VECTOR('',#8896,10.);
#2349=VECTOR('',#8897,10.);
#2350=VECTOR('',#8898,10.);
#2351=VECTOR('',#8899,10.);
#2352=VECTOR('',#8900,10.);
#2353=VECTOR('',#8903,10.);
#2354=VECTOR('',#8904,10.);
#2355=VECTOR('',#8907,10.);
#2356=VECTOR('',#8908,10.);
#2357=VECTOR('',#8911,10.);
#2358=VECTOR('',#8912,10.);
#2359=VECTOR('',#8915,10.);
#2360=VECTOR('',#8918,10.);
#2361=VECTOR('',#8921,10.);
#2362=VECTOR('',#8922,10.);
#2363=VECTOR('',#8923,10.);
#2364=VECTOR('',#8924,10.);
#2365=VECTOR('',#8927,10.);
#2366=VECTOR('',#8928,10.);
#2367=VECTOR('',#8929,10.);
#2368=VECTOR('',#8932,10.);
#2369=VECTOR('',#8933,10.);
#2370=VECTOR('',#8936,10.);
#2371=VECTOR('',#8937,10.);
#2372=VECTOR('',#8938,10.);
#2373=VECTOR('',#8941,10.);
#2374=VECTOR('',#8942,10.);
#2375=VECTOR('',#8945,10.);
#2376=VECTOR('',#8946,10.);
#2377=VECTOR('',#8949,10.);
#2378=VECTOR('',#8950,10.);
#2379=VECTOR('',#8953,10.);
#2380=VECTOR('',#8954,10.);
#2381=VECTOR('',#8957,10.);
#2382=VECTOR('',#8958,10.);
#2383=VECTOR('',#8961,10.);
#2384=VECTOR('',#8962,10.);
#2385=VECTOR('',#8965,10.);
#2386=VECTOR('',#8970,10.);
#2387=VECTOR('',#8971,10.);
#2388=VECTOR('',#8972,10.);
#2389=VECTOR('',#8973,10.);
#2390=VECTOR('',#8974,10.);
#2391=VECTOR('',#8975,10.);
#2392=VECTOR('',#8976,10.);
#2393=VECTOR('',#8977,10.);
#2394=VECTOR('',#8980,10.);
#2395=VECTOR('',#8981,10.);
#2396=VECTOR('',#8982,10.);
#2397=VECTOR('',#8985,10.);
#2398=VECTOR('',#8986,10.);
#2399=VECTOR('',#8989,10.);
#2400=VECTOR('',#8990,10.);
#2401=VECTOR('',#8991,10.);
#2402=VECTOR('',#8992,10.);
#2403=VECTOR('',#8993,10.);
#2404=VECTOR('',#8994,10.);
#2405=VECTOR('',#8995,10.);
#2406=VECTOR('',#8996,10.);
#2407=VECTOR('',#8999,10.);
#2408=VECTOR('',#9000,10.);
#2409=VECTOR('',#9001,10.);
#2410=VECTOR('',#9004,10.);
#2411=VECTOR('',#9005,10.);
#2412=VECTOR('',#9008,10.);
#2413=VECTOR('',#9009,10.);
#2414=VECTOR('',#9010,10.);
#2415=VECTOR('',#9011,10.);
#2416=VECTOR('',#9012,10.);
#2417=VECTOR('',#9013,10.);
#2418=VECTOR('',#9014,10.);
#2419=VECTOR('',#9015,10.);
#2420=VECTOR('',#9016,10.);
#2421=VECTOR('',#9017,10.);
#2422=VECTOR('',#9018,10.);
#2423=VECTOR('',#9019,10.);
#2424=VECTOR('',#9020,10.);
#2425=VECTOR('',#9023,10.);
#2426=VECTOR('',#9024,10.);
#2427=VECTOR('',#9027,10.);
#2428=VECTOR('',#9032,10.);
#2429=VECTOR('',#9033,10.);
#2430=VECTOR('',#9034,10.);
#2431=VECTOR('',#9037,10.);
#2432=VECTOR('',#9038,10.);
#2433=VECTOR('',#9041,10.);
#2434=VECTOR('',#9042,10.);
#2435=VECTOR('',#9045,10.);
#2436=VECTOR('',#9046,10.);
#2437=VECTOR('',#9049,10.);
#2438=VECTOR('',#9050,10.);
#2439=VECTOR('',#9053,10.);
#2440=VECTOR('',#9054,10.);
#2441=VECTOR('',#9057,10.);
#2442=VECTOR('',#9058,10.);
#2443=VECTOR('',#9061,10.);
#2444=VECTOR('',#9062,10.);
#2445=VECTOR('',#9065,10.);
#2446=VECTOR('',#9066,10.);
#2447=VECTOR('',#9069,10.);
#2448=VECTOR('',#9074,10.);
#2449=VECTOR('',#9075,10.);
#2450=VECTOR('',#9076,10.);
#2451=VECTOR('',#9079,10.);
#2452=VECTOR('',#9080,10.);
#2453=VECTOR('',#9083,10.);
#2454=VECTOR('',#9084,10.);
#2455=VECTOR('',#9087,10.);
#2456=VECTOR('',#9088,10.);
#2457=VECTOR('',#9091,10.);
#2458=VECTOR('',#9092,10.);
#2459=VECTOR('',#9095,10.);
#2460=VECTOR('',#9096,10.);
#2461=VECTOR('',#9099,10.);
#2462=VECTOR('',#9100,10.);
#2463=VECTOR('',#9103,10.);
#2464=VECTOR('',#9104,10.);
#2465=VECTOR('',#9107,10.);
#2466=VECTOR('',#9108,10.);
#2467=VECTOR('',#9111,10.);
#2468=VECTOR('',#9116,10.);
#2469=VECTOR('',#9117,10.);
#2470=VECTOR('',#9118,10.);
#2471=VECTOR('',#9121,10.);
#2472=VECTOR('',#9122,10.);
#2473=VECTOR('',#9125,10.);
#2474=VECTOR('',#9126,10.);
#2475=VECTOR('',#9129,10.);
#2476=VECTOR('',#9130,10.);
#2477=VECTOR('',#9133,10.);
#2478=VECTOR('',#9134,10.);
#2479=VECTOR('',#9137,10.);
#2480=VECTOR('',#9138,10.);
#2481=VECTOR('',#9141,10.);
#2482=VECTOR('',#9142,10.);
#2483=VECTOR('',#9145,10.);
#2484=VECTOR('',#9146,10.);
#2485=VECTOR('',#9149,10.);
#2486=VECTOR('',#9150,10.);
#2487=VECTOR('',#9153,10.);
#2488=VECTOR('',#9154,10.);
#2489=VECTOR('',#9157,10.);
#2490=VECTOR('',#9158,10.);
#2491=VECTOR('',#9161,10.);
#2492=VECTOR('',#9162,10.);
#2493=VECTOR('',#9165,10.);
#2494=VECTOR('',#9168,10.);
#2495=VECTOR('',#9169,10.);
#2496=VECTOR('',#9170,10.);
#2497=VECTOR('',#9171,10.);
#2498=VECTOR('',#9172,10.);
#2499=VECTOR('',#9173,10.);
#2500=VECTOR('',#9174,10.);
#2501=VECTOR('',#9175,10.);
#2502=VECTOR('',#9176,10.);
#2503=VECTOR('',#9177,10.);
#2504=VECTOR('',#9178,10.);
#2505=VECTOR('',#9179,10.);
#2506=VECTOR('',#9180,10.);
#2507=VECTOR('',#9181,10.);
#2508=VECTOR('',#9182,10.);
#2509=VECTOR('',#9183,10.);
#2510=VECTOR('',#9184,10.);
#2511=VECTOR('',#9187,10.);
#2512=VECTOR('',#9190,10.);
#2513=VECTOR('',#9191,10.);
#2514=VECTOR('',#9192,10.);
#2515=VECTOR('',#9195,10.);
#2516=VECTOR('',#9196,10.);
#2517=VECTOR('',#9199,10.);
#2518=VECTOR('',#9200,10.);
#2519=VECTOR('',#9203,10.);
#2520=VECTOR('',#9204,10.);
#2521=VECTOR('',#9207,10.);
#2522=VECTOR('',#9208,10.);
#2523=VECTOR('',#9211,10.);
#2524=VECTOR('',#9212,10.);
#2525=VECTOR('',#9215,10.);
#2526=VECTOR('',#9216,10.);
#2527=VECTOR('',#9219,10.);
#2528=VECTOR('',#9220,10.);
#2529=VECTOR('',#9223,10.);
#2530=VECTOR('',#9224,10.);
#2531=VECTOR('',#9227,10.);
#2532=VECTOR('',#9228,10.);
#2533=VECTOR('',#9231,10.);
#2534=VECTOR('',#9232,10.);
#2535=VECTOR('',#9235,10.);
#2536=VECTOR('',#9236,10.);
#2537=VECTOR('',#9239,10.);
#2538=VECTOR('',#9244,10.);
#2539=VECTOR('',#9245,10.);
#2540=VECTOR('',#9248,10.);
#2541=VECTOR('',#9249,10.);
#2542=VECTOR('',#9252,10.);
#2543=VECTOR('',#9253,10.);
#2544=VECTOR('',#9256,10.);
#2545=VECTOR('',#9257,10.);
#2546=VECTOR('',#9260,10.);
#2547=VECTOR('',#9261,10.);
#2548=VECTOR('',#9264,10.);
#2549=VECTOR('',#9265,10.);
#2550=VECTOR('',#9268,10.);
#2551=VECTOR('',#9269,10.);
#2552=VECTOR('',#9272,10.);
#2553=VECTOR('',#9291,2.5);
#2554=B_SPLINE_CURVE_WITH_KNOTS('',3,(#9309,#9310,#9311,#9312,#9313),
 .UNSPECIFIED.,.F.,.F.,(4,1,4),(0.,0.0226563000578714,0.045423312630033),
 .UNSPECIFIED.);
#2555=B_SPLINE_CURVE_WITH_KNOTS('',3,(#9317,#9318,#9319,#9320,#9321),
 .UNSPECIFIED.,.F.,.F.,(4,1,4),(0.,0.0226563000578714,0.045423312630033),
 .UNSPECIFIED.);
#2556=B_SPLINE_CURVE_WITH_KNOTS('',3,(#9334,#9335,#9336,#9337,#9338),
 .UNSPECIFIED.,.F.,.F.,(4,1,4),(0.,0.022211793703664,0.043786473919775),
 .UNSPECIFIED.);
#2557=B_SPLINE_CURVE_WITH_KNOTS('',3,(#9341,#9342,#9343,#9344,#9345),
 .UNSPECIFIED.,.F.,.F.,(4,1,4),(0.,0.022211793703664,0.043786473919775),
 .UNSPECIFIED.);
#2558=B_SPLINE_CURVE_WITH_KNOTS('',3,(#9357,#9358,#9359,#9360,#9361),
 .UNSPECIFIED.,.F.,.F.,(4,1,4),(0.,0.0330738216099746,0.0590646953950568),
 .UNSPECIFIED.);
#2559=B_SPLINE_CURVE_WITH_KNOTS('',3,(#9364,#9365,#9366,#9367,#9368),
 .UNSPECIFIED.,.F.,.F.,(4,1,4),(0.,0.0330738216099746,0.0590646953950568),
 .UNSPECIFIED.);
#2560=B_SPLINE_CURVE_WITH_KNOTS('',3,(#9380,#9381,#9382,#9383,#9384),
 .UNSPECIFIED.,.F.,.F.,(4,1,4),(0.,0.0264654168027844,0.0615345725757264),
 .UNSPECIFIED.);
#2561=B_SPLINE_CURVE_WITH_KNOTS('',3,(#9387,#9388,#9389,#9390,#9391),
 .UNSPECIFIED.,.F.,.F.,(4,1,4),(0.,0.0264654168027844,0.0615345725757264),
 .UNSPECIFIED.);
#2562=B_SPLINE_CURVE_WITH_KNOTS('',3,(#9403,#9404,#9405,#9406,#9407),
 .UNSPECIFIED.,.F.,.F.,(4,1,4),(0.,0.0223348590288042,0.0446173009954252),
 .UNSPECIFIED.);
#2563=B_SPLINE_CURVE_WITH_KNOTS('',3,(#9410,#9411,#9412,#9413,#9414),
 .UNSPECIFIED.,.F.,.F.,(4,1,4),(0.,0.0223348590288042,0.0446173009954252),
 .UNSPECIFIED.);
#2564=B_SPLINE_CURVE_WITH_KNOTS('',3,(#9426,#9427,#9428,#9429,#9430),
 .UNSPECIFIED.,.F.,.F.,(4,1,4),(0.,0.0225160786505472,0.0447314981959683),
 .UNSPECIFIED.);
#2565=B_SPLINE_CURVE_WITH_KNOTS('',3,(#9433,#9434,#9435,#9436,#9437),
 .UNSPECIFIED.,.F.,.F.,(4,1,4),(0.,0.0225160786505472,0.0447314981959683),
 .UNSPECIFIED.);
#2566=B_SPLINE_CURVE_WITH_KNOTS('',3,(#9449,#9450,#9451,#9452,#9453),
 .UNSPECIFIED.,.F.,.F.,(4,1,4),(0.,0.0339245674967371,0.0602967595196552),
 .UNSPECIFIED.);
#2567=B_SPLINE_CURVE_WITH_KNOTS('',3,(#9456,#9457,#9458,#9459,#9460),
 .UNSPECIFIED.,.F.,.F.,(4,1,4),(0.,0.0339245674967371,0.0602967595196552),
 .UNSPECIFIED.);
#2568=B_SPLINE_CURVE_WITH_KNOTS('',3,(#9471,#9472,#9473,#9474,#9475),
 .UNSPECIFIED.,.F.,.F.,(4,1,4),(0.,0.0263875851599682,0.0599436066759391),
 .UNSPECIFIED.);
#2569=B_SPLINE_CURVE_WITH_KNOTS('',3,(#9476,#9477,#9478,#9479,#9480),
 .UNSPECIFIED.,.F.,.F.,(4,1,4),(0.,0.0263875851599682,0.0599436066759391),
 .UNSPECIFIED.);
#2570=B_SPLINE_CURVE_WITH_KNOTS('',3,(#9493,#9494,#9495,#9496,#9497),
 .UNSPECIFIED.,.F.,.F.,(4,1,4),(0.,0.0637843758427847,0.120240601796743),
 .UNSPECIFIED.);
#2571=B_SPLINE_CURVE_WITH_KNOTS('',3,(#9501,#9502,#9503,#9504,#9505),
 .UNSPECIFIED.,.F.,.F.,(4,1,4),(0.,0.0637843758427847,0.120240601796743),
 .UNSPECIFIED.);
#2572=B_SPLINE_CURVE_WITH_KNOTS('',3,(#9518,#9519,#9520,#9521,#9522),
 .UNSPECIFIED.,.F.,.F.,(4,1,4),(0.,0.0617798642813876,0.132407185787637),
 .UNSPECIFIED.);
#2573=B_SPLINE_CURVE_WITH_KNOTS('',3,(#9525,#9526,#9527,#9528,#9529),
 .UNSPECIFIED.,.F.,.F.,(4,1,4),(0.,0.0617798642813876,0.132407185787637),
 .UNSPECIFIED.);
#2574=B_SPLINE_CURVE_WITH_KNOTS('',3,(#9541,#9542,#9543,#9544,#9545),
 .UNSPECIFIED.,.F.,.F.,(4,1,4),(0.,0.0618137521384047,0.120815491738369),
 .UNSPECIFIED.);
#2575=B_SPLINE_CURVE_WITH_KNOTS('',3,(#9548,#9549,#9550,#9551,#9552),
 .UNSPECIFIED.,.F.,.F.,(4,1,4),(0.,0.0618137521384047,0.120815491738369),
 .UNSPECIFIED.);
#2576=B_SPLINE_CURVE_WITH_KNOTS('',3,(#9564,#9565,#9566,#9567,#9568),
 .UNSPECIFIED.,.F.,.F.,(4,1,4),(0.,0.0526907804103594,0.108189774448348),
 .UNSPECIFIED.);
#2577=B_SPLINE_CURVE_WITH_KNOTS('',3,(#9571,#9572,#9573,#9574,#9575),
 .UNSPECIFIED.,.F.,.F.,(4,1,4),(0.,0.0526907804103594,0.108189774448348),
 .UNSPECIFIED.);
#2578=B_SPLINE_CURVE_WITH_KNOTS('',3,(#9587,#9588,#9589,#9590,#9591),
 .UNSPECIFIED.,.F.,.F.,(4,1,4),(0.,0.077433584437423,0.14429915509472),
 .UNSPECIFIED.);
#2579=B_SPLINE_CURVE_WITH_KNOTS('',3,(#9594,#9595,#9596,#9597,#9598),
 .UNSPECIFIED.,.F.,.F.,(4,1,4),(0.,0.077433584437423,0.14429915509472),
 .UNSPECIFIED.);
#2580=B_SPLINE_CURVE_WITH_KNOTS('',3,(#9610,#9611,#9612,#9613,#9614),
 .UNSPECIFIED.,.F.,.F.,(4,1,4),(0.,0.0616826057919979,0.13080358329238),
 .UNSPECIFIED.);
#2581=B_SPLINE_CURVE_WITH_KNOTS('',3,(#9617,#9618,#9619,#9620,#9621),
 .UNSPECIFIED.,.F.,.F.,(4,1,4),(0.,0.0616826057919979,0.13080358329238),
 .UNSPECIFIED.);
#2582=B_SPLINE_CURVE_WITH_KNOTS('',3,(#9633,#9634,#9635,#9636,#9637),
 .UNSPECIFIED.,.F.,.F.,(4,1,4),(0.,0.0614966968994671,0.120728251754649),
 .UNSPECIFIED.);
#2583=B_SPLINE_CURVE_WITH_KNOTS('',3,(#9640,#9641,#9642,#9643,#9644),
 .UNSPECIFIED.,.F.,.F.,(4,1,4),(0.,0.0614966968994671,0.120728251754649),
 .UNSPECIFIED.);
#2584=B_SPLINE_CURVE_WITH_KNOTS('',3,(#9655,#9656,#9657,#9658,#9659),
 .UNSPECIFIED.,.F.,.F.,(4,1,4),(0.,0.0644334755983877,0.130172117479862),
 .UNSPECIFIED.);
#2585=B_SPLINE_CURVE_WITH_KNOTS('',3,(#9660,#9661,#9662,#9663,#9664),
 .UNSPECIFIED.,.F.,.F.,(4,1,4),(0.,0.0644334755983877,0.130172117479862),
 .UNSPECIFIED.);
#2586=B_SPLINE_CURVE_WITH_KNOTS('',3,(#9692,#9693,#9694,#9695,#9696),
 .UNSPECIFIED.,.F.,.F.,(4,1,4),(0.,0.0233336488876951,0.0569727911108794),
 .UNSPECIFIED.);
#2587=B_SPLINE_CURVE_WITH_KNOTS('',3,(#9699,#9700,#9701,#9702,#9703),
 .UNSPECIFIED.,.F.,.F.,(4,1,4),(0.,0.0233336488876951,0.0569727911108794),
 .UNSPECIFIED.);
#2588=B_SPLINE_CURVE_WITH_KNOTS('',3,(#9715,#9716,#9717,#9718,#9719),
 .UNSPECIFIED.,.F.,.F.,(4,1,4),(0.,0.0186758151419161,0.0371270473691591),
 .UNSPECIFIED.);
#2589=B_SPLINE_CURVE_WITH_KNOTS('',3,(#9722,#9723,#9724,#9725,#9726),
 .UNSPECIFIED.,.F.,.F.,(4,1,4),(0.,0.0186758151419161,0.0371270473691591),
 .UNSPECIFIED.);
#2590=B_SPLINE_CURVE_WITH_KNOTS('',3,(#9738,#9739,#9740,#9741,#9742),
 .UNSPECIFIED.,.F.,.F.,(4,1,4),(0.,0.0148171970548918,0.0312967914855827),
 .UNSPECIFIED.);
#2591=B_SPLINE_CURVE_WITH_KNOTS('',3,(#9745,#9746,#9747,#9748,#9749),
 .UNSPECIFIED.,.F.,.F.,(4,1,4),(0.,0.0148171970548918,0.0312967914855827),
 .UNSPECIFIED.);
#2592=B_SPLINE_CURVE_WITH_KNOTS('',3,(#9761,#9762,#9763,#9764,#9765),
 .UNSPECIFIED.,.F.,.F.,(4,1,4),(0.,0.0234309866020685,0.0405144053627642),
 .UNSPECIFIED.);
#2593=B_SPLINE_CURVE_WITH_KNOTS('',3,(#9768,#9769,#9770,#9771,#9772),
 .UNSPECIFIED.,.F.,.F.,(4,1,4),(0.,0.0234309866020685,0.0405144053627642),
 .UNSPECIFIED.);
#2594=B_SPLINE_CURVE_WITH_KNOTS('',3,(#9802,#9803,#9804,#9805,#9806),
 .UNSPECIFIED.,.F.,.F.,(4,1,4),(0.,0.0399912283496604,0.0902446924578147),
 .UNSPECIFIED.);
#2595=B_SPLINE_CURVE_WITH_KNOTS('',3,(#9809,#9810,#9811,#9812,#9813),
 .UNSPECIFIED.,.F.,.F.,(4,1,4),(0.,0.0399912283496604,0.0902446924578147),
 .UNSPECIFIED.);
#2596=B_SPLINE_CURVE_WITH_KNOTS('',3,(#9825,#9826,#9827,#9828,#9829),
 .UNSPECIFIED.,.F.,.F.,(4,1,4),(0.,0.0416661898144081,0.07892703989719),
 .UNSPECIFIED.);
#2597=B_SPLINE_CURVE_WITH_KNOTS('',3,(#9832,#9833,#9834,#9835,#9836),
 .UNSPECIFIED.,.F.,.F.,(4,1,4),(0.,0.0416661898144081,0.07892703989719),
 .UNSPECIFIED.);
#2598=B_SPLINE_CURVE_WITH_KNOTS('',3,(#9848,#9849,#9850,#9851,#9852),
 .UNSPECIFIED.,.F.,.F.,(4,1,4),(0.,0.0279280648314103,0.0595946964829811),
 .UNSPECIFIED.);
#2599=B_SPLINE_CURVE_WITH_KNOTS('',3,(#9855,#9856,#9857,#9858,#9859),
 .UNSPECIFIED.,.F.,.F.,(4,1,4),(0.,0.0279280648314103,0.0595946964829811),
 .UNSPECIFIED.);
#2600=B_SPLINE_CURVE_WITH_KNOTS('',3,(#9871,#9872,#9873,#9874,#9875),
 .UNSPECIFIED.,.F.,.F.,(4,1,4),(0.,0.034044639749753,0.0628659531157887),
 .UNSPECIFIED.);
#2601=B_SPLINE_CURVE_WITH_KNOTS('',3,(#9878,#9879,#9880,#9881,#9882),
 .UNSPECIFIED.,.F.,.F.,(4,1,4),(0.,0.034044639749753,0.0628659531157887),
 .UNSPECIFIED.);
#2602=B_SPLINE_CURVE_WITH_KNOTS('',3,(#9911,#9912,#9913,#9914,#9915),
 .UNSPECIFIED.,.F.,.F.,(4,1,4),(0.,0.0157251051568117,0.034591906823027),
 .UNSPECIFIED.);
#2603=B_SPLINE_CURVE_WITH_KNOTS('',3,(#9919,#9920,#9921,#9922,#9923),
 .UNSPECIFIED.,.F.,.F.,(4,1,4),(0.,0.0157251051568117,0.034591906823027),
 .UNSPECIFIED.);
#2604=B_SPLINE_CURVE_WITH_KNOTS('',3,(#9936,#9937,#9938,#9939,#9940),
 .UNSPECIFIED.,.F.,.F.,(4,1,4),(0.,0.0169112276186609,0.0318907948416209),
 .UNSPECIFIED.);
#2605=B_SPLINE_CURVE_WITH_KNOTS('',3,(#9943,#9944,#9945,#9946,#9947),
 .UNSPECIFIED.,.F.,.F.,(4,1,4),(0.,0.0169112276186609,0.0318907948416209),
 .UNSPECIFIED.);
#2606=B_SPLINE_CURVE_WITH_KNOTS('',3,(#9959,#9960,#9961,#9962,#9963),
 .UNSPECIFIED.,.F.,.F.,(4,1,4),(0.,0.0180468888340841,0.0359768994307651),
 .UNSPECIFIED.);
#2607=B_SPLINE_CURVE_WITH_KNOTS('',3,(#9966,#9967,#9968,#9969,#9970),
 .UNSPECIFIED.,.F.,.F.,(4,1,4),(0.,0.0180468888340841,0.0359768994307651),
 .UNSPECIFIED.);
#2608=B_SPLINE_CURVE_WITH_KNOTS('',3,(#9982,#9983,#9984,#9985,#9986),
 .UNSPECIFIED.,.F.,.F.,(4,1,4),(0.,0.0128996337555422,0.0286244878323202),
 .UNSPECIFIED.);
#2609=B_SPLINE_CURVE_WITH_KNOTS('',3,(#9989,#9990,#9991,#9992,#9993),
 .UNSPECIFIED.,.F.,.F.,(4,1,4),(0.,0.0128996337555422,0.0286244878323202),
 .UNSPECIFIED.);
#2610=B_SPLINE_CURVE_WITH_KNOTS('',3,(#10005,#10006,#10007,#10008,#10009),
 .UNSPECIFIED.,.F.,.F.,(4,1,4),(0.,0.0121205041525733,0.023848469759685),
 .UNSPECIFIED.);
#2611=B_SPLINE_CURVE_WITH_KNOTS('',3,(#10012,#10013,#10014,#10015,#10016),
 .UNSPECIFIED.,.F.,.F.,(4,1,4),(0.,0.0121205041525733,0.023848469759685),
 .UNSPECIFIED.);
#2612=B_SPLINE_CURVE_WITH_KNOTS('',3,(#10028,#10029,#10030,#10031,#10032),
 .UNSPECIFIED.,.F.,.F.,(4,1,4),(0.,0.0118706722290533,0.0229617300687459),
 .UNSPECIFIED.);
#2613=B_SPLINE_CURVE_WITH_KNOTS('',3,(#10035,#10036,#10037,#10038,#10039),
 .UNSPECIFIED.,.F.,.F.,(4,1,4),(0.,0.0118706722290533,0.0229617300687459),
 .UNSPECIFIED.);
#2614=B_SPLINE_CURVE_WITH_KNOTS('',3,(#10051,#10052,#10053,#10054,#10055),
 .UNSPECIFIED.,.F.,.F.,(4,1,4),(0.,0.0290353021118983,0.046608641752402),
 .UNSPECIFIED.);
#2615=B_SPLINE_CURVE_WITH_KNOTS('',3,(#10058,#10059,#10060,#10061,#10062),
 .UNSPECIFIED.,.F.,.F.,(4,1,4),(0.,0.0290353021118983,0.046608641752402),
 .UNSPECIFIED.);
#2616=B_SPLINE_CURVE_WITH_KNOTS('',3,(#10074,#10075,#10076,#10077,#10078),
 .UNSPECIFIED.,.F.,.F.,(4,1,4),(0.,0.0246339525101109,0.0499050363139795),
 .UNSPECIFIED.);
#2617=B_SPLINE_CURVE_WITH_KNOTS('',3,(#10081,#10082,#10083,#10084,#10085),
 .UNSPECIFIED.,.F.,.F.,(4,1,4),(0.,0.0246339525101109,0.0499050363139795),
 .UNSPECIFIED.);
#2618=B_SPLINE_CURVE_WITH_KNOTS('',3,(#10101,#10102,#10103,#10104,#10105),
 .UNSPECIFIED.,.F.,.F.,(4,1,4),(0.,0.0239738617459844,0.0422410767684248),
 .UNSPECIFIED.);
#2619=B_SPLINE_CURVE_WITH_KNOTS('',3,(#10109,#10110,#10111,#10112,#10113),
 .UNSPECIFIED.,.F.,.F.,(4,1,4),(0.,0.0239738617459844,0.0422410767684248),
 .UNSPECIFIED.);
#2620=B_SPLINE_CURVE_WITH_KNOTS('',3,(#10126,#10127,#10128,#10129,#10130),
 .UNSPECIFIED.,.F.,.F.,(4,1,4),(0.,0.0131813232622253,0.0313732063567744),
 .UNSPECIFIED.);
#2621=B_SPLINE_CURVE_WITH_KNOTS('',3,(#10133,#10134,#10135,#10136,#10137),
 .UNSPECIFIED.,.F.,.F.,(4,1,4),(0.,0.0131813232622253,0.0313732063567744),
 .UNSPECIFIED.);
#2622=B_SPLINE_CURVE_WITH_KNOTS('',3,(#10149,#10150,#10151,#10152,#10153),
 .UNSPECIFIED.,.F.,.F.,(4,1,4),(0.,0.017522328944846,0.0304421565520945),
 .UNSPECIFIED.);
#2623=B_SPLINE_CURVE_WITH_KNOTS('',3,(#10156,#10157,#10158,#10159,#10160),
 .UNSPECIFIED.,.F.,.F.,(4,1,4),(0.,0.017522328944846,0.0304421565520945),
 .UNSPECIFIED.);
#2624=B_SPLINE_CURVE_WITH_KNOTS('',3,(#10172,#10173,#10174,#10175,#10176),
 .UNSPECIFIED.,.F.,.F.,(4,1,4),(0.,0.0199703158335983,0.0414749907312111),
 .UNSPECIFIED.);
#2625=B_SPLINE_CURVE_WITH_KNOTS('',3,(#10179,#10180,#10181,#10182,#10183),
 .UNSPECIFIED.,.F.,.F.,(4,1,4),(0.,0.0199703158335983,0.0414749907312111),
 .UNSPECIFIED.);
#2626=B_SPLINE_CURVE_WITH_KNOTS('',3,(#10195,#10196,#10197,#10198,#10199),
 .UNSPECIFIED.,.F.,.F.,(4,1,4),(0.,0.0525953403736898,0.0829322215481829),
 .UNSPECIFIED.);
#2627=B_SPLINE_CURVE_WITH_KNOTS('',3,(#10202,#10203,#10204,#10205,#10206),
 .UNSPECIFIED.,.F.,.F.,(4,1,4),(0.,0.0525953403736898,0.0829322215481829),
 .UNSPECIFIED.);
#2628=B_SPLINE_CURVE_WITH_KNOTS('',3,(#10218,#10219,#10220,#10221,#10222),
 .UNSPECIFIED.,.F.,.F.,(4,1,4),(0.,0.0332216879865291,0.0790615593587002),
 .UNSPECIFIED.);
#2629=B_SPLINE_CURVE_WITH_KNOTS('',3,(#10225,#10226,#10227,#10228,#10229),
 .UNSPECIFIED.,.F.,.F.,(4,1,4),(0.,0.0332216879865291,0.0790615593587002),
 .UNSPECIFIED.);
#2630=B_SPLINE_CURVE_WITH_KNOTS('',3,(#10241,#10242,#10243,#10244,#10245),
 .UNSPECIFIED.,.F.,.F.,(4,1,4),(0.,0.0304692585751277,0.0587091214213141),
 .UNSPECIFIED.);
#2631=B_SPLINE_CURVE_WITH_KNOTS('',3,(#10248,#10249,#10250,#10251,#10252),
 .UNSPECIFIED.,.F.,.F.,(4,1,4),(0.,0.0304692585751277,0.0587091214213141),
 .UNSPECIFIED.);
#2632=B_SPLINE_CURVE_WITH_KNOTS('',3,(#10264,#10265,#10266,#10267,#10268),
 .UNSPECIFIED.,.F.,.F.,(4,1,4),(0.,0.0335401305114964,0.066630563782821),
 .UNSPECIFIED.);
#2633=B_SPLINE_CURVE_WITH_KNOTS('',3,(#10271,#10272,#10273,#10274,#10275),
 .UNSPECIFIED.,.F.,.F.,(4,1,4),(0.,0.0335401305114964,0.066630563782821),
 .UNSPECIFIED.);
#2634=B_SPLINE_CURVE_WITH_KNOTS('',3,(#10287,#10288,#10289,#10290,#10291),
 .UNSPECIFIED.,.F.,.F.,(4,1,4),(0.,0.0459935727652055,0.0836903824410916),
 .UNSPECIFIED.);
#2635=B_SPLINE_CURVE_WITH_KNOTS('',3,(#10294,#10295,#10296,#10297,#10298),
 .UNSPECIFIED.,.F.,.F.,(4,1,4),(0.,0.0459935727652055,0.0836903824410916),
 .UNSPECIFIED.);
#2636=B_SPLINE_CURVE_WITH_KNOTS('',3,(#10310,#10311,#10312,#10313,#10314),
 .UNSPECIFIED.,.F.,.F.,(4,1,4),(0.,0.0331036597134777,0.0698565664330243),
 .UNSPECIFIED.);
#2637=B_SPLINE_CURVE_WITH_KNOTS('',3,(#10317,#10318,#10319,#10320,#10321),
 .UNSPECIFIED.,.F.,.F.,(4,1,4),(0.,0.0331036597134777,0.0698565664330243),
 .UNSPECIFIED.);
#2638=B_SPLINE_CURVE_WITH_KNOTS('',3,(#10333,#10334,#10335,#10336,#10337),
 .UNSPECIFIED.,.F.,.F.,(4,1,4),(0.,0.028245199700663,0.0529779990170832),
 .UNSPECIFIED.);
#2639=B_SPLINE_CURVE_WITH_KNOTS('',3,(#10340,#10341,#10342,#10343,#10344),
 .UNSPECIFIED.,.F.,.F.,(4,1,4),(0.,0.028245199700663,0.0529779990170832),
 .UNSPECIFIED.);
#2640=B_SPLINE_CURVE_WITH_KNOTS('',3,(#10356,#10357,#10358,#10359,#10360),
 .UNSPECIFIED.,.F.,.F.,(4,1,4),(0.,0.00777576724616753,0.0188220353794477),
 .UNSPECIFIED.);
#2641=B_SPLINE_CURVE_WITH_KNOTS('',3,(#10363,#10364,#10365,#10366,#10367),
 .UNSPECIFIED.,.F.,.F.,(4,1,4),(0.,0.00777576724616753,0.0188220353794477),
 .UNSPECIFIED.);
#2642=B_SPLINE_CURVE_WITH_KNOTS('',3,(#10379,#10380,#10381,#10382,#10383),
 .UNSPECIFIED.,.F.,.F.,(4,1,4),(0.,0.0111369377900723,0.0189341978133386),
 .UNSPECIFIED.);
#2643=B_SPLINE_CURVE_WITH_KNOTS('',3,(#10386,#10387,#10388,#10389,#10390),
 .UNSPECIFIED.,.F.,.F.,(4,1,4),(0.,0.0111369377900723,0.0189341978133386),
 .UNSPECIFIED.);
#2644=B_SPLINE_CURVE_WITH_KNOTS('',3,(#10408,#10409,#10410,#10411,#10412),
 .UNSPECIFIED.,.F.,.F.,(4,1,4),(0.,0.0138292993859638,0.0317433878761319),
 .UNSPECIFIED.);
#2645=B_SPLINE_CURVE_WITH_KNOTS('',3,(#10415,#10416,#10417,#10418,#10419),
 .UNSPECIFIED.,.F.,.F.,(4,1,4),(0.,0.0138292993859638,0.0317433878761319),
 .UNSPECIFIED.);
#2646=B_SPLINE_CURVE_WITH_KNOTS('',3,(#10431,#10432,#10433,#10434,#10435),
 .UNSPECIFIED.,.F.,.F.,(4,1,4),(0.,0.0182584520065583,0.0322076643165841),
 .UNSPECIFIED.);
#2647=B_SPLINE_CURVE_WITH_KNOTS('',3,(#10438,#10439,#10440,#10441,#10442),
 .UNSPECIFIED.,.F.,.F.,(4,1,4),(0.,0.0182584520065583,0.0322076643165841),
 .UNSPECIFIED.);
#2648=B_SPLINE_CURVE_WITH_KNOTS('',3,(#10460,#10461,#10462,#10463,#10464),
 .UNSPECIFIED.,.F.,.F.,(4,1,4),(0.,0.0228392154099561,0.0439142925153519),
 .UNSPECIFIED.);
#2649=B_SPLINE_CURVE_WITH_KNOTS('',3,(#10467,#10468,#10469,#10470,#10471),
 .UNSPECIFIED.,.F.,.F.,(4,1,4),(0.,0.0228392154099561,0.0439142925153519),
 .UNSPECIFIED.);
#2650=B_SPLINE_CURVE_WITH_KNOTS('',3,(#10483,#10484,#10485,#10486,#10487),
 .UNSPECIFIED.,.F.,.F.,(4,1,4),(0.,0.0195216146046392,0.0417006643961355),
 .UNSPECIFIED.);
#2651=B_SPLINE_CURVE_WITH_KNOTS('',3,(#10490,#10491,#10492,#10493,#10494),
 .UNSPECIFIED.,.F.,.F.,(4,1,4),(0.,0.0195216146046392,0.0417006643961355),
 .UNSPECIFIED.);
#2652=B_SPLINE_CURVE_WITH_KNOTS('',3,(#10506,#10507,#10508,#10509,#10510),
 .UNSPECIFIED.,.F.,.F.,(4,1,4),(0.,0.0290724882896022,0.0561291280415129),
 .UNSPECIFIED.);
#2653=B_SPLINE_CURVE_WITH_KNOTS('',3,(#10513,#10514,#10515,#10516,#10517),
 .UNSPECIFIED.,.F.,.F.,(4,1,4),(0.,0.0290724882896022,0.0561291280415129),
 .UNSPECIFIED.);
#2654=B_SPLINE_CURVE_WITH_KNOTS('',3,(#10529,#10530,#10531,#10532,#10533),
 .UNSPECIFIED.,.F.,.F.,(4,1,4),(0.,0.0450422917474791,0.080489144244385),
 .UNSPECIFIED.);
#2655=B_SPLINE_CURVE_WITH_KNOTS('',3,(#10536,#10537,#10538,#10539,#10540),
 .UNSPECIFIED.,.F.,.F.,(4,1,4),(0.,0.0450422917474791,0.080489144244385),
 .UNSPECIFIED.);
#2656=B_SPLINE_CURVE_WITH_KNOTS('',3,(#10552,#10553,#10554,#10555,#10556),
 .UNSPECIFIED.,.F.,.F.,(4,1,4),(0.,0.028047424829502,0.0580833791241858),
 .UNSPECIFIED.);
#2657=B_SPLINE_CURVE_WITH_KNOTS('',3,(#10559,#10560,#10561,#10562,#10563),
 .UNSPECIFIED.,.F.,.F.,(4,1,4),(0.,0.028047424829502,0.0580833791241858),
 .UNSPECIFIED.);
#2658=B_SPLINE_CURVE_WITH_KNOTS('',3,(#10575,#10576,#10577,#10578,#10579),
 .UNSPECIFIED.,.F.,.F.,(4,1,4),(0.,0.0196348693995845,0.0441558692878914),
 .UNSPECIFIED.);
#2659=B_SPLINE_CURVE_WITH_KNOTS('',3,(#10582,#10583,#10584,#10585,#10586),
 .UNSPECIFIED.,.F.,.F.,(4,1,4),(0.,0.0196348693995845,0.0441558692878914),
 .UNSPECIFIED.);
#2660=B_SPLINE_CURVE_WITH_KNOTS('',3,(#10598,#10599,#10600,#10601,#10602),
 .UNSPECIFIED.,.F.,.F.,(4,1,4),(0.,0.020321013271639,0.0430530300224015),
 .UNSPECIFIED.);
#2661=B_SPLINE_CURVE_WITH_KNOTS('',3,(#10605,#10606,#10607,#10608,#10609),
 .UNSPECIFIED.,.F.,.F.,(4,1,4),(0.,0.020321013271639,0.0430530300224015),
 .UNSPECIFIED.);
#2662=B_SPLINE_CURVE_WITH_KNOTS('',3,(#10621,#10622,#10623,#10624,#10625),
 .UNSPECIFIED.,.F.,.F.,(4,1,4),(0.,0.0259223964641375,0.0473273269407704),
 .UNSPECIFIED.);
#2663=B_SPLINE_CURVE_WITH_KNOTS('',3,(#10628,#10629,#10630,#10631,#10632),
 .UNSPECIFIED.,.F.,.F.,(4,1,4),(0.,0.0259223964641375,0.0473273269407704),
 .UNSPECIFIED.);
#2664=B_SPLINE_CURVE_WITH_KNOTS('',3,(#10649,#10650,#10651,#10652,#10653),
 .UNSPECIFIED.,.F.,.F.,(4,1,4),(0.,0.0137473984083359,0.0312908487595344),
 .UNSPECIFIED.);
#2665=B_SPLINE_CURVE_WITH_KNOTS('',3,(#10654,#10655,#10656,#10657,#10658),
 .UNSPECIFIED.,.F.,.F.,(4,1,4),(0.,0.0137473984083359,0.0312908487595344),
 .UNSPECIFIED.);
#2666=B_SPLINE_CURVE_WITH_KNOTS('',3,(#10672,#10673,#10674,#10675,#10676),
 .UNSPECIFIED.,.F.,.F.,(4,1,4),(0.,0.0157251051568117,0.034591906823027),
 .UNSPECIFIED.);
#2667=B_SPLINE_CURVE_WITH_KNOTS('',3,(#10680,#10681,#10682,#10683,#10684),
 .UNSPECIFIED.,.F.,.F.,(4,1,4),(0.,0.0157251051568117,0.034591906823027),
 .UNSPECIFIED.);
#2668=B_SPLINE_CURVE_WITH_KNOTS('',3,(#10697,#10698,#10699,#10700,#10701),
 .UNSPECIFIED.,.F.,.F.,(4,1,4),(0.,0.0169110352799222,0.0318904591923065),
 .UNSPECIFIED.);
#2669=B_SPLINE_CURVE_WITH_KNOTS('',3,(#10704,#10705,#10706,#10707,#10708),
 .UNSPECIFIED.,.F.,.F.,(4,1,4),(0.,0.0169110352799222,0.0318904591923065),
 .UNSPECIFIED.);
#2670=B_SPLINE_CURVE_WITH_KNOTS('',3,(#10720,#10721,#10722,#10723,#10724),
 .UNSPECIFIED.,.F.,.F.,(4,1,4),(0.,0.0180466522774741,0.0359771045985656),
 .UNSPECIFIED.);
#2671=B_SPLINE_CURVE_WITH_KNOTS('',3,(#10727,#10728,#10729,#10730,#10731),
 .UNSPECIFIED.,.F.,.F.,(4,1,4),(0.,0.0180466522774741,0.0359771045985656),
 .UNSPECIFIED.);
#2672=B_SPLINE_CURVE_WITH_KNOTS('',3,(#10743,#10744,#10745,#10746,#10747),
 .UNSPECIFIED.,.F.,.F.,(4,1,4),(0.,0.0128996337555422,0.0286247241549588),
 .UNSPECIFIED.);
#2673=B_SPLINE_CURVE_WITH_KNOTS('',3,(#10750,#10751,#10752,#10753,#10754),
 .UNSPECIFIED.,.F.,.F.,(4,1,4),(0.,0.0128996337555422,0.0286247241549588),
 .UNSPECIFIED.);
#2674=B_SPLINE_CURVE_WITH_KNOTS('',3,(#10766,#10767,#10768,#10769,#10770),
 .UNSPECIFIED.,.F.,.F.,(4,1,4),(0.,0.0121205041525733,0.023848469759685),
 .UNSPECIFIED.);
#2675=B_SPLINE_CURVE_WITH_KNOTS('',3,(#10773,#10774,#10775,#10776,#10777),
 .UNSPECIFIED.,.F.,.F.,(4,1,4),(0.,0.0121205041525733,0.023848469759685),
 .UNSPECIFIED.);
#2676=B_SPLINE_CURVE_WITH_KNOTS('',3,(#10789,#10790,#10791,#10792,#10793),
 .UNSPECIFIED.,.F.,.F.,(4,1,4),(0.,0.0118706722290533,0.0229617300687459),
 .UNSPECIFIED.);
#2677=B_SPLINE_CURVE_WITH_KNOTS('',3,(#10796,#10797,#10798,#10799,#10800),
 .UNSPECIFIED.,.F.,.F.,(4,1,4),(0.,0.0118706722290533,0.0229617300687459),
 .UNSPECIFIED.);
#2678=B_SPLINE_CURVE_WITH_KNOTS('',3,(#10812,#10813,#10814,#10815,#10816),
 .UNSPECIFIED.,.F.,.F.,(4,1,4),(0.,0.0290353021118983,0.046608641752402),
 .UNSPECIFIED.);
#2679=B_SPLINE_CURVE_WITH_KNOTS('',3,(#10819,#10820,#10821,#10822,#10823),
 .UNSPECIFIED.,.F.,.F.,(4,1,4),(0.,0.0290353021118983,0.046608641752402),
 .UNSPECIFIED.);
#2680=B_SPLINE_CURVE_WITH_KNOTS('',3,(#10835,#10836,#10837,#10838,#10839),
 .UNSPECIFIED.,.F.,.F.,(4,1,4),(0.,0.0246339525101109,0.0499050363139795),
 .UNSPECIFIED.);
#2681=B_SPLINE_CURVE_WITH_KNOTS('',3,(#10842,#10843,#10844,#10845,#10846),
 .UNSPECIFIED.,.F.,.F.,(4,1,4),(0.,0.0246339525101109,0.0499050363139795),
 .UNSPECIFIED.);
#2682=B_SPLINE_CURVE_WITH_KNOTS('',3,(#10862,#10863,#10864,#10865,#10866),
 .UNSPECIFIED.,.F.,.F.,(4,1,4),(0.,0.0239740991742672,0.0422415367695533),
 .UNSPECIFIED.);
#2683=B_SPLINE_CURVE_WITH_KNOTS('',3,(#10870,#10871,#10872,#10873,#10874),
 .UNSPECIFIED.,.F.,.F.,(4,1,4),(0.,0.0239740991742672,0.0422415367695533),
 .UNSPECIFIED.);
#2684=B_SPLINE_CURVE_WITH_KNOTS('',3,(#10887,#10888,#10889,#10890,#10891),
 .UNSPECIFIED.,.F.,.F.,(4,1,4),(0.,0.0131813232622253,0.0313732063567744),
 .UNSPECIFIED.);
#2685=B_SPLINE_CURVE_WITH_KNOTS('',3,(#10894,#10895,#10896,#10897,#10898),
 .UNSPECIFIED.,.F.,.F.,(4,1,4),(0.,0.0131813232622253,0.0313732063567744),
 .UNSPECIFIED.);
#2686=B_SPLINE_CURVE_WITH_KNOTS('',3,(#10910,#10911,#10912,#10913,#10914),
 .UNSPECIFIED.,.F.,.F.,(4,1,4),(0.,0.0175222714016836,0.0304420990089322),
 .UNSPECIFIED.);
#2687=B_SPLINE_CURVE_WITH_KNOTS('',3,(#10917,#10918,#10919,#10920,#10921),
 .UNSPECIFIED.,.F.,.F.,(4,1,4),(0.,0.0175222714016836,0.0304420990089322),
 .UNSPECIFIED.);
#2688=B_SPLINE_CURVE_WITH_KNOTS('',3,(#10933,#10934,#10935,#10936,#10937),
 .UNSPECIFIED.,.F.,.F.,(4,1,4),(0.,0.0199698597845829,0.0414747585359392),
 .UNSPECIFIED.);
#2689=B_SPLINE_CURVE_WITH_KNOTS('',3,(#10940,#10941,#10942,#10943,#10944),
 .UNSPECIFIED.,.F.,.F.,(4,1,4),(0.,0.0199698597845829,0.0414747585359392),
 .UNSPECIFIED.);
#2690=B_SPLINE_CURVE_WITH_KNOTS('',3,(#10956,#10957,#10958,#10959,#10960),
 .UNSPECIFIED.,.F.,.F.,(4,1,4),(0.,0.0525955738295653,0.0829324550040585),
 .UNSPECIFIED.);
#2691=B_SPLINE_CURVE_WITH_KNOTS('',3,(#10963,#10964,#10965,#10966,#10967),
 .UNSPECIFIED.,.F.,.F.,(4,1,4),(0.,0.0525955738295653,0.0829324550040585),
 .UNSPECIFIED.);
#2692=B_SPLINE_CURVE_WITH_KNOTS('',3,(#10979,#10980,#10981,#10982,#10983),
 .UNSPECIFIED.,.F.,.F.,(4,1,4),(0.,0.0332216879865291,0.0790615593587002),
 .UNSPECIFIED.);
#2693=B_SPLINE_CURVE_WITH_KNOTS('',3,(#10986,#10987,#10988,#10989,#10990),
 .UNSPECIFIED.,.F.,.F.,(4,1,4),(0.,0.0332216879865291,0.0790615593587002),
 .UNSPECIFIED.);
#2694=B_SPLINE_CURVE_WITH_KNOTS('',3,(#11002,#11003,#11004,#11005,#11006),
 .UNSPECIFIED.,.F.,.F.,(4,1,4),(0.,0.0304692585751277,0.0587091214213141),
 .UNSPECIFIED.);
#2695=B_SPLINE_CURVE_WITH_KNOTS('',3,(#11009,#11010,#11011,#11012,#11013),
 .UNSPECIFIED.,.F.,.F.,(4,1,4),(0.,0.0304692585751277,0.0587091214213141),
 .UNSPECIFIED.);
#2696=B_SPLINE_CURVE_WITH_KNOTS('',3,(#11025,#11026,#11027,#11028,#11029),
 .UNSPECIFIED.,.F.,.F.,(4,1,4),(0.,0.0335404170786266,0.0666308019391623),
 .UNSPECIFIED.);
#2697=B_SPLINE_CURVE_WITH_KNOTS('',3,(#11032,#11033,#11034,#11035,#11036),
 .UNSPECIFIED.,.F.,.F.,(4,1,4),(0.,0.0335404170786266,0.0666308019391623),
 .UNSPECIFIED.);
#2698=B_SPLINE_CURVE_WITH_KNOTS('',3,(#11048,#11049,#11050,#11051,#11052),
 .UNSPECIFIED.,.F.,.F.,(4,1,4),(0.,0.0459938091445291,0.0836906188204152),
 .UNSPECIFIED.);
#2699=B_SPLINE_CURVE_WITH_KNOTS('',3,(#11055,#11056,#11057,#11058,#11059),
 .UNSPECIFIED.,.F.,.F.,(4,1,4),(0.,0.0459938091445291,0.0836906188204152),
 .UNSPECIFIED.);
#2700=B_SPLINE_CURVE_WITH_KNOTS('',3,(#11071,#11072,#11073,#11074,#11075),
 .UNSPECIFIED.,.F.,.F.,(4,1,4),(0.,0.0331036597134777,0.0698565664330243),
 .UNSPECIFIED.);
#2701=B_SPLINE_CURVE_WITH_KNOTS('',3,(#11078,#11079,#11080,#11081,#11082),
 .UNSPECIFIED.,.F.,.F.,(4,1,4),(0.,0.0331036597134777,0.0698565664330243),
 .UNSPECIFIED.);
#2702=B_SPLINE_CURVE_WITH_KNOTS('',3,(#11094,#11095,#11096,#11097,#11098),
 .UNSPECIFIED.,.F.,.F.,(4,1,4),(0.,0.028245199700663,0.0529775821247406),
 .UNSPECIFIED.);
#2703=B_SPLINE_CURVE_WITH_KNOTS('',3,(#11101,#11102,#11103,#11104,#11105),
 .UNSPECIFIED.,.F.,.F.,(4,1,4),(0.,0.028245199700663,0.0529775821247406),
 .UNSPECIFIED.);
#2704=B_SPLINE_CURVE_WITH_KNOTS('',3,(#11117,#11118,#11119,#11120,#11121),
 .UNSPECIFIED.,.F.,.F.,(4,1,4),(0.,0.00777576724616753,0.0188220766009129),
 .UNSPECIFIED.);
#2705=B_SPLINE_CURVE_WITH_KNOTS('',3,(#11124,#11125,#11126,#11127,#11128),
 .UNSPECIFIED.,.F.,.F.,(4,1,4),(0.,0.00777576724616753,0.0188220766009129),
 .UNSPECIFIED.);
#2706=B_SPLINE_CURVE_WITH_KNOTS('',3,(#11140,#11141,#11142,#11143,#11144),
 .UNSPECIFIED.,.F.,.F.,(4,1,4),(0.,0.0111369377900723,0.0189341060403841),
 .UNSPECIFIED.);
#2707=B_SPLINE_CURVE_WITH_KNOTS('',3,(#11147,#11148,#11149,#11150,#11151),
 .UNSPECIFIED.,.F.,.F.,(4,1,4),(0.,0.0111369377900723,0.0189341060403841),
 .UNSPECIFIED.);
#2708=B_SPLINE_CURVE_WITH_KNOTS('',3,(#11169,#11170,#11171,#11172,#11173),
 .UNSPECIFIED.,.F.,.F.,(4,1,4),(0.,0.0138293705340821,0.0317435547996365),
 .UNSPECIFIED.);
#2709=B_SPLINE_CURVE_WITH_KNOTS('',3,(#11176,#11177,#11178,#11179,#11180),
 .UNSPECIFIED.,.F.,.F.,(4,1,4),(0.,0.0138293705340821,0.0317435547996365),
 .UNSPECIFIED.);
#2710=B_SPLINE_CURVE_WITH_KNOTS('',3,(#11192,#11193,#11194,#11195,#11196),
 .UNSPECIFIED.,.F.,.F.,(4,1,4),(0.,0.0182584520065583,0.0322076643165841),
 .UNSPECIFIED.);
#2711=B_SPLINE_CURVE_WITH_KNOTS('',3,(#11199,#11200,#11201,#11202,#11203),
 .UNSPECIFIED.,.F.,.F.,(4,1,4),(0.,0.0182584520065583,0.0322076643165841),
 .UNSPECIFIED.);
#2712=B_SPLINE_CURVE_WITH_KNOTS('',3,(#11221,#11222,#11223,#11224,#11225),
 .UNSPECIFIED.,.F.,.F.,(4,1,4),(0.,0.0228390872387144,0.0439141643441102),
 .UNSPECIFIED.);
#2713=B_SPLINE_CURVE_WITH_KNOTS('',3,(#11228,#11229,#11230,#11231,#11232),
 .UNSPECIFIED.,.F.,.F.,(4,1,4),(0.,0.0228390872387144,0.0439141643441102),
 .UNSPECIFIED.);
#2714=B_SPLINE_CURVE_WITH_KNOTS('',3,(#11244,#11245,#11246,#11247,#11248),
 .UNSPECIFIED.,.F.,.F.,(4,1,4),(0.,0.0195216146046392,0.0417006643961355),
 .UNSPECIFIED.);
#2715=B_SPLINE_CURVE_WITH_KNOTS('',3,(#11251,#11252,#11253,#11254,#11255),
 .UNSPECIFIED.,.F.,.F.,(4,1,4),(0.,0.0195216146046392,0.0417006643961355),
 .UNSPECIFIED.);
#2716=B_SPLINE_CURVE_WITH_KNOTS('',3,(#11267,#11268,#11269,#11270,#11271),
 .UNSPECIFIED.,.F.,.F.,(4,1,4),(0.,0.0290727159645609,0.0561291555551969),
 .UNSPECIFIED.);
#2717=B_SPLINE_CURVE_WITH_KNOTS('',3,(#11274,#11275,#11276,#11277,#11278),
 .UNSPECIFIED.,.F.,.F.,(4,1,4),(0.,0.0290727159645609,0.0561291555551969),
 .UNSPECIFIED.);
#2718=B_SPLINE_CURVE_WITH_KNOTS('',3,(#11290,#11291,#11292,#11293,#11294),
 .UNSPECIFIED.,.F.,.F.,(4,1,4),(0.,0.0450422917474791,0.080489144244385),
 .UNSPECIFIED.);
#2719=B_SPLINE_CURVE_WITH_KNOTS('',3,(#11297,#11298,#11299,#11300,#11301),
 .UNSPECIFIED.,.F.,.F.,(4,1,4),(0.,0.0450422917474791,0.080489144244385),
 .UNSPECIFIED.);
#2720=B_SPLINE_CURVE_WITH_KNOTS('',3,(#11313,#11314,#11315,#11316,#11317),
 .UNSPECIFIED.,.F.,.F.,(4,1,4),(0.,0.0280476614069991,0.0580836157016828),
 .UNSPECIFIED.);
#2721=B_SPLINE_CURVE_WITH_KNOTS('',3,(#11320,#11321,#11322,#11323,#11324),
 .UNSPECIFIED.,.F.,.F.,(4,1,4),(0.,0.0280476614069991,0.0580836157016828),
 .UNSPECIFIED.);
#2722=B_SPLINE_CURVE_WITH_KNOTS('',3,(#11336,#11337,#11338,#11339,#11340),
 .UNSPECIFIED.,.F.,.F.,(4,1,4),(0.,0.0196346490768866,0.0441556489651936),
 .UNSPECIFIED.);
#2723=B_SPLINE_CURVE_WITH_KNOTS('',3,(#11343,#11344,#11345,#11346,#11347),
 .UNSPECIFIED.,.F.,.F.,(4,1,4),(0.,0.0196346490768866,0.0441556489651936),
 .UNSPECIFIED.);
#2724=B_SPLINE_CURVE_WITH_KNOTS('',3,(#11359,#11360,#11361,#11362,#11363),
 .UNSPECIFIED.,.F.,.F.,(4,1,4),(0.,0.0203211753351916,0.0430533891877339),
 .UNSPECIFIED.);
#2725=B_SPLINE_CURVE_WITH_KNOTS('',3,(#11366,#11367,#11368,#11369,#11370),
 .UNSPECIFIED.,.F.,.F.,(4,1,4),(0.,0.0203211753351916,0.0430533891877339),
 .UNSPECIFIED.);
#2726=B_SPLINE_CURVE_WITH_KNOTS('',3,(#11382,#11383,#11384,#11385,#11386),
 .UNSPECIFIED.,.F.,.F.,(4,1,4),(0.,0.0259223290202618,0.0473272594968947),
 .UNSPECIFIED.);
#2727=B_SPLINE_CURVE_WITH_KNOTS('',3,(#11389,#11390,#11391,#11392,#11393),
 .UNSPECIFIED.,.F.,.F.,(4,1,4),(0.,0.0259223290202618,0.0473272594968947),
 .UNSPECIFIED.);
#2728=B_SPLINE_CURVE_WITH_KNOTS('',3,(#11410,#11411,#11412,#11413,#11414),
 .UNSPECIFIED.,.F.,.F.,(4,1,4),(0.,0.0137472316054411,0.0312906819566396),
 .UNSPECIFIED.);
#2729=B_SPLINE_CURVE_WITH_KNOTS('',3,(#11415,#11416,#11417,#11418,#11419),
 .UNSPECIFIED.,.F.,.F.,(4,1,4),(0.,0.0137472316054411,0.0312906819566396),
 .UNSPECIFIED.);
#2730=B_SPLINE_CURVE_WITH_KNOTS('',3,(#11520,#11521,#11522,#11523,#11524),
 .UNSPECIFIED.,.F.,.F.,(4,1,4),(0.,0.0233336969798772,0.0569728392030615),
 .UNSPECIFIED.);
#2731=B_SPLINE_CURVE_WITH_KNOTS('',3,(#11527,#11528,#11529,#11530,#11531),
 .UNSPECIFIED.,.F.,.F.,(4,1,4),(0.,0.0233336969798772,0.0569728392030615),
 .UNSPECIFIED.);
#2732=B_SPLINE_CURVE_WITH_KNOTS('',3,(#11543,#11544,#11545,#11546,#11547),
 .UNSPECIFIED.,.F.,.F.,(4,1,4),(0.,0.0186758151419161,0.0371270473691591),
 .UNSPECIFIED.);
#2733=B_SPLINE_CURVE_WITH_KNOTS('',3,(#11550,#11551,#11552,#11553,#11554),
 .UNSPECIFIED.,.F.,.F.,(4,1,4),(0.,0.0186758151419161,0.0371270473691591),
 .UNSPECIFIED.);
#2734=B_SPLINE_CURVE_WITH_KNOTS('',3,(#11566,#11567,#11568,#11569,#11570),
 .UNSPECIFIED.,.F.,.F.,(4,1,4),(0.,0.0148173924274794,0.0312967519835744),
 .UNSPECIFIED.);
#2735=B_SPLINE_CURVE_WITH_KNOTS('',3,(#11573,#11574,#11575,#11576,#11577),
 .UNSPECIFIED.,.F.,.F.,(4,1,4),(0.,0.0148173924274794,0.0312967519835744),
 .UNSPECIFIED.);
#2736=B_SPLINE_CURVE_WITH_KNOTS('',3,(#11589,#11590,#11591,#11592,#11593),
 .UNSPECIFIED.,.F.,.F.,(4,1,4),(0.,0.0234309866020685,0.0405144053627642),
 .UNSPECIFIED.);
#2737=B_SPLINE_CURVE_WITH_KNOTS('',3,(#11596,#11597,#11598,#11599,#11600),
 .UNSPECIFIED.,.F.,.F.,(4,1,4),(0.,0.0234309866020685,0.0405144053627642),
 .UNSPECIFIED.);
#2738=B_SPLINE_CURVE_WITH_KNOTS('',3,(#11630,#11631,#11632,#11633,#11634),
 .UNSPECIFIED.,.F.,.F.,(4,1,4),(0.,0.0399911118396966,0.0902446068543905),
 .UNSPECIFIED.);
#2739=B_SPLINE_CURVE_WITH_KNOTS('',3,(#11637,#11638,#11639,#11640,#11641),
 .UNSPECIFIED.,.F.,.F.,(4,1,4),(0.,0.0399911118396966,0.0902446068543905),
 .UNSPECIFIED.);
#2740=B_SPLINE_CURVE_WITH_KNOTS('',3,(#11653,#11654,#11655,#11656,#11657),
 .UNSPECIFIED.,.F.,.F.,(4,1,4),(0.,0.0416664249837987,0.0789270762551602),
 .UNSPECIFIED.);
#2741=B_SPLINE_CURVE_WITH_KNOTS('',3,(#11660,#11661,#11662,#11663,#11664),
 .UNSPECIFIED.,.F.,.F.,(4,1,4),(0.,0.0416664249837987,0.0789270762551602),
 .UNSPECIFIED.);
#2742=B_SPLINE_CURVE_WITH_KNOTS('',3,(#11676,#11677,#11678,#11679,#11680),
 .UNSPECIFIED.,.F.,.F.,(4,1,4),(0.,0.0279282896095983,0.0595949212611691),
 .UNSPECIFIED.);
#2743=B_SPLINE_CURVE_WITH_KNOTS('',3,(#11683,#11684,#11685,#11686,#11687),
 .UNSPECIFIED.,.F.,.F.,(4,1,4),(0.,0.0279282896095983,0.0595949212611691),
 .UNSPECIFIED.);
#2744=B_SPLINE_CURVE_WITH_KNOTS('',3,(#11699,#11700,#11701,#11702,#11703),
 .UNSPECIFIED.,.F.,.F.,(4,1,4),(0.,0.0340447214365326,0.0628658395619445),
 .UNSPECIFIED.);
#2745=B_SPLINE_CURVE_WITH_KNOTS('',3,(#11706,#11707,#11708,#11709,#11710),
 .UNSPECIFIED.,.F.,.F.,(4,1,4),(0.,0.0340447214365326,0.0628658395619445),
 .UNSPECIFIED.);
#2746=B_SPLINE_CURVE_WITH_KNOTS('',3,(#11753,#11754,#11755,#11756,#11757),
 .UNSPECIFIED.,.F.,.F.,(4,1,4),(0.,0.0212176623694017,0.0497608588906004),
 .UNSPECIFIED.);
#2747=B_SPLINE_CURVE_WITH_KNOTS('',3,(#11760,#11761,#11762,#11763,#11764),
 .UNSPECIFIED.,.F.,.F.,(4,1,4),(0.,0.0212176623694017,0.0497608588906004),
 .UNSPECIFIED.);
#2748=B_SPLINE_CURVE_WITH_KNOTS('',3,(#11776,#11777,#11778,#11779,#11780),
 .UNSPECIFIED.,.F.,.F.,(4,1,4),(0.,0.0178266185343104,0.0355620681313213),
 .UNSPECIFIED.);
#2749=B_SPLINE_CURVE_WITH_KNOTS('',3,(#11783,#11784,#11785,#11786,#11787),
 .UNSPECIFIED.,.F.,.F.,(4,1,4),(0.,0.0178266185343104,0.0355620681313213),
 .UNSPECIFIED.);
#2750=B_SPLINE_CURVE_WITH_KNOTS('',3,(#11799,#11800,#11801,#11802,#11803),
 .UNSPECIFIED.,.F.,.F.,(4,1,4),(0.,0.0107538613166244,0.0218982783116072),
 .UNSPECIFIED.);
#2751=B_SPLINE_CURVE_WITH_KNOTS('',3,(#11806,#11807,#11808,#11809,#11810),
 .UNSPECIFIED.,.F.,.F.,(4,1,4),(0.,0.0107538613166244,0.0218982783116072),
 .UNSPECIFIED.);
#2752=B_SPLINE_CURVE_WITH_KNOTS('',3,(#11822,#11823,#11824,#11825,#11826),
 .UNSPECIFIED.,.F.,.F.,(4,1,4),(0.,0.0109898281102927,0.021741729646603),
 .UNSPECIFIED.);
#2753=B_SPLINE_CURVE_WITH_KNOTS('',3,(#11829,#11830,#11831,#11832,#11833),
 .UNSPECIFIED.,.F.,.F.,(4,1,4),(0.,0.0109898281102927,0.021741729646603),
 .UNSPECIFIED.);
#2754=B_SPLINE_CURVE_WITH_KNOTS('',3,(#11845,#11846,#11847,#11848,#11849),
 .UNSPECIFIED.,.F.,.F.,(4,1,4),(0.,0.0160393738570904,0.0260658497416376),
 .UNSPECIFIED.);
#2755=B_SPLINE_CURVE_WITH_KNOTS('',3,(#11852,#11853,#11854,#11855,#11856),
 .UNSPECIFIED.,.F.,.F.,(4,1,4),(0.,0.0160393738570904,0.0260658497416376),
 .UNSPECIFIED.);
#2756=B_SPLINE_CURVE_WITH_KNOTS('',3,(#11886,#11887,#11888,#11889,#11890),
 .UNSPECIFIED.,.F.,.F.,(4,1,4),(0.,0.0205487121508696,0.0477938854881622),
 .UNSPECIFIED.);
#2757=B_SPLINE_CURVE_WITH_KNOTS('',3,(#11893,#11894,#11895,#11896,#11897),
 .UNSPECIFIED.,.F.,.F.,(4,1,4),(0.,0.0205487121508696,0.0477938854881622),
 .UNSPECIFIED.);
#2758=B_SPLINE_CURVE_WITH_KNOTS('',3,(#11909,#11910,#11911,#11912,#11913),
 .UNSPECIFIED.,.F.,.F.,(4,1,4),(0.,0.0180265058953785,0.0355066722229741),
 .UNSPECIFIED.);
#2759=B_SPLINE_CURVE_WITH_KNOTS('',3,(#11916,#11917,#11918,#11919,#11920),
 .UNSPECIFIED.,.F.,.F.,(4,1,4),(0.,0.0180265058953785,0.0355066722229741),
 .UNSPECIFIED.);
#2760=B_SPLINE_CURVE_WITH_KNOTS('',3,(#11932,#11933,#11934,#11935,#11936),
 .UNSPECIFIED.,.F.,.F.,(4,1,4),(0.,0.0168259612124811,0.0325066797507372),
 .UNSPECIFIED.);
#2761=B_SPLINE_CURVE_WITH_KNOTS('',3,(#11939,#11940,#11941,#11942,#11943),
 .UNSPECIFIED.,.F.,.F.,(4,1,4),(0.,0.0168259612124811,0.0325066797507372),
 .UNSPECIFIED.);
#2762=B_SPLINE_CURVE_WITH_KNOTS('',3,(#11955,#11956,#11957,#11958,#11959),
 .UNSPECIFIED.,.F.,.F.,(4,1,4),(0.,0.0172269251728337,0.0305830376969135),
 .UNSPECIFIED.);
#2763=B_SPLINE_CURVE_WITH_KNOTS('',3,(#11962,#11963,#11964,#11965,#11966),
 .UNSPECIFIED.,.F.,.F.,(4,1,4),(0.,0.0172269251728337,0.0305830376969135),
 .UNSPECIFIED.);
#2764=B_SPLINE_CURVE_WITH_KNOTS('',3,(#11996,#11997,#11998,#11999,#12000),
 .UNSPECIFIED.,.F.,.F.,(4,1,4),(0.,0.0405642100665084,0.0921062709675771),
 .UNSPECIFIED.);
#2765=B_SPLINE_CURVE_WITH_KNOTS('',3,(#12003,#12004,#12005,#12006,#12007),
 .UNSPECIFIED.,.F.,.F.,(4,1,4),(0.,0.0405642100665084,0.0921062709675771),
 .UNSPECIFIED.);
#2766=B_SPLINE_CURVE_WITH_KNOTS('',3,(#12019,#12020,#12021,#12022,#12023),
 .UNSPECIFIED.,.F.,.F.,(4,1,4),(0.,0.0420583882900567,0.0795953573661414),
 .UNSPECIFIED.);
#2767=B_SPLINE_CURVE_WITH_KNOTS('',3,(#12026,#12027,#12028,#12029,#12030),
 .UNSPECIFIED.,.F.,.F.,(4,1,4),(0.,0.0420583882900567,0.0795953573661414),
 .UNSPECIFIED.);
#2768=B_SPLINE_CURVE_WITH_KNOTS('',3,(#12042,#12043,#12044,#12045,#12046),
 .UNSPECIFIED.,.F.,.F.,(4,1,4),(0.,0.0252408926041551,0.0544405745635965),
 .UNSPECIFIED.);
#2769=B_SPLINE_CURVE_WITH_KNOTS('',3,(#12049,#12050,#12051,#12052,#12053),
 .UNSPECIFIED.,.F.,.F.,(4,1,4),(0.,0.0252408926041551,0.0544405745635965),
 .UNSPECIFIED.);
#2770=B_SPLINE_CURVE_WITH_KNOTS('',3,(#12065,#12066,#12067,#12068,#12069),
 .UNSPECIFIED.,.F.,.F.,(4,1,4),(0.,0.0345459750545342,0.0616135417767222),
 .UNSPECIFIED.);
#2771=B_SPLINE_CURVE_WITH_KNOTS('',3,(#12072,#12073,#12074,#12075,#12076),
 .UNSPECIFIED.,.F.,.F.,(4,1,4),(0.,0.0345459750545342,0.0616135417767222),
 .UNSPECIFIED.);
#2772=B_SPLINE_CURVE_WITH_KNOTS('',3,(#12088,#12089,#12090,#12091,#12092),
 .UNSPECIFIED.,.F.,.F.,(4,1,4),(0.,0.0238985450279754,0.0497562377469313),
 .UNSPECIFIED.);
#2773=B_SPLINE_CURVE_WITH_KNOTS('',3,(#12095,#12096,#12097,#12098,#12099),
 .UNSPECIFIED.,.F.,.F.,(4,1,4),(0.,0.0238985450279754,0.0497562377469313),
 .UNSPECIFIED.);
#2774=B_SPLINE_CURVE_WITH_KNOTS('',3,(#12111,#12112,#12113,#12114,#12115),
 .UNSPECIFIED.,.F.,.F.,(4,1,4),(0.,0.031233831280116,0.0567919612208628),
 .UNSPECIFIED.);
#2775=B_SPLINE_CURVE_WITH_KNOTS('',3,(#12118,#12119,#12120,#12121,#12122),
 .UNSPECIFIED.,.F.,.F.,(4,1,4),(0.,0.031233831280116,0.0567919612208628),
 .UNSPECIFIED.);
#2776=B_SPLINE_CURVE_WITH_KNOTS('',3,(#12134,#12135,#12136,#12137,#12138),
 .UNSPECIFIED.,.F.,.F.,(4,1,4),(0.,0.0265336786313146,0.0565504978269221),
 .UNSPECIFIED.);
#2777=B_SPLINE_CURVE_WITH_KNOTS('',3,(#12141,#12142,#12143,#12144,#12145),
 .UNSPECIFIED.,.F.,.F.,(4,1,4),(0.,0.0265336786313146,0.0565504978269221),
 .UNSPECIFIED.);
#2778=B_SPLINE_CURVE_WITH_KNOTS('',3,(#12157,#12158,#12159,#12160,#12161),
 .UNSPECIFIED.,.F.,.F.,(4,1,4),(0.,0.0319305990669449,0.0591536407280218),
 .UNSPECIFIED.);
#2779=B_SPLINE_CURVE_WITH_KNOTS('',3,(#12164,#12165,#12166,#12167,#12168),
 .UNSPECIFIED.,.F.,.F.,(4,1,4),(0.,0.0319305990669449,0.0591536407280218),
 .UNSPECIFIED.);
#2780=B_SPLINE_CURVE_WITH_KNOTS('',3,(#12316,#12317,#12318,#12319,#12320),
 .UNSPECIFIED.,.F.,.F.,(4,1,4),(0.019469459577062,0.111767594434091,0.2078237728245),
 .UNSPECIFIED.);
#2781=B_SPLINE_CURVE_WITH_KNOTS('',3,(#12322,#12323,#12324,#12325,#12326),
 .UNSPECIFIED.,.F.,.F.,(4,1,4),(0.,0.0950640823520353,0.203691323735079),
 .UNSPECIFIED.);
#2782=B_SPLINE_CURVE_WITH_KNOTS('',3,(#12328,#12329,#12330,#12331,#12332),
 .UNSPECIFIED.,.F.,.F.,(4,1,4),(0.,0.0801066482405149,0.147816126933153),
 .UNSPECIFIED.);
#2783=B_SPLINE_CURVE_WITH_KNOTS('',3,(#12334,#12335,#12336,#12337,#12338),
 .UNSPECIFIED.,.F.,.F.,(4,1,4),(0.,0.0615543675544091,0.123373804941311),
 .UNSPECIFIED.);
#2784=B_SPLINE_CURVE_WITH_KNOTS('',3,(#12340,#12341,#12342,#12343,#12344),
 .UNSPECIFIED.,.F.,.F.,(4,1,4),(0.,0.0668584882102598,0.143611977852466),
 .UNSPECIFIED.);
#2785=B_SPLINE_CURVE_WITH_KNOTS('',3,(#12346,#12347,#12348,#12349,#12350),
 .UNSPECIFIED.,.F.,.F.,(4,1,4),(0.,0.0775863551022321,0.143474949224755),
 .UNSPECIFIED.);
#2786=B_SPLINE_CURVE_WITH_KNOTS('',3,(#12352,#12353,#12354,#12355,#12356),
 .UNSPECIFIED.,.F.,.F.,(4,1,4),(0.,0.0610587884533034,0.125272365892546),
 .UNSPECIFIED.);
#2787=B_SPLINE_CURVE_WITH_KNOTS('',3,(#12358,#12359,#12360,#12361,#12362),
 .UNSPECIFIED.,.F.,.F.,(4,1,4),(0.,0.0705553191432582,0.151336252970245),
 .UNSPECIFIED.);
#2788=B_SPLINE_CURVE_WITH_KNOTS('',3,(#12364,#12365,#12366,#12367,#12368),
 .UNSPECIFIED.,.F.,.F.,(4,1,4),(0.,0.110212068149309,0.20666757334141),
 .UNSPECIFIED.);
#2789=B_SPLINE_CURVE_WITH_KNOTS('',3,(#12370,#12371,#12372,#12373,#12374),
 .UNSPECIFIED.,.F.,.F.,(4,1,4),(0.,0.0963110496370918,0.188372418929715),
 .UNSPECIFIED.);
#2790=B_SPLINE_CURVE_WITH_KNOTS('',3,(#12378,#12379,#12380,#12381,#12382),
 .UNSPECIFIED.,.F.,.F.,(4,1,4),(0.0194694799254542,0.111767712296324,0.207823992272221),
 .UNSPECIFIED.);
#2791=B_SPLINE_CURVE_WITH_KNOTS('',3,(#12384,#12385,#12386,#12387,#12388),
 .UNSPECIFIED.,.F.,.F.,(4,1,4),(0.,0.0950640823520353,0.203691323735079),
 .UNSPECIFIED.);
#2792=B_SPLINE_CURVE_WITH_KNOTS('',3,(#12390,#12391,#12392,#12393,#12394),
 .UNSPECIFIED.,.F.,.F.,(4,1,4),(0.,0.0801066482405149,0.147816165889045),
 .UNSPECIFIED.);
#2793=B_SPLINE_CURVE_WITH_KNOTS('',3,(#12396,#12397,#12398,#12399,#12400),
 .UNSPECIFIED.,.F.,.F.,(4,1,4),(0.,0.0615544374045951,0.123373685047674),
 .UNSPECIFIED.);
#2794=B_SPLINE_CURVE_WITH_KNOTS('',3,(#12402,#12403,#12404,#12405,#12406),
 .UNSPECIFIED.,.F.,.F.,(4,1,4),(0.,0.0668585998761934,0.143611852334747),
 .UNSPECIFIED.);
#2795=B_SPLINE_CURVE_WITH_KNOTS('',3,(#12408,#12409,#12410,#12411,#12412),
 .UNSPECIFIED.,.F.,.F.,(4,1,4),(0.,0.0775865926205668,0.14347518674309),
 .UNSPECIFIED.);
#2796=B_SPLINE_CURVE_WITH_KNOTS('',3,(#12414,#12415,#12416,#12417,#12418),
 .UNSPECIFIED.,.F.,.F.,(4,1,4),(0.,0.0610588864212775,0.125272390175403),
 .UNSPECIFIED.);
#2797=B_SPLINE_CURVE_WITH_KNOTS('',3,(#12420,#12421,#12422,#12423,#12424),
 .UNSPECIFIED.,.F.,.F.,(4,1,4),(0.,0.0705551663618636,0.151336125605892),
 .UNSPECIFIED.);
#2798=B_SPLINE_CURVE_WITH_KNOTS('',3,(#12426,#12427,#12428,#12429,#12430),
 .UNSPECIFIED.,.F.,.F.,(4,1,4),(0.,0.110212040481161,0.206667545673262),
 .UNSPECIFIED.);
#2799=B_SPLINE_CURVE_WITH_KNOTS('',3,(#12432,#12433,#12434,#12435,#12436),
 .UNSPECIFIED.,.F.,.F.,(4,1,4),(0.,0.0963109486368248,0.188372264219329),
 .UNSPECIFIED.);
#2800=B_SPLINE_CURVE_WITH_KNOTS('',3,(#12470,#12471,#12472,#12473,#12474),
 .UNSPECIFIED.,.F.,.F.,(4,1,4),(0.0282481291564414,0.0811451971401702,0.149387747935176),
 .UNSPECIFIED.);
#2801=B_SPLINE_CURVE_WITH_KNOTS('',3,(#12476,#12477,#12478,#12479,#12480),
 .UNSPECIFIED.,.F.,.F.,(4,1,4),(0.,0.0625009063245667,0.126919657905298),
 .UNSPECIFIED.);
#2802=B_SPLINE_CURVE_WITH_KNOTS('',3,(#12482,#12483,#12484,#12485,#12486),
 .UNSPECIFIED.,.F.,.F.,(4,1,4),(0.,0.0684920453356631,0.142225674599565),
 .UNSPECIFIED.);
#2803=B_SPLINE_CURVE_WITH_KNOTS('',3,(#12488,#12489,#12490,#12491,#12492),
 .UNSPECIFIED.,.F.,.F.,(4,1,4),(0.,0.07699032384814,0.147558844368486),
 .UNSPECIFIED.);
#2804=B_SPLINE_CURVE_WITH_KNOTS('',3,(#12494,#12495,#12496,#12497,#12498),
 .UNSPECIFIED.,.F.,.F.,(4,1,4),(0.,0.0675779390590767,0.1367037402747),
 .UNSPECIFIED.);
#2805=B_SPLINE_CURVE_WITH_KNOTS('',3,(#12500,#12501,#12502,#12503,#12504),
 .UNSPECIFIED.,.F.,.F.,(4,1,4),(0.,0.0623066517246275,0.139709486201683),
 .UNSPECIFIED.);
#2806=B_SPLINE_CURVE_WITH_KNOTS('',3,(#12506,#12507,#12508,#12509,#12510),
 .UNSPECIFIED.,.F.,.F.,(4,1,4),(0.,0.0725305693025833,0.125288557697974),
 .UNSPECIFIED.);
#2807=B_SPLINE_CURVE_WITH_KNOTS('',3,(#12512,#12513,#12514,#12515,#12516),
 .UNSPECIFIED.,.F.,.F.,(4,1,4),(0.,0.0421942568673763,0.0832853611980614),
 .UNSPECIFIED.);
#2808=B_SPLINE_CURVE_WITH_KNOTS('',3,(#12518,#12519,#12520,#12521,#12522),
 .UNSPECIFIED.,.F.,.F.,(4,1,4),(0.,0.0429340231184008,0.0903040764021706),
 .UNSPECIFIED.);
#2809=B_SPLINE_CURVE_WITH_KNOTS('',3,(#12526,#12527,#12528,#12529,#12530),
 .UNSPECIFIED.,.F.,.F.,(4,1,4),(0.,0.0278937501070937,0.0541531620675477),
 .UNSPECIFIED.);
#2810=B_SPLINE_CURVE_WITH_KNOTS('',3,(#12532,#12533,#12534,#12535,#12536),
 .UNSPECIFIED.,.F.,.F.,(4,1,4),(0.,0.0274401030256416,0.0587451280042419),
 .UNSPECIFIED.);
#2811=B_SPLINE_CURVE_WITH_KNOTS('',3,(#12538,#12539,#12540,#12541,#12542),
 .UNSPECIFIED.,.F.,.F.,(4,1,4),(0.,0.046505043568004,0.0906642487716848),
 .UNSPECIFIED.);
#2812=B_SPLINE_CURVE_WITH_KNOTS('',3,(#12544,#12545,#12546,#12547,#12548),
 .UNSPECIFIED.,.F.,.F.,(4,1,4),(0.,0.0508875060602141,0.117440522297417),
 .UNSPECIFIED.);
#2813=B_SPLINE_CURVE_WITH_KNOTS('',3,(#12550,#12551,#12552,#12553,#12554),
 .UNSPECIFIED.,.F.,.F.,(4,1,4),(0.,0.069994352054725,0.121721236604163),
 .UNSPECIFIED.);
#2814=B_SPLINE_CURVE_WITH_KNOTS('',3,(#12556,#12557,#12558,#12559,#12560),
 .UNSPECIFIED.,.F.,.F.,(4,1,4),(0.,0.0448962184637262,0.0942279901628738),
 .UNSPECIFIED.);
#2815=B_SPLINE_CURVE_WITH_KNOTS('',3,(#12562,#12563,#12564,#12565,#12566),
 .UNSPECIFIED.,.F.,.F.,(4,1,4),(0.,0.0253933698804243,0.0501711153208711),
 .UNSPECIFIED.);
#2816=B_SPLINE_CURVE_WITH_KNOTS('',3,(#12568,#12569,#12570,#12571,#12572),
 .UNSPECIFIED.,.F.,.F.,(4,1,4),(0.,0.0272021490345737,0.0597438739581019),
 .UNSPECIFIED.);
#2817=B_SPLINE_CURVE_WITH_KNOTS('',3,(#12584,#12585,#12586,#12587,#12588),
 .UNSPECIFIED.,.F.,.F.,(4,1,4),(0.,0.0755875367020322,0.13725508441666),
 .UNSPECIFIED.);
#2818=B_SPLINE_CURVE_WITH_KNOTS('',3,(#12590,#12591,#12592,#12593,#12594),
 .UNSPECIFIED.,.F.,.F.,(4,1,4),(0.,0.0589725143538767,0.0938763962332251),
 .UNSPECIFIED.);
#2819=B_SPLINE_CURVE_WITH_KNOTS('',3,(#12604,#12605,#12606,#12607,#12608),
 .UNSPECIFIED.,.F.,.F.,(4,1,4),(0.,0.0645307476113744,0.118759056362137),
 .UNSPECIFIED.);
#2820=B_SPLINE_CURVE_WITH_KNOTS('',3,(#12610,#12611,#12612,#12613,#12614),
 .UNSPECIFIED.,.F.,.F.,(4,1,4),(0.,0.0494865907405264,0.0990423680263409),
 .UNSPECIFIED.);
#2821=B_SPLINE_CURVE_WITH_KNOTS('',3,(#12616,#12617,#12618,#12619,#12620),
 .UNSPECIFIED.,.F.,.F.,(4,1,4),(0.,0.0417585705176293,0.0823231080987399),
 .UNSPECIFIED.);
#2822=B_SPLINE_CURVE_WITH_KNOTS('',3,(#12622,#12623,#12624,#12625,#12626),
 .UNSPECIFIED.,.F.,.F.,(4,1,4),(0.,0.0295419417540787,0.0639515829350673),
 .UNSPECIFIED.);
#2823=B_SPLINE_CURVE_WITH_KNOTS('',3,(#12628,#12629,#12630,#12631,#12632),
 .UNSPECIFIED.,.F.,.F.,(4,1,4),(0.,0.0499732965474225,0.0921848407647043),
 .UNSPECIFIED.);
#2824=B_SPLINE_CURVE_WITH_KNOTS('',3,(#12634,#12635,#12636,#12637,#12638),
 .UNSPECIFIED.,.F.,.F.,(4,1,4),(0.,0.040378461227273,0.0845365561146144),
 .UNSPECIFIED.);
#2825=B_SPLINE_CURVE_WITH_KNOTS('',3,(#12640,#12641,#12642,#12643,#12644),
 .UNSPECIFIED.,.F.,.F.,(4,1,4),(0.,0.0371957208735876,0.0728702183005119),
 .UNSPECIFIED.);
#2826=B_SPLINE_CURVE_WITH_KNOTS('',3,(#12646,#12647,#12648,#12649,#12650),
 .UNSPECIFIED.,.F.,.F.,(4,1,4),(0.,0.0350813285064538,0.0703138078262293),
 .UNSPECIFIED.);
#2827=B_SPLINE_CURVE_WITH_KNOTS('',3,(#12652,#12653,#12654,#12655,#12656),
 .UNSPECIFIED.,.F.,.F.,(4,1,4),(0.,0.0262518240449359,0.0611680461168195),
 .UNSPECIFIED.);
#2828=B_SPLINE_CURVE_WITH_KNOTS('',3,(#12657,#12658,#12659,#12660,#12661),
 .UNSPECIFIED.,.F.,.F.,(4,1,4),(0.,0.0437012477823171,0.0695929839285675),
 .UNSPECIFIED.);
#2829=B_SPLINE_CURVE_WITH_KNOTS('',3,(#12664,#12665,#12666,#12667,#12668),
 .UNSPECIFIED.,.F.,.F.,(4,1,4),(0.,0.0322422003395849,0.0695208407984085),
 .UNSPECIFIED.);
#2830=B_SPLINE_CURVE_WITH_KNOTS('',3,(#12676,#12677,#12678,#12679,#12680),
 .UNSPECIFIED.,.F.,.F.,(4,1,4),(0.,0.0432095406245728,0.0851117045159998),
 .UNSPECIFIED.);
#2831=B_SPLINE_CURVE_WITH_KNOTS('',3,(#12682,#12683,#12684,#12685,#12686),
 .UNSPECIFIED.,.F.,.F.,(4,1,4),(0.,0.040936753140672,0.0818682289625963),
 .UNSPECIFIED.);
#2832=B_SPLINE_CURVE_WITH_KNOTS('',3,(#12688,#12689,#12690,#12691,#12692),
 .UNSPECIFIED.,.F.,.F.,(4,1,4),(0.,0.0392861185381322,0.0749174728907157),
 .UNSPECIFIED.);
#2833=B_SPLINE_CURVE_WITH_KNOTS('',3,(#12694,#12695,#12696,#12697,#12698),
 .UNSPECIFIED.,.F.,.F.,(4,1,4),(0.,0.0510981840463295,0.109824821429743),
 .UNSPECIFIED.);
#2834=B_SPLINE_CURVE_WITH_KNOTS('',3,(#12700,#12701,#12702,#12703,#12704),
 .UNSPECIFIED.,.F.,.F.,(4,1,4),(0.,0.0381779152443419,0.0798367843682899),
 .UNSPECIFIED.);
#2835=B_SPLINE_CURVE_WITH_KNOTS('',3,(#12706,#12707,#12708,#12709,#12710),
 .UNSPECIFIED.,.F.,.F.,(4,1,4),(0.,0.0403337147081173,0.0752369401022644),
 .UNSPECIFIED.);
#2836=B_SPLINE_CURVE_WITH_KNOTS('',3,(#12712,#12713,#12714,#12715,#12716),
 .UNSPECIFIED.,.F.,.F.,(4,1,4),(0.,0.0332787142111079,0.0686604371153103),
 .UNSPECIFIED.);
#2837=B_SPLINE_CURVE_WITH_KNOTS('',3,(#12718,#12719,#12720,#12721,#12722),
 .UNSPECIFIED.,.F.,.F.,(4,1,4),(0.,0.0348596201947321,0.0667102018995884),
 .UNSPECIFIED.);
#2838=B_SPLINE_CURVE_WITH_KNOTS('',3,(#12724,#12725,#12726,#12727,#12728),
 .UNSPECIFIED.,.F.,.F.,(4,1,4),(0.,0.0462548914308957,0.0859521458485854),
 .UNSPECIFIED.);
#2839=B_SPLINE_CURVE_WITH_KNOTS('',3,(#12736,#12737,#12738,#12739,#12740),
 .UNSPECIFIED.,.F.,.F.,(4,1,4),(0.,0.0368606041530116,0.0691747357178488),
 .UNSPECIFIED.);
#2840=B_SPLINE_CURVE_WITH_KNOTS('',3,(#12742,#12743,#12744,#12745,#12746),
 .UNSPECIFIED.,.F.,.F.,(4,1,4),(0.,0.0321008647410288,0.0684133632027003),
 .UNSPECIFIED.);
#2841=B_SPLINE_CURVE_WITH_KNOTS('',3,(#12747,#12748,#12749,#12750,#12751),
 .UNSPECIFIED.,.F.,.F.,(4,1,4),(0.,0.0360467616464211,0.0679397340103556),
 .UNSPECIFIED.);
#2842=B_SPLINE_CURVE_WITH_KNOTS('',3,(#12776,#12777,#12778,#12779,#12780),
 .UNSPECIFIED.,.F.,.F.,(4,1,4),(0.,0.0645307372745565,0.118759053405731),
 .UNSPECIFIED.);
#2843=B_SPLINE_CURVE_WITH_KNOTS('',3,(#12782,#12783,#12784,#12785,#12786),
 .UNSPECIFIED.,.F.,.F.,(4,1,4),(0.,0.0494865907405264,0.0990423680263409),
 .UNSPECIFIED.);
#2844=B_SPLINE_CURVE_WITH_KNOTS('',3,(#12788,#12789,#12790,#12791,#12792),
 .UNSPECIFIED.,.F.,.F.,(4,1,4),(0.,0.0417586880851737,0.0823231488020815),
 .UNSPECIFIED.);
#2845=B_SPLINE_CURVE_WITH_KNOTS('',3,(#12794,#12795,#12796,#12797,#12798),
 .UNSPECIFIED.,.F.,.F.,(4,1,4),(0.,0.0295419799459217,0.0639515834638988),
 .UNSPECIFIED.);
#2846=B_SPLINE_CURVE_WITH_KNOTS('',3,(#12800,#12801,#12802,#12803,#12804),
 .UNSPECIFIED.,.F.,.F.,(4,1,4),(0.,0.0499732965474225,0.092184878750779),
 .UNSPECIFIED.);
#2847=B_SPLINE_CURVE_WITH_KNOTS('',3,(#12806,#12807,#12808,#12809,#12810),
 .UNSPECIFIED.,.F.,.F.,(4,1,4),(0.,0.040378408678463,0.0845366215351506),
 .UNSPECIFIED.);
#2848=B_SPLINE_CURVE_WITH_KNOTS('',3,(#12812,#12813,#12814,#12815,#12816),
 .UNSPECIFIED.,.F.,.F.,(4,1,4),(0.,0.0371957208735876,0.0728702183005119),
 .UNSPECIFIED.);
#2849=B_SPLINE_CURVE_WITH_KNOTS('',3,(#12818,#12819,#12820,#12821,#12822),
 .UNSPECIFIED.,.F.,.F.,(4,1,4),(0.,0.0350811830561898,0.070313780082614),
 .UNSPECIFIED.);
#2850=B_SPLINE_CURVE_WITH_KNOTS('',3,(#12824,#12825,#12826,#12827,#12828),
 .UNSPECIFIED.,.F.,.F.,(4,1,4),(0.,0.0262518681850773,0.0611680789036812),
 .UNSPECIFIED.);
#2851=B_SPLINE_CURVE_WITH_KNOTS('',3,(#12829,#12830,#12831,#12832,#12833),
 .UNSPECIFIED.,.F.,.F.,(4,1,4),(0.,0.0437010179808276,0.0695929881022218),
 .UNSPECIFIED.);
#2852=B_SPLINE_CURVE_WITH_KNOTS('',3,(#12955,#12956,#12957,#12958,#12959),
 .UNSPECIFIED.,.F.,.F.,(4,1,4),(0.,0.04292574223083,0.0841435122181874),
 .UNSPECIFIED.);
#2853=B_SPLINE_CURVE_WITH_KNOTS('',3,(#12963,#12964,#12965,#12966,#12967),
 .UNSPECIFIED.,.F.,.F.,(4,1,4),(0.,0.04292574223083,0.0841435122181874),
 .UNSPECIFIED.);
#2854=B_SPLINE_CURVE_WITH_KNOTS('',3,(#12980,#12981,#12982,#12983,#12984),
 .UNSPECIFIED.,.F.,.F.,(4,1,4),(0.,0.0415031585704084,0.0859541504533685),
 .UNSPECIFIED.);
#2855=B_SPLINE_CURVE_WITH_KNOTS('',3,(#12987,#12988,#12989,#12990,#12991),
 .UNSPECIFIED.,.F.,.F.,(4,1,4),(0.,0.0415031585704084,0.0859541504533685),
 .UNSPECIFIED.);
#2856=B_SPLINE_CURVE_WITH_KNOTS('',3,(#13003,#13004,#13005,#13006,#13007),
 .UNSPECIFIED.,.F.,.F.,(4,1,4),(0.,0.0615065770729887,0.108695961102637),
 .UNSPECIFIED.);
#2857=B_SPLINE_CURVE_WITH_KNOTS('',3,(#13010,#13011,#13012,#13013,#13014),
 .UNSPECIFIED.,.F.,.F.,(4,1,4),(0.,0.0615065770729887,0.108695961102637),
 .UNSPECIFIED.);
#2858=B_SPLINE_CURVE_WITH_KNOTS('',3,(#13026,#13027,#13028,#13029,#13030),
 .UNSPECIFIED.,.F.,.F.,(4,1,4),(0.,0.0496861149257597,0.121039508439755),
 .UNSPECIFIED.);
#2859=B_SPLINE_CURVE_WITH_KNOTS('',3,(#13033,#13034,#13035,#13036,#13037),
 .UNSPECIFIED.,.F.,.F.,(4,1,4),(0.,0.0496861149257597,0.121039508439755),
 .UNSPECIFIED.);
#2860=B_SPLINE_CURVE_WITH_KNOTS('',3,(#13049,#13050,#13051,#13052,#13053),
 .UNSPECIFIED.,.F.,.F.,(4,1,4),(0.,0.0449044001781482,0.0858162250992547),
 .UNSPECIFIED.);
#2861=B_SPLINE_CURVE_WITH_KNOTS('',3,(#13056,#13057,#13058,#13059,#13060),
 .UNSPECIFIED.,.F.,.F.,(4,1,4),(0.,0.0449044001781482,0.0858162250992547),
 .UNSPECIFIED.);
#2862=B_SPLINE_CURVE_WITH_KNOTS('',3,(#13072,#13073,#13074,#13075,#13076),
 .UNSPECIFIED.,.F.,.F.,(4,1,4),(0.,0.0414563053625888,0.0855959611714864),
 .UNSPECIFIED.);
#2863=B_SPLINE_CURVE_WITH_KNOTS('',3,(#13079,#13080,#13081,#13082,#13083),
 .UNSPECIFIED.,.F.,.F.,(4,1,4),(0.,0.0414563053625888,0.0855959611714864),
 .UNSPECIFIED.);
#2864=B_SPLINE_CURVE_WITH_KNOTS('',3,(#13095,#13096,#13097,#13098,#13099),
 .UNSPECIFIED.,.F.,.F.,(4,1,4),(0.,0.0654372004310032,0.114003325077299),
 .UNSPECIFIED.);
#2865=B_SPLINE_CURVE_WITH_KNOTS('',3,(#13102,#13103,#13104,#13105,#13106),
 .UNSPECIFIED.,.F.,.F.,(4,1,4),(0.,0.0654372004310032,0.114003325077299),
 .UNSPECIFIED.);
#2866=B_SPLINE_CURVE_WITH_KNOTS('',3,(#13117,#13118,#13119,#13120,#13121),
 .UNSPECIFIED.,.F.,.F.,(4,1,4),(0.,0.048775338256857,0.114725736918831),
 .UNSPECIFIED.);
#2867=B_SPLINE_CURVE_WITH_KNOTS('',3,(#13122,#13123,#13124,#13125,#13126),
 .UNSPECIFIED.,.F.,.F.,(4,1,4),(0.,0.048775338256857,0.114725736918831),
 .UNSPECIFIED.);
#2868=B_SPLINE_CURVE_WITH_KNOTS('',3,(#13140,#13141,#13142,#13143,#13144),
 .UNSPECIFIED.,.F.,.F.,(4,1,4),(0.,0.0610588864212775,0.125272390175403),
 .UNSPECIFIED.);
#2869=B_SPLINE_CURVE_WITH_KNOTS('',3,(#13158,#13159,#13160,#13161,#13162),
 .UNSPECIFIED.,.F.,.F.,(4,1,4),(0.,0.0775865926205668,0.14347518674309),
 .UNSPECIFIED.);
#2870=B_SPLINE_CURVE_WITH_KNOTS('',3,(#13175,#13176,#13177,#13178,#13179),
 .UNSPECIFIED.,.F.,.F.,(4,1,4),(0.,0.0668585998761934,0.143611852334747),
 .UNSPECIFIED.);
#2871=B_SPLINE_CURVE_WITH_KNOTS('',3,(#13192,#13193,#13194,#13195,#13196),
 .UNSPECIFIED.,.F.,.F.,(4,1,4),(0.,0.0615544374045951,0.123373685047674),
 .UNSPECIFIED.);
#2872=B_SPLINE_CURVE_WITH_KNOTS('',3,(#13209,#13210,#13211,#13212,#13213),
 .UNSPECIFIED.,.F.,.F.,(4,1,4),(0.,0.0801066482405149,0.147816165889045),
 .UNSPECIFIED.);
#2873=B_SPLINE_CURVE_WITH_KNOTS('',3,(#13226,#13227,#13228,#13229,#13230),
 .UNSPECIFIED.,.F.,.F.,(4,1,4),(0.,0.0950640823520353,0.203691323735079),
 .UNSPECIFIED.);
#2874=B_SPLINE_CURVE_WITH_KNOTS('',3,(#13242,#13243,#13244,#13245,#13246,
#13247),.UNSPECIFIED.,.F.,.F.,(4,2,4),(0.,0.1,0.2),.UNSPECIFIED.);
#2875=B_SPLINE_CURVE_WITH_KNOTS('',3,(#13248,#13249,#13250,#13251,#13252),
 .UNSPECIFIED.,.F.,.F.,(4,1,4),(0.019469479925447,0.111767712296324,0.207823992272221),
 .UNSPECIFIED.);
#2876=B_SPLINE_CURVE_WITH_KNOTS('',3,(#13264,#13265,#13266,#13267,#13268,
#13269),.UNSPECIFIED.,.F.,.F.,(4,2,4),(0.,0.1,0.2),.UNSPECIFIED.);
#2877=B_SPLINE_CURVE_WITH_KNOTS('',3,(#13272,#13273,#13274,#13275,#13276),
 .UNSPECIFIED.,.F.,.F.,(4,1,4),(0.,0.0963109486368248,0.188372264219334),
 .UNSPECIFIED.);
#2878=B_SPLINE_CURVE_WITH_KNOTS('',3,(#13289,#13290,#13291,#13292,#13293),
 .UNSPECIFIED.,.F.,.F.,(4,1,4),(0.,0.110212040481161,0.206667545673262),
 .UNSPECIFIED.);
#2879=B_SPLINE_CURVE_WITH_KNOTS('',3,(#13304,#13305,#13306,#13307,#13308),
 .UNSPECIFIED.,.F.,.F.,(4,1,4),(0.,0.0705551663618636,0.151336125605892),
 .UNSPECIFIED.);
#2880=B_SPLINE_CURVE_WITH_KNOTS('',3,(#13331,#13332,#13333,#13334,#13335),
 .UNSPECIFIED.,.F.,.F.,(4,1,4),(0.,0.0214730416091479,0.0515160358190781),
 .UNSPECIFIED.);
#2881=B_SPLINE_CURVE_WITH_KNOTS('',3,(#13338,#13339,#13340,#13341,#13342),
 .UNSPECIFIED.,.F.,.F.,(4,1,4),(0.,0.0214730416091479,0.0515160358190781),
 .UNSPECIFIED.);
#2882=B_SPLINE_CURVE_WITH_KNOTS('',3,(#13354,#13355,#13356,#13357,#13358),
 .UNSPECIFIED.,.F.,.F.,(4,1,4),(0.,0.0197601067355421,0.0378645000451282),
 .UNSPECIFIED.);
#2883=B_SPLINE_CURVE_WITH_KNOTS('',3,(#13361,#13362,#13363,#13364,#13365),
 .UNSPECIFIED.,.F.,.F.,(4,1,4),(0.,0.0197601067355421,0.0378645000451282),
 .UNSPECIFIED.);
#2884=B_SPLINE_CURVE_WITH_KNOTS('',3,(#13377,#13378,#13379,#13380,#13381),
 .UNSPECIFIED.,.F.,.F.,(4,1,4),(0.,0.0185562529855075,0.0396179097849053),
 .UNSPECIFIED.);
#2885=B_SPLINE_CURVE_WITH_KNOTS('',3,(#13384,#13385,#13386,#13387,#13388),
 .UNSPECIFIED.,.F.,.F.,(4,1,4),(0.,0.0185562529855075,0.0396179097849053),
 .UNSPECIFIED.);
#2886=B_SPLINE_CURVE_WITH_KNOTS('',3,(#13400,#13401,#13402,#13403,#13404),
 .UNSPECIFIED.,.F.,.F.,(4,1,4),(0.,0.0308108225749612,0.0525698114708472),
 .UNSPECIFIED.);
#2887=B_SPLINE_CURVE_WITH_KNOTS('',3,(#13407,#13408,#13409,#13410,#13411),
 .UNSPECIFIED.,.F.,.F.,(4,1,4),(0.,0.0308108225749612,0.0525698114708472),
 .UNSPECIFIED.);
#2888=B_SPLINE_CURVE_WITH_KNOTS('',3,(#13441,#13442,#13443,#13444,#13445),
 .UNSPECIFIED.,.F.,.F.,(4,1,4),(0.,0.0244794367407796,0.0591336016096697),
 .UNSPECIFIED.);
#2889=B_SPLINE_CURVE_WITH_KNOTS('',3,(#13448,#13449,#13450,#13451,#13452),
 .UNSPECIFIED.,.F.,.F.,(4,1,4),(0.,0.0244794367407796,0.0591336016096697),
 .UNSPECIFIED.);
#2890=B_SPLINE_CURVE_WITH_KNOTS('',3,(#13464,#13465,#13466,#13467,#13468),
 .UNSPECIFIED.,.F.,.F.,(4,1,4),(0.,0.0204009506561735,0.0402109833855956),
 .UNSPECIFIED.);
#2891=B_SPLINE_CURVE_WITH_KNOTS('',3,(#13471,#13472,#13473,#13474,#13475),
 .UNSPECIFIED.,.F.,.F.,(4,1,4),(0.,0.0204009506561735,0.0402109833855956),
 .UNSPECIFIED.);
#2892=B_SPLINE_CURVE_WITH_KNOTS('',3,(#13487,#13488,#13489,#13490,#13491),
 .UNSPECIFIED.,.F.,.F.,(4,1,4),(0.,0.020634619450049,0.0424661136910336),
 .UNSPECIFIED.);
#2893=B_SPLINE_CURVE_WITH_KNOTS('',3,(#13494,#13495,#13496,#13497,#13498),
 .UNSPECIFIED.,.F.,.F.,(4,1,4),(0.,0.020634619450049,0.0424661136910336),
 .UNSPECIFIED.);
#2894=B_SPLINE_CURVE_WITH_KNOTS('',3,(#13510,#13511,#13512,#13513,#13514),
 .UNSPECIFIED.,.F.,.F.,(4,1,4),(0.,0.0342049040338159,0.0588616122434438),
 .UNSPECIFIED.);
#2895=B_SPLINE_CURVE_WITH_KNOTS('',3,(#13517,#13518,#13519,#13520,#13521),
 .UNSPECIFIED.,.F.,.F.,(4,1,4),(0.,0.0342049040338159,0.0588616122434438),
 .UNSPECIFIED.);
#2896=B_SPLINE_CURVE_WITH_KNOTS('',3,(#13549,#13550,#13551,#13552,#13553),
 .UNSPECIFIED.,.F.,.F.,(4,1,4),(0.,0.0437012477823171,0.0695929839285675),
 .UNSPECIFIED.);
#2897=B_SPLINE_CURVE_WITH_KNOTS('',3,(#13566,#13567,#13568,#13569,#13570),
 .UNSPECIFIED.,.F.,.F.,(4,1,4),(0.,0.0262518240449359,0.0611680461168195),
 .UNSPECIFIED.);
#2898=B_SPLINE_CURVE_WITH_KNOTS('',3,(#13583,#13584,#13585,#13586,#13587),
 .UNSPECIFIED.,.F.,.F.,(4,1,4),(0.,0.0350813285064538,0.0703138078262293),
 .UNSPECIFIED.);
#2899=B_SPLINE_CURVE_WITH_KNOTS('',3,(#13600,#13601,#13602,#13603,#13604),
 .UNSPECIFIED.,.F.,.F.,(4,1,4),(0.,0.0371957208735876,0.0728702183005119),
 .UNSPECIFIED.);
#2900=B_SPLINE_CURVE_WITH_KNOTS('',3,(#13617,#13618,#13619,#13620,#13621),
 .UNSPECIFIED.,.F.,.F.,(4,1,4),(0.,0.040378461227273,0.0845365561146144),
 .UNSPECIFIED.);
#2901=B_SPLINE_CURVE_WITH_KNOTS('',3,(#13634,#13635,#13636,#13637,#13638),
 .UNSPECIFIED.,.F.,.F.,(4,1,4),(0.,0.0499732965474225,0.0921848407647043),
 .UNSPECIFIED.);
#2902=B_SPLINE_CURVE_WITH_KNOTS('',3,(#13651,#13652,#13653,#13654,#13655),
 .UNSPECIFIED.,.F.,.F.,(4,1,4),(0.,0.0295419417540787,0.0639515829350673),
 .UNSPECIFIED.);
#2903=B_SPLINE_CURVE_WITH_KNOTS('',3,(#13668,#13669,#13670,#13671,#13672),
 .UNSPECIFIED.,.F.,.F.,(4,1,4),(0.,0.0417585705176293,0.0823231080987399),
 .UNSPECIFIED.);
#2904=B_SPLINE_CURVE_WITH_KNOTS('',3,(#13685,#13686,#13687,#13688,#13689),
 .UNSPECIFIED.,.F.,.F.,(4,1,4),(0.,0.0494865907405264,0.0990423680263409),
 .UNSPECIFIED.);
#2905=B_SPLINE_CURVE_WITH_KNOTS('',3,(#13702,#13703,#13704,#13705,#13706),
 .UNSPECIFIED.,.F.,.F.,(4,1,4),(0.,0.0645307476113744,0.118759056362137),
 .UNSPECIFIED.);
#2906=B_SPLINE_CURVE_WITH_KNOTS('',3,(#13727,#13728,#13729,#13730,#13731),
 .UNSPECIFIED.,.F.,.F.,(4,1,4),(0.,0.0322422003395849,0.0695208407984085),
 .UNSPECIFIED.);
#2907=B_SPLINE_CURVE_WITH_KNOTS('',3,(#13745,#13746,#13747,#13748,#13749),
 .UNSPECIFIED.,.F.,.F.,(4,1,4),(0.,0.0360467616464211,0.0679397340103556),
 .UNSPECIFIED.);
#2908=B_SPLINE_CURVE_WITH_KNOTS('',3,(#13762,#13763,#13764,#13765,#13766),
 .UNSPECIFIED.,.F.,.F.,(4,1,4),(0.,0.0321008647410288,0.0684133632027003),
 .UNSPECIFIED.);
#2909=B_SPLINE_CURVE_WITH_KNOTS('',3,(#13779,#13780,#13781,#13782,#13783),
 .UNSPECIFIED.,.F.,.F.,(4,1,4),(0.,0.0368606041530116,0.0691747357178488),
 .UNSPECIFIED.);
#2910=B_SPLINE_CURVE_WITH_KNOTS('',3,(#13808,#13809,#13810,#13811,#13812),
 .UNSPECIFIED.,.F.,.F.,(4,1,4),(0.,0.0462548914308957,0.0859521458485854),
 .UNSPECIFIED.);
#2911=B_SPLINE_CURVE_WITH_KNOTS('',3,(#13825,#13826,#13827,#13828,#13829),
 .UNSPECIFIED.,.F.,.F.,(4,1,4),(0.,0.0348596201947321,0.0667102018995884),
 .UNSPECIFIED.);
#2912=B_SPLINE_CURVE_WITH_KNOTS('',3,(#13842,#13843,#13844,#13845,#13846),
 .UNSPECIFIED.,.F.,.F.,(4,1,4),(0.,0.0332787142111079,0.0686604371153103),
 .UNSPECIFIED.);
#2913=B_SPLINE_CURVE_WITH_KNOTS('',3,(#13859,#13860,#13861,#13862,#13863),
 .UNSPECIFIED.,.F.,.F.,(4,1,4),(0.,0.0403337147081173,0.0752369401022644),
 .UNSPECIFIED.);
#2914=B_SPLINE_CURVE_WITH_KNOTS('',3,(#13876,#13877,#13878,#13879,#13880),
 .UNSPECIFIED.,.F.,.F.,(4,1,4),(0.,0.0381779152443419,0.0798367843682899),
 .UNSPECIFIED.);
#2915=B_SPLINE_CURVE_WITH_KNOTS('',3,(#13893,#13894,#13895,#13896,#13897),
 .UNSPECIFIED.,.F.,.F.,(4,1,4),(0.,0.0510981840463295,0.109824821429743),
 .UNSPECIFIED.);
#2916=B_SPLINE_CURVE_WITH_KNOTS('',3,(#13910,#13911,#13912,#13913,#13914),
 .UNSPECIFIED.,.F.,.F.,(4,1,4),(0.,0.0392861185381322,0.0749174728907157),
 .UNSPECIFIED.);
#2917=B_SPLINE_CURVE_WITH_KNOTS('',3,(#13927,#13928,#13929,#13930,#13931),
 .UNSPECIFIED.,.F.,.F.,(4,1,4),(0.,0.040936753140672,0.0818682289625963),
 .UNSPECIFIED.);
#2918=B_SPLINE_CURVE_WITH_KNOTS('',3,(#13944,#13945,#13946,#13947,#13948),
 .UNSPECIFIED.,.F.,.F.,(4,1,4),(0.,0.0432095406245728,0.0851117045159998),
 .UNSPECIFIED.);
#2919=B_SPLINE_CURVE_WITH_KNOTS('',3,(#13989,#13990,#13991,#13992,#13993),
 .UNSPECIFIED.,.F.,.F.,(4,1,4),(0.,0.0272021490345737,0.0597438739581019),
 .UNSPECIFIED.);
#2920=B_SPLINE_CURVE_WITH_KNOTS('',3,(#14006,#14007,#14008,#14009,#14010),
 .UNSPECIFIED.,.F.,.F.,(4,1,4),(0.,0.0253933698804243,0.0501711153208711),
 .UNSPECIFIED.);
#2921=B_SPLINE_CURVE_WITH_KNOTS('',3,(#14023,#14024,#14025,#14026,#14027),
 .UNSPECIFIED.,.F.,.F.,(4,1,4),(0.,0.0448962184637262,0.0942279901628738),
 .UNSPECIFIED.);
#2922=B_SPLINE_CURVE_WITH_KNOTS('',3,(#14040,#14041,#14042,#14043,#14044),
 .UNSPECIFIED.,.F.,.F.,(4,1,4),(0.,0.069994352054725,0.121721236604163),
 .UNSPECIFIED.);
#2923=B_SPLINE_CURVE_WITH_KNOTS('',3,(#14057,#14058,#14059,#14060,#14061),
 .UNSPECIFIED.,.F.,.F.,(4,1,4),(0.,0.0508875060602141,0.117440522297417),
 .UNSPECIFIED.);
#2924=B_SPLINE_CURVE_WITH_KNOTS('',3,(#14074,#14075,#14076,#14077,#14078),
 .UNSPECIFIED.,.F.,.F.,(4,1,4),(0.,0.046505043568004,0.0906642487716848),
 .UNSPECIFIED.);
#2925=B_SPLINE_CURVE_WITH_KNOTS('',3,(#14091,#14092,#14093,#14094,#14095),
 .UNSPECIFIED.,.F.,.F.,(4,1,4),(0.,0.0274401030256416,0.0587451280042419),
 .UNSPECIFIED.);
#2926=B_SPLINE_CURVE_WITH_KNOTS('',3,(#14108,#14109,#14110,#14111,#14112),
 .UNSPECIFIED.,.F.,.F.,(4,1,4),(0.,0.0278937501070937,0.0541531620675477),
 .UNSPECIFIED.);
#2927=B_SPLINE_CURVE_WITH_KNOTS('',3,(#14129,#14130,#14131,#14132,#14133),
 .UNSPECIFIED.,.F.,.F.,(4,1,4),(0.,0.0429340231184008,0.0903040764021706),
 .UNSPECIFIED.);
#2928=B_SPLINE_CURVE_WITH_KNOTS('',3,(#14146,#14147,#14148,#14149,#14150),
 .UNSPECIFIED.,.F.,.F.,(4,1,4),(0.,0.0421942568673763,0.0832853611980614),
 .UNSPECIFIED.);
#2929=B_SPLINE_CURVE_WITH_KNOTS('',3,(#14163,#14164,#14165,#14166,#14167),
 .UNSPECIFIED.,.F.,.F.,(4,1,4),(0.,0.0725305693025833,0.125288557697974),
 .UNSPECIFIED.);
#2930=B_SPLINE_CURVE_WITH_KNOTS('',3,(#14180,#14181,#14182,#14183,#14184),
 .UNSPECIFIED.,.F.,.F.,(4,1,4),(0.,0.0623066517246275,0.139709486201683),
 .UNSPECIFIED.);
#2931=B_SPLINE_CURVE_WITH_KNOTS('',3,(#14197,#14198,#14199,#14200,#14201),
 .UNSPECIFIED.,.F.,.F.,(4,1,4),(0.,0.0675779390590767,0.1367037402747),
 .UNSPECIFIED.);
#2932=B_SPLINE_CURVE_WITH_KNOTS('',3,(#14214,#14215,#14216,#14217,#14218),
 .UNSPECIFIED.,.F.,.F.,(4,1,4),(0.,0.07699032384814,0.147558844368486),
 .UNSPECIFIED.);
#2933=B_SPLINE_CURVE_WITH_KNOTS('',3,(#14231,#14232,#14233,#14234,#14235),
 .UNSPECIFIED.,.F.,.F.,(4,1,4),(0.,0.0684920453356631,0.142225674599565),
 .UNSPECIFIED.);
#2934=B_SPLINE_CURVE_WITH_KNOTS('',3,(#14248,#14249,#14250,#14251,#14252),
 .UNSPECIFIED.,.F.,.F.,(4,1,4),(0.,0.0625009063245667,0.126919657905298),
 .UNSPECIFIED.);
#2935=B_SPLINE_CURVE_WITH_KNOTS('',3,(#14264,#14265,#14266,#14267,#14268,
#14269),.UNSPECIFIED.,.F.,.F.,(4,2,4),(0.,0.1,0.2),.UNSPECIFIED.);
#2936=B_SPLINE_CURVE_WITH_KNOTS('',3,(#14270,#14271,#14272,#14273,#14274),
 .UNSPECIFIED.,.F.,.F.,(4,1,4),(0.0282481291564436,0.0811451971401702,0.149387747935176),
 .UNSPECIFIED.);
#2937=B_SPLINE_CURVE_WITH_KNOTS('',3,(#14286,#14287,#14288,#14289,#14290,
#14291),.UNSPECIFIED.,.F.,.F.,(4,2,4),(0.,0.1,0.2),.UNSPECIFIED.);
#2938=B_SPLINE_CURVE_WITH_KNOTS('',3,(#14294,#14295,#14296,#14297,#14298),
 .UNSPECIFIED.,.F.,.F.,(4,1,4),(0.,0.0589725143538767,0.0938763962332252),
 .UNSPECIFIED.);
#2939=B_SPLINE_CURVE_WITH_KNOTS('',3,(#14311,#14312,#14313,#14314,#14315),
 .UNSPECIFIED.,.F.,.F.,(4,1,4),(0.,0.0755875367020322,0.13725508441666),
 .UNSPECIFIED.);
#2940=B_SPLINE_CURVE_WITH_KNOTS('',3,(#14403,#14404,#14405,#14406,#14407),
 .UNSPECIFIED.,.F.,.F.,(4,1,4),(0.,0.0214730671707365,0.0515160552907463),
 .UNSPECIFIED.);
#2941=B_SPLINE_CURVE_WITH_KNOTS('',3,(#14410,#14411,#14412,#14413,#14414),
 .UNSPECIFIED.,.F.,.F.,(4,1,4),(0.,0.0214730671707365,0.0515160552907463),
 .UNSPECIFIED.);
#2942=B_SPLINE_CURVE_WITH_KNOTS('',3,(#14426,#14427,#14428,#14429,#14430),
 .UNSPECIFIED.,.F.,.F.,(4,1,4),(0.,0.0197600347206889,0.037864567825903),
 .UNSPECIFIED.);
#2943=B_SPLINE_CURVE_WITH_KNOTS('',3,(#14433,#14434,#14435,#14436,#14437),
 .UNSPECIFIED.,.F.,.F.,(4,1,4),(0.,0.0197600347206889,0.037864567825903),
 .UNSPECIFIED.);
#2944=B_SPLINE_CURVE_WITH_KNOTS('',3,(#14449,#14450,#14451,#14452,#14453),
 .UNSPECIFIED.,.F.,.F.,(4,1,4),(0.,0.0185561796531281,0.0396178952098913),
 .UNSPECIFIED.);
#2945=B_SPLINE_CURVE_WITH_KNOTS('',3,(#14456,#14457,#14458,#14459,#14460),
 .UNSPECIFIED.,.F.,.F.,(4,1,4),(0.,0.0185561796531281,0.0396178952098913),
 .UNSPECIFIED.);
#2946=B_SPLINE_CURVE_WITH_KNOTS('',3,(#14472,#14473,#14474,#14475,#14476),
 .UNSPECIFIED.,.F.,.F.,(4,1,4),(0.,0.0308108225749612,0.0525698498348628),
 .UNSPECIFIED.);
#2947=B_SPLINE_CURVE_WITH_KNOTS('',3,(#14479,#14480,#14481,#14482,#14483),
 .UNSPECIFIED.,.F.,.F.,(4,1,4),(0.,0.0308108225749612,0.0525698498348628),
 .UNSPECIFIED.);
#2948=B_SPLINE_CURVE_WITH_KNOTS('',3,(#14513,#14514,#14515,#14516,#14517),
 .UNSPECIFIED.,.F.,.F.,(4,1,4),(0.,0.0244796785046295,0.0591340806634084),
 .UNSPECIFIED.);
#2949=B_SPLINE_CURVE_WITH_KNOTS('',3,(#14520,#14521,#14522,#14523,#14524),
 .UNSPECIFIED.,.F.,.F.,(4,1,4),(0.,0.0244796785046295,0.0591340806634084),
 .UNSPECIFIED.);
#2950=B_SPLINE_CURVE_WITH_KNOTS('',3,(#14536,#14537,#14538,#14539,#14540),
 .UNSPECIFIED.,.F.,.F.,(4,1,4),(0.,0.0204009506561735,0.0402109833855956),
 .UNSPECIFIED.);
#2951=B_SPLINE_CURVE_WITH_KNOTS('',3,(#14543,#14544,#14545,#14546,#14547),
 .UNSPECIFIED.,.F.,.F.,(4,1,4),(0.,0.0204009506561735,0.0402109833855956),
 .UNSPECIFIED.);
#2952=B_SPLINE_CURVE_WITH_KNOTS('',3,(#14559,#14560,#14561,#14562,#14563),
 .UNSPECIFIED.,.F.,.F.,(4,1,4),(0.,0.0206348552787756,0.0424663495197602),
 .UNSPECIFIED.);
#2953=B_SPLINE_CURVE_WITH_KNOTS('',3,(#14566,#14567,#14568,#14569,#14570),
 .UNSPECIFIED.,.F.,.F.,(4,1,4),(0.,0.0206348552787756,0.0424663495197602),
 .UNSPECIFIED.);
#2954=B_SPLINE_CURVE_WITH_KNOTS('',3,(#14582,#14583,#14584,#14585,#14586),
 .UNSPECIFIED.,.F.,.F.,(4,1,4),(0.,0.0342046730607656,0.0588615707988877),
 .UNSPECIFIED.);
#2955=B_SPLINE_CURVE_WITH_KNOTS('',3,(#14589,#14590,#14591,#14592,#14593),
 .UNSPECIFIED.,.F.,.F.,(4,1,4),(0.,0.0342046730607656,0.0588615707988877),
 .UNSPECIFIED.);
#2956=B_SPLINE_CURVE_WITH_KNOTS('',3,(#14621,#14622,#14623,#14624,#14625),
 .UNSPECIFIED.,.F.,.F.,(4,1,4),(0.,0.0437010179808276,0.0695929881022218),
 .UNSPECIFIED.);
#2957=B_SPLINE_CURVE_WITH_KNOTS('',3,(#14638,#14639,#14640,#14641,#14642),
 .UNSPECIFIED.,.F.,.F.,(4,1,4),(0.,0.0262518681850773,0.0611680789036812),
 .UNSPECIFIED.);
#2958=B_SPLINE_CURVE_WITH_KNOTS('',3,(#14655,#14656,#14657,#14658,#14659),
 .UNSPECIFIED.,.F.,.F.,(4,1,4),(0.,0.0350811830561898,0.070313780082614),
 .UNSPECIFIED.);
#2959=B_SPLINE_CURVE_WITH_KNOTS('',3,(#14672,#14673,#14674,#14675,#14676),
 .UNSPECIFIED.,.F.,.F.,(4,1,4),(0.,0.0371957208735876,0.0728702183005119),
 .UNSPECIFIED.);
#2960=B_SPLINE_CURVE_WITH_KNOTS('',3,(#14689,#14690,#14691,#14692,#14693),
 .UNSPECIFIED.,.F.,.F.,(4,1,4),(0.,0.040378408678463,0.0845366215351506),
 .UNSPECIFIED.);
#2961=B_SPLINE_CURVE_WITH_KNOTS('',3,(#14706,#14707,#14708,#14709,#14710),
 .UNSPECIFIED.,.F.,.F.,(4,1,4),(0.,0.0499732965474225,0.092184878750779),
 .UNSPECIFIED.);
#2962=B_SPLINE_CURVE_WITH_KNOTS('',3,(#14723,#14724,#14725,#14726,#14727),
 .UNSPECIFIED.,.F.,.F.,(4,1,4),(0.,0.0295419799459217,0.0639515834638988),
 .UNSPECIFIED.);
#2963=B_SPLINE_CURVE_WITH_KNOTS('',3,(#14740,#14741,#14742,#14743,#14744),
 .UNSPECIFIED.,.F.,.F.,(4,1,4),(0.,0.0417586880851737,0.0823231488020815),
 .UNSPECIFIED.);
#2964=B_SPLINE_CURVE_WITH_KNOTS('',3,(#14757,#14758,#14759,#14760,#14761),
 .UNSPECIFIED.,.F.,.F.,(4,1,4),(0.,0.0494865907405264,0.0990423680263409),
 .UNSPECIFIED.);
#2965=B_SPLINE_CURVE_WITH_KNOTS('',3,(#14774,#14775,#14776,#14777,#14778),
 .UNSPECIFIED.,.F.,.F.,(4,1,4),(0.,0.0645307372745565,0.118759053405731),
 .UNSPECIFIED.);
#2966=B_SPLINE_CURVE_WITH_KNOTS('',3,(#14933,#14934,#14935,#14936,#14937),
 .UNSPECIFIED.,.F.,.F.,(4,1,4),(0.,0.04292574223083,0.0841435122181874),
 .UNSPECIFIED.);
#2967=B_SPLINE_CURVE_WITH_KNOTS('',3,(#14941,#14942,#14943,#14944,#14945),
 .UNSPECIFIED.,.F.,.F.,(4,1,4),(0.,0.04292574223083,0.0841435122181874),
 .UNSPECIFIED.);
#2968=B_SPLINE_CURVE_WITH_KNOTS('',3,(#14958,#14959,#14960,#14961,#14962),
 .UNSPECIFIED.,.F.,.F.,(4,1,4),(0.,0.0415031585704084,0.0859541504533685),
 .UNSPECIFIED.);
#2969=B_SPLINE_CURVE_WITH_KNOTS('',3,(#14965,#14966,#14967,#14968,#14969),
 .UNSPECIFIED.,.F.,.F.,(4,1,4),(0.,0.0415031585704084,0.0859541504533685),
 .UNSPECIFIED.);
#2970=B_SPLINE_CURVE_WITH_KNOTS('',3,(#14981,#14982,#14983,#14984,#14985),
 .UNSPECIFIED.,.F.,.F.,(4,1,4),(0.,0.0615065770729887,0.108696069017882),
 .UNSPECIFIED.);
#2971=B_SPLINE_CURVE_WITH_KNOTS('',3,(#14988,#14989,#14990,#14991,#14992),
 .UNSPECIFIED.,.F.,.F.,(4,1,4),(0.,0.0615065770729887,0.108696069017882),
 .UNSPECIFIED.);
#2972=B_SPLINE_CURVE_WITH_KNOTS('',3,(#15004,#15005,#15006,#15007,#15008),
 .UNSPECIFIED.,.F.,.F.,(4,1,4),(0.,0.0496861640236587,0.121039546141528),
 .UNSPECIFIED.);
#2973=B_SPLINE_CURVE_WITH_KNOTS('',3,(#15011,#15012,#15013,#15014,#15015),
 .UNSPECIFIED.,.F.,.F.,(4,1,4),(0.,0.0496861640236587,0.121039546141528),
 .UNSPECIFIED.);
#2974=B_SPLINE_CURVE_WITH_KNOTS('',3,(#15027,#15028,#15029,#15030,#15031),
 .UNSPECIFIED.,.F.,.F.,(4,1,4),(0.,0.044904634685563,0.0858164596066695),
 .UNSPECIFIED.);
#2975=B_SPLINE_CURVE_WITH_KNOTS('',3,(#15034,#15035,#15036,#15037,#15038),
 .UNSPECIFIED.,.F.,.F.,(4,1,4),(0.,0.044904634685563,0.0858164596066695),
 .UNSPECIFIED.);
#2976=B_SPLINE_CURVE_WITH_KNOTS('',3,(#15050,#15051,#15052,#15053,#15054),
 .UNSPECIFIED.,.F.,.F.,(4,1,4),(0.,0.0414561143637174,0.085595770172615),
 .UNSPECIFIED.);
#2977=B_SPLINE_CURVE_WITH_KNOTS('',3,(#15057,#15058,#15059,#15060,#15061),
 .UNSPECIFIED.,.F.,.F.,(4,1,4),(0.,0.0414561143637174,0.085595770172615),
 .UNSPECIFIED.);
#2978=B_SPLINE_CURVE_WITH_KNOTS('',3,(#15073,#15074,#15075,#15076,#15077),
 .UNSPECIFIED.,.F.,.F.,(4,1,4),(0.,0.0654371748012854,0.114003299447582),
 .UNSPECIFIED.);
#2979=B_SPLINE_CURVE_WITH_KNOTS('',3,(#15080,#15081,#15082,#15083,#15084),
 .UNSPECIFIED.,.F.,.F.,(4,1,4),(0.,0.0654371748012854,0.114003299447582),
 .UNSPECIFIED.);
#2980=B_SPLINE_CURVE_WITH_KNOTS('',3,(#15095,#15096,#15097,#15098,#15099),
 .UNSPECIFIED.,.F.,.F.,(4,1,4),(0.,0.0487751825869888,0.114725568456792),
 .UNSPECIFIED.);
#2981=B_SPLINE_CURVE_WITH_KNOTS('',3,(#15100,#15101,#15102,#15103,#15104),
 .UNSPECIFIED.,.F.,.F.,(4,1,4),(0.,0.0487751825869888,0.114725568456792),
 .UNSPECIFIED.);
#2982=B_SPLINE_CURVE_WITH_KNOTS('',3,(#15118,#15119,#15120,#15121,#15122),
 .UNSPECIFIED.,.F.,.F.,(4,1,4),(0.,0.0610587884533034,0.125272365892546),
 .UNSPECIFIED.);
#2983=B_SPLINE_CURVE_WITH_KNOTS('',3,(#15136,#15137,#15138,#15139,#15140),
 .UNSPECIFIED.,.F.,.F.,(4,1,4),(0.,0.0775863551022321,0.143474949224755),
 .UNSPECIFIED.);
#2984=B_SPLINE_CURVE_WITH_KNOTS('',3,(#15153,#15154,#15155,#15156,#15157),
 .UNSPECIFIED.,.F.,.F.,(4,1,4),(0.,0.0668584882102598,0.143611977852466),
 .UNSPECIFIED.);
#2985=B_SPLINE_CURVE_WITH_KNOTS('',3,(#15170,#15171,#15172,#15173,#15174),
 .UNSPECIFIED.,.F.,.F.,(4,1,4),(0.,0.0615543675544091,0.123373804941311),
 .UNSPECIFIED.);
#2986=B_SPLINE_CURVE_WITH_KNOTS('',3,(#15187,#15188,#15189,#15190,#15191),
 .UNSPECIFIED.,.F.,.F.,(4,1,4),(0.,0.0801066482405149,0.147816126933153),
 .UNSPECIFIED.);
#2987=B_SPLINE_CURVE_WITH_KNOTS('',3,(#15204,#15205,#15206,#15207,#15208),
 .UNSPECIFIED.,.F.,.F.,(4,1,4),(0.,0.0950640823520353,0.203691323735079),
 .UNSPECIFIED.);
#2988=B_SPLINE_CURVE_WITH_KNOTS('',3,(#15220,#15221,#15222,#15223,#15224,
#15225),.UNSPECIFIED.,.F.,.F.,(4,2,4),(0.,0.1,0.2),.UNSPECIFIED.);
#2989=B_SPLINE_CURVE_WITH_KNOTS('',3,(#15226,#15227,#15228,#15229,#15230),
 .UNSPECIFIED.,.F.,.F.,(4,1,4),(0.0194694595770539,0.111767594434091,0.2078237728245),
 .UNSPECIFIED.);
#2990=B_SPLINE_CURVE_WITH_KNOTS('',3,(#15242,#15243,#15244,#15245,#15246,
#15247),.UNSPECIFIED.,.F.,.F.,(4,2,4),(0.,0.1,0.2),.UNSPECIFIED.);
#2991=B_SPLINE_CURVE_WITH_KNOTS('',3,(#15250,#15251,#15252,#15253,#15254),
 .UNSPECIFIED.,.F.,.F.,(4,1,4),(0.,0.0963110496370918,0.18837241892972),
 .UNSPECIFIED.);
#2992=B_SPLINE_CURVE_WITH_KNOTS('',3,(#15267,#15268,#15269,#15270,#15271),
 .UNSPECIFIED.,.F.,.F.,(4,1,4),(0.,0.110212068149309,0.20666757334141),
 .UNSPECIFIED.);
#2993=B_SPLINE_CURVE_WITH_KNOTS('',3,(#15282,#15283,#15284,#15285,#15286),
 .UNSPECIFIED.,.F.,.F.,(4,1,4),(0.,0.0705553191432582,0.151336252970245),
 .UNSPECIFIED.);
#2994=VERTEX_POINT('',#9307);
#2995=VERTEX_POINT('',#9308);
#2996=VERTEX_POINT('',#9314);
#2997=VERTEX_POINT('',#9316);
#2998=VERTEX_POINT('',#9333);
#2999=VERTEX_POINT('',#9339);
#3000=VERTEX_POINT('',#9356);
#3001=VERTEX_POINT('',#9362);
#3002=VERTEX_POINT('',#9379);
#3003=VERTEX_POINT('',#9385);
#3004=VERTEX_POINT('',#9402);
#3005=VERTEX_POINT('',#9408);
#3006=VERTEX_POINT('',#9425);
#3007=VERTEX_POINT('',#9431);
#3008=VERTEX_POINT('',#9448);
#3009=VERTEX_POINT('',#9454);
#3010=VERTEX_POINT('',#9491);
#3011=VERTEX_POINT('',#9492);
#3012=VERTEX_POINT('',#9498);
#3013=VERTEX_POINT('',#9500);
#3014=VERTEX_POINT('',#9517);
#3015=VERTEX_POINT('',#9523);
#3016=VERTEX_POINT('',#9540);
#3017=VERTEX_POINT('',#9546);
#3018=VERTEX_POINT('',#9563);
#3019=VERTEX_POINT('',#9569);
#3020=VERTEX_POINT('',#9586);
#3021=VERTEX_POINT('',#9592);
#3022=VERTEX_POINT('',#9609);
#3023=VERTEX_POINT('',#9615);
#3024=VERTEX_POINT('',#9632);
#3025=VERTEX_POINT('',#9638);
#3026=VERTEX_POINT('',#9667);
#3027=VERTEX_POINT('',#9668);
#3028=VERTEX_POINT('',#9670);
#3029=VERTEX_POINT('',#9672);
#3030=VERTEX_POINT('',#9676);
#3031=VERTEX_POINT('',#9678);
#3032=VERTEX_POINT('',#9691);
#3033=VERTEX_POINT('',#9697);
#3034=VERTEX_POINT('',#9714);
#3035=VERTEX_POINT('',#9720);
#3036=VERTEX_POINT('',#9737);
#3037=VERTEX_POINT('',#9743);
#3038=VERTEX_POINT('',#9760);
#3039=VERTEX_POINT('',#9766);
#3040=VERTEX_POINT('',#9774);
#3041=VERTEX_POINT('',#9776);
#3042=VERTEX_POINT('',#9780);
#3043=VERTEX_POINT('',#9782);
#3044=VERTEX_POINT('',#9786);
#3045=VERTEX_POINT('',#9788);
#3046=VERTEX_POINT('',#9801);
#3047=VERTEX_POINT('',#9807);
#3048=VERTEX_POINT('',#9824);
#3049=VERTEX_POINT('',#9830);
#3050=VERTEX_POINT('',#9847);
#3051=VERTEX_POINT('',#9853);
#3052=VERTEX_POINT('',#9870);
#3053=VERTEX_POINT('',#9876);
#3054=VERTEX_POINT('',#9884);
#3055=VERTEX_POINT('',#9886);
#3056=VERTEX_POINT('',#9890);
#3057=VERTEX_POINT('',#9892);
#3058=VERTEX_POINT('',#9909);
#3059=VERTEX_POINT('',#9910);
#3060=VERTEX_POINT('',#9916);
#3061=VERTEX_POINT('',#9918);
#3062=VERTEX_POINT('',#9935);
#3063=VERTEX_POINT('',#9941);
#3064=VERTEX_POINT('',#9958);
#3065=VERTEX_POINT('',#9964);
#3066=VERTEX_POINT('',#9981);
#3067=VERTEX_POINT('',#9987);
#3068=VERTEX_POINT('',#10004);
#3069=VERTEX_POINT('',#10010);
#3070=VERTEX_POINT('',#10027);
#3071=VERTEX_POINT('',#10033);
#3072=VERTEX_POINT('',#10050);
#3073=VERTEX_POINT('',#10056);
#3074=VERTEX_POINT('',#10073);
#3075=VERTEX_POINT('',#10079);
#3076=VERTEX_POINT('',#10099);
#3077=VERTEX_POINT('',#10100);
#3078=VERTEX_POINT('',#10106);
#3079=VERTEX_POINT('',#10108);
#3080=VERTEX_POINT('',#10125);
#3081=VERTEX_POINT('',#10131);
#3082=VERTEX_POINT('',#10148);
#3083=VERTEX_POINT('',#10154);
#3084=VERTEX_POINT('',#10171);
#3085=VERTEX_POINT('',#10177);
#3086=VERTEX_POINT('',#10194);
#3087=VERTEX_POINT('',#10200);
#3088=VERTEX_POINT('',#10217);
#3089=VERTEX_POINT('',#10223);
#3090=VERTEX_POINT('',#10240);
#3091=VERTEX_POINT('',#10246);
#3092=VERTEX_POINT('',#10263);
#3093=VERTEX_POINT('',#10269);
#3094=VERTEX_POINT('',#10286);
#3095=VERTEX_POINT('',#10292);
#3096=VERTEX_POINT('',#10309);
#3097=VERTEX_POINT('',#10315);
#3098=VERTEX_POINT('',#10332);
#3099=VERTEX_POINT('',#10338);
#3100=VERTEX_POINT('',#10355);
#3101=VERTEX_POINT('',#10361);
#3102=VERTEX_POINT('',#10378);
#3103=VERTEX_POINT('',#10384);
#3104=VERTEX_POINT('',#10392);
#3105=VERTEX_POINT('',#10394);
#3106=VERTEX_POINT('',#10407);
#3107=VERTEX_POINT('',#10413);
#3108=VERTEX_POINT('',#10430);
#3109=VERTEX_POINT('',#10436);
#3110=VERTEX_POINT('',#10444);
#3111=VERTEX_POINT('',#10446);
#3112=VERTEX_POINT('',#10459);
#3113=VERTEX_POINT('',#10465);
#3114=VERTEX_POINT('',#10482);
#3115=VERTEX_POINT('',#10488);
#3116=VERTEX_POINT('',#10505);
#3117=VERTEX_POINT('',#10511);
#3118=VERTEX_POINT('',#10528);
#3119=VERTEX_POINT('',#10534);
#3120=VERTEX_POINT('',#10551);
#3121=VERTEX_POINT('',#10557);
#3122=VERTEX_POINT('',#10574);
#3123=VERTEX_POINT('',#10580);
#3124=VERTEX_POINT('',#10597);
#3125=VERTEX_POINT('',#10603);
#3126=VERTEX_POINT('',#10620);
#3127=VERTEX_POINT('',#10626);
#3128=VERTEX_POINT('',#10634);
#3129=VERTEX_POINT('',#10636);
#3130=VERTEX_POINT('',#10670);
#3131=VERTEX_POINT('',#10671);
#3132=VERTEX_POINT('',#10677);
#3133=VERTEX_POINT('',#10679);
#3134=VERTEX_POINT('',#10696);
#3135=VERTEX_POINT('',#10702);
#3136=VERTEX_POINT('',#10719);
#3137=VERTEX_POINT('',#10725);
#3138=VERTEX_POINT('',#10742);
#3139=VERTEX_POINT('',#10748);
#3140=VERTEX_POINT('',#10765);
#3141=VERTEX_POINT('',#10771);
#3142=VERTEX_POINT('',#10788);
#3143=VERTEX_POINT('',#10794);
#3144=VERTEX_POINT('',#10811);
#3145=VERTEX_POINT('',#10817);
#3146=VERTEX_POINT('',#10834);
#3147=VERTEX_POINT('',#10840);
#3148=VERTEX_POINT('',#10860);
#3149=VERTEX_POINT('',#10861);
#3150=VERTEX_POINT('',#10867);
#3151=VERTEX_POINT('',#10869);
#3152=VERTEX_POINT('',#10886);
#3153=VERTEX_POINT('',#10892);
#3154=VERTEX_POINT('',#10909);
#3155=VERTEX_POINT('',#10915);
#3156=VERTEX_POINT('',#10932);
#3157=VERTEX_POINT('',#10938);
#3158=VERTEX_POINT('',#10955);
#3159=VERTEX_POINT('',#10961);
#3160=VERTEX_POINT('',#10978);
#3161=VERTEX_POINT('',#10984);
#3162=VERTEX_POINT('',#11001);
#3163=VERTEX_POINT('',#11007);
#3164=VERTEX_POINT('',#11024);
#3165=VERTEX_POINT('',#11030);
#3166=VERTEX_POINT('',#11047);
#3167=VERTEX_POINT('',#11053);
#3168=VERTEX_POINT('',#11070);
#3169=VERTEX_POINT('',#11076);
#3170=VERTEX_POINT('',#11093);
#3171=VERTEX_POINT('',#11099);
#3172=VERTEX_POINT('',#11116);
#3173=VERTEX_POINT('',#11122);
#3174=VERTEX_POINT('',#11139);
#3175=VERTEX_POINT('',#11145);
#3176=VERTEX_POINT('',#11153);
#3177=VERTEX_POINT('',#11155);
#3178=VERTEX_POINT('',#11168);
#3179=VERTEX_POINT('',#11174);
#3180=VERTEX_POINT('',#11191);
#3181=VERTEX_POINT('',#11197);
#3182=VERTEX_POINT('',#11205);
#3183=VERTEX_POINT('',#11207);
#3184=VERTEX_POINT('',#11220);
#3185=VERTEX_POINT('',#11226);
#3186=VERTEX_POINT('',#11243);
#3187=VERTEX_POINT('',#11249);
#3188=VERTEX_POINT('',#11266);
#3189=VERTEX_POINT('',#11272);
#3190=VERTEX_POINT('',#11289);
#3191=VERTEX_POINT('',#11295);
#3192=VERTEX_POINT('',#11312);
#3193=VERTEX_POINT('',#11318);
#3194=VERTEX_POINT('',#11335);
#3195=VERTEX_POINT('',#11341);
#3196=VERTEX_POINT('',#11358);
#3197=VERTEX_POINT('',#11364);
#3198=VERTEX_POINT('',#11381);
#3199=VERTEX_POINT('',#11387);
#3200=VERTEX_POINT('',#11395);
#3201=VERTEX_POINT('',#11397);
#3202=VERTEX_POINT('',#11422);
#3203=VERTEX_POINT('',#11423);
#3204=VERTEX_POINT('',#11425);
#3205=VERTEX_POINT('',#11427);
#3206=VERTEX_POINT('',#11431);
#3207=VERTEX_POINT('',#11433);
#3208=VERTEX_POINT('',#11437);
#3209=VERTEX_POINT('',#11439);
#3210=VERTEX_POINT('',#11443);
#3211=VERTEX_POINT('',#11445);
#3212=VERTEX_POINT('',#11449);
#3213=VERTEX_POINT('',#11451);
#3214=VERTEX_POINT('',#11455);
#3215=VERTEX_POINT('',#11457);
#3216=VERTEX_POINT('',#11461);
#3217=VERTEX_POINT('',#11463);
#3218=VERTEX_POINT('',#11467);
#3219=VERTEX_POINT('',#11469);
#3220=VERTEX_POINT('',#11473);
#3221=VERTEX_POINT('',#11475);
#3222=VERTEX_POINT('',#11479);
#3223=VERTEX_POINT('',#11481);
#3224=VERTEX_POINT('',#11485);
#3225=VERTEX_POINT('',#11487);
#3226=VERTEX_POINT('',#11495);
#3227=VERTEX_POINT('',#11496);
#3228=VERTEX_POINT('',#11498);
#3229=VERTEX_POINT('',#11500);
#3230=VERTEX_POINT('',#11504);
#3231=VERTEX_POINT('',#11506);
#3232=VERTEX_POINT('',#11519);
#3233=VERTEX_POINT('',#11525);
#3234=VERTEX_POINT('',#11542);
#3235=VERTEX_POINT('',#11548);
#3236=VERTEX_POINT('',#11565);
#3237=VERTEX_POINT('',#11571);
#3238=VERTEX_POINT('',#11588);
#3239=VERTEX_POINT('',#11594);
#3240=VERTEX_POINT('',#11602);
#3241=VERTEX_POINT('',#11604);
#3242=VERTEX_POINT('',#11608);
#3243=VERTEX_POINT('',#11610);
#3244=VERTEX_POINT('',#11614);
#3245=VERTEX_POINT('',#11616);
#3246=VERTEX_POINT('',#11629);
#3247=VERTEX_POINT('',#11635);
#3248=VERTEX_POINT('',#11652);
#3249=VERTEX_POINT('',#11658);
#3250=VERTEX_POINT('',#11675);
#3251=VERTEX_POINT('',#11681);
#3252=VERTEX_POINT('',#11698);
#3253=VERTEX_POINT('',#11704);
#3254=VERTEX_POINT('',#11712);
#3255=VERTEX_POINT('',#11714);
#3256=VERTEX_POINT('',#11718);
#3257=VERTEX_POINT('',#11720);
#3258=VERTEX_POINT('',#11728);
#3259=VERTEX_POINT('',#11729);
#3260=VERTEX_POINT('',#11731);
#3261=VERTEX_POINT('',#11733);
#3262=VERTEX_POINT('',#11737);
#3263=VERTEX_POINT('',#11739);
#3264=VERTEX_POINT('',#11752);
#3265=VERTEX_POINT('',#11758);
#3266=VERTEX_POINT('',#11775);
#3267=VERTEX_POINT('',#11781);
#3268=VERTEX_POINT('',#11798);
#3269=VERTEX_POINT('',#11804);
#3270=VERTEX_POINT('',#11821);
#3271=VERTEX_POINT('',#11827);
#3272=VERTEX_POINT('',#11844);
#3273=VERTEX_POINT('',#11850);
#3274=VERTEX_POINT('',#11858);
#3275=VERTEX_POINT('',#11860);
#3276=VERTEX_POINT('',#11864);
#3277=VERTEX_POINT('',#11866);
#3278=VERTEX_POINT('',#11870);
#3279=VERTEX_POINT('',#11872);
#3280=VERTEX_POINT('',#11885);
#3281=VERTEX_POINT('',#11891);
#3282=VERTEX_POINT('',#11908);
#3283=VERTEX_POINT('',#11914);
#3284=VERTEX_POINT('',#11931);
#3285=VERTEX_POINT('',#11937);
#3286=VERTEX_POINT('',#11954);
#3287=VERTEX_POINT('',#11960);
#3288=VERTEX_POINT('',#11968);
#3289=VERTEX_POINT('',#11970);
#3290=VERTEX_POINT('',#11974);
#3291=VERTEX_POINT('',#11976);
#3292=VERTEX_POINT('',#11980);
#3293=VERTEX_POINT('',#11982);
#3294=VERTEX_POINT('',#11995);
#3295=VERTEX_POINT('',#12001);
#3296=VERTEX_POINT('',#12018);
#3297=VERTEX_POINT('',#12024);
#3298=VERTEX_POINT('',#12041);
#3299=VERTEX_POINT('',#12047);
#3300=VERTEX_POINT('',#12064);
#3301=VERTEX_POINT('',#12070);
#3302=VERTEX_POINT('',#12087);
#3303=VERTEX_POINT('',#12093);
#3304=VERTEX_POINT('',#12110);
#3305=VERTEX_POINT('',#12116);
#3306=VERTEX_POINT('',#12133);
#3307=VERTEX_POINT('',#12139);
#3308=VERTEX_POINT('',#12156);
#3309=VERTEX_POINT('',#12162);
#3310=VERTEX_POINT('',#12170);
#3311=VERTEX_POINT('',#12172);
#3312=VERTEX_POINT('',#12176);
#3313=VERTEX_POINT('',#12178);
#3314=VERTEX_POINT('',#12186);
#3315=VERTEX_POINT('',#12187);
#3316=VERTEX_POINT('',#12189);
#3317=VERTEX_POINT('',#12191);
#3318=VERTEX_POINT('',#12195);
#3319=VERTEX_POINT('',#12197);
#3320=VERTEX_POINT('',#12201);
#3321=VERTEX_POINT('',#12203);
#3322=VERTEX_POINT('',#12207);
#3323=VERTEX_POINT('',#12209);
#3324=VERTEX_POINT('',#12213);
#3325=VERTEX_POINT('',#12215);
#3326=VERTEX_POINT('',#12219);
#3327=VERTEX_POINT('',#12221);
#3328=VERTEX_POINT('',#12225);
#3329=VERTEX_POINT('',#12227);
#3330=VERTEX_POINT('',#12231);
#3331=VERTEX_POINT('',#12233);
#3332=VERTEX_POINT('',#12237);
#3333=VERTEX_POINT('',#12239);
#3334=VERTEX_POINT('',#12243);
#3335=VERTEX_POINT('',#12245);
#3336=VERTEX_POINT('',#12249);
#3337=VERTEX_POINT('',#12251);
#3338=VERTEX_POINT('',#12262);
#3339=VERTEX_POINT('',#12263);
#3340=VERTEX_POINT('',#12265);
#3341=VERTEX_POINT('',#12267);
#3342=VERTEX_POINT('',#12271);
#3343=VERTEX_POINT('',#12273);
#3344=VERTEX_POINT('',#12277);
#3345=VERTEX_POINT('',#12279);
#3346=VERTEX_POINT('',#12281);
#3347=VERTEX_POINT('',#12283);
#3348=VERTEX_POINT('',#12285);
#3349=VERTEX_POINT('',#12288);
#3350=VERTEX_POINT('',#12291);
#3351=VERTEX_POINT('',#12292);
#3352=VERTEX_POINT('',#12295);
#3353=VERTEX_POINT('',#12297);
#3354=VERTEX_POINT('',#12299);
#3355=VERTEX_POINT('',#12301);
#3356=VERTEX_POINT('',#12305);
#3357=VERTEX_POINT('',#12307);
#3358=VERTEX_POINT('',#12311);
#3359=VERTEX_POINT('',#12313);
#3360=VERTEX_POINT('',#12315);
#3361=VERTEX_POINT('',#12321);
#3362=VERTEX_POINT('',#12327);
#3363=VERTEX_POINT('',#12333);
#3364=VERTEX_POINT('',#12339);
#3365=VERTEX_POINT('',#12345);
#3366=VERTEX_POINT('',#12351);
#3367=VERTEX_POINT('',#12357);
#3368=VERTEX_POINT('',#12363);
#3369=VERTEX_POINT('',#12369);
#3370=VERTEX_POINT('',#12375);
#3371=VERTEX_POINT('',#12377);
#3372=VERTEX_POINT('',#12383);
#3373=VERTEX_POINT('',#12389);
#3374=VERTEX_POINT('',#12395);
#3375=VERTEX_POINT('',#12401);
#3376=VERTEX_POINT('',#12407);
#3377=VERTEX_POINT('',#12413);
#3378=VERTEX_POINT('',#12419);
#3379=VERTEX_POINT('',#12425);
#3380=VERTEX_POINT('',#12431);
#3381=VERTEX_POINT('',#12438);
#3382=VERTEX_POINT('',#12440);
#3383=VERTEX_POINT('',#12442);
#3384=VERTEX_POINT('',#12444);
#3385=VERTEX_POINT('',#12446);
#3386=VERTEX_POINT('',#12448);
#3387=VERTEX_POINT('',#12450);
#3388=VERTEX_POINT('',#12453);
#3389=VERTEX_POINT('',#12455);
#3390=VERTEX_POINT('',#12457);
#3391=VERTEX_POINT('',#12459);
#3392=VERTEX_POINT('',#12461);
#3393=VERTEX_POINT('',#12463);
#3394=VERTEX_POINT('',#12465);
#3395=VERTEX_POINT('',#12467);
#3396=VERTEX_POINT('',#12469);
#3397=VERTEX_POINT('',#12475);
#3398=VERTEX_POINT('',#12481);
#3399=VERTEX_POINT('',#12487);
#3400=VERTEX_POINT('',#12493);
#3401=VERTEX_POINT('',#12499);
#3402=VERTEX_POINT('',#12505);
#3403=VERTEX_POINT('',#12511);
#3404=VERTEX_POINT('',#12517);
#3405=VERTEX_POINT('',#12523);
#3406=VERTEX_POINT('',#12525);
#3407=VERTEX_POINT('',#12531);
#3408=VERTEX_POINT('',#12537);
#3409=VERTEX_POINT('',#12543);
#3410=VERTEX_POINT('',#12549);
#3411=VERTEX_POINT('',#12555);
#3412=VERTEX_POINT('',#12561);
#3413=VERTEX_POINT('',#12567);
#3414=VERTEX_POINT('',#12573);
#3415=VERTEX_POINT('',#12575);
#3416=VERTEX_POINT('',#12577);
#3417=VERTEX_POINT('',#12579);
#3418=VERTEX_POINT('',#12581);
#3419=VERTEX_POINT('',#12583);
#3420=VERTEX_POINT('',#12589);
#3421=VERTEX_POINT('',#12596);
#3422=VERTEX_POINT('',#12597);
#3423=VERTEX_POINT('',#12599);
#3424=VERTEX_POINT('',#12601);
#3425=VERTEX_POINT('',#12603);
#3426=VERTEX_POINT('',#12609);
#3427=VERTEX_POINT('',#12615);
#3428=VERTEX_POINT('',#12621);
#3429=VERTEX_POINT('',#12627);
#3430=VERTEX_POINT('',#12633);
#3431=VERTEX_POINT('',#12639);
#3432=VERTEX_POINT('',#12645);
#3433=VERTEX_POINT('',#12651);
#3434=VERTEX_POINT('',#12662);
#3435=VERTEX_POINT('',#12663);
#3436=VERTEX_POINT('',#12669);
#3437=VERTEX_POINT('',#12671);
#3438=VERTEX_POINT('',#12673);
#3439=VERTEX_POINT('',#12675);
#3440=VERTEX_POINT('',#12681);
#3441=VERTEX_POINT('',#12687);
#3442=VERTEX_POINT('',#12693);
#3443=VERTEX_POINT('',#12699);
#3444=VERTEX_POINT('',#12705);
#3445=VERTEX_POINT('',#12711);
#3446=VERTEX_POINT('',#12717);
#3447=VERTEX_POINT('',#12723);
#3448=VERTEX_POINT('',#12729);
#3449=VERTEX_POINT('',#12731);
#3450=VERTEX_POINT('',#12733);
#3451=VERTEX_POINT('',#12735);
#3452=VERTEX_POINT('',#12741);
#3453=VERTEX_POINT('',#12752);
#3454=VERTEX_POINT('',#12753);
#3455=VERTEX_POINT('',#12755);
#3456=VERTEX_POINT('',#12757);
#3457=VERTEX_POINT('',#12759);
#3458=VERTEX_POINT('',#12761);
#3459=VERTEX_POINT('',#12763);
#3460=VERTEX_POINT('',#12765);
#3461=VERTEX_POINT('',#12768);
#3462=VERTEX_POINT('',#12769);
#3463=VERTEX_POINT('',#12771);
#3464=VERTEX_POINT('',#12773);
#3465=VERTEX_POINT('',#12775);
#3466=VERTEX_POINT('',#12781);
#3467=VERTEX_POINT('',#12787);
#3468=VERTEX_POINT('',#12793);
#3469=VERTEX_POINT('',#12799);
#3470=VERTEX_POINT('',#12805);
#3471=VERTEX_POINT('',#12811);
#3472=VERTEX_POINT('',#12817);
#3473=VERTEX_POINT('',#12823);
#3474=VERTEX_POINT('',#12834);
#3475=VERTEX_POINT('',#12835);
#3476=VERTEX_POINT('',#12837);
#3477=VERTEX_POINT('',#12839);
#3478=VERTEX_POINT('',#12841);
#3479=VERTEX_POINT('',#12843);
#3480=VERTEX_POINT('',#12845);
#3481=VERTEX_POINT('',#12847);
#3482=VERTEX_POINT('',#12849);
#3483=VERTEX_POINT('',#12851);
#3484=VERTEX_POINT('',#12854);
#3485=VERTEX_POINT('',#12855);
#3486=VERTEX_POINT('',#12857);
#3487=VERTEX_POINT('',#12859);
#3488=VERTEX_POINT('',#12861);
#3489=VERTEX_POINT('',#12863);
#3490=VERTEX_POINT('',#12865);
#3491=VERTEX_POINT('',#12867);
#3492=VERTEX_POINT('',#12869);
#3493=VERTEX_POINT('',#12871);
#3494=VERTEX_POINT('',#12874);
#3495=VERTEX_POINT('',#12875);
#3496=VERTEX_POINT('',#12877);
#3497=VERTEX_POINT('',#12879);
#3498=VERTEX_POINT('',#12881);
#3499=VERTEX_POINT('',#12883);
#3500=VERTEX_POINT('',#12885);
#3501=VERTEX_POINT('',#12887);
#3502=VERTEX_POINT('',#12889);
#3503=VERTEX_POINT('',#12891);
#3504=VERTEX_POINT('',#12893);
#3505=VERTEX_POINT('',#12895);
#3506=VERTEX_POINT('',#12897);
#3507=VERTEX_POINT('',#12900);
#3508=VERTEX_POINT('',#12901);
#3509=VERTEX_POINT('',#12903);
#3510=VERTEX_POINT('',#12905);
#3511=VERTEX_POINT('',#12907);
#3512=VERTEX_POINT('',#12909);
#3513=VERTEX_POINT('',#12911);
#3514=VERTEX_POINT('',#12913);
#3515=VERTEX_POINT('',#12915);
#3516=VERTEX_POINT('',#12917);
#3517=VERTEX_POINT('',#12919);
#3518=VERTEX_POINT('',#12921);
#3519=VERTEX_POINT('',#12923);
#3520=VERTEX_POINT('',#12926);
#3521=VERTEX_POINT('',#12934);
#3522=VERTEX_POINT('',#12936);
#3523=VERTEX_POINT('',#12940);
#3524=VERTEX_POINT('',#12953);
#3525=VERTEX_POINT('',#12954);
#3526=VERTEX_POINT('',#12960);
#3527=VERTEX_POINT('',#12962);
#3528=VERTEX_POINT('',#12979);
#3529=VERTEX_POINT('',#12985);
#3530=VERTEX_POINT('',#13002);
#3531=VERTEX_POINT('',#13008);
#3532=VERTEX_POINT('',#13025);
#3533=VERTEX_POINT('',#13031);
#3534=VERTEX_POINT('',#13048);
#3535=VERTEX_POINT('',#13054);
#3536=VERTEX_POINT('',#13071);
#3537=VERTEX_POINT('',#13077);
#3538=VERTEX_POINT('',#13094);
#3539=VERTEX_POINT('',#13100);
#3540=VERTEX_POINT('',#13137);
#3541=VERTEX_POINT('',#13139);
#3542=VERTEX_POINT('',#13156);
#3543=VERTEX_POINT('',#13173);
#3544=VERTEX_POINT('',#13190);
#3545=VERTEX_POINT('',#13207);
#3546=VERTEX_POINT('',#13224);
#3547=VERTEX_POINT('',#13241);
#3548=VERTEX_POINT('',#13263);
#3549=VERTEX_POINT('',#13270);
#3550=VERTEX_POINT('',#13287);
#3551=VERTEX_POINT('',#13312);
#3552=VERTEX_POINT('',#13313);
#3553=VERTEX_POINT('',#13315);
#3554=VERTEX_POINT('',#13317);
#3555=VERTEX_POINT('',#13330);
#3556=VERTEX_POINT('',#13336);
#3557=VERTEX_POINT('',#13353);
#3558=VERTEX_POINT('',#13359);
#3559=VERTEX_POINT('',#13376);
#3560=VERTEX_POINT('',#13382);
#3561=VERTEX_POINT('',#13399);
#3562=VERTEX_POINT('',#13405);
#3563=VERTEX_POINT('',#13413);
#3564=VERTEX_POINT('',#13415);
#3565=VERTEX_POINT('',#13422);
#3566=VERTEX_POINT('',#13423);
#3567=VERTEX_POINT('',#13425);
#3568=VERTEX_POINT('',#13427);
#3569=VERTEX_POINT('',#13440);
#3570=VERTEX_POINT('',#13446);
#3571=VERTEX_POINT('',#13463);
#3572=VERTEX_POINT('',#13469);
#3573=VERTEX_POINT('',#13486);
#3574=VERTEX_POINT('',#13492);
#3575=VERTEX_POINT('',#13509);
#3576=VERTEX_POINT('',#13515);
#3577=VERTEX_POINT('',#13523);
#3578=VERTEX_POINT('',#13525);
#3579=VERTEX_POINT('',#13532);
#3580=VERTEX_POINT('',#13534);
#3581=VERTEX_POINT('',#13547);
#3582=VERTEX_POINT('',#13564);
#3583=VERTEX_POINT('',#13581);
#3584=VERTEX_POINT('',#13598);
#3585=VERTEX_POINT('',#13615);
#3586=VERTEX_POINT('',#13632);
#3587=VERTEX_POINT('',#13649);
#3588=VERTEX_POINT('',#13666);
#3589=VERTEX_POINT('',#13683);
#3590=VERTEX_POINT('',#13700);
#3591=VERTEX_POINT('',#13708);
#3592=VERTEX_POINT('',#13724);
#3593=VERTEX_POINT('',#13726);
#3594=VERTEX_POINT('',#13743);
#3595=VERTEX_POINT('',#13760);
#3596=VERTEX_POINT('',#13777);
#3597=VERTEX_POINT('',#13785);
#3598=VERTEX_POINT('',#13789);
#3599=VERTEX_POINT('',#13793);
#3600=VERTEX_POINT('',#13806);
#3601=VERTEX_POINT('',#13823);
#3602=VERTEX_POINT('',#13840);
#3603=VERTEX_POINT('',#13857);
#3604=VERTEX_POINT('',#13874);
#3605=VERTEX_POINT('',#13891);
#3606=VERTEX_POINT('',#13908);
#3607=VERTEX_POINT('',#13925);
#3608=VERTEX_POINT('',#13942);
#3609=VERTEX_POINT('',#13950);
#3610=VERTEX_POINT('',#13954);
#3611=VERTEX_POINT('',#13961);
#3612=VERTEX_POINT('',#13965);
#3613=VERTEX_POINT('',#13972);
#3614=VERTEX_POINT('',#13974);
#3615=VERTEX_POINT('',#13987);
#3616=VERTEX_POINT('',#14004);
#3617=VERTEX_POINT('',#14021);
#3618=VERTEX_POINT('',#14038);
#3619=VERTEX_POINT('',#14055);
#3620=VERTEX_POINT('',#14072);
#3621=VERTEX_POINT('',#14089);
#3622=VERTEX_POINT('',#14106);
#3623=VERTEX_POINT('',#14114);
#3624=VERTEX_POINT('',#14127);
#3625=VERTEX_POINT('',#14144);
#3626=VERTEX_POINT('',#14161);
#3627=VERTEX_POINT('',#14178);
#3628=VERTEX_POINT('',#14195);
#3629=VERTEX_POINT('',#14212);
#3630=VERTEX_POINT('',#14229);
#3631=VERTEX_POINT('',#14246);
#3632=VERTEX_POINT('',#14263);
#3633=VERTEX_POINT('',#14285);
#3634=VERTEX_POINT('',#14292);
#3635=VERTEX_POINT('',#14309);
#3636=VERTEX_POINT('',#14317);
#3637=VERTEX_POINT('',#14321);
#3638=VERTEX_POINT('',#14325);
#3639=VERTEX_POINT('',#14333);
#3640=VERTEX_POINT('',#14334);
#3641=VERTEX_POINT('',#14336);
#3642=VERTEX_POINT('',#14338);
#3643=VERTEX_POINT('',#14342);
#3644=VERTEX_POINT('',#14344);
#3645=VERTEX_POINT('',#14351);
#3646=VERTEX_POINT('',#14353);
#3647=VERTEX_POINT('',#14357);
#3648=VERTEX_POINT('',#14361);
#3649=VERTEX_POINT('',#14365);
#3650=VERTEX_POINT('',#14369);
#3651=VERTEX_POINT('',#14373);
#3652=VERTEX_POINT('',#14377);
#3653=VERTEX_POINT('',#14384);
#3654=VERTEX_POINT('',#14385);
#3655=VERTEX_POINT('',#14387);
#3656=VERTEX_POINT('',#14389);
#3657=VERTEX_POINT('',#14402);
#3658=VERTEX_POINT('',#14408);
#3659=VERTEX_POINT('',#14425);
#3660=VERTEX_POINT('',#14431);
#3661=VERTEX_POINT('',#14448);
#3662=VERTEX_POINT('',#14454);
#3663=VERTEX_POINT('',#14471);
#3664=VERTEX_POINT('',#14477);
#3665=VERTEX_POINT('',#14485);
#3666=VERTEX_POINT('',#14487);
#3667=VERTEX_POINT('',#14494);
#3668=VERTEX_POINT('',#14495);
#3669=VERTEX_POINT('',#14497);
#3670=VERTEX_POINT('',#14499);
#3671=VERTEX_POINT('',#14512);
#3672=VERTEX_POINT('',#14518);
#3673=VERTEX_POINT('',#14535);
#3674=VERTEX_POINT('',#14541);
#3675=VERTEX_POINT('',#14558);
#3676=VERTEX_POINT('',#14564);
#3677=VERTEX_POINT('',#14581);
#3678=VERTEX_POINT('',#14587);
#3679=VERTEX_POINT('',#14595);
#3680=VERTEX_POINT('',#14597);
#3681=VERTEX_POINT('',#14604);
#3682=VERTEX_POINT('',#14606);
#3683=VERTEX_POINT('',#14619);
#3684=VERTEX_POINT('',#14636);
#3685=VERTEX_POINT('',#14653);
#3686=VERTEX_POINT('',#14670);
#3687=VERTEX_POINT('',#14687);
#3688=VERTEX_POINT('',#14704);
#3689=VERTEX_POINT('',#14721);
#3690=VERTEX_POINT('',#14738);
#3691=VERTEX_POINT('',#14755);
#3692=VERTEX_POINT('',#14772);
#3693=VERTEX_POINT('',#14780);
#3694=VERTEX_POINT('',#14787);
#3695=VERTEX_POINT('',#14789);
#3696=VERTEX_POINT('',#14793);
#3697=VERTEX_POINT('',#14797);
#3698=VERTEX_POINT('',#14801);
#3699=VERTEX_POINT('',#14805);
#3700=VERTEX_POINT('',#14809);
#3701=VERTEX_POINT('',#14813);
#3702=VERTEX_POINT('',#14817);
#3703=VERTEX_POINT('',#14821);
#3704=VERTEX_POINT('',#14828);
#3705=VERTEX_POINT('',#14830);
#3706=VERTEX_POINT('',#14834);
#3707=VERTEX_POINT('',#14838);
#3708=VERTEX_POINT('',#14842);
#3709=VERTEX_POINT('',#14846);
#3710=VERTEX_POINT('',#14850);
#3711=VERTEX_POINT('',#14854);
#3712=VERTEX_POINT('',#14858);
#3713=VERTEX_POINT('',#14862);
#3714=VERTEX_POINT('',#14869);
#3715=VERTEX_POINT('',#14871);
#3716=VERTEX_POINT('',#14875);
#3717=VERTEX_POINT('',#14879);
#3718=VERTEX_POINT('',#14883);
#3719=VERTEX_POINT('',#14887);
#3720=VERTEX_POINT('',#14891);
#3721=VERTEX_POINT('',#14895);
#3722=VERTEX_POINT('',#14899);
#3723=VERTEX_POINT('',#14903);
#3724=VERTEX_POINT('',#14907);
#3725=VERTEX_POINT('',#14911);
#3726=VERTEX_POINT('',#14915);
#3727=VERTEX_POINT('',#14931);
#3728=VERTEX_POINT('',#14932);
#3729=VERTEX_POINT('',#14938);
#3730=VERTEX_POINT('',#14940);
#3731=VERTEX_POINT('',#14957);
#3732=VERTEX_POINT('',#14963);
#3733=VERTEX_POINT('',#14980);
#3734=VERTEX_POINT('',#14986);
#3735=VERTEX_POINT('',#15003);
#3736=VERTEX_POINT('',#15009);
#3737=VERTEX_POINT('',#15026);
#3738=VERTEX_POINT('',#15032);
#3739=VERTEX_POINT('',#15049);
#3740=VERTEX_POINT('',#15055);
#3741=VERTEX_POINT('',#15072);
#3742=VERTEX_POINT('',#15078);
#3743=VERTEX_POINT('',#15115);
#3744=VERTEX_POINT('',#15117);
#3745=VERTEX_POINT('',#15134);
#3746=VERTEX_POINT('',#15151);
#3747=VERTEX_POINT('',#15168);
#3748=VERTEX_POINT('',#15185);
#3749=VERTEX_POINT('',#15202);
#3750=VERTEX_POINT('',#15219);
#3751=VERTEX_POINT('',#15241);
#3752=VERTEX_POINT('',#15248);
#3753=VERTEX_POINT('',#15265);
#3754=VERTEX_POINT('',#15290);
#3755=VERTEX_POINT('',#15292);
#3756=VERTEX_POINT('',#15296);
#3757=VERTEX_POINT('',#15300);
#3758=VERTEX_POINT('',#15304);
#3759=VERTEX_POINT('',#15308);
#3760=VERTEX_POINT('',#15312);
#3761=VERTEX_POINT('',#15316);
#3762=VERTEX_POINT('',#15320);
#3763=VERTEX_POINT('',#15324);
#3764=VERTEX_POINT('',#15328);
#3765=VERTEX_POINT('',#15332);
#3766=VERTEX_POINT('',#15336);
#3767=VERTEX_POINT('',#15343);
#3768=VERTEX_POINT('',#15347);
#3769=VERTEX_POINT('',#15351);
#3770=VERTEX_POINT('',#15355);
#3771=VERTEX_POINT('',#15359);
#3772=VERTEX_POINT('',#15363);
#3773=VERTEX_POINT('',#15367);
#3774=EDGE_CURVE('',#2994,#2995,#2554,.T.);
#3775=EDGE_CURVE('',#2994,#2996,#1122,.T.);
#3776=EDGE_CURVE('',#2996,#2997,#2555,.T.);
#3777=EDGE_CURVE('',#2995,#2997,#1123,.T.);
#3778=EDGE_CURVE('',#2998,#2994,#2556,.T.);
#3779=EDGE_CURVE('',#2998,#2999,#1124,.T.);
#3780=EDGE_CURVE('',#2999,#2996,#2557,.T.);
#3781=EDGE_CURVE('',#3000,#2998,#2558,.T.);
#3782=EDGE_CURVE('',#3000,#3001,#1125,.T.);
#3783=EDGE_CURVE('',#3001,#2999,#2559,.T.);
#3784=EDGE_CURVE('',#3002,#3000,#2560,.T.);
#3785=EDGE_CURVE('',#3002,#3003,#1126,.T.);
#3786=EDGE_CURVE('',#3003,#3001,#2561,.T.);
#3787=EDGE_CURVE('',#3004,#3002,#2562,.T.);
#3788=EDGE_CURVE('',#3004,#3005,#1127,.T.);
#3789=EDGE_CURVE('',#3005,#3003,#2563,.T.);
#3790=EDGE_CURVE('',#3006,#3004,#2564,.T.);
#3791=EDGE_CURVE('',#3006,#3007,#1128,.T.);
#3792=EDGE_CURVE('',#3007,#3005,#2565,.T.);
#3793=EDGE_CURVE('',#3008,#3006,#2566,.T.);
#3794=EDGE_CURVE('',#3008,#3009,#1129,.T.);
#3795=EDGE_CURVE('',#3009,#3007,#2567,.T.);
#3796=EDGE_CURVE('',#2995,#3008,#2568,.T.);
#3797=EDGE_CURVE('',#2997,#3009,#2569,.T.);
#3798=EDGE_CURVE('',#3010,#3011,#2570,.T.);
#3799=EDGE_CURVE('',#3010,#3012,#1130,.T.);
#3800=EDGE_CURVE('',#3012,#3013,#2571,.T.);
#3801=EDGE_CURVE('',#3011,#3013,#1131,.T.);
#3802=EDGE_CURVE('',#3014,#3010,#2572,.T.);
#3803=EDGE_CURVE('',#3014,#3015,#1132,.T.);
#3804=EDGE_CURVE('',#3015,#3012,#2573,.T.);
#3805=EDGE_CURVE('',#3016,#3014,#2574,.T.);
#3806=EDGE_CURVE('',#3016,#3017,#1133,.T.);
#3807=EDGE_CURVE('',#3017,#3015,#2575,.T.);
#3808=EDGE_CURVE('',#3018,#3016,#2576,.T.);
#3809=EDGE_CURVE('',#3018,#3019,#1134,.T.);
#3810=EDGE_CURVE('',#3019,#3017,#2577,.T.);
#3811=EDGE_CURVE('',#3020,#3018,#2578,.T.);
#3812=EDGE_CURVE('',#3020,#3021,#1135,.T.);
#3813=EDGE_CURVE('',#3021,#3019,#2579,.T.);
#3814=EDGE_CURVE('',#3022,#3020,#2580,.T.);
#3815=EDGE_CURVE('',#3022,#3023,#1136,.T.);
#3816=EDGE_CURVE('',#3023,#3021,#2581,.T.);
#3817=EDGE_CURVE('',#3024,#3022,#2582,.T.);
#3818=EDGE_CURVE('',#3024,#3025,#1137,.T.);
#3819=EDGE_CURVE('',#3025,#3023,#2583,.T.);
#3820=EDGE_CURVE('',#3011,#3024,#2584,.T.);
#3821=EDGE_CURVE('',#3013,#3025,#2585,.T.);
#3822=EDGE_CURVE('',#3026,#3027,#1138,.T.);
#3823=EDGE_CURVE('',#3026,#3028,#1139,.T.);
#3824=EDGE_CURVE('',#3028,#3029,#1140,.T.);
#3825=EDGE_CURVE('',#3027,#3029,#1141,.T.);
#3826=EDGE_CURVE('',#3030,#3026,#1142,.T.);
#3827=EDGE_CURVE('',#3030,#3031,#1143,.T.);
#3828=EDGE_CURVE('',#3031,#3028,#1144,.T.);
#3829=EDGE_CURVE('',#3032,#3030,#2586,.T.);
#3830=EDGE_CURVE('',#3032,#3033,#1145,.T.);
#3831=EDGE_CURVE('',#3033,#3031,#2587,.T.);
#3832=EDGE_CURVE('',#3034,#3032,#2588,.T.);
#3833=EDGE_CURVE('',#3034,#3035,#1146,.T.);
#3834=EDGE_CURVE('',#3035,#3033,#2589,.T.);
#3835=EDGE_CURVE('',#3036,#3034,#2590,.T.);
#3836=EDGE_CURVE('',#3036,#3037,#1147,.T.);
#3837=EDGE_CURVE('',#3037,#3035,#2591,.T.);
#3838=EDGE_CURVE('',#3038,#3036,#2592,.T.);
#3839=EDGE_CURVE('',#3038,#3039,#1148,.T.);
#3840=EDGE_CURVE('',#3039,#3037,#2593,.T.);
#3841=EDGE_CURVE('',#3040,#3038,#1149,.T.);
#3842=EDGE_CURVE('',#3040,#3041,#1150,.T.);
#3843=EDGE_CURVE('',#3041,#3039,#1151,.T.);
#3844=EDGE_CURVE('',#3042,#3040,#1152,.T.);
#3845=EDGE_CURVE('',#3042,#3043,#1153,.T.);
#3846=EDGE_CURVE('',#3043,#3041,#1154,.T.);
#3847=EDGE_CURVE('',#3044,#3042,#1155,.T.);
#3848=EDGE_CURVE('',#3044,#3045,#1156,.T.);
#3849=EDGE_CURVE('',#3045,#3043,#1157,.T.);
#3850=EDGE_CURVE('',#3046,#3044,#2594,.T.);
#3851=EDGE_CURVE('',#3046,#3047,#1158,.T.);
#3852=EDGE_CURVE('',#3047,#3045,#2595,.T.);
#3853=EDGE_CURVE('',#3048,#3046,#2596,.T.);
#3854=EDGE_CURVE('',#3048,#3049,#1159,.T.);
#3855=EDGE_CURVE('',#3049,#3047,#2597,.T.);
#3856=EDGE_CURVE('',#3050,#3048,#2598,.T.);
#3857=EDGE_CURVE('',#3050,#3051,#1160,.T.);
#3858=EDGE_CURVE('',#3051,#3049,#2599,.T.);
#3859=EDGE_CURVE('',#3052,#3050,#2600,.T.);
#3860=EDGE_CURVE('',#3052,#3053,#1161,.T.);
#3861=EDGE_CURVE('',#3053,#3051,#2601,.T.);
#3862=EDGE_CURVE('',#3054,#3052,#1162,.T.);
#3863=EDGE_CURVE('',#3054,#3055,#1163,.T.);
#3864=EDGE_CURVE('',#3055,#3053,#1164,.T.);
#3865=EDGE_CURVE('',#3056,#3054,#1165,.T.);
#3866=EDGE_CURVE('',#3056,#3057,#1166,.T.);
#3867=EDGE_CURVE('',#3057,#3055,#1167,.T.);
#3868=EDGE_CURVE('',#3027,#3056,#1168,.T.);
#3869=EDGE_CURVE('',#3029,#3057,#1169,.T.);
#3870=EDGE_CURVE('',#3058,#3059,#2602,.T.);
#3871=EDGE_CURVE('',#3058,#3060,#1170,.T.);
#3872=EDGE_CURVE('',#3060,#3061,#2603,.T.);
#3873=EDGE_CURVE('',#3059,#3061,#1171,.T.);
#3874=EDGE_CURVE('',#3062,#3058,#2604,.T.);
#3875=EDGE_CURVE('',#3062,#3063,#1172,.T.);
#3876=EDGE_CURVE('',#3063,#3060,#2605,.T.);
#3877=EDGE_CURVE('',#3064,#3062,#2606,.T.);
#3878=EDGE_CURVE('',#3064,#3065,#1173,.T.);
#3879=EDGE_CURVE('',#3065,#3063,#2607,.T.);
#3880=EDGE_CURVE('',#3066,#3064,#2608,.T.);
#3881=EDGE_CURVE('',#3066,#3067,#1174,.T.);
#3882=EDGE_CURVE('',#3067,#3065,#2609,.T.);
#3883=EDGE_CURVE('',#3068,#3066,#2610,.T.);
#3884=EDGE_CURVE('',#3068,#3069,#1175,.T.);
#3885=EDGE_CURVE('',#3069,#3067,#2611,.T.);
#3886=EDGE_CURVE('',#3070,#3068,#2612,.T.);
#3887=EDGE_CURVE('',#3070,#3071,#1176,.T.);
#3888=EDGE_CURVE('',#3071,#3069,#2613,.T.);
#3889=EDGE_CURVE('',#3072,#3070,#2614,.T.);
#3890=EDGE_CURVE('',#3072,#3073,#1177,.T.);
#3891=EDGE_CURVE('',#3073,#3071,#2615,.T.);
#3892=EDGE_CURVE('',#3074,#3072,#2616,.T.);
#3893=EDGE_CURVE('',#3074,#3075,#1178,.T.);
#3894=EDGE_CURVE('',#3075,#3073,#2617,.T.);
#3895=EDGE_CURVE('',#3059,#3074,#1179,.T.);
#3896=EDGE_CURVE('',#3061,#3075,#1180,.T.);
#3897=EDGE_CURVE('',#3076,#3077,#2618,.T.);
#3898=EDGE_CURVE('',#3076,#3078,#1181,.T.);
#3899=EDGE_CURVE('',#3078,#3079,#2619,.T.);
#3900=EDGE_CURVE('',#3077,#3079,#1182,.T.);
#3901=EDGE_CURVE('',#3080,#3076,#2620,.T.);
#3902=EDGE_CURVE('',#3080,#3081,#1183,.T.);
#3903=EDGE_CURVE('',#3081,#3078,#2621,.T.);
#3904=EDGE_CURVE('',#3082,#3080,#2622,.T.);
#3905=EDGE_CURVE('',#3082,#3083,#1184,.T.);
#3906=EDGE_CURVE('',#3083,#3081,#2623,.T.);
#3907=EDGE_CURVE('',#3084,#3082,#2624,.T.);
#3908=EDGE_CURVE('',#3084,#3085,#1185,.T.);
#3909=EDGE_CURVE('',#3085,#3083,#2625,.T.);
#3910=EDGE_CURVE('',#3086,#3084,#2626,.T.);
#3911=EDGE_CURVE('',#3086,#3087,#1186,.T.);
#3912=EDGE_CURVE('',#3087,#3085,#2627,.T.);
#3913=EDGE_CURVE('',#3088,#3086,#2628,.T.);
#3914=EDGE_CURVE('',#3088,#3089,#1187,.T.);
#3915=EDGE_CURVE('',#3089,#3087,#2629,.T.);
#3916=EDGE_CURVE('',#3090,#3088,#2630,.T.);
#3917=EDGE_CURVE('',#3090,#3091,#1188,.T.);
#3918=EDGE_CURVE('',#3091,#3089,#2631,.T.);
#3919=EDGE_CURVE('',#3092,#3090,#2632,.T.);
#3920=EDGE_CURVE('',#3092,#3093,#1189,.T.);
#3921=EDGE_CURVE('',#3093,#3091,#2633,.T.);
#3922=EDGE_CURVE('',#3094,#3092,#2634,.T.);
#3923=EDGE_CURVE('',#3094,#3095,#1190,.T.);
#3924=EDGE_CURVE('',#3095,#3093,#2635,.T.);
#3925=EDGE_CURVE('',#3096,#3094,#2636,.T.);
#3926=EDGE_CURVE('',#3096,#3097,#1191,.T.);
#3927=EDGE_CURVE('',#3097,#3095,#2637,.T.);
#3928=EDGE_CURVE('',#3098,#3096,#2638,.T.);
#3929=EDGE_CURVE('',#3098,#3099,#1192,.T.);
#3930=EDGE_CURVE('',#3099,#3097,#2639,.T.);
#3931=EDGE_CURVE('',#3100,#3098,#2640,.T.);
#3932=EDGE_CURVE('',#3100,#3101,#1193,.T.);
#3933=EDGE_CURVE('',#3101,#3099,#2641,.T.);
#3934=EDGE_CURVE('',#3102,#3100,#2642,.T.);
#3935=EDGE_CURVE('',#3102,#3103,#1194,.T.);
#3936=EDGE_CURVE('',#3103,#3101,#2643,.T.);
#3937=EDGE_CURVE('',#3104,#3102,#1195,.T.);
#3938=EDGE_CURVE('',#3104,#3105,#1196,.T.);
#3939=EDGE_CURVE('',#3105,#3103,#1197,.T.);
#3940=EDGE_CURVE('',#3106,#3104,#2644,.T.);
#3941=EDGE_CURVE('',#3106,#3107,#1198,.T.);
#3942=EDGE_CURVE('',#3107,#3105,#2645,.T.);
#3943=EDGE_CURVE('',#3108,#3106,#2646,.T.);
#3944=EDGE_CURVE('',#3108,#3109,#1199,.T.);
#3945=EDGE_CURVE('',#3109,#3107,#2647,.T.);
#3946=EDGE_CURVE('',#3110,#3108,#1200,.T.);
#3947=EDGE_CURVE('',#3110,#3111,#1201,.T.);
#3948=EDGE_CURVE('',#3111,#3109,#1202,.T.);
#3949=EDGE_CURVE('',#3112,#3110,#2648,.T.);
#3950=EDGE_CURVE('',#3112,#3113,#1203,.T.);
#3951=EDGE_CURVE('',#3113,#3111,#2649,.T.);
#3952=EDGE_CURVE('',#3114,#3112,#2650,.T.);
#3953=EDGE_CURVE('',#3114,#3115,#1204,.T.);
#3954=EDGE_CURVE('',#3115,#3113,#2651,.T.);
#3955=EDGE_CURVE('',#3116,#3114,#2652,.T.);
#3956=EDGE_CURVE('',#3116,#3117,#1205,.T.);
#3957=EDGE_CURVE('',#3117,#3115,#2653,.T.);
#3958=EDGE_CURVE('',#3118,#3116,#2654,.T.);
#3959=EDGE_CURVE('',#3118,#3119,#1206,.T.);
#3960=EDGE_CURVE('',#3119,#3117,#2655,.T.);
#3961=EDGE_CURVE('',#3120,#3118,#2656,.T.);
#3962=EDGE_CURVE('',#3120,#3121,#1207,.T.);
#3963=EDGE_CURVE('',#3121,#3119,#2657,.T.);
#3964=EDGE_CURVE('',#3122,#3120,#2658,.T.);
#3965=EDGE_CURVE('',#3122,#3123,#1208,.T.);
#3966=EDGE_CURVE('',#3123,#3121,#2659,.T.);
#3967=EDGE_CURVE('',#3124,#3122,#2660,.T.);
#3968=EDGE_CURVE('',#3124,#3125,#1209,.T.);
#3969=EDGE_CURVE('',#3125,#3123,#2661,.T.);
#3970=EDGE_CURVE('',#3126,#3124,#2662,.T.);
#3971=EDGE_CURVE('',#3126,#3127,#1210,.T.);
#3972=EDGE_CURVE('',#3127,#3125,#2663,.T.);
#3973=EDGE_CURVE('',#3128,#3126,#1211,.T.);
#3974=EDGE_CURVE('',#3128,#3129,#1212,.T.);
#3975=EDGE_CURVE('',#3129,#3127,#1213,.T.);
#3976=EDGE_CURVE('',#3077,#3128,#2664,.T.);
#3977=EDGE_CURVE('',#3079,#3129,#2665,.T.);
#3978=EDGE_CURVE('',#3130,#3131,#2666,.T.);
#3979=EDGE_CURVE('',#3130,#3132,#1214,.T.);
#3980=EDGE_CURVE('',#3132,#3133,#2667,.T.);
#3981=EDGE_CURVE('',#3131,#3133,#1215,.T.);
#3982=EDGE_CURVE('',#3134,#3130,#2668,.T.);
#3983=EDGE_CURVE('',#3134,#3135,#1216,.T.);
#3984=EDGE_CURVE('',#3135,#3132,#2669,.T.);
#3985=EDGE_CURVE('',#3136,#3134,#2670,.T.);
#3986=EDGE_CURVE('',#3136,#3137,#1217,.T.);
#3987=EDGE_CURVE('',#3137,#3135,#2671,.T.);
#3988=EDGE_CURVE('',#3138,#3136,#2672,.T.);
#3989=EDGE_CURVE('',#3138,#3139,#1218,.T.);
#3990=EDGE_CURVE('',#3139,#3137,#2673,.T.);
#3991=EDGE_CURVE('',#3140,#3138,#2674,.T.);
#3992=EDGE_CURVE('',#3140,#3141,#1219,.T.);
#3993=EDGE_CURVE('',#3141,#3139,#2675,.T.);
#3994=EDGE_CURVE('',#3142,#3140,#2676,.T.);
#3995=EDGE_CURVE('',#3142,#3143,#1220,.T.);
#3996=EDGE_CURVE('',#3143,#3141,#2677,.T.);
#3997=EDGE_CURVE('',#3144,#3142,#2678,.T.);
#3998=EDGE_CURVE('',#3144,#3145,#1221,.T.);
#3999=EDGE_CURVE('',#3145,#3143,#2679,.T.);
#4000=EDGE_CURVE('',#3146,#3144,#2680,.T.);
#4001=EDGE_CURVE('',#3146,#3147,#1222,.T.);
#4002=EDGE_CURVE('',#3147,#3145,#2681,.T.);
#4003=EDGE_CURVE('',#3131,#3146,#1223,.T.);
#4004=EDGE_CURVE('',#3133,#3147,#1224,.T.);
#4005=EDGE_CURVE('',#3148,#3149,#2682,.T.);
#4006=EDGE_CURVE('',#3148,#3150,#1225,.T.);
#4007=EDGE_CURVE('',#3150,#3151,#2683,.T.);
#4008=EDGE_CURVE('',#3149,#3151,#1226,.T.);
#4009=EDGE_CURVE('',#3152,#3148,#2684,.T.);
#4010=EDGE_CURVE('',#3152,#3153,#1227,.T.);
#4011=EDGE_CURVE('',#3153,#3150,#2685,.T.);
#4012=EDGE_CURVE('',#3154,#3152,#2686,.T.);
#4013=EDGE_CURVE('',#3154,#3155,#1228,.T.);
#4014=EDGE_CURVE('',#3155,#3153,#2687,.T.);
#4015=EDGE_CURVE('',#3156,#3154,#2688,.T.);
#4016=EDGE_CURVE('',#3156,#3157,#1229,.T.);
#4017=EDGE_CURVE('',#3157,#3155,#2689,.T.);
#4018=EDGE_CURVE('',#3158,#3156,#2690,.T.);
#4019=EDGE_CURVE('',#3158,#3159,#1230,.T.);
#4020=EDGE_CURVE('',#3159,#3157,#2691,.T.);
#4021=EDGE_CURVE('',#3160,#3158,#2692,.T.);
#4022=EDGE_CURVE('',#3160,#3161,#1231,.T.);
#4023=EDGE_CURVE('',#3161,#3159,#2693,.T.);
#4024=EDGE_CURVE('',#3162,#3160,#2694,.T.);
#4025=EDGE_CURVE('',#3162,#3163,#1232,.T.);
#4026=EDGE_CURVE('',#3163,#3161,#2695,.T.);
#4027=EDGE_CURVE('',#3164,#3162,#2696,.T.);
#4028=EDGE_CURVE('',#3164,#3165,#1233,.T.);
#4029=EDGE_CURVE('',#3165,#3163,#2697,.T.);
#4030=EDGE_CURVE('',#3166,#3164,#2698,.T.);
#4031=EDGE_CURVE('',#3166,#3167,#1234,.T.);
#4032=EDGE_CURVE('',#3167,#3165,#2699,.T.);
#4033=EDGE_CURVE('',#3168,#3166,#2700,.T.);
#4034=EDGE_CURVE('',#3168,#3169,#1235,.T.);
#4035=EDGE_CURVE('',#3169,#3167,#2701,.T.);
#4036=EDGE_CURVE('',#3170,#3168,#2702,.T.);
#4037=EDGE_CURVE('',#3170,#3171,#1236,.T.);
#4038=EDGE_CURVE('',#3171,#3169,#2703,.T.);
#4039=EDGE_CURVE('',#3172,#3170,#2704,.T.);
#4040=EDGE_CURVE('',#3172,#3173,#1237,.T.);
#4041=EDGE_CURVE('',#3173,#3171,#2705,.T.);
#4042=EDGE_CURVE('',#3174,#3172,#2706,.T.);
#4043=EDGE_CURVE('',#3174,#3175,#1238,.T.);
#4044=EDGE_CURVE('',#3175,#3173,#2707,.T.);
#4045=EDGE_CURVE('',#3176,#3174,#1239,.T.);
#4046=EDGE_CURVE('',#3176,#3177,#1240,.T.);
#4047=EDGE_CURVE('',#3177,#3175,#1241,.T.);
#4048=EDGE_CURVE('',#3178,#3176,#2708,.T.);
#4049=EDGE_CURVE('',#3178,#3179,#1242,.T.);
#4050=EDGE_CURVE('',#3179,#3177,#2709,.T.);
#4051=EDGE_CURVE('',#3180,#3178,#2710,.T.);
#4052=EDGE_CURVE('',#3180,#3181,#1243,.T.);
#4053=EDGE_CURVE('',#3181,#3179,#2711,.T.);
#4054=EDGE_CURVE('',#3182,#3180,#1244,.T.);
#4055=EDGE_CURVE('',#3182,#3183,#1245,.T.);
#4056=EDGE_CURVE('',#3183,#3181,#1246,.T.);
#4057=EDGE_CURVE('',#3184,#3182,#2712,.T.);
#4058=EDGE_CURVE('',#3184,#3185,#1247,.T.);
#4059=EDGE_CURVE('',#3185,#3183,#2713,.T.);
#4060=EDGE_CURVE('',#3186,#3184,#2714,.T.);
#4061=EDGE_CURVE('',#3186,#3187,#1248,.T.);
#4062=EDGE_CURVE('',#3187,#3185,#2715,.T.);
#4063=EDGE_CURVE('',#3188,#3186,#2716,.T.);
#4064=EDGE_CURVE('',#3188,#3189,#1249,.T.);
#4065=EDGE_CURVE('',#3189,#3187,#2717,.T.);
#4066=EDGE_CURVE('',#3190,#3188,#2718,.T.);
#4067=EDGE_CURVE('',#3190,#3191,#1250,.T.);
#4068=EDGE_CURVE('',#3191,#3189,#2719,.T.);
#4069=EDGE_CURVE('',#3192,#3190,#2720,.T.);
#4070=EDGE_CURVE('',#3192,#3193,#1251,.T.);
#4071=EDGE_CURVE('',#3193,#3191,#2721,.T.);
#4072=EDGE_CURVE('',#3194,#3192,#2722,.T.);
#4073=EDGE_CURVE('',#3194,#3195,#1252,.T.);
#4074=EDGE_CURVE('',#3195,#3193,#2723,.T.);
#4075=EDGE_CURVE('',#3196,#3194,#2724,.T.);
#4076=EDGE_CURVE('',#3196,#3197,#1253,.T.);
#4077=EDGE_CURVE('',#3197,#3195,#2725,.T.);
#4078=EDGE_CURVE('',#3198,#3196,#2726,.T.);
#4079=EDGE_CURVE('',#3198,#3199,#1254,.T.);
#4080=EDGE_CURVE('',#3199,#3197,#2727,.T.);
#4081=EDGE_CURVE('',#3200,#3198,#1255,.T.);
#4082=EDGE_CURVE('',#3200,#3201,#1256,.T.);
#4083=EDGE_CURVE('',#3201,#3199,#1257,.T.);
#4084=EDGE_CURVE('',#3149,#3200,#2728,.T.);
#4085=EDGE_CURVE('',#3151,#3201,#2729,.T.);
#4086=EDGE_CURVE('',#3202,#3203,#1258,.T.);
#4087=EDGE_CURVE('',#3202,#3204,#1259,.T.);
#4088=EDGE_CURVE('',#3204,#3205,#1260,.T.);
#4089=EDGE_CURVE('',#3203,#3205,#1261,.T.);
#4090=EDGE_CURVE('',#3206,#3202,#1262,.T.);
#4091=EDGE_CURVE('',#3206,#3207,#1263,.T.);
#4092=EDGE_CURVE('',#3207,#3204,#1264,.T.);
#4093=EDGE_CURVE('',#3208,#3206,#1265,.T.);
#4094=EDGE_CURVE('',#3208,#3209,#1266,.T.);
#4095=EDGE_CURVE('',#3209,#3207,#1267,.T.);
#4096=EDGE_CURVE('',#3210,#3208,#1268,.T.);
#4097=EDGE_CURVE('',#3210,#3211,#1269,.T.);
#4098=EDGE_CURVE('',#3211,#3209,#1270,.T.);
#4099=EDGE_CURVE('',#3212,#3210,#1271,.T.);
#4100=EDGE_CURVE('',#3212,#3213,#1272,.T.);
#4101=EDGE_CURVE('',#3213,#3211,#1273,.T.);
#4102=EDGE_CURVE('',#3214,#3212,#1274,.T.);
#4103=EDGE_CURVE('',#3214,#3215,#1275,.T.);
#4104=EDGE_CURVE('',#3215,#3213,#1276,.T.);
#4105=EDGE_CURVE('',#3216,#3214,#1277,.T.);
#4106=EDGE_CURVE('',#3216,#3217,#1278,.T.);
#4107=EDGE_CURVE('',#3217,#3215,#1279,.T.);
#4108=EDGE_CURVE('',#3218,#3216,#1280,.T.);
#4109=EDGE_CURVE('',#3218,#3219,#1281,.T.);
#4110=EDGE_CURVE('',#3219,#3217,#1282,.T.);
#4111=EDGE_CURVE('',#3220,#3218,#1283,.T.);
#4112=EDGE_CURVE('',#3220,#3221,#1284,.T.);
#4113=EDGE_CURVE('',#3221,#3219,#1285,.T.);
#4114=EDGE_CURVE('',#3222,#3220,#1286,.T.);
#4115=EDGE_CURVE('',#3222,#3223,#1287,.T.);
#4116=EDGE_CURVE('',#3223,#3221,#1288,.T.);
#4117=EDGE_CURVE('',#3224,#3222,#1289,.T.);
#4118=EDGE_CURVE('',#3224,#3225,#1290,.T.);
#4119=EDGE_CURVE('',#3225,#3223,#1291,.T.);
#4120=EDGE_CURVE('',#3203,#3224,#1292,.T.);
#4121=EDGE_CURVE('',#3205,#3225,#1293,.T.);
#4122=EDGE_CURVE('',#3226,#3227,#1294,.T.);
#4123=EDGE_CURVE('',#3226,#3228,#1295,.T.);
#4124=EDGE_CURVE('',#3228,#3229,#1296,.T.);
#4125=EDGE_CURVE('',#3227,#3229,#1297,.T.);
#4126=EDGE_CURVE('',#3230,#3226,#1298,.T.);
#4127=EDGE_CURVE('',#3230,#3231,#1299,.T.);
#4128=EDGE_CURVE('',#3231,#3228,#1300,.T.);
#4129=EDGE_CURVE('',#3232,#3230,#2730,.T.);
#4130=EDGE_CURVE('',#3232,#3233,#1301,.T.);
#4131=EDGE_CURVE('',#3233,#3231,#2731,.T.);
#4132=EDGE_CURVE('',#3234,#3232,#2732,.T.);
#4133=EDGE_CURVE('',#3234,#3235,#1302,.T.);
#4134=EDGE_CURVE('',#3235,#3233,#2733,.T.);
#4135=EDGE_CURVE('',#3236,#3234,#2734,.T.);
#4136=EDGE_CURVE('',#3236,#3237,#1303,.T.);
#4137=EDGE_CURVE('',#3237,#3235,#2735,.T.);
#4138=EDGE_CURVE('',#3238,#3236,#2736,.T.);
#4139=EDGE_CURVE('',#3238,#3239,#1304,.T.);
#4140=EDGE_CURVE('',#3239,#3237,#2737,.T.);
#4141=EDGE_CURVE('',#3240,#3238,#1305,.T.);
#4142=EDGE_CURVE('',#3240,#3241,#1306,.T.);
#4143=EDGE_CURVE('',#3241,#3239,#1307,.T.);
#4144=EDGE_CURVE('',#3242,#3240,#1308,.T.);
#4145=EDGE_CURVE('',#3242,#3243,#1309,.T.);
#4146=EDGE_CURVE('',#3243,#3241,#1310,.T.);
#4147=EDGE_CURVE('',#3244,#3242,#1311,.T.);
#4148=EDGE_CURVE('',#3244,#3245,#1312,.T.);
#4149=EDGE_CURVE('',#3245,#3243,#1313,.T.);
#4150=EDGE_CURVE('',#3246,#3244,#2738,.T.);
#4151=EDGE_CURVE('',#3246,#3247,#1314,.T.);
#4152=EDGE_CURVE('',#3247,#3245,#2739,.T.);
#4153=EDGE_CURVE('',#3248,#3246,#2740,.T.);
#4154=EDGE_CURVE('',#3248,#3249,#1315,.T.);
#4155=EDGE_CURVE('',#3249,#3247,#2741,.T.);
#4156=EDGE_CURVE('',#3250,#3248,#2742,.T.);
#4157=EDGE_CURVE('',#3250,#3251,#1316,.T.);
#4158=EDGE_CURVE('',#3251,#3249,#2743,.T.);
#4159=EDGE_CURVE('',#3252,#3250,#2744,.T.);
#4160=EDGE_CURVE('',#3252,#3253,#1317,.T.);
#4161=EDGE_CURVE('',#3253,#3251,#2745,.T.);
#4162=EDGE_CURVE('',#3254,#3252,#1318,.T.);
#4163=EDGE_CURVE('',#3254,#3255,#1319,.T.);
#4164=EDGE_CURVE('',#3255,#3253,#1320,.T.);
#4165=EDGE_CURVE('',#3256,#3254,#1321,.T.);
#4166=EDGE_CURVE('',#3256,#3257,#1322,.T.);
#4167=EDGE_CURVE('',#3257,#3255,#1323,.T.);
#4168=EDGE_CURVE('',#3227,#3256,#1324,.T.);
#4169=EDGE_CURVE('',#3229,#3257,#1325,.T.);
#4170=EDGE_CURVE('',#3258,#3259,#1326,.T.);
#4171=EDGE_CURVE('',#3258,#3260,#1327,.T.);
#4172=EDGE_CURVE('',#3260,#3261,#1328,.T.);
#4173=EDGE_CURVE('',#3259,#3261,#1329,.T.);
#4174=EDGE_CURVE('',#3262,#3258,#1330,.T.);
#4175=EDGE_CURVE('',#3262,#3263,#1331,.T.);
#4176=EDGE_CURVE('',#3263,#3260,#1332,.T.);
#4177=EDGE_CURVE('',#3264,#3262,#2746,.T.);
#4178=EDGE_CURVE('',#3264,#3265,#1333,.T.);
#4179=EDGE_CURVE('',#3265,#3263,#2747,.T.);
#4180=EDGE_CURVE('',#3266,#3264,#2748,.T.);
#4181=EDGE_CURVE('',#3266,#3267,#1334,.T.);
#4182=EDGE_CURVE('',#3267,#3265,#2749,.T.);
#4183=EDGE_CURVE('',#3268,#3266,#2750,.T.);
#4184=EDGE_CURVE('',#3268,#3269,#1335,.T.);
#4185=EDGE_CURVE('',#3269,#3267,#2751,.T.);
#4186=EDGE_CURVE('',#3270,#3268,#2752,.T.);
#4187=EDGE_CURVE('',#3270,#3271,#1336,.T.);
#4188=EDGE_CURVE('',#3271,#3269,#2753,.T.);
#4189=EDGE_CURVE('',#3272,#3270,#2754,.T.);
#4190=EDGE_CURVE('',#3272,#3273,#1337,.T.);
#4191=EDGE_CURVE('',#3273,#3271,#2755,.T.);
#4192=EDGE_CURVE('',#3274,#3272,#1338,.T.);
#4193=EDGE_CURVE('',#3274,#3275,#1339,.T.);
#4194=EDGE_CURVE('',#3275,#3273,#1340,.T.);
#4195=EDGE_CURVE('',#3276,#3274,#1341,.T.);
#4196=EDGE_CURVE('',#3276,#3277,#1342,.T.);
#4197=EDGE_CURVE('',#3277,#3275,#1343,.T.);
#4198=EDGE_CURVE('',#3278,#3276,#1344,.T.);
#4199=EDGE_CURVE('',#3278,#3279,#1345,.T.);
#4200=EDGE_CURVE('',#3279,#3277,#1346,.T.);
#4201=EDGE_CURVE('',#3280,#3278,#2756,.T.);
#4202=EDGE_CURVE('',#3280,#3281,#1347,.T.);
#4203=EDGE_CURVE('',#3281,#3279,#2757,.T.);
#4204=EDGE_CURVE('',#3282,#3280,#2758,.T.);
#4205=EDGE_CURVE('',#3282,#3283,#1348,.T.);
#4206=EDGE_CURVE('',#3283,#3281,#2759,.T.);
#4207=EDGE_CURVE('',#3284,#3282,#2760,.T.);
#4208=EDGE_CURVE('',#3284,#3285,#1349,.T.);
#4209=EDGE_CURVE('',#3285,#3283,#2761,.T.);
#4210=EDGE_CURVE('',#3286,#3284,#2762,.T.);
#4211=EDGE_CURVE('',#3286,#3287,#1350,.T.);
#4212=EDGE_CURVE('',#3287,#3285,#2763,.T.);
#4213=EDGE_CURVE('',#3288,#3286,#1351,.T.);
#4214=EDGE_CURVE('',#3288,#3289,#1352,.T.);
#4215=EDGE_CURVE('',#3289,#3287,#1353,.T.);
#4216=EDGE_CURVE('',#3290,#3288,#1354,.T.);
#4217=EDGE_CURVE('',#3290,#3291,#1355,.T.);
#4218=EDGE_CURVE('',#3291,#3289,#1356,.T.);
#4219=EDGE_CURVE('',#3292,#3290,#1357,.T.);
#4220=EDGE_CURVE('',#3292,#3293,#1358,.T.);
#4221=EDGE_CURVE('',#3293,#3291,#1359,.T.);
#4222=EDGE_CURVE('',#3294,#3292,#2764,.T.);
#4223=EDGE_CURVE('',#3294,#3295,#1360,.T.);
#4224=EDGE_CURVE('',#3295,#3293,#2765,.T.);
#4225=EDGE_CURVE('',#3296,#3294,#2766,.T.);
#4226=EDGE_CURVE('',#3296,#3297,#1361,.T.);
#4227=EDGE_CURVE('',#3297,#3295,#2767,.T.);
#4228=EDGE_CURVE('',#3298,#3296,#2768,.T.);
#4229=EDGE_CURVE('',#3298,#3299,#1362,.T.);
#4230=EDGE_CURVE('',#3299,#3297,#2769,.T.);
#4231=EDGE_CURVE('',#3300,#3298,#2770,.T.);
#4232=EDGE_CURVE('',#3300,#3301,#1363,.T.);
#4233=EDGE_CURVE('',#3301,#3299,#2771,.T.);
#4234=EDGE_CURVE('',#3302,#3300,#2772,.T.);
#4235=EDGE_CURVE('',#3302,#3303,#1364,.T.);
#4236=EDGE_CURVE('',#3303,#3301,#2773,.T.);
#4237=EDGE_CURVE('',#3304,#3302,#2774,.T.);
#4238=EDGE_CURVE('',#3304,#3305,#1365,.T.);
#4239=EDGE_CURVE('',#3305,#3303,#2775,.T.);
#4240=EDGE_CURVE('',#3306,#3304,#2776,.T.);
#4241=EDGE_CURVE('',#3306,#3307,#1366,.T.);
#4242=EDGE_CURVE('',#3307,#3305,#2777,.T.);
#4243=EDGE_CURVE('',#3308,#3306,#2778,.T.);
#4244=EDGE_CURVE('',#3308,#3309,#1367,.T.);
#4245=EDGE_CURVE('',#3309,#3307,#2779,.T.);
#4246=EDGE_CURVE('',#3310,#3308,#1368,.T.);
#4247=EDGE_CURVE('',#3310,#3311,#1369,.T.);
#4248=EDGE_CURVE('',#3311,#3309,#1370,.T.);
#4249=EDGE_CURVE('',#3312,#3310,#1371,.T.);
#4250=EDGE_CURVE('',#3312,#3313,#1372,.T.);
#4251=EDGE_CURVE('',#3313,#3311,#1373,.T.);
#4252=EDGE_CURVE('',#3259,#3312,#1374,.T.);
#4253=EDGE_CURVE('',#3261,#3313,#1375,.T.);
#4254=EDGE_CURVE('',#3314,#3315,#1376,.T.);
#4255=EDGE_CURVE('',#3314,#3316,#1377,.T.);
#4256=EDGE_CURVE('',#3316,#3317,#1378,.T.);
#4257=EDGE_CURVE('',#3315,#3317,#1379,.T.);
#4258=EDGE_CURVE('',#3318,#3314,#1380,.T.);
#4259=EDGE_CURVE('',#3318,#3319,#1381,.T.);
#4260=EDGE_CURVE('',#3319,#3316,#1382,.T.);
#4261=EDGE_CURVE('',#3320,#3318,#1383,.T.);
#4262=EDGE_CURVE('',#3320,#3321,#1384,.T.);
#4263=EDGE_CURVE('',#3321,#3319,#1385,.T.);
#4264=EDGE_CURVE('',#3322,#3320,#1386,.T.);
#4265=EDGE_CURVE('',#3322,#3323,#1387,.T.);
#4266=EDGE_CURVE('',#3323,#3321,#1388,.T.);
#4267=EDGE_CURVE('',#3324,#3322,#1389,.T.);
#4268=EDGE_CURVE('',#3324,#3325,#1390,.T.);
#4269=EDGE_CURVE('',#3325,#3323,#1391,.T.);
#4270=EDGE_CURVE('',#3326,#3324,#1392,.T.);
#4271=EDGE_CURVE('',#3326,#3327,#1393,.T.);
#4272=EDGE_CURVE('',#3327,#3325,#1394,.T.);
#4273=EDGE_CURVE('',#3328,#3326,#1395,.T.);
#4274=EDGE_CURVE('',#3328,#3329,#1396,.T.);
#4275=EDGE_CURVE('',#3329,#3327,#1397,.T.);
#4276=EDGE_CURVE('',#3330,#3328,#1398,.T.);
#4277=EDGE_CURVE('',#3330,#3331,#1399,.T.);
#4278=EDGE_CURVE('',#3331,#3329,#1400,.T.);
#4279=EDGE_CURVE('',#3332,#3330,#1401,.T.);
#4280=EDGE_CURVE('',#3332,#3333,#1402,.T.);
#4281=EDGE_CURVE('',#3333,#3331,#1403,.T.);
#4282=EDGE_CURVE('',#3334,#3332,#1404,.T.);
#4283=EDGE_CURVE('',#3334,#3335,#1405,.T.);
#4284=EDGE_CURVE('',#3335,#3333,#1406,.T.);
#4285=EDGE_CURVE('',#3336,#3334,#1407,.T.);
#4286=EDGE_CURVE('',#3336,#3337,#1408,.T.);
#4287=EDGE_CURVE('',#3337,#3335,#1409,.T.);
#4288=EDGE_CURVE('',#3315,#3336,#1410,.T.);
#4289=EDGE_CURVE('',#3317,#3337,#1411,.T.);
#4290=EDGE_CURVE('',#3338,#3339,#15,.T.);
#4291=EDGE_CURVE('',#3339,#3340,#1412,.T.);
#4292=EDGE_CURVE('',#3340,#3341,#16,.T.);
#4293=EDGE_CURVE('',#3341,#3338,#1413,.T.);
#4294=EDGE_CURVE('',#3341,#3342,#1414,.T.);
#4295=EDGE_CURVE('',#3343,#3342,#1415,.T.);
#4296=EDGE_CURVE('',#3338,#3343,#1416,.T.);
#4297=EDGE_CURVE('',#3344,#3340,#1417,.T.);
#4298=EDGE_CURVE('',#3345,#3344,#17,.T.);
#4299=EDGE_CURVE('',#3346,#3345,#1418,.T.);
#4300=EDGE_CURVE('',#3347,#3346,#18,.T.);
#4301=EDGE_CURVE('',#3348,#3347,#1419,.T.);
#4302=EDGE_CURVE('',#3342,#3348,#19,.T.);
#4303=EDGE_CURVE('',#3349,#3349,#20,.T.);
#4304=EDGE_CURVE('',#3350,#3351,#21,.T.);
#4305=EDGE_CURVE('',#3351,#3347,#1420,.T.);
#4306=EDGE_CURVE('',#3346,#3352,#1421,.T.);
#4307=EDGE_CURVE('',#3352,#3353,#22,.T.);
#4308=EDGE_CURVE('',#3353,#3354,#1422,.T.);
#4309=EDGE_CURVE('',#3354,#3355,#23,.T.);
#4310=EDGE_CURVE('',#3355,#3350,#1423,.T.);
#4311=EDGE_CURVE('',#3356,#3353,#1424,.T.);
#4312=EDGE_CURVE('',#3356,#3357,#1425,.T.);
#4313=EDGE_CURVE('',#3357,#3354,#1426,.T.);
#4314=EDGE_CURVE('',#3358,#3343,#24,.T.);
#4315=EDGE_CURVE('',#3358,#3359,#1427,.T.);
#4316=EDGE_CURVE('',#3359,#3360,#2780,.T.);
#4317=EDGE_CURVE('',#3360,#3361,#2781,.T.);
#4318=EDGE_CURVE('',#3361,#3362,#2782,.T.);
#4319=EDGE_CURVE('',#3362,#3363,#2783,.T.);
#4320=EDGE_CURVE('',#3363,#3364,#2784,.T.);
#4321=EDGE_CURVE('',#3364,#3365,#2785,.T.);
#4322=EDGE_CURVE('',#3365,#3366,#2786,.T.);
#4323=EDGE_CURVE('',#3366,#3367,#2787,.T.);
#4324=EDGE_CURVE('',#3367,#3368,#2788,.T.);
#4325=EDGE_CURVE('',#3368,#3369,#2789,.T.);
#4326=EDGE_CURVE('',#3369,#3370,#1428,.T.);
#4327=EDGE_CURVE('',#3370,#3371,#2790,.T.);
#4328=EDGE_CURVE('',#3371,#3372,#2791,.T.);
#4329=EDGE_CURVE('',#3372,#3373,#2792,.T.);
#4330=EDGE_CURVE('',#3373,#3374,#2793,.T.);
#4331=EDGE_CURVE('',#3374,#3375,#2794,.T.);
#4332=EDGE_CURVE('',#3375,#3376,#2795,.T.);
#4333=EDGE_CURVE('',#3376,#3377,#2796,.T.);
#4334=EDGE_CURVE('',#3377,#3378,#2797,.T.);
#4335=EDGE_CURVE('',#3378,#3379,#2798,.T.);
#4336=EDGE_CURVE('',#3379,#3380,#2799,.T.);
#4337=EDGE_CURVE('',#3380,#3351,#1429,.T.);
#4338=EDGE_CURVE('',#3350,#3381,#1430,.T.);
#4339=EDGE_CURVE('',#3381,#3382,#1431,.T.);
#4340=EDGE_CURVE('',#3382,#3383,#1432,.T.);
#4341=EDGE_CURVE('',#3383,#3384,#1433,.T.);
#4342=EDGE_CURVE('',#3384,#3385,#1434,.T.);
#4343=EDGE_CURVE('',#3385,#3386,#1435,.T.);
#4344=EDGE_CURVE('',#3386,#3387,#1436,.T.);
#4345=EDGE_CURVE('',#3387,#3356,#1437,.T.);
#4346=EDGE_CURVE('',#3352,#3388,#1438,.T.);
#4347=EDGE_CURVE('',#3389,#3388,#25,.T.);
#4348=EDGE_CURVE('',#3389,#3390,#1439,.T.);
#4349=EDGE_CURVE('',#3390,#3391,#1440,.T.);
#4350=EDGE_CURVE('',#3391,#3392,#1441,.T.);
#4351=EDGE_CURVE('',#3392,#3393,#1442,.T.);
#4352=EDGE_CURVE('',#3394,#3393,#26,.T.);
#4353=EDGE_CURVE('',#3394,#3395,#1443,.T.);
#4354=EDGE_CURVE('',#3395,#3396,#2800,.T.);
#4355=EDGE_CURVE('',#3396,#3397,#2801,.T.);
#4356=EDGE_CURVE('',#3397,#3398,#2802,.T.);
#4357=EDGE_CURVE('',#3398,#3399,#2803,.T.);
#4358=EDGE_CURVE('',#3399,#3400,#2804,.T.);
#4359=EDGE_CURVE('',#3400,#3401,#2805,.T.);
#4360=EDGE_CURVE('',#3401,#3402,#2806,.T.);
#4361=EDGE_CURVE('',#3402,#3403,#2807,.T.);
#4362=EDGE_CURVE('',#3403,#3404,#2808,.T.);
#4363=EDGE_CURVE('',#3404,#3405,#1444,.T.);
#4364=EDGE_CURVE('',#3405,#3406,#2809,.T.);
#4365=EDGE_CURVE('',#3406,#3407,#2810,.T.);
#4366=EDGE_CURVE('',#3407,#3408,#2811,.T.);
#4367=EDGE_CURVE('',#3408,#3409,#2812,.T.);
#4368=EDGE_CURVE('',#3409,#3410,#2813,.T.);
#4369=EDGE_CURVE('',#3410,#3411,#2814,.T.);
#4370=EDGE_CURVE('',#3411,#3412,#2815,.T.);
#4371=EDGE_CURVE('',#3412,#3413,#2816,.T.);
#4372=EDGE_CURVE('',#3413,#3414,#1445,.T.);
#4373=EDGE_CURVE('',#3414,#3415,#1446,.T.);
#4374=EDGE_CURVE('',#3415,#3416,#1447,.T.);
#4375=EDGE_CURVE('',#3416,#3417,#1448,.T.);
#4376=EDGE_CURVE('',#3417,#3418,#1449,.T.);
#4377=EDGE_CURVE('',#3418,#3419,#2817,.T.);
#4378=EDGE_CURVE('',#3419,#3420,#2818,.T.);
#4379=EDGE_CURVE('',#3420,#3339,#1450,.T.);
#4380=EDGE_CURVE('',#3421,#3422,#1451,.T.);
#4381=EDGE_CURVE('',#3422,#3423,#1452,.T.);
#4382=EDGE_CURVE('',#3423,#3424,#1453,.T.);
#4383=EDGE_CURVE('',#3424,#3425,#2819,.T.);
#4384=EDGE_CURVE('',#3425,#3426,#2820,.T.);
#4385=EDGE_CURVE('',#3426,#3427,#2821,.T.);
#4386=EDGE_CURVE('',#3427,#3428,#2822,.T.);
#4387=EDGE_CURVE('',#3428,#3429,#2823,.T.);
#4388=EDGE_CURVE('',#3429,#3430,#2824,.T.);
#4389=EDGE_CURVE('',#3430,#3431,#2825,.T.);
#4390=EDGE_CURVE('',#3431,#3432,#2826,.T.);
#4391=EDGE_CURVE('',#3432,#3433,#2827,.T.);
#4392=EDGE_CURVE('',#3433,#3421,#2828,.T.);
#4393=EDGE_CURVE('',#3434,#3435,#2829,.T.);
#4394=EDGE_CURVE('',#3435,#3436,#1454,.T.);
#4395=EDGE_CURVE('',#3436,#3437,#1455,.T.);
#4396=EDGE_CURVE('',#3437,#3438,#1456,.T.);
#4397=EDGE_CURVE('',#3438,#3439,#2830,.T.);
#4398=EDGE_CURVE('',#3439,#3440,#2831,.T.);
#4399=EDGE_CURVE('',#3440,#3441,#2832,.T.);
#4400=EDGE_CURVE('',#3441,#3442,#2833,.T.);
#4401=EDGE_CURVE('',#3442,#3443,#2834,.T.);
#4402=EDGE_CURVE('',#3443,#3444,#2835,.T.);
#4403=EDGE_CURVE('',#3444,#3445,#2836,.T.);
#4404=EDGE_CURVE('',#3445,#3446,#2837,.T.);
#4405=EDGE_CURVE('',#3446,#3447,#2838,.T.);
#4406=EDGE_CURVE('',#3447,#3448,#1457,.T.);
#4407=EDGE_CURVE('',#3448,#3449,#1458,.T.);
#4408=EDGE_CURVE('',#3449,#3450,#1459,.T.);
#4409=EDGE_CURVE('',#3450,#3451,#2839,.T.);
#4410=EDGE_CURVE('',#3451,#3452,#2840,.T.);
#4411=EDGE_CURVE('',#3452,#3434,#2841,.T.);
#4412=EDGE_CURVE('',#3453,#3454,#1460,.T.);
#4413=EDGE_CURVE('',#3454,#3455,#1461,.T.);
#4414=EDGE_CURVE('',#3455,#3456,#1462,.T.);
#4415=EDGE_CURVE('',#3456,#3457,#1463,.T.);
#4416=EDGE_CURVE('',#3457,#3458,#1464,.T.);
#4417=EDGE_CURVE('',#3458,#3459,#1465,.T.);
#4418=EDGE_CURVE('',#3459,#3460,#1466,.T.);
#4419=EDGE_CURVE('',#3460,#3453,#1467,.T.);
#4420=EDGE_CURVE('',#3461,#3462,#1468,.T.);
#4421=EDGE_CURVE('',#3462,#3463,#1469,.T.);
#4422=EDGE_CURVE('',#3463,#3464,#1470,.T.);
#4423=EDGE_CURVE('',#3464,#3465,#2842,.T.);
#4424=EDGE_CURVE('',#3465,#3466,#2843,.T.);
#4425=EDGE_CURVE('',#3466,#3467,#2844,.T.);
#4426=EDGE_CURVE('',#3467,#3468,#2845,.T.);
#4427=EDGE_CURVE('',#3468,#3469,#2846,.T.);
#4428=EDGE_CURVE('',#3469,#3470,#2847,.T.);
#4429=EDGE_CURVE('',#3470,#3471,#2848,.T.);
#4430=EDGE_CURVE('',#3471,#3472,#2849,.T.);
#4431=EDGE_CURVE('',#3472,#3473,#2850,.T.);
#4432=EDGE_CURVE('',#3473,#3461,#2851,.T.);
#4433=EDGE_CURVE('',#3474,#3475,#1471,.T.);
#4434=EDGE_CURVE('',#3475,#3476,#1472,.T.);
#4435=EDGE_CURVE('',#3476,#3477,#1473,.T.);
#4436=EDGE_CURVE('',#3477,#3478,#1474,.T.);
#4437=EDGE_CURVE('',#3478,#3479,#1475,.T.);
#4438=EDGE_CURVE('',#3479,#3480,#1476,.T.);
#4439=EDGE_CURVE('',#3480,#3481,#1477,.T.);
#4440=EDGE_CURVE('',#3481,#3482,#1478,.T.);
#4441=EDGE_CURVE('',#3482,#3483,#1479,.T.);
#4442=EDGE_CURVE('',#3483,#3474,#1480,.T.);
#4443=EDGE_CURVE('',#3484,#3485,#1481,.T.);
#4444=EDGE_CURVE('',#3485,#3486,#1482,.T.);
#4445=EDGE_CURVE('',#3486,#3487,#1483,.T.);
#4446=EDGE_CURVE('',#3487,#3488,#1484,.T.);
#4447=EDGE_CURVE('',#3488,#3489,#1485,.T.);
#4448=EDGE_CURVE('',#3489,#3490,#1486,.T.);
#4449=EDGE_CURVE('',#3490,#3491,#1487,.T.);
#4450=EDGE_CURVE('',#3491,#3492,#1488,.T.);
#4451=EDGE_CURVE('',#3492,#3493,#1489,.T.);
#4452=EDGE_CURVE('',#3493,#3484,#1490,.T.);
#4453=EDGE_CURVE('',#3494,#3495,#1491,.T.);
#4454=EDGE_CURVE('',#3495,#3496,#1492,.T.);
#4455=EDGE_CURVE('',#3496,#3497,#1493,.T.);
#4456=EDGE_CURVE('',#3497,#3498,#1494,.T.);
#4457=EDGE_CURVE('',#3498,#3499,#1495,.T.);
#4458=EDGE_CURVE('',#3499,#3500,#1496,.T.);
#4459=EDGE_CURVE('',#3500,#3501,#1497,.T.);
#4460=EDGE_CURVE('',#3501,#3502,#1498,.T.);
#4461=EDGE_CURVE('',#3502,#3503,#1499,.T.);
#4462=EDGE_CURVE('',#3503,#3504,#1500,.T.);
#4463=EDGE_CURVE('',#3504,#3505,#1501,.T.);
#4464=EDGE_CURVE('',#3505,#3506,#1502,.T.);
#4465=EDGE_CURVE('',#3506,#3494,#1503,.T.);
#4466=EDGE_CURVE('',#3507,#3508,#1504,.T.);
#4467=EDGE_CURVE('',#3508,#3509,#1505,.T.);
#4468=EDGE_CURVE('',#3509,#3510,#1506,.T.);
#4469=EDGE_CURVE('',#3510,#3511,#1507,.T.);
#4470=EDGE_CURVE('',#3511,#3512,#1508,.T.);
#4471=EDGE_CURVE('',#3512,#3513,#1509,.T.);
#4472=EDGE_CURVE('',#3513,#3514,#1510,.T.);
#4473=EDGE_CURVE('',#3514,#3515,#1511,.T.);
#4474=EDGE_CURVE('',#3515,#3516,#1512,.T.);
#4475=EDGE_CURVE('',#3516,#3517,#1513,.T.);
#4476=EDGE_CURVE('',#3517,#3518,#1514,.T.);
#4477=EDGE_CURVE('',#3518,#3519,#1515,.T.);
#4478=EDGE_CURVE('',#3519,#3507,#1516,.T.);
#4479=EDGE_CURVE('',#3520,#3520,#27,.T.);
#4480=EDGE_CURVE('',#3388,#3345,#1517,.T.);
#4481=EDGE_CURVE('',#3348,#3358,#1518,.T.);
#4482=EDGE_CURVE('',#3344,#3394,#1519,.T.);
#4483=EDGE_CURVE('',#3393,#3521,#1520,.T.);
#4484=EDGE_CURVE('',#3521,#3522,#28,.T.);
#4485=EDGE_CURVE('',#3522,#3389,#1521,.T.);
#4486=EDGE_CURVE('',#3522,#3523,#1522,.T.);
#4487=EDGE_CURVE('',#3390,#3523,#1523,.T.);
#4488=EDGE_CURVE('',#3524,#3525,#2852,.T.);
#4489=EDGE_CURVE('',#3524,#3526,#1524,.T.);
#4490=EDGE_CURVE('',#3526,#3527,#2853,.T.);
#4491=EDGE_CURVE('',#3525,#3527,#1525,.T.);
#4492=EDGE_CURVE('',#3528,#3524,#2854,.T.);
#4493=EDGE_CURVE('',#3528,#3529,#1526,.T.);
#4494=EDGE_CURVE('',#3529,#3526,#2855,.T.);
#4495=EDGE_CURVE('',#3530,#3528,#2856,.T.);
#4496=EDGE_CURVE('',#3530,#3531,#1527,.T.);
#4497=EDGE_CURVE('',#3531,#3529,#2857,.T.);
#4498=EDGE_CURVE('',#3532,#3530,#2858,.T.);
#4499=EDGE_CURVE('',#3532,#3533,#1528,.T.);
#4500=EDGE_CURVE('',#3533,#3531,#2859,.T.);
#4501=EDGE_CURVE('',#3534,#3532,#2860,.T.);
#4502=EDGE_CURVE('',#3534,#3535,#1529,.T.);
#4503=EDGE_CURVE('',#3535,#3533,#2861,.T.);
#4504=EDGE_CURVE('',#3536,#3534,#2862,.T.);
#4505=EDGE_CURVE('',#3536,#3537,#1530,.T.);
#4506=EDGE_CURVE('',#3537,#3535,#2863,.T.);
#4507=EDGE_CURVE('',#3538,#3536,#2864,.T.);
#4508=EDGE_CURVE('',#3538,#3539,#1531,.T.);
#4509=EDGE_CURVE('',#3539,#3537,#2865,.T.);
#4510=EDGE_CURVE('',#3525,#3538,#2866,.T.);
#4511=EDGE_CURVE('',#3527,#3539,#2867,.T.);
#4512=EDGE_CURVE('',#3376,#3540,#1532,.T.);
#4513=EDGE_CURVE('',#3540,#3541,#2868,.T.);
#4514=EDGE_CURVE('',#3377,#3541,#1533,.T.);
#4515=EDGE_CURVE('',#3375,#3542,#1534,.T.);
#4516=EDGE_CURVE('',#3542,#3540,#2869,.T.);
#4517=EDGE_CURVE('',#3374,#3543,#1535,.T.);
#4518=EDGE_CURVE('',#3543,#3542,#2870,.T.);
#4519=EDGE_CURVE('',#3373,#3544,#1536,.T.);
#4520=EDGE_CURVE('',#3544,#3543,#2871,.T.);
#4521=EDGE_CURVE('',#3372,#3545,#1537,.T.);
#4522=EDGE_CURVE('',#3545,#3544,#2872,.T.);
#4523=EDGE_CURVE('',#3371,#3546,#1538,.T.);
#4524=EDGE_CURVE('',#3546,#3545,#2873,.T.);
#4525=EDGE_CURVE('',#3547,#3370,#2874,.T.);
#4526=EDGE_CURVE('',#3547,#3546,#2875,.T.);
#4527=EDGE_CURVE('',#3380,#3548,#2876,.T.);
#4528=EDGE_CURVE('',#3379,#3549,#1539,.T.);
#4529=EDGE_CURVE('',#3549,#3548,#2877,.T.);
#4530=EDGE_CURVE('',#3378,#3550,#1540,.T.);
#4531=EDGE_CURVE('',#3550,#3549,#2878,.T.);
#4532=EDGE_CURVE('',#3541,#3550,#2879,.T.);
#4533=EDGE_CURVE('',#3548,#3547,#1541,.T.);
#4534=EDGE_CURVE('',#3551,#3552,#1542,.T.);
#4535=EDGE_CURVE('',#3551,#3553,#1543,.T.);
#4536=EDGE_CURVE('',#3553,#3554,#1544,.T.);
#4537=EDGE_CURVE('',#3552,#3554,#1545,.T.);
#4538=EDGE_CURVE('',#3555,#3551,#2880,.T.);
#4539=EDGE_CURVE('',#3555,#3556,#1546,.T.);
#4540=EDGE_CURVE('',#3556,#3553,#2881,.T.);
#4541=EDGE_CURVE('',#3557,#3555,#2882,.T.);
#4542=EDGE_CURVE('',#3557,#3558,#1547,.T.);
#4543=EDGE_CURVE('',#3558,#3556,#2883,.T.);
#4544=EDGE_CURVE('',#3559,#3557,#2884,.T.);
#4545=EDGE_CURVE('',#3559,#3560,#1548,.T.);
#4546=EDGE_CURVE('',#3560,#3558,#2885,.T.);
#4547=EDGE_CURVE('',#3561,#3559,#2886,.T.);
#4548=EDGE_CURVE('',#3561,#3562,#1549,.T.);
#4549=EDGE_CURVE('',#3562,#3560,#2887,.T.);
#4550=EDGE_CURVE('',#3563,#3561,#1550,.T.);
#4551=EDGE_CURVE('',#3563,#3564,#1551,.T.);
#4552=EDGE_CURVE('',#3564,#3562,#1552,.T.);
#4553=EDGE_CURVE('',#3552,#3563,#1553,.T.);
#4554=EDGE_CURVE('',#3554,#3564,#1554,.T.);
#4555=EDGE_CURVE('',#3565,#3566,#1555,.T.);
#4556=EDGE_CURVE('',#3565,#3567,#1556,.T.);
#4557=EDGE_CURVE('',#3567,#3568,#1557,.T.);
#4558=EDGE_CURVE('',#3566,#3568,#1558,.T.);
#4559=EDGE_CURVE('',#3569,#3565,#2888,.T.);
#4560=EDGE_CURVE('',#3569,#3570,#1559,.T.);
#4561=EDGE_CURVE('',#3570,#3567,#2889,.T.);
#4562=EDGE_CURVE('',#3571,#3569,#2890,.T.);
#4563=EDGE_CURVE('',#3571,#3572,#1560,.T.);
#4564=EDGE_CURVE('',#3572,#3570,#2891,.T.);
#4565=EDGE_CURVE('',#3573,#3571,#2892,.T.);
#4566=EDGE_CURVE('',#3573,#3574,#1561,.T.);
#4567=EDGE_CURVE('',#3574,#3572,#2893,.T.);
#4568=EDGE_CURVE('',#3575,#3573,#2894,.T.);
#4569=EDGE_CURVE('',#3575,#3576,#1562,.T.);
#4570=EDGE_CURVE('',#3576,#3574,#2895,.T.);
#4571=EDGE_CURVE('',#3577,#3575,#1563,.T.);
#4572=EDGE_CURVE('',#3577,#3578,#1564,.T.);
#4573=EDGE_CURVE('',#3578,#3576,#1565,.T.);
#4574=EDGE_CURVE('',#3566,#3577,#1566,.T.);
#4575=EDGE_CURVE('',#3568,#3578,#1567,.T.);
#4576=EDGE_CURVE('',#3421,#3579,#1568,.T.);
#4577=EDGE_CURVE('',#3579,#3580,#1569,.T.);
#4578=EDGE_CURVE('',#3422,#3580,#1570,.T.);
#4579=EDGE_CURVE('',#3433,#3581,#1571,.T.);
#4580=EDGE_CURVE('',#3581,#3579,#2896,.T.);
#4581=EDGE_CURVE('',#3432,#3582,#1572,.T.);
#4582=EDGE_CURVE('',#3582,#3581,#2897,.T.);
#4583=EDGE_CURVE('',#3431,#3583,#1573,.T.);
#4584=EDGE_CURVE('',#3583,#3582,#2898,.T.);
#4585=EDGE_CURVE('',#3430,#3584,#1574,.T.);
#4586=EDGE_CURVE('',#3584,#3583,#2899,.T.);
#4587=EDGE_CURVE('',#3429,#3585,#1575,.T.);
#4588=EDGE_CURVE('',#3585,#3584,#2900,.T.);
#4589=EDGE_CURVE('',#3428,#3586,#1576,.T.);
#4590=EDGE_CURVE('',#3586,#3585,#2901,.T.);
#4591=EDGE_CURVE('',#3427,#3587,#1577,.T.);
#4592=EDGE_CURVE('',#3587,#3586,#2902,.T.);
#4593=EDGE_CURVE('',#3426,#3588,#1578,.T.);
#4594=EDGE_CURVE('',#3588,#3587,#2903,.T.);
#4595=EDGE_CURVE('',#3425,#3589,#1579,.T.);
#4596=EDGE_CURVE('',#3589,#3588,#2904,.T.);
#4597=EDGE_CURVE('',#3424,#3590,#1580,.T.);
#4598=EDGE_CURVE('',#3590,#3589,#2905,.T.);
#4599=EDGE_CURVE('',#3423,#3591,#1581,.T.);
#4600=EDGE_CURVE('',#3591,#3590,#1582,.T.);
#4601=EDGE_CURVE('',#3580,#3591,#1583,.T.);
#4602=EDGE_CURVE('',#3434,#3592,#1584,.T.);
#4603=EDGE_CURVE('',#3592,#3593,#2906,.T.);
#4604=EDGE_CURVE('',#3435,#3593,#1585,.T.);
#4605=EDGE_CURVE('',#3452,#3594,#1586,.T.);
#4606=EDGE_CURVE('',#3594,#3592,#2907,.T.);
#4607=EDGE_CURVE('',#3451,#3595,#1587,.T.);
#4608=EDGE_CURVE('',#3595,#3594,#2908,.T.);
#4609=EDGE_CURVE('',#3450,#3596,#1588,.T.);
#4610=EDGE_CURVE('',#3596,#3595,#2909,.T.);
#4611=EDGE_CURVE('',#3449,#3597,#1589,.T.);
#4612=EDGE_CURVE('',#3597,#3596,#1590,.T.);
#4613=EDGE_CURVE('',#3448,#3598,#1591,.T.);
#4614=EDGE_CURVE('',#3598,#3597,#1592,.T.);
#4615=EDGE_CURVE('',#3447,#3599,#1593,.T.);
#4616=EDGE_CURVE('',#3599,#3598,#1594,.T.);
#4617=EDGE_CURVE('',#3446,#3600,#1595,.T.);
#4618=EDGE_CURVE('',#3600,#3599,#2910,.T.);
#4619=EDGE_CURVE('',#3445,#3601,#1596,.T.);
#4620=EDGE_CURVE('',#3601,#3600,#2911,.T.);
#4621=EDGE_CURVE('',#3444,#3602,#1597,.T.);
#4622=EDGE_CURVE('',#3602,#3601,#2912,.T.);
#4623=EDGE_CURVE('',#3443,#3603,#1598,.T.);
#4624=EDGE_CURVE('',#3603,#3602,#2913,.T.);
#4625=EDGE_CURVE('',#3442,#3604,#1599,.T.);
#4626=EDGE_CURVE('',#3604,#3603,#2914,.T.);
#4627=EDGE_CURVE('',#3441,#3605,#1600,.T.);
#4628=EDGE_CURVE('',#3605,#3604,#2915,.T.);
#4629=EDGE_CURVE('',#3440,#3606,#1601,.T.);
#4630=EDGE_CURVE('',#3606,#3605,#2916,.T.);
#4631=EDGE_CURVE('',#3439,#3607,#1602,.T.);
#4632=EDGE_CURVE('',#3607,#3606,#2917,.T.);
#4633=EDGE_CURVE('',#3438,#3608,#1603,.T.);
#4634=EDGE_CURVE('',#3608,#3607,#2918,.T.);
#4635=EDGE_CURVE('',#3437,#3609,#1604,.T.);
#4636=EDGE_CURVE('',#3609,#3608,#1605,.T.);
#4637=EDGE_CURVE('',#3436,#3610,#1606,.T.);
#4638=EDGE_CURVE('',#3610,#3609,#1607,.T.);
#4639=EDGE_CURVE('',#3593,#3610,#1608,.T.);
#4640=EDGE_CURVE('',#3392,#3611,#1609,.T.);
#4641=EDGE_CURVE('',#3611,#3521,#1610,.T.);
#4642=EDGE_CURVE('',#3391,#3612,#1611,.T.);
#4643=EDGE_CURVE('',#3612,#3611,#1612,.T.);
#4644=EDGE_CURVE('',#3523,#3612,#1613,.T.);
#4645=EDGE_CURVE('',#3413,#3613,#1614,.T.);
#4646=EDGE_CURVE('',#3613,#3614,#1615,.T.);
#4647=EDGE_CURVE('',#3414,#3614,#1616,.T.);
#4648=EDGE_CURVE('',#3412,#3615,#1617,.T.);
#4649=EDGE_CURVE('',#3615,#3613,#2919,.T.);
#4650=EDGE_CURVE('',#3411,#3616,#1618,.T.);
#4651=EDGE_CURVE('',#3616,#3615,#2920,.T.);
#4652=EDGE_CURVE('',#3410,#3617,#1619,.T.);
#4653=EDGE_CURVE('',#3617,#3616,#2921,.T.);
#4654=EDGE_CURVE('',#3409,#3618,#1620,.T.);
#4655=EDGE_CURVE('',#3618,#3617,#2922,.T.);
#4656=EDGE_CURVE('',#3408,#3619,#1621,.T.);
#4657=EDGE_CURVE('',#3619,#3618,#2923,.T.);
#4658=EDGE_CURVE('',#3407,#3620,#1622,.T.);
#4659=EDGE_CURVE('',#3620,#3619,#2924,.T.);
#4660=EDGE_CURVE('',#3406,#3621,#1623,.T.);
#4661=EDGE_CURVE('',#3621,#3620,#2925,.T.);
#4662=EDGE_CURVE('',#3405,#3622,#1624,.T.);
#4663=EDGE_CURVE('',#3622,#3621,#2926,.T.);
#4664=EDGE_CURVE('',#3404,#3623,#1625,.T.);
#4665=EDGE_CURVE('',#3623,#3622,#1626,.T.);
#4666=EDGE_CURVE('',#3403,#3624,#1627,.T.);
#4667=EDGE_CURVE('',#3624,#3623,#2927,.T.);
#4668=EDGE_CURVE('',#3402,#3625,#1628,.T.);
#4669=EDGE_CURVE('',#3625,#3624,#2928,.T.);
#4670=EDGE_CURVE('',#3401,#3626,#1629,.T.);
#4671=EDGE_CURVE('',#3626,#3625,#2929,.T.);
#4672=EDGE_CURVE('',#3400,#3627,#1630,.T.);
#4673=EDGE_CURVE('',#3627,#3626,#2930,.T.);
#4674=EDGE_CURVE('',#3399,#3628,#1631,.T.);
#4675=EDGE_CURVE('',#3628,#3627,#2931,.T.);
#4676=EDGE_CURVE('',#3398,#3629,#1632,.T.);
#4677=EDGE_CURVE('',#3629,#3628,#2932,.T.);
#4678=EDGE_CURVE('',#3397,#3630,#1633,.T.);
#4679=EDGE_CURVE('',#3630,#3629,#2933,.T.);
#4680=EDGE_CURVE('',#3396,#3631,#1634,.T.);
#4681=EDGE_CURVE('',#3631,#3630,#2934,.T.);
#4682=EDGE_CURVE('',#3632,#3395,#2935,.T.);
#4683=EDGE_CURVE('',#3632,#3631,#2936,.T.);
#4684=EDGE_CURVE('',#3420,#3633,#2937,.T.);
#4685=EDGE_CURVE('',#3419,#3634,#1635,.T.);
#4686=EDGE_CURVE('',#3634,#3633,#2938,.T.);
#4687=EDGE_CURVE('',#3418,#3635,#1636,.T.);
#4688=EDGE_CURVE('',#3635,#3634,#2939,.T.);
#4689=EDGE_CURVE('',#3417,#3636,#1637,.T.);
#4690=EDGE_CURVE('',#3636,#3635,#1638,.T.);
#4691=EDGE_CURVE('',#3416,#3637,#1639,.T.);
#4692=EDGE_CURVE('',#3637,#3636,#1640,.T.);
#4693=EDGE_CURVE('',#3415,#3638,#1641,.T.);
#4694=EDGE_CURVE('',#3638,#3637,#1642,.T.);
#4695=EDGE_CURVE('',#3614,#3638,#1643,.T.);
#4696=EDGE_CURVE('',#3633,#3632,#1644,.T.);
#4697=EDGE_CURVE('',#3639,#3640,#1645,.T.);
#4698=EDGE_CURVE('',#3639,#3641,#1646,.T.);
#4699=EDGE_CURVE('',#3641,#3642,#1647,.T.);
#4700=EDGE_CURVE('',#3640,#3642,#1648,.T.);
#4701=EDGE_CURVE('',#3643,#3639,#1649,.T.);
#4702=EDGE_CURVE('',#3643,#3644,#1650,.T.);
#4703=EDGE_CURVE('',#3644,#3641,#1651,.T.);
#4704=EDGE_CURVE('',#3640,#3643,#1652,.T.);
#4705=EDGE_CURVE('',#3642,#3644,#1653,.T.);
#4706=EDGE_CURVE('',#3453,#3645,#1654,.T.);
#4707=EDGE_CURVE('',#3645,#3646,#1655,.T.);
#4708=EDGE_CURVE('',#3454,#3646,#1656,.T.);
#4709=EDGE_CURVE('',#3460,#3647,#1657,.T.);
#4710=EDGE_CURVE('',#3647,#3645,#1658,.T.);
#4711=EDGE_CURVE('',#3459,#3648,#1659,.T.);
#4712=EDGE_CURVE('',#3648,#3647,#1660,.T.);
#4713=EDGE_CURVE('',#3458,#3649,#1661,.T.);
#4714=EDGE_CURVE('',#3649,#3648,#1662,.T.);
#4715=EDGE_CURVE('',#3457,#3650,#1663,.T.);
#4716=EDGE_CURVE('',#3650,#3649,#1664,.T.);
#4717=EDGE_CURVE('',#3456,#3651,#1665,.T.);
#4718=EDGE_CURVE('',#3651,#3650,#1666,.T.);
#4719=EDGE_CURVE('',#3455,#3652,#1667,.T.);
#4720=EDGE_CURVE('',#3652,#3651,#1668,.T.);
#4721=EDGE_CURVE('',#3646,#3652,#1669,.T.);
#4722=EDGE_CURVE('',#3653,#3654,#1670,.T.);
#4723=EDGE_CURVE('',#3653,#3655,#1671,.T.);
#4724=EDGE_CURVE('',#3655,#3656,#1672,.T.);
#4725=EDGE_CURVE('',#3654,#3656,#1673,.T.);
#4726=EDGE_CURVE('',#3657,#3653,#2940,.T.);
#4727=EDGE_CURVE('',#3657,#3658,#1674,.T.);
#4728=EDGE_CURVE('',#3658,#3655,#2941,.T.);
#4729=EDGE_CURVE('',#3659,#3657,#2942,.T.);
#4730=EDGE_CURVE('',#3659,#3660,#1675,.T.);
#4731=EDGE_CURVE('',#3660,#3658,#2943,.T.);
#4732=EDGE_CURVE('',#3661,#3659,#2944,.T.);
#4733=EDGE_CURVE('',#3661,#3662,#1676,.T.);
#4734=EDGE_CURVE('',#3662,#3660,#2945,.T.);
#4735=EDGE_CURVE('',#3663,#3661,#2946,.T.);
#4736=EDGE_CURVE('',#3663,#3664,#1677,.T.);
#4737=EDGE_CURVE('',#3664,#3662,#2947,.T.);
#4738=EDGE_CURVE('',#3665,#3663,#1678,.T.);
#4739=EDGE_CURVE('',#3665,#3666,#1679,.T.);
#4740=EDGE_CURVE('',#3666,#3664,#1680,.T.);
#4741=EDGE_CURVE('',#3654,#3665,#1681,.T.);
#4742=EDGE_CURVE('',#3656,#3666,#1682,.T.);
#4743=EDGE_CURVE('',#3667,#3668,#1683,.T.);
#4744=EDGE_CURVE('',#3667,#3669,#1684,.T.);
#4745=EDGE_CURVE('',#3669,#3670,#1685,.T.);
#4746=EDGE_CURVE('',#3668,#3670,#1686,.T.);
#4747=EDGE_CURVE('',#3671,#3667,#2948,.T.);
#4748=EDGE_CURVE('',#3671,#3672,#1687,.T.);
#4749=EDGE_CURVE('',#3672,#3669,#2949,.T.);
#4750=EDGE_CURVE('',#3673,#3671,#2950,.T.);
#4751=EDGE_CURVE('',#3673,#3674,#1688,.T.);
#4752=EDGE_CURVE('',#3674,#3672,#2951,.T.);
#4753=EDGE_CURVE('',#3675,#3673,#2952,.T.);
#4754=EDGE_CURVE('',#3675,#3676,#1689,.T.);
#4755=EDGE_CURVE('',#3676,#3674,#2953,.T.);
#4756=EDGE_CURVE('',#3677,#3675,#2954,.T.);
#4757=EDGE_CURVE('',#3677,#3678,#1690,.T.);
#4758=EDGE_CURVE('',#3678,#3676,#2955,.T.);
#4759=EDGE_CURVE('',#3679,#3677,#1691,.T.);
#4760=EDGE_CURVE('',#3679,#3680,#1692,.T.);
#4761=EDGE_CURVE('',#3680,#3678,#1693,.T.);
#4762=EDGE_CURVE('',#3668,#3679,#1694,.T.);
#4763=EDGE_CURVE('',#3670,#3680,#1695,.T.);
#4764=EDGE_CURVE('',#3461,#3681,#1696,.T.);
#4765=EDGE_CURVE('',#3681,#3682,#1697,.T.);
#4766=EDGE_CURVE('',#3462,#3682,#1698,.T.);
#4767=EDGE_CURVE('',#3473,#3683,#1699,.T.);
#4768=EDGE_CURVE('',#3683,#3681,#2956,.T.);
#4769=EDGE_CURVE('',#3472,#3684,#1700,.T.);
#4770=EDGE_CURVE('',#3684,#3683,#2957,.T.);
#4771=EDGE_CURVE('',#3471,#3685,#1701,.T.);
#4772=EDGE_CURVE('',#3685,#3684,#2958,.T.);
#4773=EDGE_CURVE('',#3470,#3686,#1702,.T.);
#4774=EDGE_CURVE('',#3686,#3685,#2959,.T.);
#4775=EDGE_CURVE('',#3469,#3687,#1703,.T.);
#4776=EDGE_CURVE('',#3687,#3686,#2960,.T.);
#4777=EDGE_CURVE('',#3468,#3688,#1704,.T.);
#4778=EDGE_CURVE('',#3688,#3687,#2961,.T.);
#4779=EDGE_CURVE('',#3467,#3689,#1705,.T.);
#4780=EDGE_CURVE('',#3689,#3688,#2962,.T.);
#4781=EDGE_CURVE('',#3466,#3690,#1706,.T.);
#4782=EDGE_CURVE('',#3690,#3689,#2963,.T.);
#4783=EDGE_CURVE('',#3465,#3691,#1707,.T.);
#4784=EDGE_CURVE('',#3691,#3690,#2964,.T.);
#4785=EDGE_CURVE('',#3464,#3692,#1708,.T.);
#4786=EDGE_CURVE('',#3692,#3691,#2965,.T.);
#4787=EDGE_CURVE('',#3463,#3693,#1709,.T.);
#4788=EDGE_CURVE('',#3693,#3692,#1710,.T.);
#4789=EDGE_CURVE('',#3682,#3693,#1711,.T.);
#4790=EDGE_CURVE('',#3474,#3694,#1712,.T.);
#4791=EDGE_CURVE('',#3694,#3695,#1713,.T.);
#4792=EDGE_CURVE('',#3475,#3695,#1714,.T.);
#4793=EDGE_CURVE('',#3483,#3696,#1715,.T.);
#4794=EDGE_CURVE('',#3696,#3694,#1716,.T.);
#4795=EDGE_CURVE('',#3482,#3697,#1717,.T.);
#4796=EDGE_CURVE('',#3697,#3696,#1718,.T.);
#4797=EDGE_CURVE('',#3481,#3698,#1719,.T.);
#4798=EDGE_CURVE('',#3698,#3697,#1720,.T.);
#4799=EDGE_CURVE('',#3480,#3699,#1721,.T.);
#4800=EDGE_CURVE('',#3699,#3698,#1722,.T.);
#4801=EDGE_CURVE('',#3479,#3700,#1723,.T.);
#4802=EDGE_CURVE('',#3700,#3699,#1724,.T.);
#4803=EDGE_CURVE('',#3478,#3701,#1725,.T.);
#4804=EDGE_CURVE('',#3701,#3700,#1726,.T.);
#4805=EDGE_CURVE('',#3477,#3702,#1727,.T.);
#4806=EDGE_CURVE('',#3702,#3701,#1728,.T.);
#4807=EDGE_CURVE('',#3476,#3703,#1729,.T.);
#4808=EDGE_CURVE('',#3703,#3702,#1730,.T.);
#4809=EDGE_CURVE('',#3695,#3703,#1731,.T.);
#4810=EDGE_CURVE('',#3484,#3704,#1732,.T.);
#4811=EDGE_CURVE('',#3704,#3705,#1733,.T.);
#4812=EDGE_CURVE('',#3485,#3705,#1734,.T.);
#4813=EDGE_CURVE('',#3493,#3706,#1735,.T.);
#4814=EDGE_CURVE('',#3706,#3704,#1736,.T.);
#4815=EDGE_CURVE('',#3492,#3707,#1737,.T.);
#4816=EDGE_CURVE('',#3707,#3706,#1738,.T.);
#4817=EDGE_CURVE('',#3491,#3708,#1739,.T.);
#4818=EDGE_CURVE('',#3708,#3707,#1740,.T.);
#4819=EDGE_CURVE('',#3490,#3709,#1741,.T.);
#4820=EDGE_CURVE('',#3709,#3708,#1742,.T.);
#4821=EDGE_CURVE('',#3489,#3710,#1743,.T.);
#4822=EDGE_CURVE('',#3710,#3709,#1744,.T.);
#4823=EDGE_CURVE('',#3488,#3711,#1745,.T.);
#4824=EDGE_CURVE('',#3711,#3710,#1746,.T.);
#4825=EDGE_CURVE('',#3487,#3712,#1747,.T.);
#4826=EDGE_CURVE('',#3712,#3711,#1748,.T.);
#4827=EDGE_CURVE('',#3486,#3713,#1749,.T.);
#4828=EDGE_CURVE('',#3713,#3712,#1750,.T.);
#4829=EDGE_CURVE('',#3705,#3713,#1751,.T.);
#4830=EDGE_CURVE('',#3494,#3714,#1752,.T.);
#4831=EDGE_CURVE('',#3714,#3715,#1753,.T.);
#4832=EDGE_CURVE('',#3495,#3715,#1754,.T.);
#4833=EDGE_CURVE('',#3506,#3716,#1755,.T.);
#4834=EDGE_CURVE('',#3716,#3714,#1756,.T.);
#4835=EDGE_CURVE('',#3505,#3717,#1757,.T.);
#4836=EDGE_CURVE('',#3717,#3716,#1758,.T.);
#4837=EDGE_CURVE('',#3504,#3718,#1759,.T.);
#4838=EDGE_CURVE('',#3718,#3717,#1760,.T.);
#4839=EDGE_CURVE('',#3503,#3719,#1761,.T.);
#4840=EDGE_CURVE('',#3719,#3718,#1762,.T.);
#4841=EDGE_CURVE('',#3502,#3720,#1763,.T.);
#4842=EDGE_CURVE('',#3720,#3719,#1764,.T.);
#4843=EDGE_CURVE('',#3501,#3721,#1765,.T.);
#4844=EDGE_CURVE('',#3721,#3720,#1766,.T.);
#4845=EDGE_CURVE('',#3500,#3722,#1767,.T.);
#4846=EDGE_CURVE('',#3722,#3721,#1768,.T.);
#4847=EDGE_CURVE('',#3499,#3723,#1769,.T.);
#4848=EDGE_CURVE('',#3723,#3722,#1770,.T.);
#4849=EDGE_CURVE('',#3498,#3724,#1771,.T.);
#4850=EDGE_CURVE('',#3724,#3723,#1772,.T.);
#4851=EDGE_CURVE('',#3497,#3725,#1773,.T.);
#4852=EDGE_CURVE('',#3725,#3724,#1774,.T.);
#4853=EDGE_CURVE('',#3496,#3726,#1775,.T.);
#4854=EDGE_CURVE('',#3726,#3725,#1776,.T.);
#4855=EDGE_CURVE('',#3715,#3726,#1777,.T.);
#4856=EDGE_CURVE('',#3727,#3728,#2966,.T.);
#4857=EDGE_CURVE('',#3727,#3729,#1778,.T.);
#4858=EDGE_CURVE('',#3729,#3730,#2967,.T.);
#4859=EDGE_CURVE('',#3728,#3730,#1779,.T.);
#4860=EDGE_CURVE('',#3731,#3727,#2968,.T.);
#4861=EDGE_CURVE('',#3731,#3732,#1780,.T.);
#4862=EDGE_CURVE('',#3732,#3729,#2969,.T.);
#4863=EDGE_CURVE('',#3733,#3731,#2970,.T.);
#4864=EDGE_CURVE('',#3733,#3734,#1781,.T.);
#4865=EDGE_CURVE('',#3734,#3732,#2971,.T.);
#4866=EDGE_CURVE('',#3735,#3733,#2972,.T.);
#4867=EDGE_CURVE('',#3735,#3736,#1782,.T.);
#4868=EDGE_CURVE('',#3736,#3734,#2973,.T.);
#4869=EDGE_CURVE('',#3737,#3735,#2974,.T.);
#4870=EDGE_CURVE('',#3737,#3738,#1783,.T.);
#4871=EDGE_CURVE('',#3738,#3736,#2975,.T.);
#4872=EDGE_CURVE('',#3739,#3737,#2976,.T.);
#4873=EDGE_CURVE('',#3739,#3740,#1784,.T.);
#4874=EDGE_CURVE('',#3740,#3738,#2977,.T.);
#4875=EDGE_CURVE('',#3741,#3739,#2978,.T.);
#4876=EDGE_CURVE('',#3741,#3742,#1785,.T.);
#4877=EDGE_CURVE('',#3742,#3740,#2979,.T.);
#4878=EDGE_CURVE('',#3728,#3741,#2980,.T.);
#4879=EDGE_CURVE('',#3730,#3742,#2981,.T.);
#4880=EDGE_CURVE('',#3365,#3743,#1786,.T.);
#4881=EDGE_CURVE('',#3743,#3744,#2982,.T.);
#4882=EDGE_CURVE('',#3366,#3744,#1787,.T.);
#4883=EDGE_CURVE('',#3364,#3745,#1788,.T.);
#4884=EDGE_CURVE('',#3745,#3743,#2983,.T.);
#4885=EDGE_CURVE('',#3363,#3746,#1789,.T.);
#4886=EDGE_CURVE('',#3746,#3745,#2984,.T.);
#4887=EDGE_CURVE('',#3362,#3747,#1790,.T.);
#4888=EDGE_CURVE('',#3747,#3746,#2985,.T.);
#4889=EDGE_CURVE('',#3361,#3748,#1791,.T.);
#4890=EDGE_CURVE('',#3748,#3747,#2986,.T.);
#4891=EDGE_CURVE('',#3360,#3749,#1792,.T.);
#4892=EDGE_CURVE('',#3749,#3748,#2987,.T.);
#4893=EDGE_CURVE('',#3750,#3359,#2988,.T.);
#4894=EDGE_CURVE('',#3750,#3749,#2989,.T.);
#4895=EDGE_CURVE('',#3369,#3751,#2990,.T.);
#4896=EDGE_CURVE('',#3368,#3752,#1793,.T.);
#4897=EDGE_CURVE('',#3752,#3751,#2991,.T.);
#4898=EDGE_CURVE('',#3367,#3753,#1794,.T.);
#4899=EDGE_CURVE('',#3753,#3752,#2992,.T.);
#4900=EDGE_CURVE('',#3744,#3753,#2993,.T.);
#4901=EDGE_CURVE('',#3751,#3750,#1795,.T.);
#4902=EDGE_CURVE('',#3507,#3754,#1796,.T.);
#4903=EDGE_CURVE('',#3754,#3755,#1797,.T.);
#4904=EDGE_CURVE('',#3508,#3755,#1798,.T.);
#4905=EDGE_CURVE('',#3519,#3756,#1799,.T.);
#4906=EDGE_CURVE('',#3756,#3754,#1800,.T.);
#4907=EDGE_CURVE('',#3518,#3757,#1801,.T.);
#4908=EDGE_CURVE('',#3757,#3756,#1802,.T.);
#4909=EDGE_CURVE('',#3517,#3758,#1803,.T.);
#4910=EDGE_CURVE('',#3758,#3757,#1804,.T.);
#4911=EDGE_CURVE('',#3516,#3759,#1805,.T.);
#4912=EDGE_CURVE('',#3759,#3758,#1806,.T.);
#4913=EDGE_CURVE('',#3515,#3760,#1807,.T.);
#4914=EDGE_CURVE('',#3760,#3759,#1808,.T.);
#4915=EDGE_CURVE('',#3514,#3761,#1809,.T.);
#4916=EDGE_CURVE('',#3761,#3760,#1810,.T.);
#4917=EDGE_CURVE('',#3513,#3762,#1811,.T.);
#4918=EDGE_CURVE('',#3762,#3761,#1812,.T.);
#4919=EDGE_CURVE('',#3512,#3763,#1813,.T.);
#4920=EDGE_CURVE('',#3763,#3762,#1814,.T.);
#4921=EDGE_CURVE('',#3511,#3764,#1815,.T.);
#4922=EDGE_CURVE('',#3764,#3763,#1816,.T.);
#4923=EDGE_CURVE('',#3510,#3765,#1817,.T.);
#4924=EDGE_CURVE('',#3765,#3764,#1818,.T.);
#4925=EDGE_CURVE('',#3509,#3766,#1819,.T.);
#4926=EDGE_CURVE('',#3766,#3765,#1820,.T.);
#4927=EDGE_CURVE('',#3755,#3766,#1821,.T.);
#4928=EDGE_CURVE('',#3387,#3767,#1822,.T.);
#4929=EDGE_CURVE('',#3767,#3357,#1823,.T.);
#4930=EDGE_CURVE('',#3386,#3768,#1824,.T.);
#4931=EDGE_CURVE('',#3768,#3767,#1825,.T.);
#4932=EDGE_CURVE('',#3385,#3769,#1826,.T.);
#4933=EDGE_CURVE('',#3769,#3768,#1827,.T.);
#4934=EDGE_CURVE('',#3384,#3770,#1828,.T.);
#4935=EDGE_CURVE('',#3770,#3769,#1829,.T.);
#4936=EDGE_CURVE('',#3383,#3771,#1830,.T.);
#4937=EDGE_CURVE('',#3771,#3770,#1831,.T.);
#4938=EDGE_CURVE('',#3382,#3772,#1832,.T.);
#4939=EDGE_CURVE('',#3772,#3771,#1833,.T.);
#4940=EDGE_CURVE('',#3381,#3773,#1834,.T.);
#4941=EDGE_CURVE('',#3773,#3772,#1835,.T.);
#4942=EDGE_CURVE('',#3355,#3773,#1836,.T.);
#4943=EDGE_CURVE('',#3520,#3349,#1837,.T.);
#4944=ORIENTED_EDGE('',*,*,#3774,.F.);
#4945=ORIENTED_EDGE('',*,*,#3775,.T.);
#4946=ORIENTED_EDGE('',*,*,#3776,.T.);
#4947=ORIENTED_EDGE('',*,*,#3777,.F.);
#4948=ORIENTED_EDGE('',*,*,#3778,.F.);
#4949=ORIENTED_EDGE('',*,*,#3779,.T.);
#4950=ORIENTED_EDGE('',*,*,#3780,.T.);
#4951=ORIENTED_EDGE('',*,*,#3775,.F.);
#4952=ORIENTED_EDGE('',*,*,#3781,.F.);
#4953=ORIENTED_EDGE('',*,*,#3782,.T.);
#4954=ORIENTED_EDGE('',*,*,#3783,.T.);
#4955=ORIENTED_EDGE('',*,*,#3779,.F.);
#4956=ORIENTED_EDGE('',*,*,#3784,.F.);
#4957=ORIENTED_EDGE('',*,*,#3785,.T.);
#4958=ORIENTED_EDGE('',*,*,#3786,.T.);
#4959=ORIENTED_EDGE('',*,*,#3782,.F.);
#4960=ORIENTED_EDGE('',*,*,#3787,.F.);
#4961=ORIENTED_EDGE('',*,*,#3788,.T.);
#4962=ORIENTED_EDGE('',*,*,#3789,.T.);
#4963=ORIENTED_EDGE('',*,*,#3785,.F.);
#4964=ORIENTED_EDGE('',*,*,#3790,.F.);
#4965=ORIENTED_EDGE('',*,*,#3791,.T.);
#4966=ORIENTED_EDGE('',*,*,#3792,.T.);
#4967=ORIENTED_EDGE('',*,*,#3788,.F.);
#4968=ORIENTED_EDGE('',*,*,#3793,.F.);
#4969=ORIENTED_EDGE('',*,*,#3794,.T.);
#4970=ORIENTED_EDGE('',*,*,#3795,.T.);
#4971=ORIENTED_EDGE('',*,*,#3791,.F.);
#4972=ORIENTED_EDGE('',*,*,#3796,.F.);
#4973=ORIENTED_EDGE('',*,*,#3777,.T.);
#4974=ORIENTED_EDGE('',*,*,#3797,.T.);
#4975=ORIENTED_EDGE('',*,*,#3794,.F.);
#4976=ORIENTED_EDGE('',*,*,#3798,.F.);
#4977=ORIENTED_EDGE('',*,*,#3799,.T.);
#4978=ORIENTED_EDGE('',*,*,#3800,.T.);
#4979=ORIENTED_EDGE('',*,*,#3801,.F.);
#4980=ORIENTED_EDGE('',*,*,#3802,.F.);
#4981=ORIENTED_EDGE('',*,*,#3803,.T.);
#4982=ORIENTED_EDGE('',*,*,#3804,.T.);
#4983=ORIENTED_EDGE('',*,*,#3799,.F.);
#4984=ORIENTED_EDGE('',*,*,#3805,.F.);
#4985=ORIENTED_EDGE('',*,*,#3806,.T.);
#4986=ORIENTED_EDGE('',*,*,#3807,.T.);
#4987=ORIENTED_EDGE('',*,*,#3803,.F.);
#4988=ORIENTED_EDGE('',*,*,#3808,.F.);
#4989=ORIENTED_EDGE('',*,*,#3809,.T.);
#4990=ORIENTED_EDGE('',*,*,#3810,.T.);
#4991=ORIENTED_EDGE('',*,*,#3806,.F.);
#4992=ORIENTED_EDGE('',*,*,#3811,.F.);
#4993=ORIENTED_EDGE('',*,*,#3812,.T.);
#4994=ORIENTED_EDGE('',*,*,#3813,.T.);
#4995=ORIENTED_EDGE('',*,*,#3809,.F.);
#4996=ORIENTED_EDGE('',*,*,#3814,.F.);
#4997=ORIENTED_EDGE('',*,*,#3815,.T.);
#4998=ORIENTED_EDGE('',*,*,#3816,.T.);
#4999=ORIENTED_EDGE('',*,*,#3812,.F.);
#5000=ORIENTED_EDGE('',*,*,#3817,.F.);
#5001=ORIENTED_EDGE('',*,*,#3818,.T.);
#5002=ORIENTED_EDGE('',*,*,#3819,.T.);
#5003=ORIENTED_EDGE('',*,*,#3815,.F.);
#5004=ORIENTED_EDGE('',*,*,#3820,.F.);
#5005=ORIENTED_EDGE('',*,*,#3801,.T.);
#5006=ORIENTED_EDGE('',*,*,#3821,.T.);
#5007=ORIENTED_EDGE('',*,*,#3818,.F.);
#5008=ORIENTED_EDGE('',*,*,#3821,.F.);
#5009=ORIENTED_EDGE('',*,*,#3800,.F.);
#5010=ORIENTED_EDGE('',*,*,#3804,.F.);
#5011=ORIENTED_EDGE('',*,*,#3807,.F.);
#5012=ORIENTED_EDGE('',*,*,#3810,.F.);
#5013=ORIENTED_EDGE('',*,*,#3813,.F.);
#5014=ORIENTED_EDGE('',*,*,#3816,.F.);
#5015=ORIENTED_EDGE('',*,*,#3819,.F.);
#5016=ORIENTED_EDGE('',*,*,#3797,.F.);
#5017=ORIENTED_EDGE('',*,*,#3776,.F.);
#5018=ORIENTED_EDGE('',*,*,#3780,.F.);
#5019=ORIENTED_EDGE('',*,*,#3783,.F.);
#5020=ORIENTED_EDGE('',*,*,#3786,.F.);
#5021=ORIENTED_EDGE('',*,*,#3789,.F.);
#5022=ORIENTED_EDGE('',*,*,#3792,.F.);
#5023=ORIENTED_EDGE('',*,*,#3795,.F.);
#5024=ORIENTED_EDGE('',*,*,#3822,.F.);
#5025=ORIENTED_EDGE('',*,*,#3823,.T.);
#5026=ORIENTED_EDGE('',*,*,#3824,.T.);
#5027=ORIENTED_EDGE('',*,*,#3825,.F.);
#5028=ORIENTED_EDGE('',*,*,#3826,.F.);
#5029=ORIENTED_EDGE('',*,*,#3827,.T.);
#5030=ORIENTED_EDGE('',*,*,#3828,.T.);
#5031=ORIENTED_EDGE('',*,*,#3823,.F.);
#5032=ORIENTED_EDGE('',*,*,#3829,.F.);
#5033=ORIENTED_EDGE('',*,*,#3830,.T.);
#5034=ORIENTED_EDGE('',*,*,#3831,.T.);
#5035=ORIENTED_EDGE('',*,*,#3827,.F.);
#5036=ORIENTED_EDGE('',*,*,#3832,.F.);
#5037=ORIENTED_EDGE('',*,*,#3833,.T.);
#5038=ORIENTED_EDGE('',*,*,#3834,.T.);
#5039=ORIENTED_EDGE('',*,*,#3830,.F.);
#5040=ORIENTED_EDGE('',*,*,#3835,.F.);
#5041=ORIENTED_EDGE('',*,*,#3836,.T.);
#5042=ORIENTED_EDGE('',*,*,#3837,.T.);
#5043=ORIENTED_EDGE('',*,*,#3833,.F.);
#5044=ORIENTED_EDGE('',*,*,#3838,.F.);
#5045=ORIENTED_EDGE('',*,*,#3839,.T.);
#5046=ORIENTED_EDGE('',*,*,#3840,.T.);
#5047=ORIENTED_EDGE('',*,*,#3836,.F.);
#5048=ORIENTED_EDGE('',*,*,#3841,.F.);
#5049=ORIENTED_EDGE('',*,*,#3842,.T.);
#5050=ORIENTED_EDGE('',*,*,#3843,.T.);
#5051=ORIENTED_EDGE('',*,*,#3839,.F.);
#5052=ORIENTED_EDGE('',*,*,#3844,.F.);
#5053=ORIENTED_EDGE('',*,*,#3845,.T.);
#5054=ORIENTED_EDGE('',*,*,#3846,.T.);
#5055=ORIENTED_EDGE('',*,*,#3842,.F.);
#5056=ORIENTED_EDGE('',*,*,#3847,.F.);
#5057=ORIENTED_EDGE('',*,*,#3848,.T.);
#5058=ORIENTED_EDGE('',*,*,#3849,.T.);
#5059=ORIENTED_EDGE('',*,*,#3845,.F.);
#5060=ORIENTED_EDGE('',*,*,#3850,.F.);
#5061=ORIENTED_EDGE('',*,*,#3851,.T.);
#5062=ORIENTED_EDGE('',*,*,#3852,.T.);
#5063=ORIENTED_EDGE('',*,*,#3848,.F.);
#5064=ORIENTED_EDGE('',*,*,#3853,.F.);
#5065=ORIENTED_EDGE('',*,*,#3854,.T.);
#5066=ORIENTED_EDGE('',*,*,#3855,.T.);
#5067=ORIENTED_EDGE('',*,*,#3851,.F.);
#5068=ORIENTED_EDGE('',*,*,#3856,.F.);
#5069=ORIENTED_EDGE('',*,*,#3857,.T.);
#5070=ORIENTED_EDGE('',*,*,#3858,.T.);
#5071=ORIENTED_EDGE('',*,*,#3854,.F.);
#5072=ORIENTED_EDGE('',*,*,#3859,.F.);
#5073=ORIENTED_EDGE('',*,*,#3860,.T.);
#5074=ORIENTED_EDGE('',*,*,#3861,.T.);
#5075=ORIENTED_EDGE('',*,*,#3857,.F.);
#5076=ORIENTED_EDGE('',*,*,#3862,.F.);
#5077=ORIENTED_EDGE('',*,*,#3863,.T.);
#5078=ORIENTED_EDGE('',*,*,#3864,.T.);
#5079=ORIENTED_EDGE('',*,*,#3860,.F.);
#5080=ORIENTED_EDGE('',*,*,#3865,.F.);
#5081=ORIENTED_EDGE('',*,*,#3866,.T.);
#5082=ORIENTED_EDGE('',*,*,#3867,.T.);
#5083=ORIENTED_EDGE('',*,*,#3863,.F.);
#5084=ORIENTED_EDGE('',*,*,#3868,.F.);
#5085=ORIENTED_EDGE('',*,*,#3825,.T.);
#5086=ORIENTED_EDGE('',*,*,#3869,.T.);
#5087=ORIENTED_EDGE('',*,*,#3866,.F.);
#5088=ORIENTED_EDGE('',*,*,#3869,.F.);
#5089=ORIENTED_EDGE('',*,*,#3824,.F.);
#5090=ORIENTED_EDGE('',*,*,#3828,.F.);
#5091=ORIENTED_EDGE('',*,*,#3831,.F.);
#5092=ORIENTED_EDGE('',*,*,#3834,.F.);
#5093=ORIENTED_EDGE('',*,*,#3837,.F.);
#5094=ORIENTED_EDGE('',*,*,#3840,.F.);
#5095=ORIENTED_EDGE('',*,*,#3843,.F.);
#5096=ORIENTED_EDGE('',*,*,#3846,.F.);
#5097=ORIENTED_EDGE('',*,*,#3849,.F.);
#5098=ORIENTED_EDGE('',*,*,#3852,.F.);
#5099=ORIENTED_EDGE('',*,*,#3855,.F.);
#5100=ORIENTED_EDGE('',*,*,#3858,.F.);
#5101=ORIENTED_EDGE('',*,*,#3861,.F.);
#5102=ORIENTED_EDGE('',*,*,#3864,.F.);
#5103=ORIENTED_EDGE('',*,*,#3867,.F.);
#5104=ORIENTED_EDGE('',*,*,#3870,.F.);
#5105=ORIENTED_EDGE('',*,*,#3871,.T.);
#5106=ORIENTED_EDGE('',*,*,#3872,.T.);
#5107=ORIENTED_EDGE('',*,*,#3873,.F.);
#5108=ORIENTED_EDGE('',*,*,#3874,.F.);
#5109=ORIENTED_EDGE('',*,*,#3875,.T.);
#5110=ORIENTED_EDGE('',*,*,#3876,.T.);
#5111=ORIENTED_EDGE('',*,*,#3871,.F.);
#5112=ORIENTED_EDGE('',*,*,#3877,.F.);
#5113=ORIENTED_EDGE('',*,*,#3878,.T.);
#5114=ORIENTED_EDGE('',*,*,#3879,.T.);
#5115=ORIENTED_EDGE('',*,*,#3875,.F.);
#5116=ORIENTED_EDGE('',*,*,#3880,.F.);
#5117=ORIENTED_EDGE('',*,*,#3881,.T.);
#5118=ORIENTED_EDGE('',*,*,#3882,.T.);
#5119=ORIENTED_EDGE('',*,*,#3878,.F.);
#5120=ORIENTED_EDGE('',*,*,#3883,.F.);
#5121=ORIENTED_EDGE('',*,*,#3884,.T.);
#5122=ORIENTED_EDGE('',*,*,#3885,.T.);
#5123=ORIENTED_EDGE('',*,*,#3881,.F.);
#5124=ORIENTED_EDGE('',*,*,#3886,.F.);
#5125=ORIENTED_EDGE('',*,*,#3887,.T.);
#5126=ORIENTED_EDGE('',*,*,#3888,.T.);
#5127=ORIENTED_EDGE('',*,*,#3884,.F.);
#5128=ORIENTED_EDGE('',*,*,#3889,.F.);
#5129=ORIENTED_EDGE('',*,*,#3890,.T.);
#5130=ORIENTED_EDGE('',*,*,#3891,.T.);
#5131=ORIENTED_EDGE('',*,*,#3887,.F.);
#5132=ORIENTED_EDGE('',*,*,#3892,.F.);
#5133=ORIENTED_EDGE('',*,*,#3893,.T.);
#5134=ORIENTED_EDGE('',*,*,#3894,.T.);
#5135=ORIENTED_EDGE('',*,*,#3890,.F.);
#5136=ORIENTED_EDGE('',*,*,#3895,.F.);
#5137=ORIENTED_EDGE('',*,*,#3873,.T.);
#5138=ORIENTED_EDGE('',*,*,#3896,.T.);
#5139=ORIENTED_EDGE('',*,*,#3893,.F.);
#5140=ORIENTED_EDGE('',*,*,#3897,.F.);
#5141=ORIENTED_EDGE('',*,*,#3898,.T.);
#5142=ORIENTED_EDGE('',*,*,#3899,.T.);
#5143=ORIENTED_EDGE('',*,*,#3900,.F.);
#5144=ORIENTED_EDGE('',*,*,#3901,.F.);
#5145=ORIENTED_EDGE('',*,*,#3902,.T.);
#5146=ORIENTED_EDGE('',*,*,#3903,.T.);
#5147=ORIENTED_EDGE('',*,*,#3898,.F.);
#5148=ORIENTED_EDGE('',*,*,#3904,.F.);
#5149=ORIENTED_EDGE('',*,*,#3905,.T.);
#5150=ORIENTED_EDGE('',*,*,#3906,.T.);
#5151=ORIENTED_EDGE('',*,*,#3902,.F.);
#5152=ORIENTED_EDGE('',*,*,#3907,.F.);
#5153=ORIENTED_EDGE('',*,*,#3908,.T.);
#5154=ORIENTED_EDGE('',*,*,#3909,.T.);
#5155=ORIENTED_EDGE('',*,*,#3905,.F.);
#5156=ORIENTED_EDGE('',*,*,#3910,.F.);
#5157=ORIENTED_EDGE('',*,*,#3911,.T.);
#5158=ORIENTED_EDGE('',*,*,#3912,.T.);
#5159=ORIENTED_EDGE('',*,*,#3908,.F.);
#5160=ORIENTED_EDGE('',*,*,#3913,.F.);
#5161=ORIENTED_EDGE('',*,*,#3914,.T.);
#5162=ORIENTED_EDGE('',*,*,#3915,.T.);
#5163=ORIENTED_EDGE('',*,*,#3911,.F.);
#5164=ORIENTED_EDGE('',*,*,#3916,.F.);
#5165=ORIENTED_EDGE('',*,*,#3917,.T.);
#5166=ORIENTED_EDGE('',*,*,#3918,.T.);
#5167=ORIENTED_EDGE('',*,*,#3914,.F.);
#5168=ORIENTED_EDGE('',*,*,#3919,.F.);
#5169=ORIENTED_EDGE('',*,*,#3920,.T.);
#5170=ORIENTED_EDGE('',*,*,#3921,.T.);
#5171=ORIENTED_EDGE('',*,*,#3917,.F.);
#5172=ORIENTED_EDGE('',*,*,#3922,.F.);
#5173=ORIENTED_EDGE('',*,*,#3923,.T.);
#5174=ORIENTED_EDGE('',*,*,#3924,.T.);
#5175=ORIENTED_EDGE('',*,*,#3920,.F.);
#5176=ORIENTED_EDGE('',*,*,#3925,.F.);
#5177=ORIENTED_EDGE('',*,*,#3926,.T.);
#5178=ORIENTED_EDGE('',*,*,#3927,.T.);
#5179=ORIENTED_EDGE('',*,*,#3923,.F.);
#5180=ORIENTED_EDGE('',*,*,#3928,.F.);
#5181=ORIENTED_EDGE('',*,*,#3929,.T.);
#5182=ORIENTED_EDGE('',*,*,#3930,.T.);
#5183=ORIENTED_EDGE('',*,*,#3926,.F.);
#5184=ORIENTED_EDGE('',*,*,#3931,.F.);
#5185=ORIENTED_EDGE('',*,*,#3932,.T.);
#5186=ORIENTED_EDGE('',*,*,#3933,.T.);
#5187=ORIENTED_EDGE('',*,*,#3929,.F.);
#5188=ORIENTED_EDGE('',*,*,#3934,.F.);
#5189=ORIENTED_EDGE('',*,*,#3935,.T.);
#5190=ORIENTED_EDGE('',*,*,#3936,.T.);
#5191=ORIENTED_EDGE('',*,*,#3932,.F.);
#5192=ORIENTED_EDGE('',*,*,#3937,.F.);
#5193=ORIENTED_EDGE('',*,*,#3938,.T.);
#5194=ORIENTED_EDGE('',*,*,#3939,.T.);
#5195=ORIENTED_EDGE('',*,*,#3935,.F.);
#5196=ORIENTED_EDGE('',*,*,#3940,.F.);
#5197=ORIENTED_EDGE('',*,*,#3941,.T.);
#5198=ORIENTED_EDGE('',*,*,#3942,.T.);
#5199=ORIENTED_EDGE('',*,*,#3938,.F.);
#5200=ORIENTED_EDGE('',*,*,#3943,.F.);
#5201=ORIENTED_EDGE('',*,*,#3944,.T.);
#5202=ORIENTED_EDGE('',*,*,#3945,.T.);
#5203=ORIENTED_EDGE('',*,*,#3941,.F.);
#5204=ORIENTED_EDGE('',*,*,#3946,.F.);
#5205=ORIENTED_EDGE('',*,*,#3947,.T.);
#5206=ORIENTED_EDGE('',*,*,#3948,.T.);
#5207=ORIENTED_EDGE('',*,*,#3944,.F.);
#5208=ORIENTED_EDGE('',*,*,#3949,.F.);
#5209=ORIENTED_EDGE('',*,*,#3950,.T.);
#5210=ORIENTED_EDGE('',*,*,#3951,.T.);
#5211=ORIENTED_EDGE('',*,*,#3947,.F.);
#5212=ORIENTED_EDGE('',*,*,#3952,.F.);
#5213=ORIENTED_EDGE('',*,*,#3953,.T.);
#5214=ORIENTED_EDGE('',*,*,#3954,.T.);
#5215=ORIENTED_EDGE('',*,*,#3950,.F.);
#5216=ORIENTED_EDGE('',*,*,#3955,.F.);
#5217=ORIENTED_EDGE('',*,*,#3956,.T.);
#5218=ORIENTED_EDGE('',*,*,#3957,.T.);
#5219=ORIENTED_EDGE('',*,*,#3953,.F.);
#5220=ORIENTED_EDGE('',*,*,#3958,.F.);
#5221=ORIENTED_EDGE('',*,*,#3959,.T.);
#5222=ORIENTED_EDGE('',*,*,#3960,.T.);
#5223=ORIENTED_EDGE('',*,*,#3956,.F.);
#5224=ORIENTED_EDGE('',*,*,#3961,.F.);
#5225=ORIENTED_EDGE('',*,*,#3962,.T.);
#5226=ORIENTED_EDGE('',*,*,#3963,.T.);
#5227=ORIENTED_EDGE('',*,*,#3959,.F.);
#5228=ORIENTED_EDGE('',*,*,#3964,.F.);
#5229=ORIENTED_EDGE('',*,*,#3965,.T.);
#5230=ORIENTED_EDGE('',*,*,#3966,.T.);
#5231=ORIENTED_EDGE('',*,*,#3962,.F.);
#5232=ORIENTED_EDGE('',*,*,#3967,.F.);
#5233=ORIENTED_EDGE('',*,*,#3968,.T.);
#5234=ORIENTED_EDGE('',*,*,#3969,.T.);
#5235=ORIENTED_EDGE('',*,*,#3965,.F.);
#5236=ORIENTED_EDGE('',*,*,#3970,.F.);
#5237=ORIENTED_EDGE('',*,*,#3971,.T.);
#5238=ORIENTED_EDGE('',*,*,#3972,.T.);
#5239=ORIENTED_EDGE('',*,*,#3968,.F.);
#5240=ORIENTED_EDGE('',*,*,#3973,.F.);
#5241=ORIENTED_EDGE('',*,*,#3974,.T.);
#5242=ORIENTED_EDGE('',*,*,#3975,.T.);
#5243=ORIENTED_EDGE('',*,*,#3971,.F.);
#5244=ORIENTED_EDGE('',*,*,#3976,.F.);
#5245=ORIENTED_EDGE('',*,*,#3900,.T.);
#5246=ORIENTED_EDGE('',*,*,#3977,.T.);
#5247=ORIENTED_EDGE('',*,*,#3974,.F.);
#5248=ORIENTED_EDGE('',*,*,#3977,.F.);
#5249=ORIENTED_EDGE('',*,*,#3899,.F.);
#5250=ORIENTED_EDGE('',*,*,#3903,.F.);
#5251=ORIENTED_EDGE('',*,*,#3906,.F.);
#5252=ORIENTED_EDGE('',*,*,#3909,.F.);
#5253=ORIENTED_EDGE('',*,*,#3912,.F.);
#5254=ORIENTED_EDGE('',*,*,#3915,.F.);
#5255=ORIENTED_EDGE('',*,*,#3918,.F.);
#5256=ORIENTED_EDGE('',*,*,#3921,.F.);
#5257=ORIENTED_EDGE('',*,*,#3924,.F.);
#5258=ORIENTED_EDGE('',*,*,#3927,.F.);
#5259=ORIENTED_EDGE('',*,*,#3930,.F.);
#5260=ORIENTED_EDGE('',*,*,#3933,.F.);
#5261=ORIENTED_EDGE('',*,*,#3936,.F.);
#5262=ORIENTED_EDGE('',*,*,#3939,.F.);
#5263=ORIENTED_EDGE('',*,*,#3942,.F.);
#5264=ORIENTED_EDGE('',*,*,#3945,.F.);
#5265=ORIENTED_EDGE('',*,*,#3948,.F.);
#5266=ORIENTED_EDGE('',*,*,#3951,.F.);
#5267=ORIENTED_EDGE('',*,*,#3954,.F.);
#5268=ORIENTED_EDGE('',*,*,#3957,.F.);
#5269=ORIENTED_EDGE('',*,*,#3960,.F.);
#5270=ORIENTED_EDGE('',*,*,#3963,.F.);
#5271=ORIENTED_EDGE('',*,*,#3966,.F.);
#5272=ORIENTED_EDGE('',*,*,#3969,.F.);
#5273=ORIENTED_EDGE('',*,*,#3972,.F.);
#5274=ORIENTED_EDGE('',*,*,#3975,.F.);
#5275=ORIENTED_EDGE('',*,*,#3896,.F.);
#5276=ORIENTED_EDGE('',*,*,#3872,.F.);
#5277=ORIENTED_EDGE('',*,*,#3876,.F.);
#5278=ORIENTED_EDGE('',*,*,#3879,.F.);
#5279=ORIENTED_EDGE('',*,*,#3882,.F.);
#5280=ORIENTED_EDGE('',*,*,#3885,.F.);
#5281=ORIENTED_EDGE('',*,*,#3888,.F.);
#5282=ORIENTED_EDGE('',*,*,#3891,.F.);
#5283=ORIENTED_EDGE('',*,*,#3894,.F.);
#5284=ORIENTED_EDGE('',*,*,#3978,.F.);
#5285=ORIENTED_EDGE('',*,*,#3979,.T.);
#5286=ORIENTED_EDGE('',*,*,#3980,.T.);
#5287=ORIENTED_EDGE('',*,*,#3981,.F.);
#5288=ORIENTED_EDGE('',*,*,#3982,.F.);
#5289=ORIENTED_EDGE('',*,*,#3983,.T.);
#5290=ORIENTED_EDGE('',*,*,#3984,.T.);
#5291=ORIENTED_EDGE('',*,*,#3979,.F.);
#5292=ORIENTED_EDGE('',*,*,#3985,.F.);
#5293=ORIENTED_EDGE('',*,*,#3986,.T.);
#5294=ORIENTED_EDGE('',*,*,#3987,.T.);
#5295=ORIENTED_EDGE('',*,*,#3983,.F.);
#5296=ORIENTED_EDGE('',*,*,#3988,.F.);
#5297=ORIENTED_EDGE('',*,*,#3989,.T.);
#5298=ORIENTED_EDGE('',*,*,#3990,.T.);
#5299=ORIENTED_EDGE('',*,*,#3986,.F.);
#5300=ORIENTED_EDGE('',*,*,#3991,.F.);
#5301=ORIENTED_EDGE('',*,*,#3992,.T.);
#5302=ORIENTED_EDGE('',*,*,#3993,.T.);
#5303=ORIENTED_EDGE('',*,*,#3989,.F.);
#5304=ORIENTED_EDGE('',*,*,#3994,.F.);
#5305=ORIENTED_EDGE('',*,*,#3995,.T.);
#5306=ORIENTED_EDGE('',*,*,#3996,.T.);
#5307=ORIENTED_EDGE('',*,*,#3992,.F.);
#5308=ORIENTED_EDGE('',*,*,#3997,.F.);
#5309=ORIENTED_EDGE('',*,*,#3998,.T.);
#5310=ORIENTED_EDGE('',*,*,#3999,.T.);
#5311=ORIENTED_EDGE('',*,*,#3995,.F.);
#5312=ORIENTED_EDGE('',*,*,#4000,.F.);
#5313=ORIENTED_EDGE('',*,*,#4001,.T.);
#5314=ORIENTED_EDGE('',*,*,#4002,.T.);
#5315=ORIENTED_EDGE('',*,*,#3998,.F.);
#5316=ORIENTED_EDGE('',*,*,#4003,.F.);
#5317=ORIENTED_EDGE('',*,*,#3981,.T.);
#5318=ORIENTED_EDGE('',*,*,#4004,.T.);
#5319=ORIENTED_EDGE('',*,*,#4001,.F.);
#5320=ORIENTED_EDGE('',*,*,#4005,.F.);
#5321=ORIENTED_EDGE('',*,*,#4006,.T.);
#5322=ORIENTED_EDGE('',*,*,#4007,.T.);
#5323=ORIENTED_EDGE('',*,*,#4008,.F.);
#5324=ORIENTED_EDGE('',*,*,#4009,.F.);
#5325=ORIENTED_EDGE('',*,*,#4010,.T.);
#5326=ORIENTED_EDGE('',*,*,#4011,.T.);
#5327=ORIENTED_EDGE('',*,*,#4006,.F.);
#5328=ORIENTED_EDGE('',*,*,#4012,.F.);
#5329=ORIENTED_EDGE('',*,*,#4013,.T.);
#5330=ORIENTED_EDGE('',*,*,#4014,.T.);
#5331=ORIENTED_EDGE('',*,*,#4010,.F.);
#5332=ORIENTED_EDGE('',*,*,#4015,.F.);
#5333=ORIENTED_EDGE('',*,*,#4016,.T.);
#5334=ORIENTED_EDGE('',*,*,#4017,.T.);
#5335=ORIENTED_EDGE('',*,*,#4013,.F.);
#5336=ORIENTED_EDGE('',*,*,#4018,.F.);
#5337=ORIENTED_EDGE('',*,*,#4019,.T.);
#5338=ORIENTED_EDGE('',*,*,#4020,.T.);
#5339=ORIENTED_EDGE('',*,*,#4016,.F.);
#5340=ORIENTED_EDGE('',*,*,#4021,.F.);
#5341=ORIENTED_EDGE('',*,*,#4022,.T.);
#5342=ORIENTED_EDGE('',*,*,#4023,.T.);
#5343=ORIENTED_EDGE('',*,*,#4019,.F.);
#5344=ORIENTED_EDGE('',*,*,#4024,.F.);
#5345=ORIENTED_EDGE('',*,*,#4025,.T.);
#5346=ORIENTED_EDGE('',*,*,#4026,.T.);
#5347=ORIENTED_EDGE('',*,*,#4022,.F.);
#5348=ORIENTED_EDGE('',*,*,#4027,.F.);
#5349=ORIENTED_EDGE('',*,*,#4028,.T.);
#5350=ORIENTED_EDGE('',*,*,#4029,.T.);
#5351=ORIENTED_EDGE('',*,*,#4025,.F.);
#5352=ORIENTED_EDGE('',*,*,#4030,.F.);
#5353=ORIENTED_EDGE('',*,*,#4031,.T.);
#5354=ORIENTED_EDGE('',*,*,#4032,.T.);
#5355=ORIENTED_EDGE('',*,*,#4028,.F.);
#5356=ORIENTED_EDGE('',*,*,#4033,.F.);
#5357=ORIENTED_EDGE('',*,*,#4034,.T.);
#5358=ORIENTED_EDGE('',*,*,#4035,.T.);
#5359=ORIENTED_EDGE('',*,*,#4031,.F.);
#5360=ORIENTED_EDGE('',*,*,#4036,.F.);
#5361=ORIENTED_EDGE('',*,*,#4037,.T.);
#5362=ORIENTED_EDGE('',*,*,#4038,.T.);
#5363=ORIENTED_EDGE('',*,*,#4034,.F.);
#5364=ORIENTED_EDGE('',*,*,#4039,.F.);
#5365=ORIENTED_EDGE('',*,*,#4040,.T.);
#5366=ORIENTED_EDGE('',*,*,#4041,.T.);
#5367=ORIENTED_EDGE('',*,*,#4037,.F.);
#5368=ORIENTED_EDGE('',*,*,#4042,.F.);
#5369=ORIENTED_EDGE('',*,*,#4043,.T.);
#5370=ORIENTED_EDGE('',*,*,#4044,.T.);
#5371=ORIENTED_EDGE('',*,*,#4040,.F.);
#5372=ORIENTED_EDGE('',*,*,#4045,.F.);
#5373=ORIENTED_EDGE('',*,*,#4046,.T.);
#5374=ORIENTED_EDGE('',*,*,#4047,.T.);
#5375=ORIENTED_EDGE('',*,*,#4043,.F.);
#5376=ORIENTED_EDGE('',*,*,#4048,.F.);
#5377=ORIENTED_EDGE('',*,*,#4049,.T.);
#5378=ORIENTED_EDGE('',*,*,#4050,.T.);
#5379=ORIENTED_EDGE('',*,*,#4046,.F.);
#5380=ORIENTED_EDGE('',*,*,#4051,.F.);
#5381=ORIENTED_EDGE('',*,*,#4052,.T.);
#5382=ORIENTED_EDGE('',*,*,#4053,.T.);
#5383=ORIENTED_EDGE('',*,*,#4049,.F.);
#5384=ORIENTED_EDGE('',*,*,#4054,.F.);
#5385=ORIENTED_EDGE('',*,*,#4055,.T.);
#5386=ORIENTED_EDGE('',*,*,#4056,.T.);
#5387=ORIENTED_EDGE('',*,*,#4052,.F.);
#5388=ORIENTED_EDGE('',*,*,#4057,.F.);
#5389=ORIENTED_EDGE('',*,*,#4058,.T.);
#5390=ORIENTED_EDGE('',*,*,#4059,.T.);
#5391=ORIENTED_EDGE('',*,*,#4055,.F.);
#5392=ORIENTED_EDGE('',*,*,#4060,.F.);
#5393=ORIENTED_EDGE('',*,*,#4061,.T.);
#5394=ORIENTED_EDGE('',*,*,#4062,.T.);
#5395=ORIENTED_EDGE('',*,*,#4058,.F.);
#5396=ORIENTED_EDGE('',*,*,#4063,.F.);
#5397=ORIENTED_EDGE('',*,*,#4064,.T.);
#5398=ORIENTED_EDGE('',*,*,#4065,.T.);
#5399=ORIENTED_EDGE('',*,*,#4061,.F.);
#5400=ORIENTED_EDGE('',*,*,#4066,.F.);
#5401=ORIENTED_EDGE('',*,*,#4067,.T.);
#5402=ORIENTED_EDGE('',*,*,#4068,.T.);
#5403=ORIENTED_EDGE('',*,*,#4064,.F.);
#5404=ORIENTED_EDGE('',*,*,#4069,.F.);
#5405=ORIENTED_EDGE('',*,*,#4070,.T.);
#5406=ORIENTED_EDGE('',*,*,#4071,.T.);
#5407=ORIENTED_EDGE('',*,*,#4067,.F.);
#5408=ORIENTED_EDGE('',*,*,#4072,.F.);
#5409=ORIENTED_EDGE('',*,*,#4073,.T.);
#5410=ORIENTED_EDGE('',*,*,#4074,.T.);
#5411=ORIENTED_EDGE('',*,*,#4070,.F.);
#5412=ORIENTED_EDGE('',*,*,#4075,.F.);
#5413=ORIENTED_EDGE('',*,*,#4076,.T.);
#5414=ORIENTED_EDGE('',*,*,#4077,.T.);
#5415=ORIENTED_EDGE('',*,*,#4073,.F.);
#5416=ORIENTED_EDGE('',*,*,#4078,.F.);
#5417=ORIENTED_EDGE('',*,*,#4079,.T.);
#5418=ORIENTED_EDGE('',*,*,#4080,.T.);
#5419=ORIENTED_EDGE('',*,*,#4076,.F.);
#5420=ORIENTED_EDGE('',*,*,#4081,.F.);
#5421=ORIENTED_EDGE('',*,*,#4082,.T.);
#5422=ORIENTED_EDGE('',*,*,#4083,.T.);
#5423=ORIENTED_EDGE('',*,*,#4079,.F.);
#5424=ORIENTED_EDGE('',*,*,#4084,.F.);
#5425=ORIENTED_EDGE('',*,*,#4008,.T.);
#5426=ORIENTED_EDGE('',*,*,#4085,.T.);
#5427=ORIENTED_EDGE('',*,*,#4082,.F.);
#5428=ORIENTED_EDGE('',*,*,#4085,.F.);
#5429=ORIENTED_EDGE('',*,*,#4007,.F.);
#5430=ORIENTED_EDGE('',*,*,#4011,.F.);
#5431=ORIENTED_EDGE('',*,*,#4014,.F.);
#5432=ORIENTED_EDGE('',*,*,#4017,.F.);
#5433=ORIENTED_EDGE('',*,*,#4020,.F.);
#5434=ORIENTED_EDGE('',*,*,#4023,.F.);
#5435=ORIENTED_EDGE('',*,*,#4026,.F.);
#5436=ORIENTED_EDGE('',*,*,#4029,.F.);
#5437=ORIENTED_EDGE('',*,*,#4032,.F.);
#5438=ORIENTED_EDGE('',*,*,#4035,.F.);
#5439=ORIENTED_EDGE('',*,*,#4038,.F.);
#5440=ORIENTED_EDGE('',*,*,#4041,.F.);
#5441=ORIENTED_EDGE('',*,*,#4044,.F.);
#5442=ORIENTED_EDGE('',*,*,#4047,.F.);
#5443=ORIENTED_EDGE('',*,*,#4050,.F.);
#5444=ORIENTED_EDGE('',*,*,#4053,.F.);
#5445=ORIENTED_EDGE('',*,*,#4056,.F.);
#5446=ORIENTED_EDGE('',*,*,#4059,.F.);
#5447=ORIENTED_EDGE('',*,*,#4062,.F.);
#5448=ORIENTED_EDGE('',*,*,#4065,.F.);
#5449=ORIENTED_EDGE('',*,*,#4068,.F.);
#5450=ORIENTED_EDGE('',*,*,#4071,.F.);
#5451=ORIENTED_EDGE('',*,*,#4074,.F.);
#5452=ORIENTED_EDGE('',*,*,#4077,.F.);
#5453=ORIENTED_EDGE('',*,*,#4080,.F.);
#5454=ORIENTED_EDGE('',*,*,#4083,.F.);
#5455=ORIENTED_EDGE('',*,*,#4004,.F.);
#5456=ORIENTED_EDGE('',*,*,#3980,.F.);
#5457=ORIENTED_EDGE('',*,*,#3984,.F.);
#5458=ORIENTED_EDGE('',*,*,#3987,.F.);
#5459=ORIENTED_EDGE('',*,*,#3990,.F.);
#5460=ORIENTED_EDGE('',*,*,#3993,.F.);
#5461=ORIENTED_EDGE('',*,*,#3996,.F.);
#5462=ORIENTED_EDGE('',*,*,#3999,.F.);
#5463=ORIENTED_EDGE('',*,*,#4002,.F.);
#5464=ORIENTED_EDGE('',*,*,#4086,.F.);
#5465=ORIENTED_EDGE('',*,*,#4087,.T.);
#5466=ORIENTED_EDGE('',*,*,#4088,.T.);
#5467=ORIENTED_EDGE('',*,*,#4089,.F.);
#5468=ORIENTED_EDGE('',*,*,#4090,.F.);
#5469=ORIENTED_EDGE('',*,*,#4091,.T.);
#5470=ORIENTED_EDGE('',*,*,#4092,.T.);
#5471=ORIENTED_EDGE('',*,*,#4087,.F.);
#5472=ORIENTED_EDGE('',*,*,#4093,.F.);
#5473=ORIENTED_EDGE('',*,*,#4094,.T.);
#5474=ORIENTED_EDGE('',*,*,#4095,.T.);
#5475=ORIENTED_EDGE('',*,*,#4091,.F.);
#5476=ORIENTED_EDGE('',*,*,#4096,.F.);
#5477=ORIENTED_EDGE('',*,*,#4097,.T.);
#5478=ORIENTED_EDGE('',*,*,#4098,.T.);
#5479=ORIENTED_EDGE('',*,*,#4094,.F.);
#5480=ORIENTED_EDGE('',*,*,#4099,.F.);
#5481=ORIENTED_EDGE('',*,*,#4100,.T.);
#5482=ORIENTED_EDGE('',*,*,#4101,.T.);
#5483=ORIENTED_EDGE('',*,*,#4097,.F.);
#5484=ORIENTED_EDGE('',*,*,#4102,.F.);
#5485=ORIENTED_EDGE('',*,*,#4103,.T.);
#5486=ORIENTED_EDGE('',*,*,#4104,.T.);
#5487=ORIENTED_EDGE('',*,*,#4100,.F.);
#5488=ORIENTED_EDGE('',*,*,#4105,.F.);
#5489=ORIENTED_EDGE('',*,*,#4106,.T.);
#5490=ORIENTED_EDGE('',*,*,#4107,.T.);
#5491=ORIENTED_EDGE('',*,*,#4103,.F.);
#5492=ORIENTED_EDGE('',*,*,#4108,.F.);
#5493=ORIENTED_EDGE('',*,*,#4109,.T.);
#5494=ORIENTED_EDGE('',*,*,#4110,.T.);
#5495=ORIENTED_EDGE('',*,*,#4106,.F.);
#5496=ORIENTED_EDGE('',*,*,#4111,.F.);
#5497=ORIENTED_EDGE('',*,*,#4112,.T.);
#5498=ORIENTED_EDGE('',*,*,#4113,.T.);
#5499=ORIENTED_EDGE('',*,*,#4109,.F.);
#5500=ORIENTED_EDGE('',*,*,#4114,.F.);
#5501=ORIENTED_EDGE('',*,*,#4115,.T.);
#5502=ORIENTED_EDGE('',*,*,#4116,.T.);
#5503=ORIENTED_EDGE('',*,*,#4112,.F.);
#5504=ORIENTED_EDGE('',*,*,#4117,.F.);
#5505=ORIENTED_EDGE('',*,*,#4118,.T.);
#5506=ORIENTED_EDGE('',*,*,#4119,.T.);
#5507=ORIENTED_EDGE('',*,*,#4115,.F.);
#5508=ORIENTED_EDGE('',*,*,#4120,.F.);
#5509=ORIENTED_EDGE('',*,*,#4089,.T.);
#5510=ORIENTED_EDGE('',*,*,#4121,.T.);
#5511=ORIENTED_EDGE('',*,*,#4118,.F.);
#5512=ORIENTED_EDGE('',*,*,#4121,.F.);
#5513=ORIENTED_EDGE('',*,*,#4088,.F.);
#5514=ORIENTED_EDGE('',*,*,#4092,.F.);
#5515=ORIENTED_EDGE('',*,*,#4095,.F.);
#5516=ORIENTED_EDGE('',*,*,#4098,.F.);
#5517=ORIENTED_EDGE('',*,*,#4101,.F.);
#5518=ORIENTED_EDGE('',*,*,#4104,.F.);
#5519=ORIENTED_EDGE('',*,*,#4107,.F.);
#5520=ORIENTED_EDGE('',*,*,#4110,.F.);
#5521=ORIENTED_EDGE('',*,*,#4113,.F.);
#5522=ORIENTED_EDGE('',*,*,#4116,.F.);
#5523=ORIENTED_EDGE('',*,*,#4119,.F.);
#5524=ORIENTED_EDGE('',*,*,#4122,.F.);
#5525=ORIENTED_EDGE('',*,*,#4123,.T.);
#5526=ORIENTED_EDGE('',*,*,#4124,.T.);
#5527=ORIENTED_EDGE('',*,*,#4125,.F.);
#5528=ORIENTED_EDGE('',*,*,#4126,.F.);
#5529=ORIENTED_EDGE('',*,*,#4127,.T.);
#5530=ORIENTED_EDGE('',*,*,#4128,.T.);
#5531=ORIENTED_EDGE('',*,*,#4123,.F.);
#5532=ORIENTED_EDGE('',*,*,#4129,.F.);
#5533=ORIENTED_EDGE('',*,*,#4130,.T.);
#5534=ORIENTED_EDGE('',*,*,#4131,.T.);
#5535=ORIENTED_EDGE('',*,*,#4127,.F.);
#5536=ORIENTED_EDGE('',*,*,#4132,.F.);
#5537=ORIENTED_EDGE('',*,*,#4133,.T.);
#5538=ORIENTED_EDGE('',*,*,#4134,.T.);
#5539=ORIENTED_EDGE('',*,*,#4130,.F.);
#5540=ORIENTED_EDGE('',*,*,#4135,.F.);
#5541=ORIENTED_EDGE('',*,*,#4136,.T.);
#5542=ORIENTED_EDGE('',*,*,#4137,.T.);
#5543=ORIENTED_EDGE('',*,*,#4133,.F.);
#5544=ORIENTED_EDGE('',*,*,#4138,.F.);
#5545=ORIENTED_EDGE('',*,*,#4139,.T.);
#5546=ORIENTED_EDGE('',*,*,#4140,.T.);
#5547=ORIENTED_EDGE('',*,*,#4136,.F.);
#5548=ORIENTED_EDGE('',*,*,#4141,.F.);
#5549=ORIENTED_EDGE('',*,*,#4142,.T.);
#5550=ORIENTED_EDGE('',*,*,#4143,.T.);
#5551=ORIENTED_EDGE('',*,*,#4139,.F.);
#5552=ORIENTED_EDGE('',*,*,#4144,.F.);
#5553=ORIENTED_EDGE('',*,*,#4145,.T.);
#5554=ORIENTED_EDGE('',*,*,#4146,.T.);
#5555=ORIENTED_EDGE('',*,*,#4142,.F.);
#5556=ORIENTED_EDGE('',*,*,#4147,.F.);
#5557=ORIENTED_EDGE('',*,*,#4148,.T.);
#5558=ORIENTED_EDGE('',*,*,#4149,.T.);
#5559=ORIENTED_EDGE('',*,*,#4145,.F.);
#5560=ORIENTED_EDGE('',*,*,#4150,.F.);
#5561=ORIENTED_EDGE('',*,*,#4151,.T.);
#5562=ORIENTED_EDGE('',*,*,#4152,.T.);
#5563=ORIENTED_EDGE('',*,*,#4148,.F.);
#5564=ORIENTED_EDGE('',*,*,#4153,.F.);
#5565=ORIENTED_EDGE('',*,*,#4154,.T.);
#5566=ORIENTED_EDGE('',*,*,#4155,.T.);
#5567=ORIENTED_EDGE('',*,*,#4151,.F.);
#5568=ORIENTED_EDGE('',*,*,#4156,.F.);
#5569=ORIENTED_EDGE('',*,*,#4157,.T.);
#5570=ORIENTED_EDGE('',*,*,#4158,.T.);
#5571=ORIENTED_EDGE('',*,*,#4154,.F.);
#5572=ORIENTED_EDGE('',*,*,#4159,.F.);
#5573=ORIENTED_EDGE('',*,*,#4160,.T.);
#5574=ORIENTED_EDGE('',*,*,#4161,.T.);
#5575=ORIENTED_EDGE('',*,*,#4157,.F.);
#5576=ORIENTED_EDGE('',*,*,#4162,.F.);
#5577=ORIENTED_EDGE('',*,*,#4163,.T.);
#5578=ORIENTED_EDGE('',*,*,#4164,.T.);
#5579=ORIENTED_EDGE('',*,*,#4160,.F.);
#5580=ORIENTED_EDGE('',*,*,#4165,.F.);
#5581=ORIENTED_EDGE('',*,*,#4166,.T.);
#5582=ORIENTED_EDGE('',*,*,#4167,.T.);
#5583=ORIENTED_EDGE('',*,*,#4163,.F.);
#5584=ORIENTED_EDGE('',*,*,#4168,.F.);
#5585=ORIENTED_EDGE('',*,*,#4125,.T.);
#5586=ORIENTED_EDGE('',*,*,#4169,.T.);
#5587=ORIENTED_EDGE('',*,*,#4166,.F.);
#5588=ORIENTED_EDGE('',*,*,#4169,.F.);
#5589=ORIENTED_EDGE('',*,*,#4124,.F.);
#5590=ORIENTED_EDGE('',*,*,#4128,.F.);
#5591=ORIENTED_EDGE('',*,*,#4131,.F.);
#5592=ORIENTED_EDGE('',*,*,#4134,.F.);
#5593=ORIENTED_EDGE('',*,*,#4137,.F.);
#5594=ORIENTED_EDGE('',*,*,#4140,.F.);
#5595=ORIENTED_EDGE('',*,*,#4143,.F.);
#5596=ORIENTED_EDGE('',*,*,#4146,.F.);
#5597=ORIENTED_EDGE('',*,*,#4149,.F.);
#5598=ORIENTED_EDGE('',*,*,#4152,.F.);
#5599=ORIENTED_EDGE('',*,*,#4155,.F.);
#5600=ORIENTED_EDGE('',*,*,#4158,.F.);
#5601=ORIENTED_EDGE('',*,*,#4161,.F.);
#5602=ORIENTED_EDGE('',*,*,#4164,.F.);
#5603=ORIENTED_EDGE('',*,*,#4167,.F.);
#5604=ORIENTED_EDGE('',*,*,#4170,.F.);
#5605=ORIENTED_EDGE('',*,*,#4171,.T.);
#5606=ORIENTED_EDGE('',*,*,#4172,.T.);
#5607=ORIENTED_EDGE('',*,*,#4173,.F.);
#5608=ORIENTED_EDGE('',*,*,#4174,.F.);
#5609=ORIENTED_EDGE('',*,*,#4175,.T.);
#5610=ORIENTED_EDGE('',*,*,#4176,.T.);
#5611=ORIENTED_EDGE('',*,*,#4171,.F.);
#5612=ORIENTED_EDGE('',*,*,#4177,.F.);
#5613=ORIENTED_EDGE('',*,*,#4178,.T.);
#5614=ORIENTED_EDGE('',*,*,#4179,.T.);
#5615=ORIENTED_EDGE('',*,*,#4175,.F.);
#5616=ORIENTED_EDGE('',*,*,#4180,.F.);
#5617=ORIENTED_EDGE('',*,*,#4181,.T.);
#5618=ORIENTED_EDGE('',*,*,#4182,.T.);
#5619=ORIENTED_EDGE('',*,*,#4178,.F.);
#5620=ORIENTED_EDGE('',*,*,#4183,.F.);
#5621=ORIENTED_EDGE('',*,*,#4184,.T.);
#5622=ORIENTED_EDGE('',*,*,#4185,.T.);
#5623=ORIENTED_EDGE('',*,*,#4181,.F.);
#5624=ORIENTED_EDGE('',*,*,#4186,.F.);
#5625=ORIENTED_EDGE('',*,*,#4187,.T.);
#5626=ORIENTED_EDGE('',*,*,#4188,.T.);
#5627=ORIENTED_EDGE('',*,*,#4184,.F.);
#5628=ORIENTED_EDGE('',*,*,#4189,.F.);
#5629=ORIENTED_EDGE('',*,*,#4190,.T.);
#5630=ORIENTED_EDGE('',*,*,#4191,.T.);
#5631=ORIENTED_EDGE('',*,*,#4187,.F.);
#5632=ORIENTED_EDGE('',*,*,#4192,.F.);
#5633=ORIENTED_EDGE('',*,*,#4193,.T.);
#5634=ORIENTED_EDGE('',*,*,#4194,.T.);
#5635=ORIENTED_EDGE('',*,*,#4190,.F.);
#5636=ORIENTED_EDGE('',*,*,#4195,.F.);
#5637=ORIENTED_EDGE('',*,*,#4196,.T.);
#5638=ORIENTED_EDGE('',*,*,#4197,.T.);
#5639=ORIENTED_EDGE('',*,*,#4193,.F.);
#5640=ORIENTED_EDGE('',*,*,#4198,.F.);
#5641=ORIENTED_EDGE('',*,*,#4199,.T.);
#5642=ORIENTED_EDGE('',*,*,#4200,.T.);
#5643=ORIENTED_EDGE('',*,*,#4196,.F.);
#5644=ORIENTED_EDGE('',*,*,#4201,.F.);
#5645=ORIENTED_EDGE('',*,*,#4202,.T.);
#5646=ORIENTED_EDGE('',*,*,#4203,.T.);
#5647=ORIENTED_EDGE('',*,*,#4199,.F.);
#5648=ORIENTED_EDGE('',*,*,#4204,.F.);
#5649=ORIENTED_EDGE('',*,*,#4205,.T.);
#5650=ORIENTED_EDGE('',*,*,#4206,.T.);
#5651=ORIENTED_EDGE('',*,*,#4202,.F.);
#5652=ORIENTED_EDGE('',*,*,#4207,.F.);
#5653=ORIENTED_EDGE('',*,*,#4208,.T.);
#5654=ORIENTED_EDGE('',*,*,#4209,.T.);
#5655=ORIENTED_EDGE('',*,*,#4205,.F.);
#5656=ORIENTED_EDGE('',*,*,#4210,.F.);
#5657=ORIENTED_EDGE('',*,*,#4211,.T.);
#5658=ORIENTED_EDGE('',*,*,#4212,.T.);
#5659=ORIENTED_EDGE('',*,*,#4208,.F.);
#5660=ORIENTED_EDGE('',*,*,#4213,.F.);
#5661=ORIENTED_EDGE('',*,*,#4214,.T.);
#5662=ORIENTED_EDGE('',*,*,#4215,.T.);
#5663=ORIENTED_EDGE('',*,*,#4211,.F.);
#5664=ORIENTED_EDGE('',*,*,#4216,.F.);
#5665=ORIENTED_EDGE('',*,*,#4217,.T.);
#5666=ORIENTED_EDGE('',*,*,#4218,.T.);
#5667=ORIENTED_EDGE('',*,*,#4214,.F.);
#5668=ORIENTED_EDGE('',*,*,#4219,.F.);
#5669=ORIENTED_EDGE('',*,*,#4220,.T.);
#5670=ORIENTED_EDGE('',*,*,#4221,.T.);
#5671=ORIENTED_EDGE('',*,*,#4217,.F.);
#5672=ORIENTED_EDGE('',*,*,#4222,.F.);
#5673=ORIENTED_EDGE('',*,*,#4223,.T.);
#5674=ORIENTED_EDGE('',*,*,#4224,.T.);
#5675=ORIENTED_EDGE('',*,*,#4220,.F.);
#5676=ORIENTED_EDGE('',*,*,#4225,.F.);
#5677=ORIENTED_EDGE('',*,*,#4226,.T.);
#5678=ORIENTED_EDGE('',*,*,#4227,.T.);
#5679=ORIENTED_EDGE('',*,*,#4223,.F.);
#5680=ORIENTED_EDGE('',*,*,#4228,.F.);
#5681=ORIENTED_EDGE('',*,*,#4229,.T.);
#5682=ORIENTED_EDGE('',*,*,#4230,.T.);
#5683=ORIENTED_EDGE('',*,*,#4226,.F.);
#5684=ORIENTED_EDGE('',*,*,#4231,.F.);
#5685=ORIENTED_EDGE('',*,*,#4232,.T.);
#5686=ORIENTED_EDGE('',*,*,#4233,.T.);
#5687=ORIENTED_EDGE('',*,*,#4229,.F.);
#5688=ORIENTED_EDGE('',*,*,#4234,.F.);
#5689=ORIENTED_EDGE('',*,*,#4235,.T.);
#5690=ORIENTED_EDGE('',*,*,#4236,.T.);
#5691=ORIENTED_EDGE('',*,*,#4232,.F.);
#5692=ORIENTED_EDGE('',*,*,#4237,.F.);
#5693=ORIENTED_EDGE('',*,*,#4238,.T.);
#5694=ORIENTED_EDGE('',*,*,#4239,.T.);
#5695=ORIENTED_EDGE('',*,*,#4235,.F.);
#5696=ORIENTED_EDGE('',*,*,#4240,.F.);
#5697=ORIENTED_EDGE('',*,*,#4241,.T.);
#5698=ORIENTED_EDGE('',*,*,#4242,.T.);
#5699=ORIENTED_EDGE('',*,*,#4238,.F.);
#5700=ORIENTED_EDGE('',*,*,#4243,.F.);
#5701=ORIENTED_EDGE('',*,*,#4244,.T.);
#5702=ORIENTED_EDGE('',*,*,#4245,.T.);
#5703=ORIENTED_EDGE('',*,*,#4241,.F.);
#5704=ORIENTED_EDGE('',*,*,#4246,.F.);
#5705=ORIENTED_EDGE('',*,*,#4247,.T.);
#5706=ORIENTED_EDGE('',*,*,#4248,.T.);
#5707=ORIENTED_EDGE('',*,*,#4244,.F.);
#5708=ORIENTED_EDGE('',*,*,#4249,.F.);
#5709=ORIENTED_EDGE('',*,*,#4250,.T.);
#5710=ORIENTED_EDGE('',*,*,#4251,.T.);
#5711=ORIENTED_EDGE('',*,*,#4247,.F.);
#5712=ORIENTED_EDGE('',*,*,#4252,.F.);
#5713=ORIENTED_EDGE('',*,*,#4173,.T.);
#5714=ORIENTED_EDGE('',*,*,#4253,.T.);
#5715=ORIENTED_EDGE('',*,*,#4250,.F.);
#5716=ORIENTED_EDGE('',*,*,#4253,.F.);
#5717=ORIENTED_EDGE('',*,*,#4172,.F.);
#5718=ORIENTED_EDGE('',*,*,#4176,.F.);
#5719=ORIENTED_EDGE('',*,*,#4179,.F.);
#5720=ORIENTED_EDGE('',*,*,#4182,.F.);
#5721=ORIENTED_EDGE('',*,*,#4185,.F.);
#5722=ORIENTED_EDGE('',*,*,#4188,.F.);
#5723=ORIENTED_EDGE('',*,*,#4191,.F.);
#5724=ORIENTED_EDGE('',*,*,#4194,.F.);
#5725=ORIENTED_EDGE('',*,*,#4197,.F.);
#5726=ORIENTED_EDGE('',*,*,#4200,.F.);
#5727=ORIENTED_EDGE('',*,*,#4203,.F.);
#5728=ORIENTED_EDGE('',*,*,#4206,.F.);
#5729=ORIENTED_EDGE('',*,*,#4209,.F.);
#5730=ORIENTED_EDGE('',*,*,#4212,.F.);
#5731=ORIENTED_EDGE('',*,*,#4215,.F.);
#5732=ORIENTED_EDGE('',*,*,#4218,.F.);
#5733=ORIENTED_EDGE('',*,*,#4221,.F.);
#5734=ORIENTED_EDGE('',*,*,#4224,.F.);
#5735=ORIENTED_EDGE('',*,*,#4227,.F.);
#5736=ORIENTED_EDGE('',*,*,#4230,.F.);
#5737=ORIENTED_EDGE('',*,*,#4233,.F.);
#5738=ORIENTED_EDGE('',*,*,#4236,.F.);
#5739=ORIENTED_EDGE('',*,*,#4239,.F.);
#5740=ORIENTED_EDGE('',*,*,#4242,.F.);
#5741=ORIENTED_EDGE('',*,*,#4245,.F.);
#5742=ORIENTED_EDGE('',*,*,#4248,.F.);
#5743=ORIENTED_EDGE('',*,*,#4251,.F.);
#5744=ORIENTED_EDGE('',*,*,#4254,.F.);
#5745=ORIENTED_EDGE('',*,*,#4255,.T.);
#5746=ORIENTED_EDGE('',*,*,#4256,.T.);
#5747=ORIENTED_EDGE('',*,*,#4257,.F.);
#5748=ORIENTED_EDGE('',*,*,#4258,.F.);
#5749=ORIENTED_EDGE('',*,*,#4259,.T.);
#5750=ORIENTED_EDGE('',*,*,#4260,.T.);
#5751=ORIENTED_EDGE('',*,*,#4255,.F.);
#5752=ORIENTED_EDGE('',*,*,#4261,.F.);
#5753=ORIENTED_EDGE('',*,*,#4262,.T.);
#5754=ORIENTED_EDGE('',*,*,#4263,.T.);
#5755=ORIENTED_EDGE('',*,*,#4259,.F.);
#5756=ORIENTED_EDGE('',*,*,#4264,.F.);
#5757=ORIENTED_EDGE('',*,*,#4265,.T.);
#5758=ORIENTED_EDGE('',*,*,#4266,.T.);
#5759=ORIENTED_EDGE('',*,*,#4262,.F.);
#5760=ORIENTED_EDGE('',*,*,#4267,.F.);
#5761=ORIENTED_EDGE('',*,*,#4268,.T.);
#5762=ORIENTED_EDGE('',*,*,#4269,.T.);
#5763=ORIENTED_EDGE('',*,*,#4265,.F.);
#5764=ORIENTED_EDGE('',*,*,#4270,.F.);
#5765=ORIENTED_EDGE('',*,*,#4271,.T.);
#5766=ORIENTED_EDGE('',*,*,#4272,.T.);
#5767=ORIENTED_EDGE('',*,*,#4268,.F.);
#5768=ORIENTED_EDGE('',*,*,#4273,.F.);
#5769=ORIENTED_EDGE('',*,*,#4274,.T.);
#5770=ORIENTED_EDGE('',*,*,#4275,.T.);
#5771=ORIENTED_EDGE('',*,*,#4271,.F.);
#5772=ORIENTED_EDGE('',*,*,#4276,.F.);
#5773=ORIENTED_EDGE('',*,*,#4277,.T.);
#5774=ORIENTED_EDGE('',*,*,#4278,.T.);
#5775=ORIENTED_EDGE('',*,*,#4274,.F.);
#5776=ORIENTED_EDGE('',*,*,#4279,.F.);
#5777=ORIENTED_EDGE('',*,*,#4280,.T.);
#5778=ORIENTED_EDGE('',*,*,#4281,.T.);
#5779=ORIENTED_EDGE('',*,*,#4277,.F.);
#5780=ORIENTED_EDGE('',*,*,#4282,.F.);
#5781=ORIENTED_EDGE('',*,*,#4283,.T.);
#5782=ORIENTED_EDGE('',*,*,#4284,.T.);
#5783=ORIENTED_EDGE('',*,*,#4280,.F.);
#5784=ORIENTED_EDGE('',*,*,#4285,.F.);
#5785=ORIENTED_EDGE('',*,*,#4286,.T.);
#5786=ORIENTED_EDGE('',*,*,#4287,.T.);
#5787=ORIENTED_EDGE('',*,*,#4283,.F.);
#5788=ORIENTED_EDGE('',*,*,#4288,.F.);
#5789=ORIENTED_EDGE('',*,*,#4257,.T.);
#5790=ORIENTED_EDGE('',*,*,#4289,.T.);
#5791=ORIENTED_EDGE('',*,*,#4286,.F.);
#5792=ORIENTED_EDGE('',*,*,#4289,.F.);
#5793=ORIENTED_EDGE('',*,*,#4256,.F.);
#5794=ORIENTED_EDGE('',*,*,#4260,.F.);
#5795=ORIENTED_EDGE('',*,*,#4263,.F.);
#5796=ORIENTED_EDGE('',*,*,#4266,.F.);
#5797=ORIENTED_EDGE('',*,*,#4269,.F.);
#5798=ORIENTED_EDGE('',*,*,#4272,.F.);
#5799=ORIENTED_EDGE('',*,*,#4275,.F.);
#5800=ORIENTED_EDGE('',*,*,#4278,.F.);
#5801=ORIENTED_EDGE('',*,*,#4281,.F.);
#5802=ORIENTED_EDGE('',*,*,#4284,.F.);
#5803=ORIENTED_EDGE('',*,*,#4287,.F.);
#5804=ORIENTED_EDGE('',*,*,#3978,.T.);
#5805=ORIENTED_EDGE('',*,*,#4003,.T.);
#5806=ORIENTED_EDGE('',*,*,#4000,.T.);
#5807=ORIENTED_EDGE('',*,*,#3997,.T.);
#5808=ORIENTED_EDGE('',*,*,#3994,.T.);
#5809=ORIENTED_EDGE('',*,*,#3991,.T.);
#5810=ORIENTED_EDGE('',*,*,#3988,.T.);
#5811=ORIENTED_EDGE('',*,*,#3985,.T.);
#5812=ORIENTED_EDGE('',*,*,#3982,.T.);
#5813=ORIENTED_EDGE('',*,*,#3870,.T.);
#5814=ORIENTED_EDGE('',*,*,#3895,.T.);
#5815=ORIENTED_EDGE('',*,*,#3892,.T.);
#5816=ORIENTED_EDGE('',*,*,#3889,.T.);
#5817=ORIENTED_EDGE('',*,*,#3886,.T.);
#5818=ORIENTED_EDGE('',*,*,#3883,.T.);
#5819=ORIENTED_EDGE('',*,*,#3880,.T.);
#5820=ORIENTED_EDGE('',*,*,#3877,.T.);
#5821=ORIENTED_EDGE('',*,*,#3874,.T.);
#5822=ORIENTED_EDGE('',*,*,#3774,.T.);
#5823=ORIENTED_EDGE('',*,*,#3796,.T.);
#5824=ORIENTED_EDGE('',*,*,#3793,.T.);
#5825=ORIENTED_EDGE('',*,*,#3790,.T.);
#5826=ORIENTED_EDGE('',*,*,#3787,.T.);
#5827=ORIENTED_EDGE('',*,*,#3784,.T.);
#5828=ORIENTED_EDGE('',*,*,#3781,.T.);
#5829=ORIENTED_EDGE('',*,*,#3778,.T.);
#5830=ORIENTED_EDGE('',*,*,#4290,.T.);
#5831=ORIENTED_EDGE('',*,*,#4291,.T.);
#5832=ORIENTED_EDGE('',*,*,#4292,.T.);
#5833=ORIENTED_EDGE('',*,*,#4293,.T.);
#5834=ORIENTED_EDGE('',*,*,#4293,.F.);
#5835=ORIENTED_EDGE('',*,*,#4294,.T.);
#5836=ORIENTED_EDGE('',*,*,#4295,.F.);
#5837=ORIENTED_EDGE('',*,*,#4296,.F.);
#5838=ORIENTED_EDGE('',*,*,#4292,.F.);
#5839=ORIENTED_EDGE('',*,*,#4297,.F.);
#5840=ORIENTED_EDGE('',*,*,#4298,.F.);
#5841=ORIENTED_EDGE('',*,*,#4299,.F.);
#5842=ORIENTED_EDGE('',*,*,#4300,.F.);
#5843=ORIENTED_EDGE('',*,*,#4301,.F.);
#5844=ORIENTED_EDGE('',*,*,#4302,.F.);
#5845=ORIENTED_EDGE('',*,*,#4294,.F.);
#5846=ORIENTED_EDGE('',*,*,#4303,.F.);
#5847=ORIENTED_EDGE('',*,*,#4304,.T.);
#5848=ORIENTED_EDGE('',*,*,#4305,.T.);
#5849=ORIENTED_EDGE('',*,*,#4300,.T.);
#5850=ORIENTED_EDGE('',*,*,#4306,.T.);
#5851=ORIENTED_EDGE('',*,*,#4307,.T.);
#5852=ORIENTED_EDGE('',*,*,#4308,.T.);
#5853=ORIENTED_EDGE('',*,*,#4309,.T.);
#5854=ORIENTED_EDGE('',*,*,#4310,.T.);
#5855=ORIENTED_EDGE('',*,*,#4308,.F.);
#5856=ORIENTED_EDGE('',*,*,#4311,.F.);
#5857=ORIENTED_EDGE('',*,*,#4312,.T.);
#5858=ORIENTED_EDGE('',*,*,#4313,.T.);
#5859=ORIENTED_EDGE('',*,*,#4290,.F.);
#5860=ORIENTED_EDGE('',*,*,#4296,.T.);
#5861=ORIENTED_EDGE('',*,*,#4314,.F.);
#5862=ORIENTED_EDGE('',*,*,#4315,.T.);
#5863=ORIENTED_EDGE('',*,*,#4316,.T.);
#5864=ORIENTED_EDGE('',*,*,#4317,.T.);
#5865=ORIENTED_EDGE('',*,*,#4318,.T.);
#5866=ORIENTED_EDGE('',*,*,#4319,.T.);
#5867=ORIENTED_EDGE('',*,*,#4320,.T.);
#5868=ORIENTED_EDGE('',*,*,#4321,.T.);
#5869=ORIENTED_EDGE('',*,*,#4322,.T.);
#5870=ORIENTED_EDGE('',*,*,#4323,.T.);
#5871=ORIENTED_EDGE('',*,*,#4324,.T.);
#5872=ORIENTED_EDGE('',*,*,#4325,.T.);
#5873=ORIENTED_EDGE('',*,*,#4326,.T.);
#5874=ORIENTED_EDGE('',*,*,#4327,.T.);
#5875=ORIENTED_EDGE('',*,*,#4328,.T.);
#5876=ORIENTED_EDGE('',*,*,#4329,.T.);
#5877=ORIENTED_EDGE('',*,*,#4330,.T.);
#5878=ORIENTED_EDGE('',*,*,#4331,.T.);
#5879=ORIENTED_EDGE('',*,*,#4332,.T.);
#5880=ORIENTED_EDGE('',*,*,#4333,.T.);
#5881=ORIENTED_EDGE('',*,*,#4334,.T.);
#5882=ORIENTED_EDGE('',*,*,#4335,.T.);
#5883=ORIENTED_EDGE('',*,*,#4336,.T.);
#5884=ORIENTED_EDGE('',*,*,#4337,.T.);
#5885=ORIENTED_EDGE('',*,*,#4304,.F.);
#5886=ORIENTED_EDGE('',*,*,#4338,.T.);
#5887=ORIENTED_EDGE('',*,*,#4339,.T.);
#5888=ORIENTED_EDGE('',*,*,#4340,.T.);
#5889=ORIENTED_EDGE('',*,*,#4341,.T.);
#5890=ORIENTED_EDGE('',*,*,#4342,.T.);
#5891=ORIENTED_EDGE('',*,*,#4343,.T.);
#5892=ORIENTED_EDGE('',*,*,#4344,.T.);
#5893=ORIENTED_EDGE('',*,*,#4345,.T.);
#5894=ORIENTED_EDGE('',*,*,#4311,.T.);
#5895=ORIENTED_EDGE('',*,*,#4307,.F.);
#5896=ORIENTED_EDGE('',*,*,#4346,.T.);
#5897=ORIENTED_EDGE('',*,*,#4347,.F.);
#5898=ORIENTED_EDGE('',*,*,#4348,.T.);
#5899=ORIENTED_EDGE('',*,*,#4349,.T.);
#5900=ORIENTED_EDGE('',*,*,#4350,.T.);
#5901=ORIENTED_EDGE('',*,*,#4351,.T.);
#5902=ORIENTED_EDGE('',*,*,#4352,.F.);
#5903=ORIENTED_EDGE('',*,*,#4353,.T.);
#5904=ORIENTED_EDGE('',*,*,#4354,.T.);
#5905=ORIENTED_EDGE('',*,*,#4355,.T.);
#5906=ORIENTED_EDGE('',*,*,#4356,.T.);
#5907=ORIENTED_EDGE('',*,*,#4357,.T.);
#5908=ORIENTED_EDGE('',*,*,#4358,.T.);
#5909=ORIENTED_EDGE('',*,*,#4359,.T.);
#5910=ORIENTED_EDGE('',*,*,#4360,.T.);
#5911=ORIENTED_EDGE('',*,*,#4361,.T.);
#5912=ORIENTED_EDGE('',*,*,#4362,.T.);
#5913=ORIENTED_EDGE('',*,*,#4363,.T.);
#5914=ORIENTED_EDGE('',*,*,#4364,.T.);
#5915=ORIENTED_EDGE('',*,*,#4365,.T.);
#5916=ORIENTED_EDGE('',*,*,#4366,.T.);
#5917=ORIENTED_EDGE('',*,*,#4367,.T.);
#5918=ORIENTED_EDGE('',*,*,#4368,.T.);
#5919=ORIENTED_EDGE('',*,*,#4369,.T.);
#5920=ORIENTED_EDGE('',*,*,#4370,.T.);
#5921=ORIENTED_EDGE('',*,*,#4371,.T.);
#5922=ORIENTED_EDGE('',*,*,#4372,.T.);
#5923=ORIENTED_EDGE('',*,*,#4373,.T.);
#5924=ORIENTED_EDGE('',*,*,#4374,.T.);
#5925=ORIENTED_EDGE('',*,*,#4375,.T.);
#5926=ORIENTED_EDGE('',*,*,#4376,.T.);
#5927=ORIENTED_EDGE('',*,*,#4377,.T.);
#5928=ORIENTED_EDGE('',*,*,#4378,.T.);
#5929=ORIENTED_EDGE('',*,*,#4379,.T.);
#5930=ORIENTED_EDGE('',*,*,#4380,.T.);
#5931=ORIENTED_EDGE('',*,*,#4381,.T.);
#5932=ORIENTED_EDGE('',*,*,#4382,.T.);
#5933=ORIENTED_EDGE('',*,*,#4383,.T.);
#5934=ORIENTED_EDGE('',*,*,#4384,.T.);
#5935=ORIENTED_EDGE('',*,*,#4385,.T.);
#5936=ORIENTED_EDGE('',*,*,#4386,.T.);
#5937=ORIENTED_EDGE('',*,*,#4387,.T.);
#5938=ORIENTED_EDGE('',*,*,#4388,.T.);
#5939=ORIENTED_EDGE('',*,*,#4389,.T.);
#5940=ORIENTED_EDGE('',*,*,#4390,.T.);
#5941=ORIENTED_EDGE('',*,*,#4391,.T.);
#5942=ORIENTED_EDGE('',*,*,#4392,.T.);
#5943=ORIENTED_EDGE('',*,*,#4393,.T.);
#5944=ORIENTED_EDGE('',*,*,#4394,.T.);
#5945=ORIENTED_EDGE('',*,*,#4395,.T.);
#5946=ORIENTED_EDGE('',*,*,#4396,.T.);
#5947=ORIENTED_EDGE('',*,*,#4397,.T.);
#5948=ORIENTED_EDGE('',*,*,#4398,.T.);
#5949=ORIENTED_EDGE('',*,*,#4399,.T.);
#5950=ORIENTED_EDGE('',*,*,#4400,.T.);
#5951=ORIENTED_EDGE('',*,*,#4401,.T.);
#5952=ORIENTED_EDGE('',*,*,#4402,.T.);
#5953=ORIENTED_EDGE('',*,*,#4403,.T.);
#5954=ORIENTED_EDGE('',*,*,#4404,.T.);
#5955=ORIENTED_EDGE('',*,*,#4405,.T.);
#5956=ORIENTED_EDGE('',*,*,#4406,.T.);
#5957=ORIENTED_EDGE('',*,*,#4407,.T.);
#5958=ORIENTED_EDGE('',*,*,#4408,.T.);
#5959=ORIENTED_EDGE('',*,*,#4409,.T.);
#5960=ORIENTED_EDGE('',*,*,#4410,.T.);
#5961=ORIENTED_EDGE('',*,*,#4411,.T.);
#5962=ORIENTED_EDGE('',*,*,#4412,.T.);
#5963=ORIENTED_EDGE('',*,*,#4413,.T.);
#5964=ORIENTED_EDGE('',*,*,#4414,.T.);
#5965=ORIENTED_EDGE('',*,*,#4415,.T.);
#5966=ORIENTED_EDGE('',*,*,#4416,.T.);
#5967=ORIENTED_EDGE('',*,*,#4417,.T.);
#5968=ORIENTED_EDGE('',*,*,#4418,.T.);
#5969=ORIENTED_EDGE('',*,*,#4419,.T.);
#5970=ORIENTED_EDGE('',*,*,#4420,.T.);
#5971=ORIENTED_EDGE('',*,*,#4421,.T.);
#5972=ORIENTED_EDGE('',*,*,#4422,.T.);
#5973=ORIENTED_EDGE('',*,*,#4423,.T.);
#5974=ORIENTED_EDGE('',*,*,#4424,.T.);
#5975=ORIENTED_EDGE('',*,*,#4425,.T.);
#5976=ORIENTED_EDGE('',*,*,#4426,.T.);
#5977=ORIENTED_EDGE('',*,*,#4427,.T.);
#5978=ORIENTED_EDGE('',*,*,#4428,.T.);
#5979=ORIENTED_EDGE('',*,*,#4429,.T.);
#5980=ORIENTED_EDGE('',*,*,#4430,.T.);
#5981=ORIENTED_EDGE('',*,*,#4431,.T.);
#5982=ORIENTED_EDGE('',*,*,#4432,.T.);
#5983=ORIENTED_EDGE('',*,*,#4433,.T.);
#5984=ORIENTED_EDGE('',*,*,#4434,.T.);
#5985=ORIENTED_EDGE('',*,*,#4435,.T.);
#5986=ORIENTED_EDGE('',*,*,#4436,.T.);
#5987=ORIENTED_EDGE('',*,*,#4437,.T.);
#5988=ORIENTED_EDGE('',*,*,#4438,.T.);
#5989=ORIENTED_EDGE('',*,*,#4439,.T.);
#5990=ORIENTED_EDGE('',*,*,#4440,.T.);
#5991=ORIENTED_EDGE('',*,*,#4441,.T.);
#5992=ORIENTED_EDGE('',*,*,#4442,.T.);
#5993=ORIENTED_EDGE('',*,*,#4443,.T.);
#5994=ORIENTED_EDGE('',*,*,#4444,.T.);
#5995=ORIENTED_EDGE('',*,*,#4445,.T.);
#5996=ORIENTED_EDGE('',*,*,#4446,.T.);
#5997=ORIENTED_EDGE('',*,*,#4447,.T.);
#5998=ORIENTED_EDGE('',*,*,#4448,.T.);
#5999=ORIENTED_EDGE('',*,*,#4449,.T.);
#6000=ORIENTED_EDGE('',*,*,#4450,.T.);
#6001=ORIENTED_EDGE('',*,*,#4451,.T.);
#6002=ORIENTED_EDGE('',*,*,#4452,.T.);
#6003=ORIENTED_EDGE('',*,*,#4453,.T.);
#6004=ORIENTED_EDGE('',*,*,#4454,.T.);
#6005=ORIENTED_EDGE('',*,*,#4455,.T.);
#6006=ORIENTED_EDGE('',*,*,#4456,.T.);
#6007=ORIENTED_EDGE('',*,*,#4457,.T.);
#6008=ORIENTED_EDGE('',*,*,#4458,.T.);
#6009=ORIENTED_EDGE('',*,*,#4459,.T.);
#6010=ORIENTED_EDGE('',*,*,#4460,.T.);
#6011=ORIENTED_EDGE('',*,*,#4461,.T.);
#6012=ORIENTED_EDGE('',*,*,#4462,.T.);
#6013=ORIENTED_EDGE('',*,*,#4463,.T.);
#6014=ORIENTED_EDGE('',*,*,#4464,.T.);
#6015=ORIENTED_EDGE('',*,*,#4465,.T.);
#6016=ORIENTED_EDGE('',*,*,#4466,.T.);
#6017=ORIENTED_EDGE('',*,*,#4467,.T.);
#6018=ORIENTED_EDGE('',*,*,#4468,.T.);
#6019=ORIENTED_EDGE('',*,*,#4469,.T.);
#6020=ORIENTED_EDGE('',*,*,#4470,.T.);
#6021=ORIENTED_EDGE('',*,*,#4471,.T.);
#6022=ORIENTED_EDGE('',*,*,#4472,.T.);
#6023=ORIENTED_EDGE('',*,*,#4473,.T.);
#6024=ORIENTED_EDGE('',*,*,#4474,.T.);
#6025=ORIENTED_EDGE('',*,*,#4475,.T.);
#6026=ORIENTED_EDGE('',*,*,#4476,.T.);
#6027=ORIENTED_EDGE('',*,*,#4477,.T.);
#6028=ORIENTED_EDGE('',*,*,#4478,.T.);
#6029=ORIENTED_EDGE('',*,*,#4479,.T.);
#6030=ORIENTED_EDGE('',*,*,#4254,.T.);
#6031=ORIENTED_EDGE('',*,*,#4288,.T.);
#6032=ORIENTED_EDGE('',*,*,#4285,.T.);
#6033=ORIENTED_EDGE('',*,*,#4282,.T.);
#6034=ORIENTED_EDGE('',*,*,#4279,.T.);
#6035=ORIENTED_EDGE('',*,*,#4276,.T.);
#6036=ORIENTED_EDGE('',*,*,#4273,.T.);
#6037=ORIENTED_EDGE('',*,*,#4270,.T.);
#6038=ORIENTED_EDGE('',*,*,#4267,.T.);
#6039=ORIENTED_EDGE('',*,*,#4264,.T.);
#6040=ORIENTED_EDGE('',*,*,#4261,.T.);
#6041=ORIENTED_EDGE('',*,*,#4258,.T.);
#6042=ORIENTED_EDGE('',*,*,#4170,.T.);
#6043=ORIENTED_EDGE('',*,*,#4252,.T.);
#6044=ORIENTED_EDGE('',*,*,#4249,.T.);
#6045=ORIENTED_EDGE('',*,*,#4246,.T.);
#6046=ORIENTED_EDGE('',*,*,#4243,.T.);
#6047=ORIENTED_EDGE('',*,*,#4240,.T.);
#6048=ORIENTED_EDGE('',*,*,#4237,.T.);
#6049=ORIENTED_EDGE('',*,*,#4234,.T.);
#6050=ORIENTED_EDGE('',*,*,#4231,.T.);
#6051=ORIENTED_EDGE('',*,*,#4228,.T.);
#6052=ORIENTED_EDGE('',*,*,#4225,.T.);
#6053=ORIENTED_EDGE('',*,*,#4222,.T.);
#6054=ORIENTED_EDGE('',*,*,#4219,.T.);
#6055=ORIENTED_EDGE('',*,*,#4216,.T.);
#6056=ORIENTED_EDGE('',*,*,#4213,.T.);
#6057=ORIENTED_EDGE('',*,*,#4210,.T.);
#6058=ORIENTED_EDGE('',*,*,#4207,.T.);
#6059=ORIENTED_EDGE('',*,*,#4204,.T.);
#6060=ORIENTED_EDGE('',*,*,#4201,.T.);
#6061=ORIENTED_EDGE('',*,*,#4198,.T.);
#6062=ORIENTED_EDGE('',*,*,#4195,.T.);
#6063=ORIENTED_EDGE('',*,*,#4192,.T.);
#6064=ORIENTED_EDGE('',*,*,#4189,.T.);
#6065=ORIENTED_EDGE('',*,*,#4186,.T.);
#6066=ORIENTED_EDGE('',*,*,#4183,.T.);
#6067=ORIENTED_EDGE('',*,*,#4180,.T.);
#6068=ORIENTED_EDGE('',*,*,#4177,.T.);
#6069=ORIENTED_EDGE('',*,*,#4174,.T.);
#6070=ORIENTED_EDGE('',*,*,#4122,.T.);
#6071=ORIENTED_EDGE('',*,*,#4168,.T.);
#6072=ORIENTED_EDGE('',*,*,#4165,.T.);
#6073=ORIENTED_EDGE('',*,*,#4162,.T.);
#6074=ORIENTED_EDGE('',*,*,#4159,.T.);
#6075=ORIENTED_EDGE('',*,*,#4156,.T.);
#6076=ORIENTED_EDGE('',*,*,#4153,.T.);
#6077=ORIENTED_EDGE('',*,*,#4150,.T.);
#6078=ORIENTED_EDGE('',*,*,#4147,.T.);
#6079=ORIENTED_EDGE('',*,*,#4144,.T.);
#6080=ORIENTED_EDGE('',*,*,#4141,.T.);
#6081=ORIENTED_EDGE('',*,*,#4138,.T.);
#6082=ORIENTED_EDGE('',*,*,#4135,.T.);
#6083=ORIENTED_EDGE('',*,*,#4132,.T.);
#6084=ORIENTED_EDGE('',*,*,#4129,.T.);
#6085=ORIENTED_EDGE('',*,*,#4126,.T.);
#6086=ORIENTED_EDGE('',*,*,#4086,.T.);
#6087=ORIENTED_EDGE('',*,*,#4120,.T.);
#6088=ORIENTED_EDGE('',*,*,#4117,.T.);
#6089=ORIENTED_EDGE('',*,*,#4114,.T.);
#6090=ORIENTED_EDGE('',*,*,#4111,.T.);
#6091=ORIENTED_EDGE('',*,*,#4108,.T.);
#6092=ORIENTED_EDGE('',*,*,#4105,.T.);
#6093=ORIENTED_EDGE('',*,*,#4102,.T.);
#6094=ORIENTED_EDGE('',*,*,#4099,.T.);
#6095=ORIENTED_EDGE('',*,*,#4096,.T.);
#6096=ORIENTED_EDGE('',*,*,#4093,.T.);
#6097=ORIENTED_EDGE('',*,*,#4090,.T.);
#6098=ORIENTED_EDGE('',*,*,#4005,.T.);
#6099=ORIENTED_EDGE('',*,*,#4084,.T.);
#6100=ORIENTED_EDGE('',*,*,#4081,.T.);
#6101=ORIENTED_EDGE('',*,*,#4078,.T.);
#6102=ORIENTED_EDGE('',*,*,#4075,.T.);
#6103=ORIENTED_EDGE('',*,*,#4072,.T.);
#6104=ORIENTED_EDGE('',*,*,#4069,.T.);
#6105=ORIENTED_EDGE('',*,*,#4066,.T.);
#6106=ORIENTED_EDGE('',*,*,#4063,.T.);
#6107=ORIENTED_EDGE('',*,*,#4060,.T.);
#6108=ORIENTED_EDGE('',*,*,#4057,.T.);
#6109=ORIENTED_EDGE('',*,*,#4054,.T.);
#6110=ORIENTED_EDGE('',*,*,#4051,.T.);
#6111=ORIENTED_EDGE('',*,*,#4048,.T.);
#6112=ORIENTED_EDGE('',*,*,#4045,.T.);
#6113=ORIENTED_EDGE('',*,*,#4042,.T.);
#6114=ORIENTED_EDGE('',*,*,#4039,.T.);
#6115=ORIENTED_EDGE('',*,*,#4036,.T.);
#6116=ORIENTED_EDGE('',*,*,#4033,.T.);
#6117=ORIENTED_EDGE('',*,*,#4030,.T.);
#6118=ORIENTED_EDGE('',*,*,#4027,.T.);
#6119=ORIENTED_EDGE('',*,*,#4024,.T.);
#6120=ORIENTED_EDGE('',*,*,#4021,.T.);
#6121=ORIENTED_EDGE('',*,*,#4018,.T.);
#6122=ORIENTED_EDGE('',*,*,#4015,.T.);
#6123=ORIENTED_EDGE('',*,*,#4012,.T.);
#6124=ORIENTED_EDGE('',*,*,#4009,.T.);
#6125=ORIENTED_EDGE('',*,*,#3897,.T.);
#6126=ORIENTED_EDGE('',*,*,#3976,.T.);
#6127=ORIENTED_EDGE('',*,*,#3973,.T.);
#6128=ORIENTED_EDGE('',*,*,#3970,.T.);
#6129=ORIENTED_EDGE('',*,*,#3967,.T.);
#6130=ORIENTED_EDGE('',*,*,#3964,.T.);
#6131=ORIENTED_EDGE('',*,*,#3961,.T.);
#6132=ORIENTED_EDGE('',*,*,#3958,.T.);
#6133=ORIENTED_EDGE('',*,*,#3955,.T.);
#6134=ORIENTED_EDGE('',*,*,#3952,.T.);
#6135=ORIENTED_EDGE('',*,*,#3949,.T.);
#6136=ORIENTED_EDGE('',*,*,#3946,.T.);
#6137=ORIENTED_EDGE('',*,*,#3943,.T.);
#6138=ORIENTED_EDGE('',*,*,#3940,.T.);
#6139=ORIENTED_EDGE('',*,*,#3937,.T.);
#6140=ORIENTED_EDGE('',*,*,#3934,.T.);
#6141=ORIENTED_EDGE('',*,*,#3931,.T.);
#6142=ORIENTED_EDGE('',*,*,#3928,.T.);
#6143=ORIENTED_EDGE('',*,*,#3925,.T.);
#6144=ORIENTED_EDGE('',*,*,#3922,.T.);
#6145=ORIENTED_EDGE('',*,*,#3919,.T.);
#6146=ORIENTED_EDGE('',*,*,#3916,.T.);
#6147=ORIENTED_EDGE('',*,*,#3913,.T.);
#6148=ORIENTED_EDGE('',*,*,#3910,.T.);
#6149=ORIENTED_EDGE('',*,*,#3907,.T.);
#6150=ORIENTED_EDGE('',*,*,#3904,.T.);
#6151=ORIENTED_EDGE('',*,*,#3901,.T.);
#6152=ORIENTED_EDGE('',*,*,#3822,.T.);
#6153=ORIENTED_EDGE('',*,*,#3868,.T.);
#6154=ORIENTED_EDGE('',*,*,#3865,.T.);
#6155=ORIENTED_EDGE('',*,*,#3862,.T.);
#6156=ORIENTED_EDGE('',*,*,#3859,.T.);
#6157=ORIENTED_EDGE('',*,*,#3856,.T.);
#6158=ORIENTED_EDGE('',*,*,#3853,.T.);
#6159=ORIENTED_EDGE('',*,*,#3850,.T.);
#6160=ORIENTED_EDGE('',*,*,#3847,.T.);
#6161=ORIENTED_EDGE('',*,*,#3844,.T.);
#6162=ORIENTED_EDGE('',*,*,#3841,.T.);
#6163=ORIENTED_EDGE('',*,*,#3838,.T.);
#6164=ORIENTED_EDGE('',*,*,#3835,.T.);
#6165=ORIENTED_EDGE('',*,*,#3832,.T.);
#6166=ORIENTED_EDGE('',*,*,#3829,.T.);
#6167=ORIENTED_EDGE('',*,*,#3826,.T.);
#6168=ORIENTED_EDGE('',*,*,#3798,.T.);
#6169=ORIENTED_EDGE('',*,*,#3820,.T.);
#6170=ORIENTED_EDGE('',*,*,#3817,.T.);
#6171=ORIENTED_EDGE('',*,*,#3814,.T.);
#6172=ORIENTED_EDGE('',*,*,#3811,.T.);
#6173=ORIENTED_EDGE('',*,*,#3808,.T.);
#6174=ORIENTED_EDGE('',*,*,#3805,.T.);
#6175=ORIENTED_EDGE('',*,*,#3802,.T.);
#6176=ORIENTED_EDGE('',*,*,#4306,.F.);
#6177=ORIENTED_EDGE('',*,*,#4299,.T.);
#6178=ORIENTED_EDGE('',*,*,#4480,.F.);
#6179=ORIENTED_EDGE('',*,*,#4346,.F.);
#6180=ORIENTED_EDGE('',*,*,#4314,.T.);
#6181=ORIENTED_EDGE('',*,*,#4295,.T.);
#6182=ORIENTED_EDGE('',*,*,#4302,.T.);
#6183=ORIENTED_EDGE('',*,*,#4481,.T.);
#6184=ORIENTED_EDGE('',*,*,#4347,.T.);
#6185=ORIENTED_EDGE('',*,*,#4480,.T.);
#6186=ORIENTED_EDGE('',*,*,#4298,.T.);
#6187=ORIENTED_EDGE('',*,*,#4482,.T.);
#6188=ORIENTED_EDGE('',*,*,#4352,.T.);
#6189=ORIENTED_EDGE('',*,*,#4483,.T.);
#6190=ORIENTED_EDGE('',*,*,#4484,.T.);
#6191=ORIENTED_EDGE('',*,*,#4485,.T.);
#6192=ORIENTED_EDGE('',*,*,#4485,.F.);
#6193=ORIENTED_EDGE('',*,*,#4486,.T.);
#6194=ORIENTED_EDGE('',*,*,#4487,.F.);
#6195=ORIENTED_EDGE('',*,*,#4348,.F.);
#6196=ORIENTED_EDGE('',*,*,#4488,.F.);
#6197=ORIENTED_EDGE('',*,*,#4489,.T.);
#6198=ORIENTED_EDGE('',*,*,#4490,.T.);
#6199=ORIENTED_EDGE('',*,*,#4491,.F.);
#6200=ORIENTED_EDGE('',*,*,#4492,.F.);
#6201=ORIENTED_EDGE('',*,*,#4493,.T.);
#6202=ORIENTED_EDGE('',*,*,#4494,.T.);
#6203=ORIENTED_EDGE('',*,*,#4489,.F.);
#6204=ORIENTED_EDGE('',*,*,#4495,.F.);
#6205=ORIENTED_EDGE('',*,*,#4496,.T.);
#6206=ORIENTED_EDGE('',*,*,#4497,.T.);
#6207=ORIENTED_EDGE('',*,*,#4493,.F.);
#6208=ORIENTED_EDGE('',*,*,#4498,.F.);
#6209=ORIENTED_EDGE('',*,*,#4499,.T.);
#6210=ORIENTED_EDGE('',*,*,#4500,.T.);
#6211=ORIENTED_EDGE('',*,*,#4496,.F.);
#6212=ORIENTED_EDGE('',*,*,#4501,.F.);
#6213=ORIENTED_EDGE('',*,*,#4502,.T.);
#6214=ORIENTED_EDGE('',*,*,#4503,.T.);
#6215=ORIENTED_EDGE('',*,*,#4499,.F.);
#6216=ORIENTED_EDGE('',*,*,#4504,.F.);
#6217=ORIENTED_EDGE('',*,*,#4505,.T.);
#6218=ORIENTED_EDGE('',*,*,#4506,.T.);
#6219=ORIENTED_EDGE('',*,*,#4502,.F.);
#6220=ORIENTED_EDGE('',*,*,#4507,.F.);
#6221=ORIENTED_EDGE('',*,*,#4508,.T.);
#6222=ORIENTED_EDGE('',*,*,#4509,.T.);
#6223=ORIENTED_EDGE('',*,*,#4505,.F.);
#6224=ORIENTED_EDGE('',*,*,#4510,.F.);
#6225=ORIENTED_EDGE('',*,*,#4491,.T.);
#6226=ORIENTED_EDGE('',*,*,#4511,.T.);
#6227=ORIENTED_EDGE('',*,*,#4508,.F.);
#6228=ORIENTED_EDGE('',*,*,#4333,.F.);
#6229=ORIENTED_EDGE('',*,*,#4512,.T.);
#6230=ORIENTED_EDGE('',*,*,#4513,.T.);
#6231=ORIENTED_EDGE('',*,*,#4514,.F.);
#6232=ORIENTED_EDGE('',*,*,#4332,.F.);
#6233=ORIENTED_EDGE('',*,*,#4515,.T.);
#6234=ORIENTED_EDGE('',*,*,#4516,.T.);
#6235=ORIENTED_EDGE('',*,*,#4512,.F.);
#6236=ORIENTED_EDGE('',*,*,#4331,.F.);
#6237=ORIENTED_EDGE('',*,*,#4517,.T.);
#6238=ORIENTED_EDGE('',*,*,#4518,.T.);
#6239=ORIENTED_EDGE('',*,*,#4515,.F.);
#6240=ORIENTED_EDGE('',*,*,#4330,.F.);
#6241=ORIENTED_EDGE('',*,*,#4519,.T.);
#6242=ORIENTED_EDGE('',*,*,#4520,.T.);
#6243=ORIENTED_EDGE('',*,*,#4517,.F.);
#6244=ORIENTED_EDGE('',*,*,#4329,.F.);
#6245=ORIENTED_EDGE('',*,*,#4521,.T.);
#6246=ORIENTED_EDGE('',*,*,#4522,.T.);
#6247=ORIENTED_EDGE('',*,*,#4519,.F.);
#6248=ORIENTED_EDGE('',*,*,#4328,.F.);
#6249=ORIENTED_EDGE('',*,*,#4523,.T.);
#6250=ORIENTED_EDGE('',*,*,#4524,.T.);
#6251=ORIENTED_EDGE('',*,*,#4521,.F.);
#6252=ORIENTED_EDGE('',*,*,#4525,.F.);
#6253=ORIENTED_EDGE('',*,*,#4526,.T.);
#6254=ORIENTED_EDGE('',*,*,#4523,.F.);
#6255=ORIENTED_EDGE('',*,*,#4327,.F.);
#6256=ORIENTED_EDGE('',*,*,#4527,.F.);
#6257=ORIENTED_EDGE('',*,*,#4336,.F.);
#6258=ORIENTED_EDGE('',*,*,#4528,.T.);
#6259=ORIENTED_EDGE('',*,*,#4529,.T.);
#6260=ORIENTED_EDGE('',*,*,#4335,.F.);
#6261=ORIENTED_EDGE('',*,*,#4530,.T.);
#6262=ORIENTED_EDGE('',*,*,#4531,.T.);
#6263=ORIENTED_EDGE('',*,*,#4528,.F.);
#6264=ORIENTED_EDGE('',*,*,#4334,.F.);
#6265=ORIENTED_EDGE('',*,*,#4514,.T.);
#6266=ORIENTED_EDGE('',*,*,#4532,.T.);
#6267=ORIENTED_EDGE('',*,*,#4530,.F.);
#6268=ORIENTED_EDGE('',*,*,#4533,.F.);
#6269=ORIENTED_EDGE('',*,*,#4529,.F.);
#6270=ORIENTED_EDGE('',*,*,#4531,.F.);
#6271=ORIENTED_EDGE('',*,*,#4532,.F.);
#6272=ORIENTED_EDGE('',*,*,#4513,.F.);
#6273=ORIENTED_EDGE('',*,*,#4516,.F.);
#6274=ORIENTED_EDGE('',*,*,#4518,.F.);
#6275=ORIENTED_EDGE('',*,*,#4520,.F.);
#6276=ORIENTED_EDGE('',*,*,#4522,.F.);
#6277=ORIENTED_EDGE('',*,*,#4524,.F.);
#6278=ORIENTED_EDGE('',*,*,#4526,.F.);
#6279=ORIENTED_EDGE('',*,*,#4511,.F.);
#6280=ORIENTED_EDGE('',*,*,#4490,.F.);
#6281=ORIENTED_EDGE('',*,*,#4494,.F.);
#6282=ORIENTED_EDGE('',*,*,#4497,.F.);
#6283=ORIENTED_EDGE('',*,*,#4500,.F.);
#6284=ORIENTED_EDGE('',*,*,#4503,.F.);
#6285=ORIENTED_EDGE('',*,*,#4506,.F.);
#6286=ORIENTED_EDGE('',*,*,#4509,.F.);
#6287=ORIENTED_EDGE('',*,*,#4534,.F.);
#6288=ORIENTED_EDGE('',*,*,#4535,.T.);
#6289=ORIENTED_EDGE('',*,*,#4536,.T.);
#6290=ORIENTED_EDGE('',*,*,#4537,.F.);
#6291=ORIENTED_EDGE('',*,*,#4538,.F.);
#6292=ORIENTED_EDGE('',*,*,#4539,.T.);
#6293=ORIENTED_EDGE('',*,*,#4540,.T.);
#6294=ORIENTED_EDGE('',*,*,#4535,.F.);
#6295=ORIENTED_EDGE('',*,*,#4541,.F.);
#6296=ORIENTED_EDGE('',*,*,#4542,.T.);
#6297=ORIENTED_EDGE('',*,*,#4543,.T.);
#6298=ORIENTED_EDGE('',*,*,#4539,.F.);
#6299=ORIENTED_EDGE('',*,*,#4544,.F.);
#6300=ORIENTED_EDGE('',*,*,#4545,.T.);
#6301=ORIENTED_EDGE('',*,*,#4546,.T.);
#6302=ORIENTED_EDGE('',*,*,#4542,.F.);
#6303=ORIENTED_EDGE('',*,*,#4547,.F.);
#6304=ORIENTED_EDGE('',*,*,#4548,.T.);
#6305=ORIENTED_EDGE('',*,*,#4549,.T.);
#6306=ORIENTED_EDGE('',*,*,#4545,.F.);
#6307=ORIENTED_EDGE('',*,*,#4550,.F.);
#6308=ORIENTED_EDGE('',*,*,#4551,.T.);
#6309=ORIENTED_EDGE('',*,*,#4552,.T.);
#6310=ORIENTED_EDGE('',*,*,#4548,.F.);
#6311=ORIENTED_EDGE('',*,*,#4553,.F.);
#6312=ORIENTED_EDGE('',*,*,#4537,.T.);
#6313=ORIENTED_EDGE('',*,*,#4554,.T.);
#6314=ORIENTED_EDGE('',*,*,#4551,.F.);
#6315=ORIENTED_EDGE('',*,*,#4555,.F.);
#6316=ORIENTED_EDGE('',*,*,#4556,.T.);
#6317=ORIENTED_EDGE('',*,*,#4557,.T.);
#6318=ORIENTED_EDGE('',*,*,#4558,.F.);
#6319=ORIENTED_EDGE('',*,*,#4559,.F.);
#6320=ORIENTED_EDGE('',*,*,#4560,.T.);
#6321=ORIENTED_EDGE('',*,*,#4561,.T.);
#6322=ORIENTED_EDGE('',*,*,#4556,.F.);
#6323=ORIENTED_EDGE('',*,*,#4562,.F.);
#6324=ORIENTED_EDGE('',*,*,#4563,.T.);
#6325=ORIENTED_EDGE('',*,*,#4564,.T.);
#6326=ORIENTED_EDGE('',*,*,#4560,.F.);
#6327=ORIENTED_EDGE('',*,*,#4565,.F.);
#6328=ORIENTED_EDGE('',*,*,#4566,.T.);
#6329=ORIENTED_EDGE('',*,*,#4567,.T.);
#6330=ORIENTED_EDGE('',*,*,#4563,.F.);
#6331=ORIENTED_EDGE('',*,*,#4568,.F.);
#6332=ORIENTED_EDGE('',*,*,#4569,.T.);
#6333=ORIENTED_EDGE('',*,*,#4570,.T.);
#6334=ORIENTED_EDGE('',*,*,#4566,.F.);
#6335=ORIENTED_EDGE('',*,*,#4571,.F.);
#6336=ORIENTED_EDGE('',*,*,#4572,.T.);
#6337=ORIENTED_EDGE('',*,*,#4573,.T.);
#6338=ORIENTED_EDGE('',*,*,#4569,.F.);
#6339=ORIENTED_EDGE('',*,*,#4574,.F.);
#6340=ORIENTED_EDGE('',*,*,#4558,.T.);
#6341=ORIENTED_EDGE('',*,*,#4575,.T.);
#6342=ORIENTED_EDGE('',*,*,#4572,.F.);
#6343=ORIENTED_EDGE('',*,*,#4380,.F.);
#6344=ORIENTED_EDGE('',*,*,#4576,.T.);
#6345=ORIENTED_EDGE('',*,*,#4577,.T.);
#6346=ORIENTED_EDGE('',*,*,#4578,.F.);
#6347=ORIENTED_EDGE('',*,*,#4392,.F.);
#6348=ORIENTED_EDGE('',*,*,#4579,.T.);
#6349=ORIENTED_EDGE('',*,*,#4580,.T.);
#6350=ORIENTED_EDGE('',*,*,#4576,.F.);
#6351=ORIENTED_EDGE('',*,*,#4391,.F.);
#6352=ORIENTED_EDGE('',*,*,#4581,.T.);
#6353=ORIENTED_EDGE('',*,*,#4582,.T.);
#6354=ORIENTED_EDGE('',*,*,#4579,.F.);
#6355=ORIENTED_EDGE('',*,*,#4390,.F.);
#6356=ORIENTED_EDGE('',*,*,#4583,.T.);
#6357=ORIENTED_EDGE('',*,*,#4584,.T.);
#6358=ORIENTED_EDGE('',*,*,#4581,.F.);
#6359=ORIENTED_EDGE('',*,*,#4389,.F.);
#6360=ORIENTED_EDGE('',*,*,#4585,.T.);
#6361=ORIENTED_EDGE('',*,*,#4586,.T.);
#6362=ORIENTED_EDGE('',*,*,#4583,.F.);
#6363=ORIENTED_EDGE('',*,*,#4388,.F.);
#6364=ORIENTED_EDGE('',*,*,#4587,.T.);
#6365=ORIENTED_EDGE('',*,*,#4588,.T.);
#6366=ORIENTED_EDGE('',*,*,#4585,.F.);
#6367=ORIENTED_EDGE('',*,*,#4387,.F.);
#6368=ORIENTED_EDGE('',*,*,#4589,.T.);
#6369=ORIENTED_EDGE('',*,*,#4590,.T.);
#6370=ORIENTED_EDGE('',*,*,#4587,.F.);
#6371=ORIENTED_EDGE('',*,*,#4386,.F.);
#6372=ORIENTED_EDGE('',*,*,#4591,.T.);
#6373=ORIENTED_EDGE('',*,*,#4592,.T.);
#6374=ORIENTED_EDGE('',*,*,#4589,.F.);
#6375=ORIENTED_EDGE('',*,*,#4385,.F.);
#6376=ORIENTED_EDGE('',*,*,#4593,.T.);
#6377=ORIENTED_EDGE('',*,*,#4594,.T.);
#6378=ORIENTED_EDGE('',*,*,#4591,.F.);
#6379=ORIENTED_EDGE('',*,*,#4384,.F.);
#6380=ORIENTED_EDGE('',*,*,#4595,.T.);
#6381=ORIENTED_EDGE('',*,*,#4596,.T.);
#6382=ORIENTED_EDGE('',*,*,#4593,.F.);
#6383=ORIENTED_EDGE('',*,*,#4383,.F.);
#6384=ORIENTED_EDGE('',*,*,#4597,.T.);
#6385=ORIENTED_EDGE('',*,*,#4598,.T.);
#6386=ORIENTED_EDGE('',*,*,#4595,.F.);
#6387=ORIENTED_EDGE('',*,*,#4382,.F.);
#6388=ORIENTED_EDGE('',*,*,#4599,.T.);
#6389=ORIENTED_EDGE('',*,*,#4600,.T.);
#6390=ORIENTED_EDGE('',*,*,#4597,.F.);
#6391=ORIENTED_EDGE('',*,*,#4381,.F.);
#6392=ORIENTED_EDGE('',*,*,#4578,.T.);
#6393=ORIENTED_EDGE('',*,*,#4601,.T.);
#6394=ORIENTED_EDGE('',*,*,#4599,.F.);
#6395=ORIENTED_EDGE('',*,*,#4601,.F.);
#6396=ORIENTED_EDGE('',*,*,#4577,.F.);
#6397=ORIENTED_EDGE('',*,*,#4580,.F.);
#6398=ORIENTED_EDGE('',*,*,#4582,.F.);
#6399=ORIENTED_EDGE('',*,*,#4584,.F.);
#6400=ORIENTED_EDGE('',*,*,#4586,.F.);
#6401=ORIENTED_EDGE('',*,*,#4588,.F.);
#6402=ORIENTED_EDGE('',*,*,#4590,.F.);
#6403=ORIENTED_EDGE('',*,*,#4592,.F.);
#6404=ORIENTED_EDGE('',*,*,#4594,.F.);
#6405=ORIENTED_EDGE('',*,*,#4596,.F.);
#6406=ORIENTED_EDGE('',*,*,#4598,.F.);
#6407=ORIENTED_EDGE('',*,*,#4600,.F.);
#6408=ORIENTED_EDGE('',*,*,#4575,.F.);
#6409=ORIENTED_EDGE('',*,*,#4557,.F.);
#6410=ORIENTED_EDGE('',*,*,#4561,.F.);
#6411=ORIENTED_EDGE('',*,*,#4564,.F.);
#6412=ORIENTED_EDGE('',*,*,#4567,.F.);
#6413=ORIENTED_EDGE('',*,*,#4570,.F.);
#6414=ORIENTED_EDGE('',*,*,#4573,.F.);
#6415=ORIENTED_EDGE('',*,*,#4554,.F.);
#6416=ORIENTED_EDGE('',*,*,#4536,.F.);
#6417=ORIENTED_EDGE('',*,*,#4540,.F.);
#6418=ORIENTED_EDGE('',*,*,#4543,.F.);
#6419=ORIENTED_EDGE('',*,*,#4546,.F.);
#6420=ORIENTED_EDGE('',*,*,#4549,.F.);
#6421=ORIENTED_EDGE('',*,*,#4552,.F.);
#6422=ORIENTED_EDGE('',*,*,#4393,.F.);
#6423=ORIENTED_EDGE('',*,*,#4602,.T.);
#6424=ORIENTED_EDGE('',*,*,#4603,.T.);
#6425=ORIENTED_EDGE('',*,*,#4604,.F.);
#6426=ORIENTED_EDGE('',*,*,#4411,.F.);
#6427=ORIENTED_EDGE('',*,*,#4605,.T.);
#6428=ORIENTED_EDGE('',*,*,#4606,.T.);
#6429=ORIENTED_EDGE('',*,*,#4602,.F.);
#6430=ORIENTED_EDGE('',*,*,#4410,.F.);
#6431=ORIENTED_EDGE('',*,*,#4607,.T.);
#6432=ORIENTED_EDGE('',*,*,#4608,.T.);
#6433=ORIENTED_EDGE('',*,*,#4605,.F.);
#6434=ORIENTED_EDGE('',*,*,#4409,.F.);
#6435=ORIENTED_EDGE('',*,*,#4609,.T.);
#6436=ORIENTED_EDGE('',*,*,#4610,.T.);
#6437=ORIENTED_EDGE('',*,*,#4607,.F.);
#6438=ORIENTED_EDGE('',*,*,#4408,.F.);
#6439=ORIENTED_EDGE('',*,*,#4611,.T.);
#6440=ORIENTED_EDGE('',*,*,#4612,.T.);
#6441=ORIENTED_EDGE('',*,*,#4609,.F.);
#6442=ORIENTED_EDGE('',*,*,#4407,.F.);
#6443=ORIENTED_EDGE('',*,*,#4613,.T.);
#6444=ORIENTED_EDGE('',*,*,#4614,.T.);
#6445=ORIENTED_EDGE('',*,*,#4611,.F.);
#6446=ORIENTED_EDGE('',*,*,#4406,.F.);
#6447=ORIENTED_EDGE('',*,*,#4615,.T.);
#6448=ORIENTED_EDGE('',*,*,#4616,.T.);
#6449=ORIENTED_EDGE('',*,*,#4613,.F.);
#6450=ORIENTED_EDGE('',*,*,#4405,.F.);
#6451=ORIENTED_EDGE('',*,*,#4617,.T.);
#6452=ORIENTED_EDGE('',*,*,#4618,.T.);
#6453=ORIENTED_EDGE('',*,*,#4615,.F.);
#6454=ORIENTED_EDGE('',*,*,#4404,.F.);
#6455=ORIENTED_EDGE('',*,*,#4619,.T.);
#6456=ORIENTED_EDGE('',*,*,#4620,.T.);
#6457=ORIENTED_EDGE('',*,*,#4617,.F.);
#6458=ORIENTED_EDGE('',*,*,#4403,.F.);
#6459=ORIENTED_EDGE('',*,*,#4621,.T.);
#6460=ORIENTED_EDGE('',*,*,#4622,.T.);
#6461=ORIENTED_EDGE('',*,*,#4619,.F.);
#6462=ORIENTED_EDGE('',*,*,#4402,.F.);
#6463=ORIENTED_EDGE('',*,*,#4623,.T.);
#6464=ORIENTED_EDGE('',*,*,#4624,.T.);
#6465=ORIENTED_EDGE('',*,*,#4621,.F.);
#6466=ORIENTED_EDGE('',*,*,#4401,.F.);
#6467=ORIENTED_EDGE('',*,*,#4625,.T.);
#6468=ORIENTED_EDGE('',*,*,#4626,.T.);
#6469=ORIENTED_EDGE('',*,*,#4623,.F.);
#6470=ORIENTED_EDGE('',*,*,#4400,.F.);
#6471=ORIENTED_EDGE('',*,*,#4627,.T.);
#6472=ORIENTED_EDGE('',*,*,#4628,.T.);
#6473=ORIENTED_EDGE('',*,*,#4625,.F.);
#6474=ORIENTED_EDGE('',*,*,#4399,.F.);
#6475=ORIENTED_EDGE('',*,*,#4629,.T.);
#6476=ORIENTED_EDGE('',*,*,#4630,.T.);
#6477=ORIENTED_EDGE('',*,*,#4627,.F.);
#6478=ORIENTED_EDGE('',*,*,#4398,.F.);
#6479=ORIENTED_EDGE('',*,*,#4631,.T.);
#6480=ORIENTED_EDGE('',*,*,#4632,.T.);
#6481=ORIENTED_EDGE('',*,*,#4629,.F.);
#6482=ORIENTED_EDGE('',*,*,#4397,.F.);
#6483=ORIENTED_EDGE('',*,*,#4633,.T.);
#6484=ORIENTED_EDGE('',*,*,#4634,.T.);
#6485=ORIENTED_EDGE('',*,*,#4631,.F.);
#6486=ORIENTED_EDGE('',*,*,#4396,.F.);
#6487=ORIENTED_EDGE('',*,*,#4635,.T.);
#6488=ORIENTED_EDGE('',*,*,#4636,.T.);
#6489=ORIENTED_EDGE('',*,*,#4633,.F.);
#6490=ORIENTED_EDGE('',*,*,#4395,.F.);
#6491=ORIENTED_EDGE('',*,*,#4637,.T.);
#6492=ORIENTED_EDGE('',*,*,#4638,.T.);
#6493=ORIENTED_EDGE('',*,*,#4635,.F.);
#6494=ORIENTED_EDGE('',*,*,#4394,.F.);
#6495=ORIENTED_EDGE('',*,*,#4604,.T.);
#6496=ORIENTED_EDGE('',*,*,#4639,.T.);
#6497=ORIENTED_EDGE('',*,*,#4637,.F.);
#6498=ORIENTED_EDGE('',*,*,#4639,.F.);
#6499=ORIENTED_EDGE('',*,*,#4603,.F.);
#6500=ORIENTED_EDGE('',*,*,#4606,.F.);
#6501=ORIENTED_EDGE('',*,*,#4608,.F.);
#6502=ORIENTED_EDGE('',*,*,#4610,.F.);
#6503=ORIENTED_EDGE('',*,*,#4612,.F.);
#6504=ORIENTED_EDGE('',*,*,#4614,.F.);
#6505=ORIENTED_EDGE('',*,*,#4616,.F.);
#6506=ORIENTED_EDGE('',*,*,#4618,.F.);
#6507=ORIENTED_EDGE('',*,*,#4620,.F.);
#6508=ORIENTED_EDGE('',*,*,#4622,.F.);
#6509=ORIENTED_EDGE('',*,*,#4624,.F.);
#6510=ORIENTED_EDGE('',*,*,#4626,.F.);
#6511=ORIENTED_EDGE('',*,*,#4628,.F.);
#6512=ORIENTED_EDGE('',*,*,#4630,.F.);
#6513=ORIENTED_EDGE('',*,*,#4632,.F.);
#6514=ORIENTED_EDGE('',*,*,#4634,.F.);
#6515=ORIENTED_EDGE('',*,*,#4636,.F.);
#6516=ORIENTED_EDGE('',*,*,#4638,.F.);
#6517=ORIENTED_EDGE('',*,*,#4483,.F.);
#6518=ORIENTED_EDGE('',*,*,#4351,.F.);
#6519=ORIENTED_EDGE('',*,*,#4640,.T.);
#6520=ORIENTED_EDGE('',*,*,#4641,.T.);
#6521=ORIENTED_EDGE('',*,*,#4350,.F.);
#6522=ORIENTED_EDGE('',*,*,#4642,.T.);
#6523=ORIENTED_EDGE('',*,*,#4643,.T.);
#6524=ORIENTED_EDGE('',*,*,#4640,.F.);
#6525=ORIENTED_EDGE('',*,*,#4349,.F.);
#6526=ORIENTED_EDGE('',*,*,#4487,.T.);
#6527=ORIENTED_EDGE('',*,*,#4644,.T.);
#6528=ORIENTED_EDGE('',*,*,#4642,.F.);
#6529=ORIENTED_EDGE('',*,*,#4484,.F.);
#6530=ORIENTED_EDGE('',*,*,#4641,.F.);
#6531=ORIENTED_EDGE('',*,*,#4643,.F.);
#6532=ORIENTED_EDGE('',*,*,#4644,.F.);
#6533=ORIENTED_EDGE('',*,*,#4486,.F.);
#6534=ORIENTED_EDGE('',*,*,#4372,.F.);
#6535=ORIENTED_EDGE('',*,*,#4645,.T.);
#6536=ORIENTED_EDGE('',*,*,#4646,.T.);
#6537=ORIENTED_EDGE('',*,*,#4647,.F.);
#6538=ORIENTED_EDGE('',*,*,#4371,.F.);
#6539=ORIENTED_EDGE('',*,*,#4648,.T.);
#6540=ORIENTED_EDGE('',*,*,#4649,.T.);
#6541=ORIENTED_EDGE('',*,*,#4645,.F.);
#6542=ORIENTED_EDGE('',*,*,#4370,.F.);
#6543=ORIENTED_EDGE('',*,*,#4650,.T.);
#6544=ORIENTED_EDGE('',*,*,#4651,.T.);
#6545=ORIENTED_EDGE('',*,*,#4648,.F.);
#6546=ORIENTED_EDGE('',*,*,#4369,.F.);
#6547=ORIENTED_EDGE('',*,*,#4652,.T.);
#6548=ORIENTED_EDGE('',*,*,#4653,.T.);
#6549=ORIENTED_EDGE('',*,*,#4650,.F.);
#6550=ORIENTED_EDGE('',*,*,#4368,.F.);
#6551=ORIENTED_EDGE('',*,*,#4654,.T.);
#6552=ORIENTED_EDGE('',*,*,#4655,.T.);
#6553=ORIENTED_EDGE('',*,*,#4652,.F.);
#6554=ORIENTED_EDGE('',*,*,#4367,.F.);
#6555=ORIENTED_EDGE('',*,*,#4656,.T.);
#6556=ORIENTED_EDGE('',*,*,#4657,.T.);
#6557=ORIENTED_EDGE('',*,*,#4654,.F.);
#6558=ORIENTED_EDGE('',*,*,#4366,.F.);
#6559=ORIENTED_EDGE('',*,*,#4658,.T.);
#6560=ORIENTED_EDGE('',*,*,#4659,.T.);
#6561=ORIENTED_EDGE('',*,*,#4656,.F.);
#6562=ORIENTED_EDGE('',*,*,#4365,.F.);
#6563=ORIENTED_EDGE('',*,*,#4660,.T.);
#6564=ORIENTED_EDGE('',*,*,#4661,.T.);
#6565=ORIENTED_EDGE('',*,*,#4658,.F.);
#6566=ORIENTED_EDGE('',*,*,#4364,.F.);
#6567=ORIENTED_EDGE('',*,*,#4662,.T.);
#6568=ORIENTED_EDGE('',*,*,#4663,.T.);
#6569=ORIENTED_EDGE('',*,*,#4660,.F.);
#6570=ORIENTED_EDGE('',*,*,#4363,.F.);
#6571=ORIENTED_EDGE('',*,*,#4664,.T.);
#6572=ORIENTED_EDGE('',*,*,#4665,.T.);
#6573=ORIENTED_EDGE('',*,*,#4662,.F.);
#6574=ORIENTED_EDGE('',*,*,#4362,.F.);
#6575=ORIENTED_EDGE('',*,*,#4666,.T.);
#6576=ORIENTED_EDGE('',*,*,#4667,.T.);
#6577=ORIENTED_EDGE('',*,*,#4664,.F.);
#6578=ORIENTED_EDGE('',*,*,#4361,.F.);
#6579=ORIENTED_EDGE('',*,*,#4668,.T.);
#6580=ORIENTED_EDGE('',*,*,#4669,.T.);
#6581=ORIENTED_EDGE('',*,*,#4666,.F.);
#6582=ORIENTED_EDGE('',*,*,#4360,.F.);
#6583=ORIENTED_EDGE('',*,*,#4670,.T.);
#6584=ORIENTED_EDGE('',*,*,#4671,.T.);
#6585=ORIENTED_EDGE('',*,*,#4668,.F.);
#6586=ORIENTED_EDGE('',*,*,#4359,.F.);
#6587=ORIENTED_EDGE('',*,*,#4672,.T.);
#6588=ORIENTED_EDGE('',*,*,#4673,.T.);
#6589=ORIENTED_EDGE('',*,*,#4670,.F.);
#6590=ORIENTED_EDGE('',*,*,#4358,.F.);
#6591=ORIENTED_EDGE('',*,*,#4674,.T.);
#6592=ORIENTED_EDGE('',*,*,#4675,.T.);
#6593=ORIENTED_EDGE('',*,*,#4672,.F.);
#6594=ORIENTED_EDGE('',*,*,#4357,.F.);
#6595=ORIENTED_EDGE('',*,*,#4676,.T.);
#6596=ORIENTED_EDGE('',*,*,#4677,.T.);
#6597=ORIENTED_EDGE('',*,*,#4674,.F.);
#6598=ORIENTED_EDGE('',*,*,#4356,.F.);
#6599=ORIENTED_EDGE('',*,*,#4678,.T.);
#6600=ORIENTED_EDGE('',*,*,#4679,.T.);
#6601=ORIENTED_EDGE('',*,*,#4676,.F.);
#6602=ORIENTED_EDGE('',*,*,#4355,.F.);
#6603=ORIENTED_EDGE('',*,*,#4680,.T.);
#6604=ORIENTED_EDGE('',*,*,#4681,.T.);
#6605=ORIENTED_EDGE('',*,*,#4678,.F.);
#6606=ORIENTED_EDGE('',*,*,#4682,.F.);
#6607=ORIENTED_EDGE('',*,*,#4683,.T.);
#6608=ORIENTED_EDGE('',*,*,#4680,.F.);
#6609=ORIENTED_EDGE('',*,*,#4354,.F.);
#6610=ORIENTED_EDGE('',*,*,#4684,.F.);
#6611=ORIENTED_EDGE('',*,*,#4378,.F.);
#6612=ORIENTED_EDGE('',*,*,#4685,.T.);
#6613=ORIENTED_EDGE('',*,*,#4686,.T.);
#6614=ORIENTED_EDGE('',*,*,#4377,.F.);
#6615=ORIENTED_EDGE('',*,*,#4687,.T.);
#6616=ORIENTED_EDGE('',*,*,#4688,.T.);
#6617=ORIENTED_EDGE('',*,*,#4685,.F.);
#6618=ORIENTED_EDGE('',*,*,#4376,.F.);
#6619=ORIENTED_EDGE('',*,*,#4689,.T.);
#6620=ORIENTED_EDGE('',*,*,#4690,.T.);
#6621=ORIENTED_EDGE('',*,*,#4687,.F.);
#6622=ORIENTED_EDGE('',*,*,#4375,.F.);
#6623=ORIENTED_EDGE('',*,*,#4691,.T.);
#6624=ORIENTED_EDGE('',*,*,#4692,.T.);
#6625=ORIENTED_EDGE('',*,*,#4689,.F.);
#6626=ORIENTED_EDGE('',*,*,#4374,.F.);
#6627=ORIENTED_EDGE('',*,*,#4693,.T.);
#6628=ORIENTED_EDGE('',*,*,#4694,.T.);
#6629=ORIENTED_EDGE('',*,*,#4691,.F.);
#6630=ORIENTED_EDGE('',*,*,#4373,.F.);
#6631=ORIENTED_EDGE('',*,*,#4647,.T.);
#6632=ORIENTED_EDGE('',*,*,#4695,.T.);
#6633=ORIENTED_EDGE('',*,*,#4693,.F.);
#6634=ORIENTED_EDGE('',*,*,#4696,.F.);
#6635=ORIENTED_EDGE('',*,*,#4686,.F.);
#6636=ORIENTED_EDGE('',*,*,#4688,.F.);
#6637=ORIENTED_EDGE('',*,*,#4690,.F.);
#6638=ORIENTED_EDGE('',*,*,#4692,.F.);
#6639=ORIENTED_EDGE('',*,*,#4694,.F.);
#6640=ORIENTED_EDGE('',*,*,#4695,.F.);
#6641=ORIENTED_EDGE('',*,*,#4646,.F.);
#6642=ORIENTED_EDGE('',*,*,#4649,.F.);
#6643=ORIENTED_EDGE('',*,*,#4651,.F.);
#6644=ORIENTED_EDGE('',*,*,#4653,.F.);
#6645=ORIENTED_EDGE('',*,*,#4655,.F.);
#6646=ORIENTED_EDGE('',*,*,#4657,.F.);
#6647=ORIENTED_EDGE('',*,*,#4659,.F.);
#6648=ORIENTED_EDGE('',*,*,#4661,.F.);
#6649=ORIENTED_EDGE('',*,*,#4663,.F.);
#6650=ORIENTED_EDGE('',*,*,#4665,.F.);
#6651=ORIENTED_EDGE('',*,*,#4667,.F.);
#6652=ORIENTED_EDGE('',*,*,#4669,.F.);
#6653=ORIENTED_EDGE('',*,*,#4671,.F.);
#6654=ORIENTED_EDGE('',*,*,#4673,.F.);
#6655=ORIENTED_EDGE('',*,*,#4675,.F.);
#6656=ORIENTED_EDGE('',*,*,#4677,.F.);
#6657=ORIENTED_EDGE('',*,*,#4679,.F.);
#6658=ORIENTED_EDGE('',*,*,#4681,.F.);
#6659=ORIENTED_EDGE('',*,*,#4683,.F.);
#6660=ORIENTED_EDGE('',*,*,#4697,.F.);
#6661=ORIENTED_EDGE('',*,*,#4698,.T.);
#6662=ORIENTED_EDGE('',*,*,#4699,.T.);
#6663=ORIENTED_EDGE('',*,*,#4700,.F.);
#6664=ORIENTED_EDGE('',*,*,#4701,.F.);
#6665=ORIENTED_EDGE('',*,*,#4702,.T.);
#6666=ORIENTED_EDGE('',*,*,#4703,.T.);
#6667=ORIENTED_EDGE('',*,*,#4698,.F.);
#6668=ORIENTED_EDGE('',*,*,#4704,.F.);
#6669=ORIENTED_EDGE('',*,*,#4700,.T.);
#6670=ORIENTED_EDGE('',*,*,#4705,.T.);
#6671=ORIENTED_EDGE('',*,*,#4702,.F.);
#6672=ORIENTED_EDGE('',*,*,#4412,.F.);
#6673=ORIENTED_EDGE('',*,*,#4706,.T.);
#6674=ORIENTED_EDGE('',*,*,#4707,.T.);
#6675=ORIENTED_EDGE('',*,*,#4708,.F.);
#6676=ORIENTED_EDGE('',*,*,#4419,.F.);
#6677=ORIENTED_EDGE('',*,*,#4709,.T.);
#6678=ORIENTED_EDGE('',*,*,#4710,.T.);
#6679=ORIENTED_EDGE('',*,*,#4706,.F.);
#6680=ORIENTED_EDGE('',*,*,#4418,.F.);
#6681=ORIENTED_EDGE('',*,*,#4711,.T.);
#6682=ORIENTED_EDGE('',*,*,#4712,.T.);
#6683=ORIENTED_EDGE('',*,*,#4709,.F.);
#6684=ORIENTED_EDGE('',*,*,#4417,.F.);
#6685=ORIENTED_EDGE('',*,*,#4713,.T.);
#6686=ORIENTED_EDGE('',*,*,#4714,.T.);
#6687=ORIENTED_EDGE('',*,*,#4711,.F.);
#6688=ORIENTED_EDGE('',*,*,#4416,.F.);
#6689=ORIENTED_EDGE('',*,*,#4715,.T.);
#6690=ORIENTED_EDGE('',*,*,#4716,.T.);
#6691=ORIENTED_EDGE('',*,*,#4713,.F.);
#6692=ORIENTED_EDGE('',*,*,#4415,.F.);
#6693=ORIENTED_EDGE('',*,*,#4717,.T.);
#6694=ORIENTED_EDGE('',*,*,#4718,.T.);
#6695=ORIENTED_EDGE('',*,*,#4715,.F.);
#6696=ORIENTED_EDGE('',*,*,#4414,.F.);
#6697=ORIENTED_EDGE('',*,*,#4719,.T.);
#6698=ORIENTED_EDGE('',*,*,#4720,.T.);
#6699=ORIENTED_EDGE('',*,*,#4717,.F.);
#6700=ORIENTED_EDGE('',*,*,#4413,.F.);
#6701=ORIENTED_EDGE('',*,*,#4708,.T.);
#6702=ORIENTED_EDGE('',*,*,#4721,.T.);
#6703=ORIENTED_EDGE('',*,*,#4719,.F.);
#6704=ORIENTED_EDGE('',*,*,#4721,.F.);
#6705=ORIENTED_EDGE('',*,*,#4707,.F.);
#6706=ORIENTED_EDGE('',*,*,#4710,.F.);
#6707=ORIENTED_EDGE('',*,*,#4712,.F.);
#6708=ORIENTED_EDGE('',*,*,#4714,.F.);
#6709=ORIENTED_EDGE('',*,*,#4716,.F.);
#6710=ORIENTED_EDGE('',*,*,#4718,.F.);
#6711=ORIENTED_EDGE('',*,*,#4720,.F.);
#6712=ORIENTED_EDGE('',*,*,#4705,.F.);
#6713=ORIENTED_EDGE('',*,*,#4699,.F.);
#6714=ORIENTED_EDGE('',*,*,#4703,.F.);
#6715=ORIENTED_EDGE('',*,*,#4722,.F.);
#6716=ORIENTED_EDGE('',*,*,#4723,.T.);
#6717=ORIENTED_EDGE('',*,*,#4724,.T.);
#6718=ORIENTED_EDGE('',*,*,#4725,.F.);
#6719=ORIENTED_EDGE('',*,*,#4726,.F.);
#6720=ORIENTED_EDGE('',*,*,#4727,.T.);
#6721=ORIENTED_EDGE('',*,*,#4728,.T.);
#6722=ORIENTED_EDGE('',*,*,#4723,.F.);
#6723=ORIENTED_EDGE('',*,*,#4729,.F.);
#6724=ORIENTED_EDGE('',*,*,#4730,.T.);
#6725=ORIENTED_EDGE('',*,*,#4731,.T.);
#6726=ORIENTED_EDGE('',*,*,#4727,.F.);
#6727=ORIENTED_EDGE('',*,*,#4732,.F.);
#6728=ORIENTED_EDGE('',*,*,#4733,.T.);
#6729=ORIENTED_EDGE('',*,*,#4734,.T.);
#6730=ORIENTED_EDGE('',*,*,#4730,.F.);
#6731=ORIENTED_EDGE('',*,*,#4735,.F.);
#6732=ORIENTED_EDGE('',*,*,#4736,.T.);
#6733=ORIENTED_EDGE('',*,*,#4737,.T.);
#6734=ORIENTED_EDGE('',*,*,#4733,.F.);
#6735=ORIENTED_EDGE('',*,*,#4738,.F.);
#6736=ORIENTED_EDGE('',*,*,#4739,.T.);
#6737=ORIENTED_EDGE('',*,*,#4740,.T.);
#6738=ORIENTED_EDGE('',*,*,#4736,.F.);
#6739=ORIENTED_EDGE('',*,*,#4741,.F.);
#6740=ORIENTED_EDGE('',*,*,#4725,.T.);
#6741=ORIENTED_EDGE('',*,*,#4742,.T.);
#6742=ORIENTED_EDGE('',*,*,#4739,.F.);
#6743=ORIENTED_EDGE('',*,*,#4743,.F.);
#6744=ORIENTED_EDGE('',*,*,#4744,.T.);
#6745=ORIENTED_EDGE('',*,*,#4745,.T.);
#6746=ORIENTED_EDGE('',*,*,#4746,.F.);
#6747=ORIENTED_EDGE('',*,*,#4747,.F.);
#6748=ORIENTED_EDGE('',*,*,#4748,.T.);
#6749=ORIENTED_EDGE('',*,*,#4749,.T.);
#6750=ORIENTED_EDGE('',*,*,#4744,.F.);
#6751=ORIENTED_EDGE('',*,*,#4750,.F.);
#6752=ORIENTED_EDGE('',*,*,#4751,.T.);
#6753=ORIENTED_EDGE('',*,*,#4752,.T.);
#6754=ORIENTED_EDGE('',*,*,#4748,.F.);
#6755=ORIENTED_EDGE('',*,*,#4753,.F.);
#6756=ORIENTED_EDGE('',*,*,#4754,.T.);
#6757=ORIENTED_EDGE('',*,*,#4755,.T.);
#6758=ORIENTED_EDGE('',*,*,#4751,.F.);
#6759=ORIENTED_EDGE('',*,*,#4756,.F.);
#6760=ORIENTED_EDGE('',*,*,#4757,.T.);
#6761=ORIENTED_EDGE('',*,*,#4758,.T.);
#6762=ORIENTED_EDGE('',*,*,#4754,.F.);
#6763=ORIENTED_EDGE('',*,*,#4759,.F.);
#6764=ORIENTED_EDGE('',*,*,#4760,.T.);
#6765=ORIENTED_EDGE('',*,*,#4761,.T.);
#6766=ORIENTED_EDGE('',*,*,#4757,.F.);
#6767=ORIENTED_EDGE('',*,*,#4762,.F.);
#6768=ORIENTED_EDGE('',*,*,#4746,.T.);
#6769=ORIENTED_EDGE('',*,*,#4763,.T.);
#6770=ORIENTED_EDGE('',*,*,#4760,.F.);
#6771=ORIENTED_EDGE('',*,*,#4420,.F.);
#6772=ORIENTED_EDGE('',*,*,#4764,.T.);
#6773=ORIENTED_EDGE('',*,*,#4765,.T.);
#6774=ORIENTED_EDGE('',*,*,#4766,.F.);
#6775=ORIENTED_EDGE('',*,*,#4432,.F.);
#6776=ORIENTED_EDGE('',*,*,#4767,.T.);
#6777=ORIENTED_EDGE('',*,*,#4768,.T.);
#6778=ORIENTED_EDGE('',*,*,#4764,.F.);
#6779=ORIENTED_EDGE('',*,*,#4431,.F.);
#6780=ORIENTED_EDGE('',*,*,#4769,.T.);
#6781=ORIENTED_EDGE('',*,*,#4770,.T.);
#6782=ORIENTED_EDGE('',*,*,#4767,.F.);
#6783=ORIENTED_EDGE('',*,*,#4430,.F.);
#6784=ORIENTED_EDGE('',*,*,#4771,.T.);
#6785=ORIENTED_EDGE('',*,*,#4772,.T.);
#6786=ORIENTED_EDGE('',*,*,#4769,.F.);
#6787=ORIENTED_EDGE('',*,*,#4429,.F.);
#6788=ORIENTED_EDGE('',*,*,#4773,.T.);
#6789=ORIENTED_EDGE('',*,*,#4774,.T.);
#6790=ORIENTED_EDGE('',*,*,#4771,.F.);
#6791=ORIENTED_EDGE('',*,*,#4428,.F.);
#6792=ORIENTED_EDGE('',*,*,#4775,.T.);
#6793=ORIENTED_EDGE('',*,*,#4776,.T.);
#6794=ORIENTED_EDGE('',*,*,#4773,.F.);
#6795=ORIENTED_EDGE('',*,*,#4427,.F.);
#6796=ORIENTED_EDGE('',*,*,#4777,.T.);
#6797=ORIENTED_EDGE('',*,*,#4778,.T.);
#6798=ORIENTED_EDGE('',*,*,#4775,.F.);
#6799=ORIENTED_EDGE('',*,*,#4426,.F.);
#6800=ORIENTED_EDGE('',*,*,#4779,.T.);
#6801=ORIENTED_EDGE('',*,*,#4780,.T.);
#6802=ORIENTED_EDGE('',*,*,#4777,.F.);
#6803=ORIENTED_EDGE('',*,*,#4425,.F.);
#6804=ORIENTED_EDGE('',*,*,#4781,.T.);
#6805=ORIENTED_EDGE('',*,*,#4782,.T.);
#6806=ORIENTED_EDGE('',*,*,#4779,.F.);
#6807=ORIENTED_EDGE('',*,*,#4424,.F.);
#6808=ORIENTED_EDGE('',*,*,#4783,.T.);
#6809=ORIENTED_EDGE('',*,*,#4784,.T.);
#6810=ORIENTED_EDGE('',*,*,#4781,.F.);
#6811=ORIENTED_EDGE('',*,*,#4423,.F.);
#6812=ORIENTED_EDGE('',*,*,#4785,.T.);
#6813=ORIENTED_EDGE('',*,*,#4786,.T.);
#6814=ORIENTED_EDGE('',*,*,#4783,.F.);
#6815=ORIENTED_EDGE('',*,*,#4422,.F.);
#6816=ORIENTED_EDGE('',*,*,#4787,.T.);
#6817=ORIENTED_EDGE('',*,*,#4788,.T.);
#6818=ORIENTED_EDGE('',*,*,#4785,.F.);
#6819=ORIENTED_EDGE('',*,*,#4421,.F.);
#6820=ORIENTED_EDGE('',*,*,#4766,.T.);
#6821=ORIENTED_EDGE('',*,*,#4789,.T.);
#6822=ORIENTED_EDGE('',*,*,#4787,.F.);
#6823=ORIENTED_EDGE('',*,*,#4789,.F.);
#6824=ORIENTED_EDGE('',*,*,#4765,.F.);
#6825=ORIENTED_EDGE('',*,*,#4768,.F.);
#6826=ORIENTED_EDGE('',*,*,#4770,.F.);
#6827=ORIENTED_EDGE('',*,*,#4772,.F.);
#6828=ORIENTED_EDGE('',*,*,#4774,.F.);
#6829=ORIENTED_EDGE('',*,*,#4776,.F.);
#6830=ORIENTED_EDGE('',*,*,#4778,.F.);
#6831=ORIENTED_EDGE('',*,*,#4780,.F.);
#6832=ORIENTED_EDGE('',*,*,#4782,.F.);
#6833=ORIENTED_EDGE('',*,*,#4784,.F.);
#6834=ORIENTED_EDGE('',*,*,#4786,.F.);
#6835=ORIENTED_EDGE('',*,*,#4788,.F.);
#6836=ORIENTED_EDGE('',*,*,#4763,.F.);
#6837=ORIENTED_EDGE('',*,*,#4745,.F.);
#6838=ORIENTED_EDGE('',*,*,#4749,.F.);
#6839=ORIENTED_EDGE('',*,*,#4752,.F.);
#6840=ORIENTED_EDGE('',*,*,#4755,.F.);
#6841=ORIENTED_EDGE('',*,*,#4758,.F.);
#6842=ORIENTED_EDGE('',*,*,#4761,.F.);
#6843=ORIENTED_EDGE('',*,*,#4742,.F.);
#6844=ORIENTED_EDGE('',*,*,#4724,.F.);
#6845=ORIENTED_EDGE('',*,*,#4728,.F.);
#6846=ORIENTED_EDGE('',*,*,#4731,.F.);
#6847=ORIENTED_EDGE('',*,*,#4734,.F.);
#6848=ORIENTED_EDGE('',*,*,#4737,.F.);
#6849=ORIENTED_EDGE('',*,*,#4740,.F.);
#6850=ORIENTED_EDGE('',*,*,#4433,.F.);
#6851=ORIENTED_EDGE('',*,*,#4790,.T.);
#6852=ORIENTED_EDGE('',*,*,#4791,.T.);
#6853=ORIENTED_EDGE('',*,*,#4792,.F.);
#6854=ORIENTED_EDGE('',*,*,#4442,.F.);
#6855=ORIENTED_EDGE('',*,*,#4793,.T.);
#6856=ORIENTED_EDGE('',*,*,#4794,.T.);
#6857=ORIENTED_EDGE('',*,*,#4790,.F.);
#6858=ORIENTED_EDGE('',*,*,#4441,.F.);
#6859=ORIENTED_EDGE('',*,*,#4795,.T.);
#6860=ORIENTED_EDGE('',*,*,#4796,.T.);
#6861=ORIENTED_EDGE('',*,*,#4793,.F.);
#6862=ORIENTED_EDGE('',*,*,#4440,.F.);
#6863=ORIENTED_EDGE('',*,*,#4797,.T.);
#6864=ORIENTED_EDGE('',*,*,#4798,.T.);
#6865=ORIENTED_EDGE('',*,*,#4795,.F.);
#6866=ORIENTED_EDGE('',*,*,#4439,.F.);
#6867=ORIENTED_EDGE('',*,*,#4799,.T.);
#6868=ORIENTED_EDGE('',*,*,#4800,.T.);
#6869=ORIENTED_EDGE('',*,*,#4797,.F.);
#6870=ORIENTED_EDGE('',*,*,#4438,.F.);
#6871=ORIENTED_EDGE('',*,*,#4801,.T.);
#6872=ORIENTED_EDGE('',*,*,#4802,.T.);
#6873=ORIENTED_EDGE('',*,*,#4799,.F.);
#6874=ORIENTED_EDGE('',*,*,#4437,.F.);
#6875=ORIENTED_EDGE('',*,*,#4803,.T.);
#6876=ORIENTED_EDGE('',*,*,#4804,.T.);
#6877=ORIENTED_EDGE('',*,*,#4801,.F.);
#6878=ORIENTED_EDGE('',*,*,#4436,.F.);
#6879=ORIENTED_EDGE('',*,*,#4805,.T.);
#6880=ORIENTED_EDGE('',*,*,#4806,.T.);
#6881=ORIENTED_EDGE('',*,*,#4803,.F.);
#6882=ORIENTED_EDGE('',*,*,#4435,.F.);
#6883=ORIENTED_EDGE('',*,*,#4807,.T.);
#6884=ORIENTED_EDGE('',*,*,#4808,.T.);
#6885=ORIENTED_EDGE('',*,*,#4805,.F.);
#6886=ORIENTED_EDGE('',*,*,#4434,.F.);
#6887=ORIENTED_EDGE('',*,*,#4792,.T.);
#6888=ORIENTED_EDGE('',*,*,#4809,.T.);
#6889=ORIENTED_EDGE('',*,*,#4807,.F.);
#6890=ORIENTED_EDGE('',*,*,#4809,.F.);
#6891=ORIENTED_EDGE('',*,*,#4791,.F.);
#6892=ORIENTED_EDGE('',*,*,#4794,.F.);
#6893=ORIENTED_EDGE('',*,*,#4796,.F.);
#6894=ORIENTED_EDGE('',*,*,#4798,.F.);
#6895=ORIENTED_EDGE('',*,*,#4800,.F.);
#6896=ORIENTED_EDGE('',*,*,#4802,.F.);
#6897=ORIENTED_EDGE('',*,*,#4804,.F.);
#6898=ORIENTED_EDGE('',*,*,#4806,.F.);
#6899=ORIENTED_EDGE('',*,*,#4808,.F.);
#6900=ORIENTED_EDGE('',*,*,#4443,.F.);
#6901=ORIENTED_EDGE('',*,*,#4810,.T.);
#6902=ORIENTED_EDGE('',*,*,#4811,.T.);
#6903=ORIENTED_EDGE('',*,*,#4812,.F.);
#6904=ORIENTED_EDGE('',*,*,#4452,.F.);
#6905=ORIENTED_EDGE('',*,*,#4813,.T.);
#6906=ORIENTED_EDGE('',*,*,#4814,.T.);
#6907=ORIENTED_EDGE('',*,*,#4810,.F.);
#6908=ORIENTED_EDGE('',*,*,#4451,.F.);
#6909=ORIENTED_EDGE('',*,*,#4815,.T.);
#6910=ORIENTED_EDGE('',*,*,#4816,.T.);
#6911=ORIENTED_EDGE('',*,*,#4813,.F.);
#6912=ORIENTED_EDGE('',*,*,#4450,.F.);
#6913=ORIENTED_EDGE('',*,*,#4817,.T.);
#6914=ORIENTED_EDGE('',*,*,#4818,.T.);
#6915=ORIENTED_EDGE('',*,*,#4815,.F.);
#6916=ORIENTED_EDGE('',*,*,#4449,.F.);
#6917=ORIENTED_EDGE('',*,*,#4819,.T.);
#6918=ORIENTED_EDGE('',*,*,#4820,.T.);
#6919=ORIENTED_EDGE('',*,*,#4817,.F.);
#6920=ORIENTED_EDGE('',*,*,#4448,.F.);
#6921=ORIENTED_EDGE('',*,*,#4821,.T.);
#6922=ORIENTED_EDGE('',*,*,#4822,.T.);
#6923=ORIENTED_EDGE('',*,*,#4819,.F.);
#6924=ORIENTED_EDGE('',*,*,#4447,.F.);
#6925=ORIENTED_EDGE('',*,*,#4823,.T.);
#6926=ORIENTED_EDGE('',*,*,#4824,.T.);
#6927=ORIENTED_EDGE('',*,*,#4821,.F.);
#6928=ORIENTED_EDGE('',*,*,#4446,.F.);
#6929=ORIENTED_EDGE('',*,*,#4825,.T.);
#6930=ORIENTED_EDGE('',*,*,#4826,.T.);
#6931=ORIENTED_EDGE('',*,*,#4823,.F.);
#6932=ORIENTED_EDGE('',*,*,#4445,.F.);
#6933=ORIENTED_EDGE('',*,*,#4827,.T.);
#6934=ORIENTED_EDGE('',*,*,#4828,.T.);
#6935=ORIENTED_EDGE('',*,*,#4825,.F.);
#6936=ORIENTED_EDGE('',*,*,#4444,.F.);
#6937=ORIENTED_EDGE('',*,*,#4812,.T.);
#6938=ORIENTED_EDGE('',*,*,#4829,.T.);
#6939=ORIENTED_EDGE('',*,*,#4827,.F.);
#6940=ORIENTED_EDGE('',*,*,#4829,.F.);
#6941=ORIENTED_EDGE('',*,*,#4811,.F.);
#6942=ORIENTED_EDGE('',*,*,#4814,.F.);
#6943=ORIENTED_EDGE('',*,*,#4816,.F.);
#6944=ORIENTED_EDGE('',*,*,#4818,.F.);
#6945=ORIENTED_EDGE('',*,*,#4820,.F.);
#6946=ORIENTED_EDGE('',*,*,#4822,.F.);
#6947=ORIENTED_EDGE('',*,*,#4824,.F.);
#6948=ORIENTED_EDGE('',*,*,#4826,.F.);
#6949=ORIENTED_EDGE('',*,*,#4828,.F.);
#6950=ORIENTED_EDGE('',*,*,#4453,.F.);
#6951=ORIENTED_EDGE('',*,*,#4830,.T.);
#6952=ORIENTED_EDGE('',*,*,#4831,.T.);
#6953=ORIENTED_EDGE('',*,*,#4832,.F.);
#6954=ORIENTED_EDGE('',*,*,#4465,.F.);
#6955=ORIENTED_EDGE('',*,*,#4833,.T.);
#6956=ORIENTED_EDGE('',*,*,#4834,.T.);
#6957=ORIENTED_EDGE('',*,*,#4830,.F.);
#6958=ORIENTED_EDGE('',*,*,#4464,.F.);
#6959=ORIENTED_EDGE('',*,*,#4835,.T.);
#6960=ORIENTED_EDGE('',*,*,#4836,.T.);
#6961=ORIENTED_EDGE('',*,*,#4833,.F.);
#6962=ORIENTED_EDGE('',*,*,#4463,.F.);
#6963=ORIENTED_EDGE('',*,*,#4837,.T.);
#6964=ORIENTED_EDGE('',*,*,#4838,.T.);
#6965=ORIENTED_EDGE('',*,*,#4835,.F.);
#6966=ORIENTED_EDGE('',*,*,#4462,.F.);
#6967=ORIENTED_EDGE('',*,*,#4839,.T.);
#6968=ORIENTED_EDGE('',*,*,#4840,.T.);
#6969=ORIENTED_EDGE('',*,*,#4837,.F.);
#6970=ORIENTED_EDGE('',*,*,#4461,.F.);
#6971=ORIENTED_EDGE('',*,*,#4841,.T.);
#6972=ORIENTED_EDGE('',*,*,#4842,.T.);
#6973=ORIENTED_EDGE('',*,*,#4839,.F.);
#6974=ORIENTED_EDGE('',*,*,#4460,.F.);
#6975=ORIENTED_EDGE('',*,*,#4843,.T.);
#6976=ORIENTED_EDGE('',*,*,#4844,.T.);
#6977=ORIENTED_EDGE('',*,*,#4841,.F.);
#6978=ORIENTED_EDGE('',*,*,#4459,.F.);
#6979=ORIENTED_EDGE('',*,*,#4845,.T.);
#6980=ORIENTED_EDGE('',*,*,#4846,.T.);
#6981=ORIENTED_EDGE('',*,*,#4843,.F.);
#6982=ORIENTED_EDGE('',*,*,#4458,.F.);
#6983=ORIENTED_EDGE('',*,*,#4847,.T.);
#6984=ORIENTED_EDGE('',*,*,#4848,.T.);
#6985=ORIENTED_EDGE('',*,*,#4845,.F.);
#6986=ORIENTED_EDGE('',*,*,#4457,.F.);
#6987=ORIENTED_EDGE('',*,*,#4849,.T.);
#6988=ORIENTED_EDGE('',*,*,#4850,.T.);
#6989=ORIENTED_EDGE('',*,*,#4847,.F.);
#6990=ORIENTED_EDGE('',*,*,#4456,.F.);
#6991=ORIENTED_EDGE('',*,*,#4851,.T.);
#6992=ORIENTED_EDGE('',*,*,#4852,.T.);
#6993=ORIENTED_EDGE('',*,*,#4849,.F.);
#6994=ORIENTED_EDGE('',*,*,#4455,.F.);
#6995=ORIENTED_EDGE('',*,*,#4853,.T.);
#6996=ORIENTED_EDGE('',*,*,#4854,.T.);
#6997=ORIENTED_EDGE('',*,*,#4851,.F.);
#6998=ORIENTED_EDGE('',*,*,#4454,.F.);
#6999=ORIENTED_EDGE('',*,*,#4832,.T.);
#7000=ORIENTED_EDGE('',*,*,#4855,.T.);
#7001=ORIENTED_EDGE('',*,*,#4853,.F.);
#7002=ORIENTED_EDGE('',*,*,#4855,.F.);
#7003=ORIENTED_EDGE('',*,*,#4831,.F.);
#7004=ORIENTED_EDGE('',*,*,#4834,.F.);
#7005=ORIENTED_EDGE('',*,*,#4836,.F.);
#7006=ORIENTED_EDGE('',*,*,#4838,.F.);
#7007=ORIENTED_EDGE('',*,*,#4840,.F.);
#7008=ORIENTED_EDGE('',*,*,#4842,.F.);
#7009=ORIENTED_EDGE('',*,*,#4844,.F.);
#7010=ORIENTED_EDGE('',*,*,#4846,.F.);
#7011=ORIENTED_EDGE('',*,*,#4848,.F.);
#7012=ORIENTED_EDGE('',*,*,#4850,.F.);
#7013=ORIENTED_EDGE('',*,*,#4852,.F.);
#7014=ORIENTED_EDGE('',*,*,#4854,.F.);
#7015=ORIENTED_EDGE('',*,*,#4856,.F.);
#7016=ORIENTED_EDGE('',*,*,#4857,.T.);
#7017=ORIENTED_EDGE('',*,*,#4858,.T.);
#7018=ORIENTED_EDGE('',*,*,#4859,.F.);
#7019=ORIENTED_EDGE('',*,*,#4860,.F.);
#7020=ORIENTED_EDGE('',*,*,#4861,.T.);
#7021=ORIENTED_EDGE('',*,*,#4862,.T.);
#7022=ORIENTED_EDGE('',*,*,#4857,.F.);
#7023=ORIENTED_EDGE('',*,*,#4863,.F.);
#7024=ORIENTED_EDGE('',*,*,#4864,.T.);
#7025=ORIENTED_EDGE('',*,*,#4865,.T.);
#7026=ORIENTED_EDGE('',*,*,#4861,.F.);
#7027=ORIENTED_EDGE('',*,*,#4866,.F.);
#7028=ORIENTED_EDGE('',*,*,#4867,.T.);
#7029=ORIENTED_EDGE('',*,*,#4868,.T.);
#7030=ORIENTED_EDGE('',*,*,#4864,.F.);
#7031=ORIENTED_EDGE('',*,*,#4869,.F.);
#7032=ORIENTED_EDGE('',*,*,#4870,.T.);
#7033=ORIENTED_EDGE('',*,*,#4871,.T.);
#7034=ORIENTED_EDGE('',*,*,#4867,.F.);
#7035=ORIENTED_EDGE('',*,*,#4872,.F.);
#7036=ORIENTED_EDGE('',*,*,#4873,.T.);
#7037=ORIENTED_EDGE('',*,*,#4874,.T.);
#7038=ORIENTED_EDGE('',*,*,#4870,.F.);
#7039=ORIENTED_EDGE('',*,*,#4875,.F.);
#7040=ORIENTED_EDGE('',*,*,#4876,.T.);
#7041=ORIENTED_EDGE('',*,*,#4877,.T.);
#7042=ORIENTED_EDGE('',*,*,#4873,.F.);
#7043=ORIENTED_EDGE('',*,*,#4878,.F.);
#7044=ORIENTED_EDGE('',*,*,#4859,.T.);
#7045=ORIENTED_EDGE('',*,*,#4879,.T.);
#7046=ORIENTED_EDGE('',*,*,#4876,.F.);
#7047=ORIENTED_EDGE('',*,*,#4322,.F.);
#7048=ORIENTED_EDGE('',*,*,#4880,.T.);
#7049=ORIENTED_EDGE('',*,*,#4881,.T.);
#7050=ORIENTED_EDGE('',*,*,#4882,.F.);
#7051=ORIENTED_EDGE('',*,*,#4321,.F.);
#7052=ORIENTED_EDGE('',*,*,#4883,.T.);
#7053=ORIENTED_EDGE('',*,*,#4884,.T.);
#7054=ORIENTED_EDGE('',*,*,#4880,.F.);
#7055=ORIENTED_EDGE('',*,*,#4320,.F.);
#7056=ORIENTED_EDGE('',*,*,#4885,.T.);
#7057=ORIENTED_EDGE('',*,*,#4886,.T.);
#7058=ORIENTED_EDGE('',*,*,#4883,.F.);
#7059=ORIENTED_EDGE('',*,*,#4319,.F.);
#7060=ORIENTED_EDGE('',*,*,#4887,.T.);
#7061=ORIENTED_EDGE('',*,*,#4888,.T.);
#7062=ORIENTED_EDGE('',*,*,#4885,.F.);
#7063=ORIENTED_EDGE('',*,*,#4318,.F.);
#7064=ORIENTED_EDGE('',*,*,#4889,.T.);
#7065=ORIENTED_EDGE('',*,*,#4890,.T.);
#7066=ORIENTED_EDGE('',*,*,#4887,.F.);
#7067=ORIENTED_EDGE('',*,*,#4317,.F.);
#7068=ORIENTED_EDGE('',*,*,#4891,.T.);
#7069=ORIENTED_EDGE('',*,*,#4892,.T.);
#7070=ORIENTED_EDGE('',*,*,#4889,.F.);
#7071=ORIENTED_EDGE('',*,*,#4893,.F.);
#7072=ORIENTED_EDGE('',*,*,#4894,.T.);
#7073=ORIENTED_EDGE('',*,*,#4891,.F.);
#7074=ORIENTED_EDGE('',*,*,#4316,.F.);
#7075=ORIENTED_EDGE('',*,*,#4895,.F.);
#7076=ORIENTED_EDGE('',*,*,#4325,.F.);
#7077=ORIENTED_EDGE('',*,*,#4896,.T.);
#7078=ORIENTED_EDGE('',*,*,#4897,.T.);
#7079=ORIENTED_EDGE('',*,*,#4324,.F.);
#7080=ORIENTED_EDGE('',*,*,#4898,.T.);
#7081=ORIENTED_EDGE('',*,*,#4899,.T.);
#7082=ORIENTED_EDGE('',*,*,#4896,.F.);
#7083=ORIENTED_EDGE('',*,*,#4323,.F.);
#7084=ORIENTED_EDGE('',*,*,#4882,.T.);
#7085=ORIENTED_EDGE('',*,*,#4900,.T.);
#7086=ORIENTED_EDGE('',*,*,#4898,.F.);
#7087=ORIENTED_EDGE('',*,*,#4901,.F.);
#7088=ORIENTED_EDGE('',*,*,#4897,.F.);
#7089=ORIENTED_EDGE('',*,*,#4899,.F.);
#7090=ORIENTED_EDGE('',*,*,#4900,.F.);
#7091=ORIENTED_EDGE('',*,*,#4881,.F.);
#7092=ORIENTED_EDGE('',*,*,#4884,.F.);
#7093=ORIENTED_EDGE('',*,*,#4886,.F.);
#7094=ORIENTED_EDGE('',*,*,#4888,.F.);
#7095=ORIENTED_EDGE('',*,*,#4890,.F.);
#7096=ORIENTED_EDGE('',*,*,#4892,.F.);
#7097=ORIENTED_EDGE('',*,*,#4894,.F.);
#7098=ORIENTED_EDGE('',*,*,#4879,.F.);
#7099=ORIENTED_EDGE('',*,*,#4858,.F.);
#7100=ORIENTED_EDGE('',*,*,#4862,.F.);
#7101=ORIENTED_EDGE('',*,*,#4865,.F.);
#7102=ORIENTED_EDGE('',*,*,#4868,.F.);
#7103=ORIENTED_EDGE('',*,*,#4871,.F.);
#7104=ORIENTED_EDGE('',*,*,#4874,.F.);
#7105=ORIENTED_EDGE('',*,*,#4877,.F.);
#7106=ORIENTED_EDGE('',*,*,#4466,.F.);
#7107=ORIENTED_EDGE('',*,*,#4902,.T.);
#7108=ORIENTED_EDGE('',*,*,#4903,.T.);
#7109=ORIENTED_EDGE('',*,*,#4904,.F.);
#7110=ORIENTED_EDGE('',*,*,#4478,.F.);
#7111=ORIENTED_EDGE('',*,*,#4905,.T.);
#7112=ORIENTED_EDGE('',*,*,#4906,.T.);
#7113=ORIENTED_EDGE('',*,*,#4902,.F.);
#7114=ORIENTED_EDGE('',*,*,#4477,.F.);
#7115=ORIENTED_EDGE('',*,*,#4907,.T.);
#7116=ORIENTED_EDGE('',*,*,#4908,.T.);
#7117=ORIENTED_EDGE('',*,*,#4905,.F.);
#7118=ORIENTED_EDGE('',*,*,#4476,.F.);
#7119=ORIENTED_EDGE('',*,*,#4909,.T.);
#7120=ORIENTED_EDGE('',*,*,#4910,.T.);
#7121=ORIENTED_EDGE('',*,*,#4907,.F.);
#7122=ORIENTED_EDGE('',*,*,#4475,.F.);
#7123=ORIENTED_EDGE('',*,*,#4911,.T.);
#7124=ORIENTED_EDGE('',*,*,#4912,.T.);
#7125=ORIENTED_EDGE('',*,*,#4909,.F.);
#7126=ORIENTED_EDGE('',*,*,#4474,.F.);
#7127=ORIENTED_EDGE('',*,*,#4913,.T.);
#7128=ORIENTED_EDGE('',*,*,#4914,.T.);
#7129=ORIENTED_EDGE('',*,*,#4911,.F.);
#7130=ORIENTED_EDGE('',*,*,#4473,.F.);
#7131=ORIENTED_EDGE('',*,*,#4915,.T.);
#7132=ORIENTED_EDGE('',*,*,#4916,.T.);
#7133=ORIENTED_EDGE('',*,*,#4913,.F.);
#7134=ORIENTED_EDGE('',*,*,#4472,.F.);
#7135=ORIENTED_EDGE('',*,*,#4917,.T.);
#7136=ORIENTED_EDGE('',*,*,#4918,.T.);
#7137=ORIENTED_EDGE('',*,*,#4915,.F.);
#7138=ORIENTED_EDGE('',*,*,#4471,.F.);
#7139=ORIENTED_EDGE('',*,*,#4919,.T.);
#7140=ORIENTED_EDGE('',*,*,#4920,.T.);
#7141=ORIENTED_EDGE('',*,*,#4917,.F.);
#7142=ORIENTED_EDGE('',*,*,#4470,.F.);
#7143=ORIENTED_EDGE('',*,*,#4921,.T.);
#7144=ORIENTED_EDGE('',*,*,#4922,.T.);
#7145=ORIENTED_EDGE('',*,*,#4919,.F.);
#7146=ORIENTED_EDGE('',*,*,#4469,.F.);
#7147=ORIENTED_EDGE('',*,*,#4923,.T.);
#7148=ORIENTED_EDGE('',*,*,#4924,.T.);
#7149=ORIENTED_EDGE('',*,*,#4921,.F.);
#7150=ORIENTED_EDGE('',*,*,#4468,.F.);
#7151=ORIENTED_EDGE('',*,*,#4925,.T.);
#7152=ORIENTED_EDGE('',*,*,#4926,.T.);
#7153=ORIENTED_EDGE('',*,*,#4923,.F.);
#7154=ORIENTED_EDGE('',*,*,#4467,.F.);
#7155=ORIENTED_EDGE('',*,*,#4904,.T.);
#7156=ORIENTED_EDGE('',*,*,#4927,.T.);
#7157=ORIENTED_EDGE('',*,*,#4925,.F.);
#7158=ORIENTED_EDGE('',*,*,#4927,.F.);
#7159=ORIENTED_EDGE('',*,*,#4903,.F.);
#7160=ORIENTED_EDGE('',*,*,#4906,.F.);
#7161=ORIENTED_EDGE('',*,*,#4908,.F.);
#7162=ORIENTED_EDGE('',*,*,#4910,.F.);
#7163=ORIENTED_EDGE('',*,*,#4912,.F.);
#7164=ORIENTED_EDGE('',*,*,#4914,.F.);
#7165=ORIENTED_EDGE('',*,*,#4916,.F.);
#7166=ORIENTED_EDGE('',*,*,#4918,.F.);
#7167=ORIENTED_EDGE('',*,*,#4920,.F.);
#7168=ORIENTED_EDGE('',*,*,#4922,.F.);
#7169=ORIENTED_EDGE('',*,*,#4924,.F.);
#7170=ORIENTED_EDGE('',*,*,#4926,.F.);
#7171=ORIENTED_EDGE('',*,*,#4345,.F.);
#7172=ORIENTED_EDGE('',*,*,#4928,.T.);
#7173=ORIENTED_EDGE('',*,*,#4929,.T.);
#7174=ORIENTED_EDGE('',*,*,#4312,.F.);
#7175=ORIENTED_EDGE('',*,*,#4344,.F.);
#7176=ORIENTED_EDGE('',*,*,#4930,.T.);
#7177=ORIENTED_EDGE('',*,*,#4931,.T.);
#7178=ORIENTED_EDGE('',*,*,#4928,.F.);
#7179=ORIENTED_EDGE('',*,*,#4343,.F.);
#7180=ORIENTED_EDGE('',*,*,#4932,.T.);
#7181=ORIENTED_EDGE('',*,*,#4933,.T.);
#7182=ORIENTED_EDGE('',*,*,#4930,.F.);
#7183=ORIENTED_EDGE('',*,*,#4342,.F.);
#7184=ORIENTED_EDGE('',*,*,#4934,.T.);
#7185=ORIENTED_EDGE('',*,*,#4935,.T.);
#7186=ORIENTED_EDGE('',*,*,#4932,.F.);
#7187=ORIENTED_EDGE('',*,*,#4341,.F.);
#7188=ORIENTED_EDGE('',*,*,#4936,.T.);
#7189=ORIENTED_EDGE('',*,*,#4937,.T.);
#7190=ORIENTED_EDGE('',*,*,#4934,.F.);
#7191=ORIENTED_EDGE('',*,*,#4340,.F.);
#7192=ORIENTED_EDGE('',*,*,#4938,.T.);
#7193=ORIENTED_EDGE('',*,*,#4939,.T.);
#7194=ORIENTED_EDGE('',*,*,#4936,.F.);
#7195=ORIENTED_EDGE('',*,*,#4339,.F.);
#7196=ORIENTED_EDGE('',*,*,#4940,.T.);
#7197=ORIENTED_EDGE('',*,*,#4941,.T.);
#7198=ORIENTED_EDGE('',*,*,#4938,.F.);
#7199=ORIENTED_EDGE('',*,*,#4310,.F.);
#7200=ORIENTED_EDGE('',*,*,#4942,.T.);
#7201=ORIENTED_EDGE('',*,*,#4940,.F.);
#7202=ORIENTED_EDGE('',*,*,#4338,.F.);
#7203=ORIENTED_EDGE('',*,*,#4309,.F.);
#7204=ORIENTED_EDGE('',*,*,#4313,.F.);
#7205=ORIENTED_EDGE('',*,*,#4929,.F.);
#7206=ORIENTED_EDGE('',*,*,#4931,.F.);
#7207=ORIENTED_EDGE('',*,*,#4933,.F.);
#7208=ORIENTED_EDGE('',*,*,#4935,.F.);
#7209=ORIENTED_EDGE('',*,*,#4937,.F.);
#7210=ORIENTED_EDGE('',*,*,#4939,.F.);
#7211=ORIENTED_EDGE('',*,*,#4941,.F.);
#7212=ORIENTED_EDGE('',*,*,#4942,.F.);
#7213=ORIENTED_EDGE('',*,*,#4856,.T.);
#7214=ORIENTED_EDGE('',*,*,#4878,.T.);
#7215=ORIENTED_EDGE('',*,*,#4875,.T.);
#7216=ORIENTED_EDGE('',*,*,#4872,.T.);
#7217=ORIENTED_EDGE('',*,*,#4869,.T.);
#7218=ORIENTED_EDGE('',*,*,#4866,.T.);
#7219=ORIENTED_EDGE('',*,*,#4863,.T.);
#7220=ORIENTED_EDGE('',*,*,#4860,.T.);
#7221=ORIENTED_EDGE('',*,*,#4743,.T.);
#7222=ORIENTED_EDGE('',*,*,#4762,.T.);
#7223=ORIENTED_EDGE('',*,*,#4759,.T.);
#7224=ORIENTED_EDGE('',*,*,#4756,.T.);
#7225=ORIENTED_EDGE('',*,*,#4753,.T.);
#7226=ORIENTED_EDGE('',*,*,#4750,.T.);
#7227=ORIENTED_EDGE('',*,*,#4747,.T.);
#7228=ORIENTED_EDGE('',*,*,#4722,.T.);
#7229=ORIENTED_EDGE('',*,*,#4741,.T.);
#7230=ORIENTED_EDGE('',*,*,#4738,.T.);
#7231=ORIENTED_EDGE('',*,*,#4735,.T.);
#7232=ORIENTED_EDGE('',*,*,#4732,.T.);
#7233=ORIENTED_EDGE('',*,*,#4729,.T.);
#7234=ORIENTED_EDGE('',*,*,#4726,.T.);
#7235=ORIENTED_EDGE('',*,*,#4697,.T.);
#7236=ORIENTED_EDGE('',*,*,#4704,.T.);
#7237=ORIENTED_EDGE('',*,*,#4701,.T.);
#7238=ORIENTED_EDGE('',*,*,#4555,.T.);
#7239=ORIENTED_EDGE('',*,*,#4574,.T.);
#7240=ORIENTED_EDGE('',*,*,#4571,.T.);
#7241=ORIENTED_EDGE('',*,*,#4568,.T.);
#7242=ORIENTED_EDGE('',*,*,#4565,.T.);
#7243=ORIENTED_EDGE('',*,*,#4562,.T.);
#7244=ORIENTED_EDGE('',*,*,#4559,.T.);
#7245=ORIENTED_EDGE('',*,*,#4534,.T.);
#7246=ORIENTED_EDGE('',*,*,#4553,.T.);
#7247=ORIENTED_EDGE('',*,*,#4550,.T.);
#7248=ORIENTED_EDGE('',*,*,#4547,.T.);
#7249=ORIENTED_EDGE('',*,*,#4544,.T.);
#7250=ORIENTED_EDGE('',*,*,#4541,.T.);
#7251=ORIENTED_EDGE('',*,*,#4538,.T.);
#7252=ORIENTED_EDGE('',*,*,#4488,.T.);
#7253=ORIENTED_EDGE('',*,*,#4510,.T.);
#7254=ORIENTED_EDGE('',*,*,#4507,.T.);
#7255=ORIENTED_EDGE('',*,*,#4504,.T.);
#7256=ORIENTED_EDGE('',*,*,#4501,.T.);
#7257=ORIENTED_EDGE('',*,*,#4498,.T.);
#7258=ORIENTED_EDGE('',*,*,#4495,.T.);
#7259=ORIENTED_EDGE('',*,*,#4492,.T.);
#7260=ORIENTED_EDGE('',*,*,#4479,.F.);
#7261=ORIENTED_EDGE('',*,*,#4943,.T.);
#7262=ORIENTED_EDGE('',*,*,#4303,.T.);
#7263=ORIENTED_EDGE('',*,*,#4943,.F.);
#7264=ORIENTED_EDGE('',*,*,#4291,.F.);
#7265=ORIENTED_EDGE('',*,*,#4379,.F.);
#7266=ORIENTED_EDGE('',*,*,#4684,.T.);
#7267=ORIENTED_EDGE('',*,*,#4696,.T.);
#7268=ORIENTED_EDGE('',*,*,#4682,.T.);
#7269=ORIENTED_EDGE('',*,*,#4353,.F.);
#7270=ORIENTED_EDGE('',*,*,#4482,.F.);
#7271=ORIENTED_EDGE('',*,*,#4297,.T.);
#7272=ORIENTED_EDGE('',*,*,#4305,.F.);
#7273=ORIENTED_EDGE('',*,*,#4337,.F.);
#7274=ORIENTED_EDGE('',*,*,#4527,.T.);
#7275=ORIENTED_EDGE('',*,*,#4533,.T.);
#7276=ORIENTED_EDGE('',*,*,#4525,.T.);
#7277=ORIENTED_EDGE('',*,*,#4326,.F.);
#7278=ORIENTED_EDGE('',*,*,#4895,.T.);
#7279=ORIENTED_EDGE('',*,*,#4901,.T.);
#7280=ORIENTED_EDGE('',*,*,#4893,.T.);
#7281=ORIENTED_EDGE('',*,*,#4315,.F.);
#7282=ORIENTED_EDGE('',*,*,#4481,.F.);
#7283=ORIENTED_EDGE('',*,*,#4301,.T.);
#7284=B_SPLINE_SURFACE_WITH_KNOTS('',3,1,((#9297,#9298),(#9299,#9300),(#9301,
#9302),(#9303,#9304),(#9305,#9306)),.UNSPECIFIED.,.F.,.F.,.F.,(4,1,4),(2,
2),(0.,0.0226563000578714,0.045423312630033),(0.,0.2),.UNSPECIFIED.);
#7285=B_SPLINE_SURFACE_WITH_KNOTS('',3,1,((#9323,#9324),(#9325,#9326),(#9327,
#9328),(#9329,#9330),(#9331,#9332)),.UNSPECIFIED.,.F.,.F.,.F.,(4,1,4),(2,
2),(0.,0.022211793703664,0.043786473919775),(0.,0.2),.UNSPECIFIED.);
#7286=B_SPLINE_SURFACE_WITH_KNOTS('',3,1,((#9346,#9347),(#9348,#9349),(#9350,
#9351),(#9352,#9353),(#9354,#9355)),.UNSPECIFIED.,.F.,.F.,.F.,(4,1,4),(2,
2),(0.,0.0330738216099746,0.0590646953950568),(0.,0.2),.UNSPECIFIED.);
#7287=B_SPLINE_SURFACE_WITH_KNOTS('',3,1,((#9369,#9370),(#9371,#9372),(#9373,
#9374),(#9375,#9376),(#9377,#9378)),.UNSPECIFIED.,.F.,.F.,.F.,(4,1,4),(2,
2),(0.,0.0264654168027844,0.0615345725757264),(0.,0.2),.UNSPECIFIED.);
#7288=B_SPLINE_SURFACE_WITH_KNOTS('',3,1,((#9392,#9393),(#9394,#9395),(#9396,
#9397),(#9398,#9399),(#9400,#9401)),.UNSPECIFIED.,.F.,.F.,.F.,(4,1,4),(2,
2),(0.,0.0223348590288042,0.0446173009954252),(0.,0.2),.UNSPECIFIED.);
#7289=B_SPLINE_SURFACE_WITH_KNOTS('',3,1,((#9415,#9416),(#9417,#9418),(#9419,
#9420),(#9421,#9422),(#9423,#9424)),.UNSPECIFIED.,.F.,.F.,.F.,(4,1,4),(2,
2),(0.,0.0225160786505472,0.0447314981959683),(0.,0.2),.UNSPECIFIED.);
#7290=B_SPLINE_SURFACE_WITH_KNOTS('',3,1,((#9438,#9439),(#9440,#9441),(#9442,
#9443),(#9444,#9445),(#9446,#9447)),.UNSPECIFIED.,.F.,.F.,.F.,(4,1,4),(2,
2),(0.,0.0339245674967371,0.0602967595196552),(0.,0.2),.UNSPECIFIED.);
#7291=B_SPLINE_SURFACE_WITH_KNOTS('',3,1,((#9461,#9462),(#9463,#9464),(#9465,
#9466),(#9467,#9468),(#9469,#9470)),.UNSPECIFIED.,.F.,.F.,.F.,(4,1,4),(2,
2),(0.,0.0263875851599682,0.0599436066759391),(0.,0.2),.UNSPECIFIED.);
#7292=B_SPLINE_SURFACE_WITH_KNOTS('',3,1,((#9481,#9482),(#9483,#9484),(#9485,
#9486),(#9487,#9488),(#9489,#9490)),.UNSPECIFIED.,.F.,.F.,.F.,(4,1,4),(2,
2),(0.,0.0637843758427847,0.120240601796743),(0.,0.2),.UNSPECIFIED.);
#7293=B_SPLINE_SURFACE_WITH_KNOTS('',3,1,((#9507,#9508),(#9509,#9510),(#9511,
#9512),(#9513,#9514),(#9515,#9516)),.UNSPECIFIED.,.F.,.F.,.F.,(4,1,4),(2,
2),(0.,0.0617798642813876,0.132407185787637),(0.,0.2),.UNSPECIFIED.);
#7294=B_SPLINE_SURFACE_WITH_KNOTS('',3,1,((#9530,#9531),(#9532,#9533),(#9534,
#9535),(#9536,#9537),(#9538,#9539)),.UNSPECIFIED.,.F.,.F.,.F.,(4,1,4),(2,
2),(0.,0.0618137521384047,0.120815491738369),(0.,0.2),.UNSPECIFIED.);
#7295=B_SPLINE_SURFACE_WITH_KNOTS('',3,1,((#9553,#9554),(#9555,#9556),(#9557,
#9558),(#9559,#9560),(#9561,#9562)),.UNSPECIFIED.,.F.,.F.,.F.,(4,1,4),(2,
2),(0.,0.0526907804103594,0.108189774448348),(0.,0.2),.UNSPECIFIED.);
#7296=B_SPLINE_SURFACE_WITH_KNOTS('',3,1,((#9576,#9577),(#9578,#9579),(#9580,
#9581),(#9582,#9583),(#9584,#9585)),.UNSPECIFIED.,.F.,.F.,.F.,(4,1,4),(2,
2),(0.,0.077433584437423,0.14429915509472),(0.,0.2),.UNSPECIFIED.);
#7297=B_SPLINE_SURFACE_WITH_KNOTS('',3,1,((#9599,#9600),(#9601,#9602),(#9603,
#9604),(#9605,#9606),(#9607,#9608)),.UNSPECIFIED.,.F.,.F.,.F.,(4,1,4),(2,
2),(0.,0.0616826057919979,0.13080358329238),(0.,0.2),.UNSPECIFIED.);
#7298=B_SPLINE_SURFACE_WITH_KNOTS('',3,1,((#9622,#9623),(#9624,#9625),(#9626,
#9627),(#9628,#9629),(#9630,#9631)),.UNSPECIFIED.,.F.,.F.,.F.,(4,1,4),(2,
2),(0.,0.0614966968994671,0.120728251754649),(0.,0.2),.UNSPECIFIED.);
#7299=B_SPLINE_SURFACE_WITH_KNOTS('',3,1,((#9645,#9646),(#9647,#9648),(#9649,
#9650),(#9651,#9652),(#9653,#9654)),.UNSPECIFIED.,.F.,.F.,.F.,(4,1,4),(2,
2),(0.,0.0644334755983877,0.130172117479862),(0.,0.2),.UNSPECIFIED.);
#7300=B_SPLINE_SURFACE_WITH_KNOTS('',3,1,((#9681,#9682),(#9683,#9684),(#9685,
#9686),(#9687,#9688),(#9689,#9690)),.UNSPECIFIED.,.F.,.F.,.F.,(4,1,4),(2,
2),(0.,0.0233336488876951,0.0569727911108794),(0.,0.2),.UNSPECIFIED.);
#7301=B_SPLINE_SURFACE_WITH_KNOTS('',3,1,((#9704,#9705),(#9706,#9707),(#9708,
#9709),(#9710,#9711),(#9712,#9713)),.UNSPECIFIED.,.F.,.F.,.F.,(4,1,4),(2,
2),(0.,0.0186758151419161,0.0371270473691591),(0.,0.2),.UNSPECIFIED.);
#7302=B_SPLINE_SURFACE_WITH_KNOTS('',3,1,((#9727,#9728),(#9729,#9730),(#9731,
#9732),(#9733,#9734),(#9735,#9736)),.UNSPECIFIED.,.F.,.F.,.F.,(4,1,4),(2,
2),(0.,0.0148171970548918,0.0312967914855827),(0.,0.2),.UNSPECIFIED.);
#7303=B_SPLINE_SURFACE_WITH_KNOTS('',3,1,((#9750,#9751),(#9752,#9753),(#9754,
#9755),(#9756,#9757),(#9758,#9759)),.UNSPECIFIED.,.F.,.F.,.F.,(4,1,4),(2,
2),(0.,0.0234309866020685,0.0405144053627642),(0.,0.2),.UNSPECIFIED.);
#7304=B_SPLINE_SURFACE_WITH_KNOTS('',3,1,((#9791,#9792),(#9793,#9794),(#9795,
#9796),(#9797,#9798),(#9799,#9800)),.UNSPECIFIED.,.F.,.F.,.F.,(4,1,4),(2,
2),(0.,0.0399912283496604,0.0902446924578147),(0.,0.2),.UNSPECIFIED.);
#7305=B_SPLINE_SURFACE_WITH_KNOTS('',3,1,((#9814,#9815),(#9816,#9817),(#9818,
#9819),(#9820,#9821),(#9822,#9823)),.UNSPECIFIED.,.F.,.F.,.F.,(4,1,4),(2,
2),(0.,0.0416661898144081,0.07892703989719),(0.,0.2),.UNSPECIFIED.);
#7306=B_SPLINE_SURFACE_WITH_KNOTS('',3,1,((#9837,#9838),(#9839,#9840),(#9841,
#9842),(#9843,#9844),(#9845,#9846)),.UNSPECIFIED.,.F.,.F.,.F.,(4,1,4),(2,
2),(0.,0.0279280648314103,0.0595946964829811),(0.,0.2),.UNSPECIFIED.);
#7307=B_SPLINE_SURFACE_WITH_KNOTS('',3,1,((#9860,#9861),(#9862,#9863),(#9864,
#9865),(#9866,#9867),(#9868,#9869)),.UNSPECIFIED.,.F.,.F.,.F.,(4,1,4),(2,
2),(0.,0.034044639749753,0.0628659531157887),(0.,0.2),.UNSPECIFIED.);
#7308=B_SPLINE_SURFACE_WITH_KNOTS('',3,1,((#9899,#9900),(#9901,#9902),(#9903,
#9904),(#9905,#9906),(#9907,#9908)),.UNSPECIFIED.,.F.,.F.,.F.,(4,1,4),(2,
2),(0.,0.0157251051568117,0.034591906823027),(0.,0.2),.UNSPECIFIED.);
#7309=B_SPLINE_SURFACE_WITH_KNOTS('',3,1,((#9925,#9926),(#9927,#9928),(#9929,
#9930),(#9931,#9932),(#9933,#9934)),.UNSPECIFIED.,.F.,.F.,.F.,(4,1,4),(2,
2),(0.,0.0169112276186609,0.0318907948416209),(0.,0.2),.UNSPECIFIED.);
#7310=B_SPLINE_SURFACE_WITH_KNOTS('',3,1,((#9948,#9949),(#9950,#9951),(#9952,
#9953),(#9954,#9955),(#9956,#9957)),.UNSPECIFIED.,.F.,.F.,.F.,(4,1,4),(2,
2),(0.,0.0180468888340841,0.0359768994307651),(0.,0.2),.UNSPECIFIED.);
#7311=B_SPLINE_SURFACE_WITH_KNOTS('',3,1,((#9971,#9972),(#9973,#9974),(#9975,
#9976),(#9977,#9978),(#9979,#9980)),.UNSPECIFIED.,.F.,.F.,.F.,(4,1,4),(2,
2),(0.,0.0128996337555422,0.0286244878323202),(0.,0.2),.UNSPECIFIED.);
#7312=B_SPLINE_SURFACE_WITH_KNOTS('',3,1,((#9994,#9995),(#9996,#9997),(#9998,
#9999),(#10000,#10001),(#10002,#10003)),.UNSPECIFIED.,.F.,.F.,.F.,(4,1,
4),(2,2),(0.,0.0121205041525733,0.023848469759685),(0.,0.2),
 .UNSPECIFIED.);
#7313=B_SPLINE_SURFACE_WITH_KNOTS('',3,1,((#10017,#10018),(#10019,#10020),
(#10021,#10022),(#10023,#10024),(#10025,#10026)),.UNSPECIFIED.,.F.,.F.,
 .F.,(4,1,4),(2,2),(0.,0.0118706722290533,0.0229617300687459),(0.,0.2),
 .UNSPECIFIED.);
#7314=B_SPLINE_SURFACE_WITH_KNOTS('',3,1,((#10040,#10041),(#10042,#10043),
(#10044,#10045),(#10046,#10047),(#10048,#10049)),.UNSPECIFIED.,.F.,.F.,
 .F.,(4,1,4),(2,2),(0.,0.0290353021118983,0.046608641752402),(0.,0.2),
 .UNSPECIFIED.);
#7315=B_SPLINE_SURFACE_WITH_KNOTS('',3,1,((#10063,#10064),(#10065,#10066),
(#10067,#10068),(#10069,#10070),(#10071,#10072)),.UNSPECIFIED.,.F.,.F.,
 .F.,(4,1,4),(2,2),(0.,0.0246339525101109,0.0499050363139795),(0.,0.2),
 .UNSPECIFIED.);
#7316=B_SPLINE_SURFACE_WITH_KNOTS('',3,1,((#10089,#10090),(#10091,#10092),
(#10093,#10094),(#10095,#10096),(#10097,#10098)),.UNSPECIFIED.,.F.,.F.,
 .F.,(4,1,4),(2,2),(0.,0.0239738617459844,0.0422410767684248),(0.,0.2),
 .UNSPECIFIED.);
#7317=B_SPLINE_SURFACE_WITH_KNOTS('',3,1,((#10115,#10116),(#10117,#10118),
(#10119,#10120),(#10121,#10122),(#10123,#10124)),.UNSPECIFIED.,.F.,.F.,
 .F.,(4,1,4),(2,2),(0.,0.0131813232622253,0.0313732063567744),(0.,0.2),
 .UNSPECIFIED.);
#7318=B_SPLINE_SURFACE_WITH_KNOTS('',3,1,((#10138,#10139),(#10140,#10141),
(#10142,#10143),(#10144,#10145),(#10146,#10147)),.UNSPECIFIED.,.F.,.F.,
 .F.,(4,1,4),(2,2),(0.,0.017522328944846,0.0304421565520945),(0.,0.2),
 .UNSPECIFIED.);
#7319=B_SPLINE_SURFACE_WITH_KNOTS('',3,1,((#10161,#10162),(#10163,#10164),
(#10165,#10166),(#10167,#10168),(#10169,#10170)),.UNSPECIFIED.,.F.,.F.,
 .F.,(4,1,4),(2,2),(0.,0.0199703158335983,0.0414749907312111),(0.,0.2),
 .UNSPECIFIED.);
#7320=B_SPLINE_SURFACE_WITH_KNOTS('',3,1,((#10184,#10185),(#10186,#10187),
(#10188,#10189),(#10190,#10191),(#10192,#10193)),.UNSPECIFIED.,.F.,.F.,
 .F.,(4,1,4),(2,2),(0.,0.0525953403736898,0.0829322215481829),(0.,0.2),
 .UNSPECIFIED.);
#7321=B_SPLINE_SURFACE_WITH_KNOTS('',3,1,((#10207,#10208),(#10209,#10210),
(#10211,#10212),(#10213,#10214),(#10215,#10216)),.UNSPECIFIED.,.F.,.F.,
 .F.,(4,1,4),(2,2),(0.,0.0332216879865291,0.0790615593587002),(0.,0.2),
 .UNSPECIFIED.);
#7322=B_SPLINE_SURFACE_WITH_KNOTS('',3,1,((#10230,#10231),(#10232,#10233),
(#10234,#10235),(#10236,#10237),(#10238,#10239)),.UNSPECIFIED.,.F.,.F.,
 .F.,(4,1,4),(2,2),(0.,0.0304692585751277,0.0587091214213141),(0.,0.2),
 .UNSPECIFIED.);
#7323=B_SPLINE_SURFACE_WITH_KNOTS('',3,1,((#10253,#10254),(#10255,#10256),
(#10257,#10258),(#10259,#10260),(#10261,#10262)),.UNSPECIFIED.,.F.,.F.,
 .F.,(4,1,4),(2,2),(0.,0.0335401305114964,0.066630563782821),(0.,0.2),
 .UNSPECIFIED.);
#7324=B_SPLINE_SURFACE_WITH_KNOTS('',3,1,((#10276,#10277),(#10278,#10279),
(#10280,#10281),(#10282,#10283),(#10284,#10285)),.UNSPECIFIED.,.F.,.F.,
 .F.,(4,1,4),(2,2),(0.,0.0459935727652055,0.0836903824410916),(0.,0.2),
 .UNSPECIFIED.);
#7325=B_SPLINE_SURFACE_WITH_KNOTS('',3,1,((#10299,#10300),(#10301,#10302),
(#10303,#10304),(#10305,#10306),(#10307,#10308)),.UNSPECIFIED.,.F.,.F.,
 .F.,(4,1,4),(2,2),(0.,0.0331036597134777,0.0698565664330243),(0.,0.2),
 .UNSPECIFIED.);
#7326=B_SPLINE_SURFACE_WITH_KNOTS('',3,1,((#10322,#10323),(#10324,#10325),
(#10326,#10327),(#10328,#10329),(#10330,#10331)),.UNSPECIFIED.,.F.,.F.,
 .F.,(4,1,4),(2,2),(0.,0.028245199700663,0.0529779990170832),(0.,0.2),
 .UNSPECIFIED.);
#7327=B_SPLINE_SURFACE_WITH_KNOTS('',3,1,((#10345,#10346),(#10347,#10348),
(#10349,#10350),(#10351,#10352),(#10353,#10354)),.UNSPECIFIED.,.F.,.F.,
 .F.,(4,1,4),(2,2),(0.,0.00777576724616753,0.0188220353794477),(0.,0.2),
 .UNSPECIFIED.);
#7328=B_SPLINE_SURFACE_WITH_KNOTS('',3,1,((#10368,#10369),(#10370,#10371),
(#10372,#10373),(#10374,#10375),(#10376,#10377)),.UNSPECIFIED.,.F.,.F.,
 .F.,(4,1,4),(2,2),(0.,0.0111369377900723,0.0189341978133386),(0.,0.2),
 .UNSPECIFIED.);
#7329=B_SPLINE_SURFACE_WITH_KNOTS('',3,1,((#10397,#10398),(#10399,#10400),
(#10401,#10402),(#10403,#10404),(#10405,#10406)),.UNSPECIFIED.,.F.,.F.,
 .F.,(4,1,4),(2,2),(0.,0.0138292993859638,0.0317433878761319),(0.,0.2),
 .UNSPECIFIED.);
#7330=B_SPLINE_SURFACE_WITH_KNOTS('',3,1,((#10420,#10421),(#10422,#10423),
(#10424,#10425),(#10426,#10427),(#10428,#10429)),.UNSPECIFIED.,.F.,.F.,
 .F.,(4,1,4),(2,2),(0.,0.0182584520065583,0.0322076643165841),(0.,0.2),
 .UNSPECIFIED.);
#7331=B_SPLINE_SURFACE_WITH_KNOTS('',3,1,((#10449,#10450),(#10451,#10452),
(#10453,#10454),(#10455,#10456),(#10457,#10458)),.UNSPECIFIED.,.F.,.F.,
 .F.,(4,1,4),(2,2),(0.,0.0228392154099561,0.0439142925153519),(0.,0.2),
 .UNSPECIFIED.);
#7332=B_SPLINE_SURFACE_WITH_KNOTS('',3,1,((#10472,#10473),(#10474,#10475),
(#10476,#10477),(#10478,#10479),(#10480,#10481)),.UNSPECIFIED.,.F.,.F.,
 .F.,(4,1,4),(2,2),(0.,0.0195216146046392,0.0417006643961355),(0.,0.2),
 .UNSPECIFIED.);
#7333=B_SPLINE_SURFACE_WITH_KNOTS('',3,1,((#10495,#10496),(#10497,#10498),
(#10499,#10500),(#10501,#10502),(#10503,#10504)),.UNSPECIFIED.,.F.,.F.,
 .F.,(4,1,4),(2,2),(0.,0.0290724882896022,0.0561291280415129),(0.,0.2),
 .UNSPECIFIED.);
#7334=B_SPLINE_SURFACE_WITH_KNOTS('',3,1,((#10518,#10519),(#10520,#10521),
(#10522,#10523),(#10524,#10525),(#10526,#10527)),.UNSPECIFIED.,.F.,.F.,
 .F.,(4,1,4),(2,2),(0.,0.0450422917474791,0.080489144244385),(0.,0.2),
 .UNSPECIFIED.);
#7335=B_SPLINE_SURFACE_WITH_KNOTS('',3,1,((#10541,#10542),(#10543,#10544),
(#10545,#10546),(#10547,#10548),(#10549,#10550)),.UNSPECIFIED.,.F.,.F.,
 .F.,(4,1,4),(2,2),(0.,0.028047424829502,0.0580833791241858),(0.,0.2),
 .UNSPECIFIED.);
#7336=B_SPLINE_SURFACE_WITH_KNOTS('',3,1,((#10564,#10565),(#10566,#10567),
(#10568,#10569),(#10570,#10571),(#10572,#10573)),.UNSPECIFIED.,.F.,.F.,
 .F.,(4,1,4),(2,2),(0.,0.0196348693995845,0.0441558692878914),(0.,0.2),
 .UNSPECIFIED.);
#7337=B_SPLINE_SURFACE_WITH_KNOTS('',3,1,((#10587,#10588),(#10589,#10590),
(#10591,#10592),(#10593,#10594),(#10595,#10596)),.UNSPECIFIED.,.F.,.F.,
 .F.,(4,1,4),(2,2),(0.,0.020321013271639,0.0430530300224015),(0.,0.2),
 .UNSPECIFIED.);
#7338=B_SPLINE_SURFACE_WITH_KNOTS('',3,1,((#10610,#10611),(#10612,#10613),
(#10614,#10615),(#10616,#10617),(#10618,#10619)),.UNSPECIFIED.,.F.,.F.,
 .F.,(4,1,4),(2,2),(0.,0.0259223964641375,0.0473273269407704),(0.,0.2),
 .UNSPECIFIED.);
#7339=B_SPLINE_SURFACE_WITH_KNOTS('',3,1,((#10639,#10640),(#10641,#10642),
(#10643,#10644),(#10645,#10646),(#10647,#10648)),.UNSPECIFIED.,.F.,.F.,
 .F.,(4,1,4),(2,2),(0.,0.0137473984083359,0.0312908487595344),(0.,0.2),
 .UNSPECIFIED.);
#7340=B_SPLINE_SURFACE_WITH_KNOTS('',3,1,((#10660,#10661),(#10662,#10663),
(#10664,#10665),(#10666,#10667),(#10668,#10669)),.UNSPECIFIED.,.F.,.F.,
 .F.,(4,1,4),(2,2),(0.,0.0157251051568117,0.034591906823027),(0.,0.2),
 .UNSPECIFIED.);
#7341=B_SPLINE_SURFACE_WITH_KNOTS('',3,1,((#10686,#10687),(#10688,#10689),
(#10690,#10691),(#10692,#10693),(#10694,#10695)),.UNSPECIFIED.,.F.,.F.,
 .F.,(4,1,4),(2,2),(0.,0.0169110352799222,0.0318904591923065),(0.,0.2),
 .UNSPECIFIED.);
#7342=B_SPLINE_SURFACE_WITH_KNOTS('',3,1,((#10709,#10710),(#10711,#10712),
(#10713,#10714),(#10715,#10716),(#10717,#10718)),.UNSPECIFIED.,.F.,.F.,
 .F.,(4,1,4),(2,2),(0.,0.0180466522774741,0.0359771045985656),(0.,0.2),
 .UNSPECIFIED.);
#7343=B_SPLINE_SURFACE_WITH_KNOTS('',3,1,((#10732,#10733),(#10734,#10735),
(#10736,#10737),(#10738,#10739),(#10740,#10741)),.UNSPECIFIED.,.F.,.F.,
 .F.,(4,1,4),(2,2),(0.,0.0128996337555422,0.0286247241549588),(0.,0.2),
 .UNSPECIFIED.);
#7344=B_SPLINE_SURFACE_WITH_KNOTS('',3,1,((#10755,#10756),(#10757,#10758),
(#10759,#10760),(#10761,#10762),(#10763,#10764)),.UNSPECIFIED.,.F.,.F.,
 .F.,(4,1,4),(2,2),(0.,0.0121205041525733,0.023848469759685),(0.,0.2),
 .UNSPECIFIED.);
#7345=B_SPLINE_SURFACE_WITH_KNOTS('',3,1,((#10778,#10779),(#10780,#10781),
(#10782,#10783),(#10784,#10785),(#10786,#10787)),.UNSPECIFIED.,.F.,.F.,
 .F.,(4,1,4),(2,2),(0.,0.0118706722290533,0.0229617300687459),(0.,0.2),
 .UNSPECIFIED.);
#7346=B_SPLINE_SURFACE_WITH_KNOTS('',3,1,((#10801,#10802),(#10803,#10804),
(#10805,#10806),(#10807,#10808),(#10809,#10810)),.UNSPECIFIED.,.F.,.F.,
 .F.,(4,1,4),(2,2),(0.,0.0290353021118983,0.046608641752402),(0.,0.2),
 .UNSPECIFIED.);
#7347=B_SPLINE_SURFACE_WITH_KNOTS('',3,1,((#10824,#10825),(#10826,#10827),
(#10828,#10829),(#10830,#10831),(#10832,#10833)),.UNSPECIFIED.,.F.,.F.,
 .F.,(4,1,4),(2,2),(0.,0.0246339525101109,0.0499050363139795),(0.,0.2),
 .UNSPECIFIED.);
#7348=B_SPLINE_SURFACE_WITH_KNOTS('',3,1,((#10850,#10851),(#10852,#10853),
(#10854,#10855),(#10856,#10857),(#10858,#10859)),.UNSPECIFIED.,.F.,.F.,
 .F.,(4,1,4),(2,2),(0.,0.0239740991742672,0.0422415367695533),(0.,0.2),
 .UNSPECIFIED.);
#7349=B_SPLINE_SURFACE_WITH_KNOTS('',3,1,((#10876,#10877),(#10878,#10879),
(#10880,#10881),(#10882,#10883),(#10884,#10885)),.UNSPECIFIED.,.F.,.F.,
 .F.,(4,1,4),(2,2),(0.,0.0131813232622253,0.0313732063567744),(0.,0.2),
 .UNSPECIFIED.);
#7350=B_SPLINE_SURFACE_WITH_KNOTS('',3,1,((#10899,#10900),(#10901,#10902),
(#10903,#10904),(#10905,#10906),(#10907,#10908)),.UNSPECIFIED.,.F.,.F.,
 .F.,(4,1,4),(2,2),(0.,0.0175222714016836,0.0304420990089322),(0.,0.2),
 .UNSPECIFIED.);
#7351=B_SPLINE_SURFACE_WITH_KNOTS('',3,1,((#10922,#10923),(#10924,#10925),
(#10926,#10927),(#10928,#10929),(#10930,#10931)),.UNSPECIFIED.,.F.,.F.,
 .F.,(4,1,4),(2,2),(0.,0.0199698597845829,0.0414747585359392),(0.,0.2),
 .UNSPECIFIED.);
#7352=B_SPLINE_SURFACE_WITH_KNOTS('',3,1,((#10945,#10946),(#10947,#10948),
(#10949,#10950),(#10951,#10952),(#10953,#10954)),.UNSPECIFIED.,.F.,.F.,
 .F.,(4,1,4),(2,2),(0.,0.0525955738295653,0.0829324550040585),(0.,0.2),
 .UNSPECIFIED.);
#7353=B_SPLINE_SURFACE_WITH_KNOTS('',3,1,((#10968,#10969),(#10970,#10971),
(#10972,#10973),(#10974,#10975),(#10976,#10977)),.UNSPECIFIED.,.F.,.F.,
 .F.,(4,1,4),(2,2),(0.,0.0332216879865291,0.0790615593587002),(0.,0.2),
 .UNSPECIFIED.);
#7354=B_SPLINE_SURFACE_WITH_KNOTS('',3,1,((#10991,#10992),(#10993,#10994),
(#10995,#10996),(#10997,#10998),(#10999,#11000)),.UNSPECIFIED.,.F.,.F.,
 .F.,(4,1,4),(2,2),(0.,0.0304692585751277,0.0587091214213141),(0.,0.2),
 .UNSPECIFIED.);
#7355=B_SPLINE_SURFACE_WITH_KNOTS('',3,1,((#11014,#11015),(#11016,#11017),
(#11018,#11019),(#11020,#11021),(#11022,#11023)),.UNSPECIFIED.,.F.,.F.,
 .F.,(4,1,4),(2,2),(0.,0.0335404170786266,0.0666308019391623),(0.,0.2),
 .UNSPECIFIED.);
#7356=B_SPLINE_SURFACE_WITH_KNOTS('',3,1,((#11037,#11038),(#11039,#11040),
(#11041,#11042),(#11043,#11044),(#11045,#11046)),.UNSPECIFIED.,.F.,.F.,
 .F.,(4,1,4),(2,2),(0.,0.0459938091445291,0.0836906188204152),(0.,0.2),
 .UNSPECIFIED.);
#7357=B_SPLINE_SURFACE_WITH_KNOTS('',3,1,((#11060,#11061),(#11062,#11063),
(#11064,#11065),(#11066,#11067),(#11068,#11069)),.UNSPECIFIED.,.F.,.F.,
 .F.,(4,1,4),(2,2),(0.,0.0331036597134777,0.0698565664330243),(0.,0.2),
 .UNSPECIFIED.);
#7358=B_SPLINE_SURFACE_WITH_KNOTS('',3,1,((#11083,#11084),(#11085,#11086),
(#11087,#11088),(#11089,#11090),(#11091,#11092)),.UNSPECIFIED.,.F.,.F.,
 .F.,(4,1,4),(2,2),(0.,0.028245199700663,0.0529775821247406),(0.,0.2),
 .UNSPECIFIED.);
#7359=B_SPLINE_SURFACE_WITH_KNOTS('',3,1,((#11106,#11107),(#11108,#11109),
(#11110,#11111),(#11112,#11113),(#11114,#11115)),.UNSPECIFIED.,.F.,.F.,
 .F.,(4,1,4),(2,2),(0.,0.00777576724616753,0.0188220766009129),(0.,0.2),
 .UNSPECIFIED.);
#7360=B_SPLINE_SURFACE_WITH_KNOTS('',3,1,((#11129,#11130),(#11131,#11132),
(#11133,#11134),(#11135,#11136),(#11137,#11138)),.UNSPECIFIED.,.F.,.F.,
 .F.,(4,1,4),(2,2),(0.,0.0111369377900723,0.0189341060403841),(0.,0.2),
 .UNSPECIFIED.);
#7361=B_SPLINE_SURFACE_WITH_KNOTS('',3,1,((#11158,#11159),(#11160,#11161),
(#11162,#11163),(#11164,#11165),(#11166,#11167)),.UNSPECIFIED.,.F.,.F.,
 .F.,(4,1,4),(2,2),(0.,0.0138293705340821,0.0317435547996365),(0.,0.2),
 .UNSPECIFIED.);
#7362=B_SPLINE_SURFACE_WITH_KNOTS('',3,1,((#11181,#11182),(#11183,#11184),
(#11185,#11186),(#11187,#11188),(#11189,#11190)),.UNSPECIFIED.,.F.,.F.,
 .F.,(4,1,4),(2,2),(0.,0.0182584520065583,0.0322076643165841),(0.,0.2),
 .UNSPECIFIED.);
#7363=B_SPLINE_SURFACE_WITH_KNOTS('',3,1,((#11210,#11211),(#11212,#11213),
(#11214,#11215),(#11216,#11217),(#11218,#11219)),.UNSPECIFIED.,.F.,.F.,
 .F.,(4,1,4),(2,2),(0.,0.0228390872387144,0.0439141643441102),(0.,0.2),
 .UNSPECIFIED.);
#7364=B_SPLINE_SURFACE_WITH_KNOTS('',3,1,((#11233,#11234),(#11235,#11236),
(#11237,#11238),(#11239,#11240),(#11241,#11242)),.UNSPECIFIED.,.F.,.F.,
 .F.,(4,1,4),(2,2),(0.,0.0195216146046392,0.0417006643961355),(0.,0.2),
 .UNSPECIFIED.);
#7365=B_SPLINE_SURFACE_WITH_KNOTS('',3,1,((#11256,#11257),(#11258,#11259),
(#11260,#11261),(#11262,#11263),(#11264,#11265)),.UNSPECIFIED.,.F.,.F.,
 .F.,(4,1,4),(2,2),(0.,0.0290727159645609,0.0561291555551969),(0.,0.2),
 .UNSPECIFIED.);
#7366=B_SPLINE_SURFACE_WITH_KNOTS('',3,1,((#11279,#11280),(#11281,#11282),
(#11283,#11284),(#11285,#11286),(#11287,#11288)),.UNSPECIFIED.,.F.,.F.,
 .F.,(4,1,4),(2,2),(0.,0.0450422917474791,0.080489144244385),(0.,0.2),
 .UNSPECIFIED.);
#7367=B_SPLINE_SURFACE_WITH_KNOTS('',3,1,((#11302,#11303),(#11304,#11305),
(#11306,#11307),(#11308,#11309),(#11310,#11311)),.UNSPECIFIED.,.F.,.F.,
 .F.,(4,1,4),(2,2),(0.,0.0280476614069991,0.0580836157016828),(0.,0.2),
 .UNSPECIFIED.);
#7368=B_SPLINE_SURFACE_WITH_KNOTS('',3,1,((#11325,#11326),(#11327,#11328),
(#11329,#11330),(#11331,#11332),(#11333,#11334)),.UNSPECIFIED.,.F.,.F.,
 .F.,(4,1,4),(2,2),(0.,0.0196346490768866,0.0441556489651936),(0.,0.2),
 .UNSPECIFIED.);
#7369=B_SPLINE_SURFACE_WITH_KNOTS('',3,1,((#11348,#11349),(#11350,#11351),
(#11352,#11353),(#11354,#11355),(#11356,#11357)),.UNSPECIFIED.,.F.,.F.,
 .F.,(4,1,4),(2,2),(0.,0.0203211753351916,0.0430533891877339),(0.,0.2),
 .UNSPECIFIED.);
#7370=B_SPLINE_SURFACE_WITH_KNOTS('',3,1,((#11371,#11372),(#11373,#11374),
(#11375,#11376),(#11377,#11378),(#11379,#11380)),.UNSPECIFIED.,.F.,.F.,
 .F.,(4,1,4),(2,2),(0.,0.0259223290202618,0.0473272594968947),(0.,0.2),
 .UNSPECIFIED.);
#7371=B_SPLINE_SURFACE_WITH_KNOTS('',3,1,((#11400,#11401),(#11402,#11403),
(#11404,#11405),(#11406,#11407),(#11408,#11409)),.UNSPECIFIED.,.F.,.F.,
 .F.,(4,1,4),(2,2),(0.,0.0137472316054411,0.0312906819566396),(0.,0.2),
 .UNSPECIFIED.);
#7372=B_SPLINE_SURFACE_WITH_KNOTS('',3,1,((#11509,#11510),(#11511,#11512),
(#11513,#11514),(#11515,#11516),(#11517,#11518)),.UNSPECIFIED.,.F.,.F.,
 .F.,(4,1,4),(2,2),(0.,0.0233336969798772,0.0569728392030615),(0.,0.2),
 .UNSPECIFIED.);
#7373=B_SPLINE_SURFACE_WITH_KNOTS('',3,1,((#11532,#11533),(#11534,#11535),
(#11536,#11537),(#11538,#11539),(#11540,#11541)),.UNSPECIFIED.,.F.,.F.,
 .F.,(4,1,4),(2,2),(0.,0.0186758151419161,0.0371270473691591),(0.,0.2),
 .UNSPECIFIED.);
#7374=B_SPLINE_SURFACE_WITH_KNOTS('',3,1,((#11555,#11556),(#11557,#11558),
(#11559,#11560),(#11561,#11562),(#11563,#11564)),.UNSPECIFIED.,.F.,.F.,
 .F.,(4,1,4),(2,2),(0.,0.0148173924274794,0.0312967519835744),(0.,0.2),
 .UNSPECIFIED.);
#7375=B_SPLINE_SURFACE_WITH_KNOTS('',3,1,((#11578,#11579),(#11580,#11581),
(#11582,#11583),(#11584,#11585),(#11586,#11587)),.UNSPECIFIED.,.F.,.F.,
 .F.,(4,1,4),(2,2),(0.,0.0234309866020685,0.0405144053627642),(0.,0.2),
 .UNSPECIFIED.);
#7376=B_SPLINE_SURFACE_WITH_KNOTS('',3,1,((#11619,#11620),(#11621,#11622),
(#11623,#11624),(#11625,#11626),(#11627,#11628)),.UNSPECIFIED.,.F.,.F.,
 .F.,(4,1,4),(2,2),(0.,0.0399911118396966,0.0902446068543905),(0.,0.2),
 .UNSPECIFIED.);
#7377=B_SPLINE_SURFACE_WITH_KNOTS('',3,1,((#11642,#11643),(#11644,#11645),
(#11646,#11647),(#11648,#11649),(#11650,#11651)),.UNSPECIFIED.,.F.,.F.,
 .F.,(4,1,4),(2,2),(0.,0.0416664249837987,0.0789270762551602),(0.,0.2),
 .UNSPECIFIED.);
#7378=B_SPLINE_SURFACE_WITH_KNOTS('',3,1,((#11665,#11666),(#11667,#11668),
(#11669,#11670),(#11671,#11672),(#11673,#11674)),.UNSPECIFIED.,.F.,.F.,
 .F.,(4,1,4),(2,2),(0.,0.0279282896095983,0.0595949212611691),(0.,0.2),
 .UNSPECIFIED.);
#7379=B_SPLINE_SURFACE_WITH_KNOTS('',3,1,((#11688,#11689),(#11690,#11691),
(#11692,#11693),(#11694,#11695),(#11696,#11697)),.UNSPECIFIED.,.F.,.F.,
 .F.,(4,1,4),(2,2),(0.,0.0340447214365326,0.0628658395619445),(0.,0.2),
 .UNSPECIFIED.);
#7380=B_SPLINE_SURFACE_WITH_KNOTS('',3,1,((#11742,#11743),(#11744,#11745),
(#11746,#11747),(#11748,#11749),(#11750,#11751)),.UNSPECIFIED.,.F.,.F.,
 .F.,(4,1,4),(2,2),(0.,0.0212176623694017,0.0497608588906004),(0.,0.2),
 .UNSPECIFIED.);
#7381=B_SPLINE_SURFACE_WITH_KNOTS('',3,1,((#11765,#11766),(#11767,#11768),
(#11769,#11770),(#11771,#11772),(#11773,#11774)),.UNSPECIFIED.,.F.,.F.,
 .F.,(4,1,4),(2,2),(0.,0.0178266185343104,0.0355620681313213),(0.,0.2),
 .UNSPECIFIED.);
#7382=B_SPLINE_SURFACE_WITH_KNOTS('',3,1,((#11788,#11789),(#11790,#11791),
(#11792,#11793),(#11794,#11795),(#11796,#11797)),.UNSPECIFIED.,.F.,.F.,
 .F.,(4,1,4),(2,2),(0.,0.0107538613166244,0.0218982783116072),(0.,0.2),
 .UNSPECIFIED.);
#7383=B_SPLINE_SURFACE_WITH_KNOTS('',3,1,((#11811,#11812),(#11813,#11814),
(#11815,#11816),(#11817,#11818),(#11819,#11820)),.UNSPECIFIED.,.F.,.F.,
 .F.,(4,1,4),(2,2),(0.,0.0109898281102927,0.021741729646603),(0.,0.2),
 .UNSPECIFIED.);
#7384=B_SPLINE_SURFACE_WITH_KNOTS('',3,1,((#11834,#11835),(#11836,#11837),
(#11838,#11839),(#11840,#11841),(#11842,#11843)),.UNSPECIFIED.,.F.,.F.,
 .F.,(4,1,4),(2,2),(0.,0.0160393738570904,0.0260658497416376),(0.,0.2),
 .UNSPECIFIED.);
#7385=B_SPLINE_SURFACE_WITH_KNOTS('',3,1,((#11875,#11876),(#11877,#11878),
(#11879,#11880),(#11881,#11882),(#11883,#11884)),.UNSPECIFIED.,.F.,.F.,
 .F.,(4,1,4),(2,2),(0.,0.0205487121508696,0.0477938854881622),(0.,0.2),
 .UNSPECIFIED.);
#7386=B_SPLINE_SURFACE_WITH_KNOTS('',3,1,((#11898,#11899),(#11900,#11901),
(#11902,#11903),(#11904,#11905),(#11906,#11907)),.UNSPECIFIED.,.F.,.F.,
 .F.,(4,1,4),(2,2),(0.,0.0180265058953785,0.0355066722229741),(0.,0.2),
 .UNSPECIFIED.);
#7387=B_SPLINE_SURFACE_WITH_KNOTS('',3,1,((#11921,#11922),(#11923,#11924),
(#11925,#11926),(#11927,#11928),(#11929,#11930)),.UNSPECIFIED.,.F.,.F.,
 .F.,(4,1,4),(2,2),(0.,0.0168259612124811,0.0325066797507372),(0.,0.2),
 .UNSPECIFIED.);
#7388=B_SPLINE_SURFACE_WITH_KNOTS('',3,1,((#11944,#11945),(#11946,#11947),
(#11948,#11949),(#11950,#11951),(#11952,#11953)),.UNSPECIFIED.,.F.,.F.,
 .F.,(4,1,4),(2,2),(0.,0.0172269251728337,0.0305830376969135),(0.,0.2),
 .UNSPECIFIED.);
#7389=B_SPLINE_SURFACE_WITH_KNOTS('',3,1,((#11985,#11986),(#11987,#11988),
(#11989,#11990),(#11991,#11992),(#11993,#11994)),.UNSPECIFIED.,.F.,.F.,
 .F.,(4,1,4),(2,2),(0.,0.0405642100665084,0.0921062709675771),(0.,0.2),
 .UNSPECIFIED.);
#7390=B_SPLINE_SURFACE_WITH_KNOTS('',3,1,((#12008,#12009),(#12010,#12011),
(#12012,#12013),(#12014,#12015),(#12016,#12017)),.UNSPECIFIED.,.F.,.F.,
 .F.,(4,1,4),(2,2),(0.,0.0420583882900567,0.0795953573661414),(0.,0.2),
 .UNSPECIFIED.);
#7391=B_SPLINE_SURFACE_WITH_KNOTS('',3,1,((#12031,#12032),(#12033,#12034),
(#12035,#12036),(#12037,#12038),(#12039,#12040)),.UNSPECIFIED.,.F.,.F.,
 .F.,(4,1,4),(2,2),(0.,0.0252408926041551,0.0544405745635965),(0.,0.2),
 .UNSPECIFIED.);
#7392=B_SPLINE_SURFACE_WITH_KNOTS('',3,1,((#12054,#12055),(#12056,#12057),
(#12058,#12059),(#12060,#12061),(#12062,#12063)),.UNSPECIFIED.,.F.,.F.,
 .F.,(4,1,4),(2,2),(0.,0.0345459750545342,0.0616135417767222),(0.,0.2),
 .UNSPECIFIED.);
#7393=B_SPLINE_SURFACE_WITH_KNOTS('',3,1,((#12077,#12078),(#12079,#12080),
(#12081,#12082),(#12083,#12084),(#12085,#12086)),.UNSPECIFIED.,.F.,.F.,
 .F.,(4,1,4),(2,2),(0.,0.0238985450279754,0.0497562377469313),(0.,0.2),
 .UNSPECIFIED.);
#7394=B_SPLINE_SURFACE_WITH_KNOTS('',3,1,((#12100,#12101),(#12102,#12103),
(#12104,#12105),(#12106,#12107),(#12108,#12109)),.UNSPECIFIED.,.F.,.F.,
 .F.,(4,1,4),(2,2),(0.,0.031233831280116,0.0567919612208628),(0.,0.2),
 .UNSPECIFIED.);
#7395=B_SPLINE_SURFACE_WITH_KNOTS('',3,1,((#12123,#12124),(#12125,#12126),
(#12127,#12128),(#12129,#12130),(#12131,#12132)),.UNSPECIFIED.,.F.,.F.,
 .F.,(4,1,4),(2,2),(0.,0.0265336786313146,0.0565504978269221),(0.,0.2),
 .UNSPECIFIED.);
#7396=B_SPLINE_SURFACE_WITH_KNOTS('',3,1,((#12146,#12147),(#12148,#12149),
(#12150,#12151),(#12152,#12153),(#12154,#12155)),.UNSPECIFIED.,.F.,.F.,
 .F.,(4,1,4),(2,2),(0.,0.0319305990669449,0.0591536407280218),(0.,0.2),
 .UNSPECIFIED.);
#7397=B_SPLINE_SURFACE_WITH_KNOTS('',3,1,((#12943,#12944),(#12945,#12946),
(#12947,#12948),(#12949,#12950),(#12951,#12952)),.UNSPECIFIED.,.F.,.F.,
 .F.,(4,1,4),(2,2),(0.,0.04292574223083,0.0841435122181874),(0.,0.2),
 .UNSPECIFIED.);
#7398=B_SPLINE_SURFACE_WITH_KNOTS('',3,1,((#12969,#12970),(#12971,#12972),
(#12973,#12974),(#12975,#12976),(#12977,#12978)),.UNSPECIFIED.,.F.,.F.,
 .F.,(4,1,4),(2,2),(0.,0.0415031585704084,0.0859541504533685),(0.,0.2),
 .UNSPECIFIED.);
#7399=B_SPLINE_SURFACE_WITH_KNOTS('',3,1,((#12992,#12993),(#12994,#12995),
(#12996,#12997),(#12998,#12999),(#13000,#13001)),.UNSPECIFIED.,.F.,.F.,
 .F.,(4,1,4),(2,2),(0.,0.0615065770729887,0.108695961102637),(0.,0.2),
 .UNSPECIFIED.);
#7400=B_SPLINE_SURFACE_WITH_KNOTS('',3,1,((#13015,#13016),(#13017,#13018),
(#13019,#13020),(#13021,#13022),(#13023,#13024)),.UNSPECIFIED.,.F.,.F.,
 .F.,(4,1,4),(2,2),(0.,0.0496861149257597,0.121039508439755),(0.,0.2),
 .UNSPECIFIED.);
#7401=B_SPLINE_SURFACE_WITH_KNOTS('',3,1,((#13038,#13039),(#13040,#13041),
(#13042,#13043),(#13044,#13045),(#13046,#13047)),.UNSPECIFIED.,.F.,.F.,
 .F.,(4,1,4),(2,2),(0.,0.0449044001781482,0.0858162250992547),(0.,0.2),
 .UNSPECIFIED.);
#7402=B_SPLINE_SURFACE_WITH_KNOTS('',3,1,((#13061,#13062),(#13063,#13064),
(#13065,#13066),(#13067,#13068),(#13069,#13070)),.UNSPECIFIED.,.F.,.F.,
 .F.,(4,1,4),(2,2),(0.,0.0414563053625888,0.0855959611714864),(0.,0.2),
 .UNSPECIFIED.);
#7403=B_SPLINE_SURFACE_WITH_KNOTS('',3,1,((#13084,#13085),(#13086,#13087),
(#13088,#13089),(#13090,#13091),(#13092,#13093)),.UNSPECIFIED.,.F.,.F.,
 .F.,(4,1,4),(2,2),(0.,0.0654372004310032,0.114003325077299),(0.,0.2),
 .UNSPECIFIED.);
#7404=B_SPLINE_SURFACE_WITH_KNOTS('',3,1,((#13107,#13108),(#13109,#13110),
(#13111,#13112),(#13113,#13114),(#13115,#13116)),.UNSPECIFIED.,.F.,.F.,
 .F.,(4,1,4),(2,2),(0.,0.048775338256857,0.114725736918831),(0.,0.2),
 .UNSPECIFIED.);
#7405=B_SPLINE_SURFACE_WITH_KNOTS('',3,1,((#13127,#13128),(#13129,#13130),
(#13131,#13132),(#13133,#13134),(#13135,#13136)),.UNSPECIFIED.,.F.,.F.,
 .F.,(4,1,4),(2,2),(0.,0.0610588864212775,0.125272390175403),(0.,0.2),
 .UNSPECIFIED.);
#7406=B_SPLINE_SURFACE_WITH_KNOTS('',3,1,((#13146,#13147),(#13148,#13149),
(#13150,#13151),(#13152,#13153),(#13154,#13155)),.UNSPECIFIED.,.F.,.F.,
 .F.,(4,1,4),(2,2),(0.,0.0775865926205668,0.14347518674309),(0.,0.2),
 .UNSPECIFIED.);
#7407=B_SPLINE_SURFACE_WITH_KNOTS('',3,1,((#13163,#13164),(#13165,#13166),
(#13167,#13168),(#13169,#13170),(#13171,#13172)),.UNSPECIFIED.,.F.,.F.,
 .F.,(4,1,4),(2,2),(0.,0.0668585998761934,0.143611852334747),(0.,0.2),
 .UNSPECIFIED.);
#7408=B_SPLINE_SURFACE_WITH_KNOTS('',3,1,((#13180,#13181),(#13182,#13183),
(#13184,#13185),(#13186,#13187),(#13188,#13189)),.UNSPECIFIED.,.F.,.F.,
 .F.,(4,1,4),(2,2),(0.,0.0615544374045951,0.123373685047674),(0.,0.2),
 .UNSPECIFIED.);
#7409=B_SPLINE_SURFACE_WITH_KNOTS('',3,1,((#13197,#13198),(#13199,#13200),
(#13201,#13202),(#13203,#13204),(#13205,#13206)),.UNSPECIFIED.,.F.,.F.,
 .F.,(4,1,4),(2,2),(0.,0.0801066482405149,0.147816165889045),(0.,0.2),
 .UNSPECIFIED.);
#7410=B_SPLINE_SURFACE_WITH_KNOTS('',3,1,((#13214,#13215),(#13216,#13217),
(#13218,#13219),(#13220,#13221),(#13222,#13223)),.UNSPECIFIED.,.F.,.F.,
 .F.,(4,1,4),(2,2),(0.,0.0950640823520353,0.203691323735079),(0.,0.2),
 .UNSPECIFIED.);
#7411=B_SPLINE_SURFACE_WITH_KNOTS('',3,1,((#13231,#13232),(#13233,#13234),
(#13235,#13236),(#13237,#13238),(#13239,#13240)),.UNSPECIFIED.,.F.,.F.,
 .F.,(4,1,4),(2,2),(0.,0.111767712296324,0.207823992272221),(0.,0.2),
 .UNSPECIFIED.);
#7412=B_SPLINE_SURFACE_WITH_KNOTS('',3,1,((#13253,#13254),(#13255,#13256),
(#13257,#13258),(#13259,#13260),(#13261,#13262)),.UNSPECIFIED.,.F.,.F.,
 .F.,(4,1,4),(2,2),(0.,0.0963109486368248,0.206017623966432),(0.,0.2),
 .UNSPECIFIED.);
#7413=B_SPLINE_SURFACE_WITH_KNOTS('',3,1,((#13277,#13278),(#13279,#13280),
(#13281,#13282),(#13283,#13284),(#13285,#13286)),.UNSPECIFIED.,.F.,.F.,
 .F.,(4,1,4),(2,2),(0.,0.110212040481161,0.206667545673262),(0.,0.2),
 .UNSPECIFIED.);
#7414=B_SPLINE_SURFACE_WITH_KNOTS('',3,1,((#13294,#13295),(#13296,#13297),
(#13298,#13299),(#13300,#13301),(#13302,#13303)),.UNSPECIFIED.,.F.,.F.,
 .F.,(4,1,4),(2,2),(0.,0.0705551663618636,0.151336125605892),(0.,0.2),
 .UNSPECIFIED.);
#7415=B_SPLINE_SURFACE_WITH_KNOTS('',3,1,((#13320,#13321),(#13322,#13323),
(#13324,#13325),(#13326,#13327),(#13328,#13329)),.UNSPECIFIED.,.F.,.F.,
 .F.,(4,1,4),(2,2),(0.,0.0214730416091479,0.0515160358190781),(0.,0.2),
 .UNSPECIFIED.);
#7416=B_SPLINE_SURFACE_WITH_KNOTS('',3,1,((#13343,#13344),(#13345,#13346),
(#13347,#13348),(#13349,#13350),(#13351,#13352)),.UNSPECIFIED.,.F.,.F.,
 .F.,(4,1,4),(2,2),(0.,0.0197601067355421,0.0378645000451282),(0.,0.2),
 .UNSPECIFIED.);
#7417=B_SPLINE_SURFACE_WITH_KNOTS('',3,1,((#13366,#13367),(#13368,#13369),
(#13370,#13371),(#13372,#13373),(#13374,#13375)),.UNSPECIFIED.,.F.,.F.,
 .F.,(4,1,4),(2,2),(0.,0.0185562529855075,0.0396179097849053),(0.,0.2),
 .UNSPECIFIED.);
#7418=B_SPLINE_SURFACE_WITH_KNOTS('',3,1,((#13389,#13390),(#13391,#13392),
(#13393,#13394),(#13395,#13396),(#13397,#13398)),.UNSPECIFIED.,.F.,.F.,
 .F.,(4,1,4),(2,2),(0.,0.0308108225749612,0.0525698114708472),(0.,0.2),
 .UNSPECIFIED.);
#7419=B_SPLINE_SURFACE_WITH_KNOTS('',3,1,((#13430,#13431),(#13432,#13433),
(#13434,#13435),(#13436,#13437),(#13438,#13439)),.UNSPECIFIED.,.F.,.F.,
 .F.,(4,1,4),(2,2),(0.,0.0244794367407796,0.0591336016096697),(0.,0.2),
 .UNSPECIFIED.);
#7420=B_SPLINE_SURFACE_WITH_KNOTS('',3,1,((#13453,#13454),(#13455,#13456),
(#13457,#13458),(#13459,#13460),(#13461,#13462)),.UNSPECIFIED.,.F.,.F.,
 .F.,(4,1,4),(2,2),(0.,0.0204009506561735,0.0402109833855956),(0.,0.2),
 .UNSPECIFIED.);
#7421=B_SPLINE_SURFACE_WITH_KNOTS('',3,1,((#13476,#13477),(#13478,#13479),
(#13480,#13481),(#13482,#13483),(#13484,#13485)),.UNSPECIFIED.,.F.,.F.,
 .F.,(4,1,4),(2,2),(0.,0.020634619450049,0.0424661136910336),(0.,0.2),
 .UNSPECIFIED.);
#7422=B_SPLINE_SURFACE_WITH_KNOTS('',3,1,((#13499,#13500),(#13501,#13502),
(#13503,#13504),(#13505,#13506),(#13507,#13508)),.UNSPECIFIED.,.F.,.F.,
 .F.,(4,1,4),(2,2),(0.,0.0342049040338159,0.0588616122434438),(0.,0.2),
 .UNSPECIFIED.);
#7423=B_SPLINE_SURFACE_WITH_KNOTS('',3,1,((#13537,#13538),(#13539,#13540),
(#13541,#13542),(#13543,#13544),(#13545,#13546)),.UNSPECIFIED.,.F.,.F.,
 .F.,(4,1,4),(2,2),(0.,0.0437012477823171,0.0695929839285675),(0.,0.2),
 .UNSPECIFIED.);
#7424=B_SPLINE_SURFACE_WITH_KNOTS('',3,1,((#13554,#13555),(#13556,#13557),
(#13558,#13559),(#13560,#13561),(#13562,#13563)),.UNSPECIFIED.,.F.,.F.,
 .F.,(4,1,4),(2,2),(0.,0.0262518240449359,0.0611680461168195),(0.,0.2),
 .UNSPECIFIED.);
#7425=B_SPLINE_SURFACE_WITH_KNOTS('',3,1,((#13571,#13572),(#13573,#13574),
(#13575,#13576),(#13577,#13578),(#13579,#13580)),.UNSPECIFIED.,.F.,.F.,
 .F.,(4,1,4),(2,2),(0.,0.0350813285064538,0.0703138078262293),(0.,0.2),
 .UNSPECIFIED.);
#7426=B_SPLINE_SURFACE_WITH_KNOTS('',3,1,((#13588,#13589),(#13590,#13591),
(#13592,#13593),(#13594,#13595),(#13596,#13597)),.UNSPECIFIED.,.F.,.F.,
 .F.,(4,1,4),(2,2),(0.,0.0371957208735876,0.0728702183005119),(0.,0.2),
 .UNSPECIFIED.);
#7427=B_SPLINE_SURFACE_WITH_KNOTS('',3,1,((#13605,#13606),(#13607,#13608),
(#13609,#13610),(#13611,#13612),(#13613,#13614)),.UNSPECIFIED.,.F.,.F.,
 .F.,(4,1,4),(2,2),(0.,0.040378461227273,0.0845365561146144),(0.,0.2),
 .UNSPECIFIED.);
#7428=B_SPLINE_SURFACE_WITH_KNOTS('',3,1,((#13622,#13623),(#13624,#13625),
(#13626,#13627),(#13628,#13629),(#13630,#13631)),.UNSPECIFIED.,.F.,.F.,
 .F.,(4,1,4),(2,2),(0.,0.0499732965474225,0.0921848407647043),(0.,0.2),
 .UNSPECIFIED.);
#7429=B_SPLINE_SURFACE_WITH_KNOTS('',3,1,((#13639,#13640),(#13641,#13642),
(#13643,#13644),(#13645,#13646),(#13647,#13648)),.UNSPECIFIED.,.F.,.F.,
 .F.,(4,1,4),(2,2),(0.,0.0295419417540787,0.0639515829350673),(0.,0.2),
 .UNSPECIFIED.);
#7430=B_SPLINE_SURFACE_WITH_KNOTS('',3,1,((#13656,#13657),(#13658,#13659),
(#13660,#13661),(#13662,#13663),(#13664,#13665)),.UNSPECIFIED.,.F.,.F.,
 .F.,(4,1,4),(2,2),(0.,0.0417585705176293,0.0823231080987399),(0.,0.2),
 .UNSPECIFIED.);
#7431=B_SPLINE_SURFACE_WITH_KNOTS('',3,1,((#13673,#13674),(#13675,#13676),
(#13677,#13678),(#13679,#13680),(#13681,#13682)),.UNSPECIFIED.,.F.,.F.,
 .F.,(4,1,4),(2,2),(0.,0.0494865907405264,0.0990423680263409),(0.,0.2),
 .UNSPECIFIED.);
#7432=B_SPLINE_SURFACE_WITH_KNOTS('',3,1,((#13690,#13691),(#13692,#13693),
(#13694,#13695),(#13696,#13697),(#13698,#13699)),.UNSPECIFIED.,.F.,.F.,
 .F.,(4,1,4),(2,2),(0.,0.0645307476113744,0.118759056362137),(0.,0.2),
 .UNSPECIFIED.);
#7433=B_SPLINE_SURFACE_WITH_KNOTS('',3,1,((#13714,#13715),(#13716,#13717),
(#13718,#13719),(#13720,#13721),(#13722,#13723)),.UNSPECIFIED.,.F.,.F.,
 .F.,(4,1,4),(2,2),(0.,0.0322422003395849,0.0695208407984085),(0.,0.2),
 .UNSPECIFIED.);
#7434=B_SPLINE_SURFACE_WITH_KNOTS('',3,1,((#13733,#13734),(#13735,#13736),
(#13737,#13738),(#13739,#13740),(#13741,#13742)),.UNSPECIFIED.,.F.,.F.,
 .F.,(4,1,4),(2,2),(0.,0.0360467616464211,0.0679397340103556),(0.,0.2),
 .UNSPECIFIED.);
#7435=B_SPLINE_SURFACE_WITH_KNOTS('',3,1,((#13750,#13751),(#13752,#13753),
(#13754,#13755),(#13756,#13757),(#13758,#13759)),.UNSPECIFIED.,.F.,.F.,
 .F.,(4,1,4),(2,2),(0.,0.0321008647410288,0.0684133632027003),(0.,0.2),
 .UNSPECIFIED.);
#7436=B_SPLINE_SURFACE_WITH_KNOTS('',3,1,((#13767,#13768),(#13769,#13770),
(#13771,#13772),(#13773,#13774),(#13775,#13776)),.UNSPECIFIED.,.F.,.F.,
 .F.,(4,1,4),(2,2),(0.,0.0368606041530116,0.0691747357178488),(0.,0.2),
 .UNSPECIFIED.);
#7437=B_SPLINE_SURFACE_WITH_KNOTS('',3,1,((#13796,#13797),(#13798,#13799),
(#13800,#13801),(#13802,#13803),(#13804,#13805)),.UNSPECIFIED.,.F.,.F.,
 .F.,(4,1,4),(2,2),(0.,0.0462548914308957,0.0859521458485854),(0.,0.2),
 .UNSPECIFIED.);
#7438=B_SPLINE_SURFACE_WITH_KNOTS('',3,1,((#13813,#13814),(#13815,#13816),
(#13817,#13818),(#13819,#13820),(#13821,#13822)),.UNSPECIFIED.,.F.,.F.,
 .F.,(4,1,4),(2,2),(0.,0.0348596201947321,0.0667102018995884),(0.,0.2),
 .UNSPECIFIED.);
#7439=B_SPLINE_SURFACE_WITH_KNOTS('',3,1,((#13830,#13831),(#13832,#13833),
(#13834,#13835),(#13836,#13837),(#13838,#13839)),.UNSPECIFIED.,.F.,.F.,
 .F.,(4,1,4),(2,2),(0.,0.0332787142111079,0.0686604371153103),(0.,0.2),
 .UNSPECIFIED.);
#7440=B_SPLINE_SURFACE_WITH_KNOTS('',3,1,((#13847,#13848),(#13849,#13850),
(#13851,#13852),(#13853,#13854),(#13855,#13856)),.UNSPECIFIED.,.F.,.F.,
 .F.,(4,1,4),(2,2),(0.,0.0403337147081173,0.0752369401022644),(0.,0.2),
 .UNSPECIFIED.);
#7441=B_SPLINE_SURFACE_WITH_KNOTS('',3,1,((#13864,#13865),(#13866,#13867),
(#13868,#13869),(#13870,#13871),(#13872,#13873)),.UNSPECIFIED.,.F.,.F.,
 .F.,(4,1,4),(2,2),(0.,0.0381779152443419,0.0798367843682899),(0.,0.2),
 .UNSPECIFIED.);
#7442=B_SPLINE_SURFACE_WITH_KNOTS('',3,1,((#13881,#13882),(#13883,#13884),
(#13885,#13886),(#13887,#13888),(#13889,#13890)),.UNSPECIFIED.,.F.,.F.,
 .F.,(4,1,4),(2,2),(0.,0.0510981840463295,0.109824821429743),(0.,0.2),
 .UNSPECIFIED.);
#7443=B_SPLINE_SURFACE_WITH_KNOTS('',3,1,((#13898,#13899),(#13900,#13901),
(#13902,#13903),(#13904,#13905),(#13906,#13907)),.UNSPECIFIED.,.F.,.F.,
 .F.,(4,1,4),(2,2),(0.,0.0392861185381322,0.0749174728907157),(0.,0.2),
 .UNSPECIFIED.);
#7444=B_SPLINE_SURFACE_WITH_KNOTS('',3,1,((#13915,#13916),(#13917,#13918),
(#13919,#13920),(#13921,#13922),(#13923,#13924)),.UNSPECIFIED.,.F.,.F.,
 .F.,(4,1,4),(2,2),(0.,0.040936753140672,0.0818682289625963),(0.,0.2),
 .UNSPECIFIED.);
#7445=B_SPLINE_SURFACE_WITH_KNOTS('',3,1,((#13932,#13933),(#13934,#13935),
(#13936,#13937),(#13938,#13939),(#13940,#13941)),.UNSPECIFIED.,.F.,.F.,
 .F.,(4,1,4),(2,2),(0.,0.0432095406245728,0.0851117045159998),(0.,0.2),
 .UNSPECIFIED.);
#7446=B_SPLINE_SURFACE_WITH_KNOTS('',3,1,((#13977,#13978),(#13979,#13980),
(#13981,#13982),(#13983,#13984),(#13985,#13986)),.UNSPECIFIED.,.F.,.F.,
 .F.,(4,1,4),(2,2),(0.,0.0272021490345737,0.0597438739581019),(0.,0.2),
 .UNSPECIFIED.);
#7447=B_SPLINE_SURFACE_WITH_KNOTS('',3,1,((#13994,#13995),(#13996,#13997),
(#13998,#13999),(#14000,#14001),(#14002,#14003)),.UNSPECIFIED.,.F.,.F.,
 .F.,(4,1,4),(2,2),(0.,0.0253933698804243,0.0501711153208711),(0.,0.2),
 .UNSPECIFIED.);
#7448=B_SPLINE_SURFACE_WITH_KNOTS('',3,1,((#14011,#14012),(#14013,#14014),
(#14015,#14016),(#14017,#14018),(#14019,#14020)),.UNSPECIFIED.,.F.,.F.,
 .F.,(4,1,4),(2,2),(0.,0.0448962184637262,0.0942279901628738),(0.,0.2),
 .UNSPECIFIED.);
#7449=B_SPLINE_SURFACE_WITH_KNOTS('',3,1,((#14028,#14029),(#14030,#14031),
(#14032,#14033),(#14034,#14035),(#14036,#14037)),.UNSPECIFIED.,.F.,.F.,
 .F.,(4,1,4),(2,2),(0.,0.069994352054725,0.121721236604163),(0.,0.2),
 .UNSPECIFIED.);
#7450=B_SPLINE_SURFACE_WITH_KNOTS('',3,1,((#14045,#14046),(#14047,#14048),
(#14049,#14050),(#14051,#14052),(#14053,#14054)),.UNSPECIFIED.,.F.,.F.,
 .F.,(4,1,4),(2,2),(0.,0.0508875060602141,0.117440522297417),(0.,0.2),
 .UNSPECIFIED.);
#7451=B_SPLINE_SURFACE_WITH_KNOTS('',3,1,((#14062,#14063),(#14064,#14065),
(#14066,#14067),(#14068,#14069),(#14070,#14071)),.UNSPECIFIED.,.F.,.F.,
 .F.,(4,1,4),(2,2),(0.,0.046505043568004,0.0906642487716848),(0.,0.2),
 .UNSPECIFIED.);
#7452=B_SPLINE_SURFACE_WITH_KNOTS('',3,1,((#14079,#14080),(#14081,#14082),
(#14083,#14084),(#14085,#14086),(#14087,#14088)),.UNSPECIFIED.,.F.,.F.,
 .F.,(4,1,4),(2,2),(0.,0.0274401030256416,0.0587451280042419),(0.,0.2),
 .UNSPECIFIED.);
#7453=B_SPLINE_SURFACE_WITH_KNOTS('',3,1,((#14096,#14097),(#14098,#14099),
(#14100,#14101),(#14102,#14103),(#14104,#14105)),.UNSPECIFIED.,.F.,.F.,
 .F.,(4,1,4),(2,2),(0.,0.0278937501070937,0.0541531620675477),(0.,0.2),
 .UNSPECIFIED.);
#7454=B_SPLINE_SURFACE_WITH_KNOTS('',3,1,((#14117,#14118),(#14119,#14120),
(#14121,#14122),(#14123,#14124),(#14125,#14126)),.UNSPECIFIED.,.F.,.F.,
 .F.,(4,1,4),(2,2),(0.,0.0429340231184008,0.0903040764021706),(0.,0.2),
 .UNSPECIFIED.);
#7455=B_SPLINE_SURFACE_WITH_KNOTS('',3,1,((#14134,#14135),(#14136,#14137),
(#14138,#14139),(#14140,#14141),(#14142,#14143)),.UNSPECIFIED.,.F.,.F.,
 .F.,(4,1,4),(2,2),(0.,0.0421942568673763,0.0832853611980614),(0.,0.2),
 .UNSPECIFIED.);
#7456=B_SPLINE_SURFACE_WITH_KNOTS('',3,1,((#14151,#14152),(#14153,#14154),
(#14155,#14156),(#14157,#14158),(#14159,#14160)),.UNSPECIFIED.,.F.,.F.,
 .F.,(4,1,4),(2,2),(0.,0.0725305693025833,0.125288557697974),(0.,0.2),
 .UNSPECIFIED.);
#7457=B_SPLINE_SURFACE_WITH_KNOTS('',3,1,((#14168,#14169),(#14170,#14171),
(#14172,#14173),(#14174,#14175),(#14176,#14177)),.UNSPECIFIED.,.F.,.F.,
 .F.,(4,1,4),(2,2),(0.,0.0623066517246275,0.139709486201683),(0.,0.2),
 .UNSPECIFIED.);
#7458=B_SPLINE_SURFACE_WITH_KNOTS('',3,1,((#14185,#14186),(#14187,#14188),
(#14189,#14190),(#14191,#14192),(#14193,#14194)),.UNSPECIFIED.,.F.,.F.,
 .F.,(4,1,4),(2,2),(0.,0.0675779390590767,0.1367037402747),(0.,0.2),
 .UNSPECIFIED.);
#7459=B_SPLINE_SURFACE_WITH_KNOTS('',3,1,((#14202,#14203),(#14204,#14205),
(#14206,#14207),(#14208,#14209),(#14210,#14211)),.UNSPECIFIED.,.F.,.F.,
 .F.,(4,1,4),(2,2),(0.,0.07699032384814,0.147558844368486),(0.,0.2),
 .UNSPECIFIED.);
#7460=B_SPLINE_SURFACE_WITH_KNOTS('',3,1,((#14219,#14220),(#14221,#14222),
(#14223,#14224),(#14225,#14226),(#14227,#14228)),.UNSPECIFIED.,.F.,.F.,
 .F.,(4,1,4),(2,2),(0.,0.0684920453356631,0.142225674599565),(0.,0.2),
 .UNSPECIFIED.);
#7461=B_SPLINE_SURFACE_WITH_KNOTS('',3,1,((#14236,#14237),(#14238,#14239),
(#14240,#14241),(#14242,#14243),(#14244,#14245)),.UNSPECIFIED.,.F.,.F.,
 .F.,(4,1,4),(2,2),(0.,0.0625009063245667,0.126919657905298),(0.,0.2),
 .UNSPECIFIED.);
#7462=B_SPLINE_SURFACE_WITH_KNOTS('',3,1,((#14253,#14254),(#14255,#14256),
(#14257,#14258),(#14259,#14260),(#14261,#14262)),.UNSPECIFIED.,.F.,.F.,
 .F.,(4,1,4),(2,2),(0.,0.0811451971401702,0.149387747935176),(0.,0.2),
 .UNSPECIFIED.);
#7463=B_SPLINE_SURFACE_WITH_KNOTS('',3,1,((#14275,#14276),(#14277,#14278),
(#14279,#14280),(#14281,#14282),(#14283,#14284)),.UNSPECIFIED.,.F.,.F.,
 .F.,(4,1,4),(2,2),(0.,0.0589725143538767,0.126507374287811),(0.,0.2),
 .UNSPECIFIED.);
#7464=B_SPLINE_SURFACE_WITH_KNOTS('',3,1,((#14299,#14300),(#14301,#14302),
(#14303,#14304),(#14305,#14306),(#14307,#14308)),.UNSPECIFIED.,.F.,.F.,
 .F.,(4,1,4),(2,2),(0.,0.0755875367020322,0.13725508441666),(0.,0.2),
 .UNSPECIFIED.);
#7465=B_SPLINE_SURFACE_WITH_KNOTS('',3,1,((#14392,#14393),(#14394,#14395),
(#14396,#14397),(#14398,#14399),(#14400,#14401)),.UNSPECIFIED.,.F.,.F.,
 .F.,(4,1,4),(2,2),(0.,0.0214730671707365,0.0515160552907463),(0.,0.2),
 .UNSPECIFIED.);
#7466=B_SPLINE_SURFACE_WITH_KNOTS('',3,1,((#14415,#14416),(#14417,#14418),
(#14419,#14420),(#14421,#14422),(#14423,#14424)),.UNSPECIFIED.,.F.,.F.,
 .F.,(4,1,4),(2,2),(0.,0.0197600347206889,0.037864567825903),(0.,0.2),
 .UNSPECIFIED.);
#7467=B_SPLINE_SURFACE_WITH_KNOTS('',3,1,((#14438,#14439),(#14440,#14441),
(#14442,#14443),(#14444,#14445),(#14446,#14447)),.UNSPECIFIED.,.F.,.F.,
 .F.,(4,1,4),(2,2),(0.,0.0185561796531281,0.0396178952098913),(0.,0.2),
 .UNSPECIFIED.);
#7468=B_SPLINE_SURFACE_WITH_KNOTS('',3,1,((#14461,#14462),(#14463,#14464),
(#14465,#14466),(#14467,#14468),(#14469,#14470)),.UNSPECIFIED.,.F.,.F.,
 .F.,(4,1,4),(2,2),(0.,0.0308108225749612,0.0525698498348628),(0.,0.2),
 .UNSPECIFIED.);
#7469=B_SPLINE_SURFACE_WITH_KNOTS('',3,1,((#14502,#14503),(#14504,#14505),
(#14506,#14507),(#14508,#14509),(#14510,#14511)),.UNSPECIFIED.,.F.,.F.,
 .F.,(4,1,4),(2,2),(0.,0.0244796785046295,0.0591340806634084),(0.,0.2),
 .UNSPECIFIED.);
#7470=B_SPLINE_SURFACE_WITH_KNOTS('',3,1,((#14525,#14526),(#14527,#14528),
(#14529,#14530),(#14531,#14532),(#14533,#14534)),.UNSPECIFIED.,.F.,.F.,
 .F.,(4,1,4),(2,2),(0.,0.0204009506561735,0.0402109833855956),(0.,0.2),
 .UNSPECIFIED.);
#7471=B_SPLINE_SURFACE_WITH_KNOTS('',3,1,((#14548,#14549),(#14550,#14551),
(#14552,#14553),(#14554,#14555),(#14556,#14557)),.UNSPECIFIED.,.F.,.F.,
 .F.,(4,1,4),(2,2),(0.,0.0206348552787756,0.0424663495197602),(0.,0.2),
 .UNSPECIFIED.);
#7472=B_SPLINE_SURFACE_WITH_KNOTS('',3,1,((#14571,#14572),(#14573,#14574),
(#14575,#14576),(#14577,#14578),(#14579,#14580)),.UNSPECIFIED.,.F.,.F.,
 .F.,(4,1,4),(2,2),(0.,0.0342046730607656,0.0588615707988877),(0.,0.2),
 .UNSPECIFIED.);
#7473=B_SPLINE_SURFACE_WITH_KNOTS('',3,1,((#14609,#14610),(#14611,#14612),
(#14613,#14614),(#14615,#14616),(#14617,#14618)),.UNSPECIFIED.,.F.,.F.,
 .F.,(4,1,4),(2,2),(0.,0.0437010179808276,0.0695929881022218),(0.,0.2),
 .UNSPECIFIED.);
#7474=B_SPLINE_SURFACE_WITH_KNOTS('',3,1,((#14626,#14627),(#14628,#14629),
(#14630,#14631),(#14632,#14633),(#14634,#14635)),.UNSPECIFIED.,.F.,.F.,
 .F.,(4,1,4),(2,2),(0.,0.0262518681850773,0.0611680789036812),(0.,0.2),
 .UNSPECIFIED.);
#7475=B_SPLINE_SURFACE_WITH_KNOTS('',3,1,((#14643,#14644),(#14645,#14646),
(#14647,#14648),(#14649,#14650),(#14651,#14652)),.UNSPECIFIED.,.F.,.F.,
 .F.,(4,1,4),(2,2),(0.,0.0350811830561898,0.070313780082614),(0.,0.2),
 .UNSPECIFIED.);
#7476=B_SPLINE_SURFACE_WITH_KNOTS('',3,1,((#14660,#14661),(#14662,#14663),
(#14664,#14665),(#14666,#14667),(#14668,#14669)),.UNSPECIFIED.,.F.,.F.,
 .F.,(4,1,4),(2,2),(0.,0.0371957208735876,0.0728702183005119),(0.,0.2),
 .UNSPECIFIED.);
#7477=B_SPLINE_SURFACE_WITH_KNOTS('',3,1,((#14677,#14678),(#14679,#14680),
(#14681,#14682),(#14683,#14684),(#14685,#14686)),.UNSPECIFIED.,.F.,.F.,
 .F.,(4,1,4),(2,2),(0.,0.040378408678463,0.0845366215351506),(0.,0.2),
 .UNSPECIFIED.);
#7478=B_SPLINE_SURFACE_WITH_KNOTS('',3,1,((#14694,#14695),(#14696,#14697),
(#14698,#14699),(#14700,#14701),(#14702,#14703)),.UNSPECIFIED.,.F.,.F.,
 .F.,(4,1,4),(2,2),(0.,0.0499732965474225,0.092184878750779),(0.,0.2),
 .UNSPECIFIED.);
#7479=B_SPLINE_SURFACE_WITH_KNOTS('',3,1,((#14711,#14712),(#14713,#14714),
(#14715,#14716),(#14717,#14718),(#14719,#14720)),.UNSPECIFIED.,.F.,.F.,
 .F.,(4,1,4),(2,2),(0.,0.0295419799459217,0.0639515834638988),(0.,0.2),
 .UNSPECIFIED.);
#7480=B_SPLINE_SURFACE_WITH_KNOTS('',3,1,((#14728,#14729),(#14730,#14731),
(#14732,#14733),(#14734,#14735),(#14736,#14737)),.UNSPECIFIED.,.F.,.F.,
 .F.,(4,1,4),(2,2),(0.,0.0417586880851737,0.0823231488020815),(0.,0.2),
 .UNSPECIFIED.);
#7481=B_SPLINE_SURFACE_WITH_KNOTS('',3,1,((#14745,#14746),(#14747,#14748),
(#14749,#14750),(#14751,#14752),(#14753,#14754)),.UNSPECIFIED.,.F.,.F.,
 .F.,(4,1,4),(2,2),(0.,0.0494865907405264,0.0990423680263409),(0.,0.2),
 .UNSPECIFIED.);
#7482=B_SPLINE_SURFACE_WITH_KNOTS('',3,1,((#14762,#14763),(#14764,#14765),
(#14766,#14767),(#14768,#14769),(#14770,#14771)),.UNSPECIFIED.,.F.,.F.,
 .F.,(4,1,4),(2,2),(0.,0.0645307372745565,0.118759053405731),(0.,0.2),
 .UNSPECIFIED.);
#7483=B_SPLINE_SURFACE_WITH_KNOTS('',3,1,((#14921,#14922),(#14923,#14924),
(#14925,#14926),(#14927,#14928),(#14929,#14930)),.UNSPECIFIED.,.F.,.F.,
 .F.,(4,1,4),(2,2),(0.,0.04292574223083,0.0841435122181874),(0.,0.2),
 .UNSPECIFIED.);
#7484=B_SPLINE_SURFACE_WITH_KNOTS('',3,1,((#14947,#14948),(#14949,#14950),
(#14951,#14952),(#14953,#14954),(#14955,#14956)),.UNSPECIFIED.,.F.,.F.,
 .F.,(4,1,4),(2,2),(0.,0.0415031585704084,0.0859541504533685),(0.,0.2),
 .UNSPECIFIED.);
#7485=B_SPLINE_SURFACE_WITH_KNOTS('',3,1,((#14970,#14971),(#14972,#14973),
(#14974,#14975),(#14976,#14977),(#14978,#14979)),.UNSPECIFIED.,.F.,.F.,
 .F.,(4,1,4),(2,2),(0.,0.0615065770729887,0.108696069017882),(0.,0.2),
 .UNSPECIFIED.);
#7486=B_SPLINE_SURFACE_WITH_KNOTS('',3,1,((#14993,#14994),(#14995,#14996),
(#14997,#14998),(#14999,#15000),(#15001,#15002)),.UNSPECIFIED.,.F.,.F.,
 .F.,(4,1,4),(2,2),(0.,0.0496861640236587,0.121039546141528),(0.,0.2),
 .UNSPECIFIED.);
#7487=B_SPLINE_SURFACE_WITH_KNOTS('',3,1,((#15016,#15017),(#15018,#15019),
(#15020,#15021),(#15022,#15023),(#15024,#15025)),.UNSPECIFIED.,.F.,.F.,
 .F.,(4,1,4),(2,2),(0.,0.044904634685563,0.0858164596066695),(0.,0.2),
 .UNSPECIFIED.);
#7488=B_SPLINE_SURFACE_WITH_KNOTS('',3,1,((#15039,#15040),(#15041,#15042),
(#15043,#15044),(#15045,#15046),(#15047,#15048)),.UNSPECIFIED.,.F.,.F.,
 .F.,(4,1,4),(2,2),(0.,0.0414561143637174,0.085595770172615),(0.,0.2),
 .UNSPECIFIED.);
#7489=B_SPLINE_SURFACE_WITH_KNOTS('',3,1,((#15062,#15063),(#15064,#15065),
(#15066,#15067),(#15068,#15069),(#15070,#15071)),.UNSPECIFIED.,.F.,.F.,
 .F.,(4,1,4),(2,2),(0.,0.0654371748012854,0.114003299447582),(0.,0.2),
 .UNSPECIFIED.);
#7490=B_SPLINE_SURFACE_WITH_KNOTS('',3,1,((#15085,#15086),(#15087,#15088),
(#15089,#15090),(#15091,#15092),(#15093,#15094)),.UNSPECIFIED.,.F.,.F.,
 .F.,(4,1,4),(2,2),(0.,0.0487751825869888,0.114725568456792),(0.,0.2),
 .UNSPECIFIED.);
#7491=B_SPLINE_SURFACE_WITH_KNOTS('',3,1,((#15105,#15106),(#15107,#15108),
(#15109,#15110),(#15111,#15112),(#15113,#15114)),.UNSPECIFIED.,.F.,.F.,
 .F.,(4,1,4),(2,2),(0.,0.0610587884533034,0.125272365892546),(0.,0.2),
 .UNSPECIFIED.);
#7492=B_SPLINE_SURFACE_WITH_KNOTS('',3,1,((#15124,#15125),(#15126,#15127),
(#15128,#15129),(#15130,#15131),(#15132,#15133)),.UNSPECIFIED.,.F.,.F.,
 .F.,(4,1,4),(2,2),(0.,0.0775863551022321,0.143474949224755),(0.,0.2),
 .UNSPECIFIED.);
#7493=B_SPLINE_SURFACE_WITH_KNOTS('',3,1,((#15141,#15142),(#15143,#15144),
(#15145,#15146),(#15147,#15148),(#15149,#15150)),.UNSPECIFIED.,.F.,.F.,
 .F.,(4,1,4),(2,2),(0.,0.0668584882102598,0.143611977852466),(0.,0.2),
 .UNSPECIFIED.);
#7494=B_SPLINE_SURFACE_WITH_KNOTS('',3,1,((#15158,#15159),(#15160,#15161),
(#15162,#15163),(#15164,#15165),(#15166,#15167)),.UNSPECIFIED.,.F.,.F.,
 .F.,(4,1,4),(2,2),(0.,0.0615543675544091,0.123373804941311),(0.,0.2),
 .UNSPECIFIED.);
#7495=B_SPLINE_SURFACE_WITH_KNOTS('',3,1,((#15175,#15176),(#15177,#15178),
(#15179,#15180),(#15181,#15182),(#15183,#15184)),.UNSPECIFIED.,.F.,.F.,
 .F.,(4,1,4),(2,2),(0.,0.0801066482405149,0.147816126933153),(0.,0.2),
 .UNSPECIFIED.);
#7496=B_SPLINE_SURFACE_WITH_KNOTS('',3,1,((#15192,#15193),(#15194,#15195),
(#15196,#15197),(#15198,#15199),(#15200,#15201)),.UNSPECIFIED.,.F.,.F.,
 .F.,(4,1,4),(2,2),(0.,0.0950640823520353,0.203691323735079),(0.,0.2),
 .UNSPECIFIED.);
#7497=B_SPLINE_SURFACE_WITH_KNOTS('',3,1,((#15209,#15210),(#15211,#15212),
(#15213,#15214),(#15215,#15216),(#15217,#15218)),.UNSPECIFIED.,.F.,.F.,
 .F.,(4,1,4),(2,2),(0.,0.111767594434091,0.2078237728245),(0.,0.2),
 .UNSPECIFIED.);
#7498=B_SPLINE_SURFACE_WITH_KNOTS('',3,1,((#15231,#15232),(#15233,#15234),
(#15235,#15236),(#15237,#15238),(#15239,#15240)),.UNSPECIFIED.,.F.,.F.,
 .F.,(4,1,4),(2,2),(0.,0.0963110496370918,0.206017724966699),(0.,0.2),
 .UNSPECIFIED.);
#7499=B_SPLINE_SURFACE_WITH_KNOTS('',3,1,((#15255,#15256),(#15257,#15258),
(#15259,#15260),(#15261,#15262),(#15263,#15264)),.UNSPECIFIED.,.F.,.F.,
 .F.,(4,1,4),(2,2),(0.,0.110212068149309,0.20666757334141),(0.,0.2),
 .UNSPECIFIED.);
#7500=B_SPLINE_SURFACE_WITH_KNOTS('',3,1,((#15272,#15273),(#15274,#15275),
(#15276,#15277),(#15278,#15279),(#15280,#15281)),.UNSPECIFIED.,.F.,.F.,
 .F.,(4,1,4),(2,2),(0.,0.0705553191432582,0.151336252970245),(0.,0.2),
 .UNSPECIFIED.);
#7501=ADVANCED_FACE('',(#258),#7284,.F.);
#7502=ADVANCED_FACE('',(#259),#7285,.F.);
#7503=ADVANCED_FACE('',(#260),#7286,.F.);
#7504=ADVANCED_FACE('',(#261),#7287,.F.);
#7505=ADVANCED_FACE('',(#262),#7288,.F.);
#7506=ADVANCED_FACE('',(#263),#7289,.F.);
#7507=ADVANCED_FACE('',(#264),#7290,.F.);
#7508=ADVANCED_FACE('',(#265),#7291,.F.);
#7509=ADVANCED_FACE('',(#266),#7292,.F.);
#7510=ADVANCED_FACE('',(#267),#7293,.F.);
#7511=ADVANCED_FACE('',(#268),#7294,.F.);
#7512=ADVANCED_FACE('',(#269),#7295,.F.);
#7513=ADVANCED_FACE('',(#270),#7296,.F.);
#7514=ADVANCED_FACE('',(#271),#7297,.F.);
#7515=ADVANCED_FACE('',(#272),#7298,.F.);
#7516=ADVANCED_FACE('',(#273),#7299,.F.);
#7517=ADVANCED_FACE('',(#274,#34),#62,.T.);
#7518=ADVANCED_FACE('',(#275),#63,.F.);
#7519=ADVANCED_FACE('',(#276),#64,.F.);
#7520=ADVANCED_FACE('',(#277),#7300,.F.);
#7521=ADVANCED_FACE('',(#278),#7301,.F.);
#7522=ADVANCED_FACE('',(#279),#7302,.F.);
#7523=ADVANCED_FACE('',(#280),#7303,.F.);
#7524=ADVANCED_FACE('',(#281),#65,.F.);
#7525=ADVANCED_FACE('',(#282),#66,.F.);
#7526=ADVANCED_FACE('',(#283),#67,.F.);
#7527=ADVANCED_FACE('',(#284),#7304,.F.);
#7528=ADVANCED_FACE('',(#285),#7305,.F.);
#7529=ADVANCED_FACE('',(#286),#7306,.F.);
#7530=ADVANCED_FACE('',(#287),#7307,.F.);
#7531=ADVANCED_FACE('',(#288),#68,.F.);
#7532=ADVANCED_FACE('',(#289),#69,.F.);
#7533=ADVANCED_FACE('',(#290),#70,.F.);
#7534=ADVANCED_FACE('',(#291),#71,.T.);
#7535=ADVANCED_FACE('',(#292),#7308,.F.);
#7536=ADVANCED_FACE('',(#293),#7309,.F.);
#7537=ADVANCED_FACE('',(#294),#7310,.F.);
#7538=ADVANCED_FACE('',(#295),#7311,.F.);
#7539=ADVANCED_FACE('',(#296),#7312,.F.);
#7540=ADVANCED_FACE('',(#297),#7313,.F.);
#7541=ADVANCED_FACE('',(#298),#7314,.F.);
#7542=ADVANCED_FACE('',(#299),#7315,.F.);
#7543=ADVANCED_FACE('',(#300),#72,.F.);
#7544=ADVANCED_FACE('',(#301),#7316,.F.);
#7545=ADVANCED_FACE('',(#302),#7317,.F.);
#7546=ADVANCED_FACE('',(#303),#7318,.F.);
#7547=ADVANCED_FACE('',(#304),#7319,.F.);
#7548=ADVANCED_FACE('',(#305),#7320,.F.);
#7549=ADVANCED_FACE('',(#306),#7321,.F.);
#7550=ADVANCED_FACE('',(#307),#7322,.F.);
#7551=ADVANCED_FACE('',(#308),#7323,.F.);
#7552=ADVANCED_FACE('',(#309),#7324,.F.);
#7553=ADVANCED_FACE('',(#310),#7325,.F.);
#7554=ADVANCED_FACE('',(#311),#7326,.F.);
#7555=ADVANCED_FACE('',(#312),#7327,.F.);
#7556=ADVANCED_FACE('',(#313),#7328,.F.);
#7557=ADVANCED_FACE('',(#314),#73,.F.);
#7558=ADVANCED_FACE('',(#315),#7329,.F.);
#7559=ADVANCED_FACE('',(#316),#7330,.F.);
#7560=ADVANCED_FACE('',(#317),#74,.F.);
#7561=ADVANCED_FACE('',(#318),#7331,.F.);
#7562=ADVANCED_FACE('',(#319),#7332,.F.);
#7563=ADVANCED_FACE('',(#320),#7333,.F.);
#7564=ADVANCED_FACE('',(#321),#7334,.F.);
#7565=ADVANCED_FACE('',(#322),#7335,.F.);
#7566=ADVANCED_FACE('',(#323),#7336,.F.);
#7567=ADVANCED_FACE('',(#324),#7337,.F.);
#7568=ADVANCED_FACE('',(#325),#7338,.F.);
#7569=ADVANCED_FACE('',(#326),#75,.F.);
#7570=ADVANCED_FACE('',(#327),#7339,.F.);
#7571=ADVANCED_FACE('',(#328,#35),#76,.T.);
#7572=ADVANCED_FACE('',(#329),#7340,.F.);
#7573=ADVANCED_FACE('',(#330),#7341,.F.);
#7574=ADVANCED_FACE('',(#331),#7342,.F.);
#7575=ADVANCED_FACE('',(#332),#7343,.F.);
#7576=ADVANCED_FACE('',(#333),#7344,.F.);
#7577=ADVANCED_FACE('',(#334),#7345,.F.);
#7578=ADVANCED_FACE('',(#335),#7346,.F.);
#7579=ADVANCED_FACE('',(#336),#7347,.F.);
#7580=ADVANCED_FACE('',(#337),#77,.F.);
#7581=ADVANCED_FACE('',(#338),#7348,.F.);
#7582=ADVANCED_FACE('',(#339),#7349,.F.);
#7583=ADVANCED_FACE('',(#340),#7350,.F.);
#7584=ADVANCED_FACE('',(#341),#7351,.F.);
#7585=ADVANCED_FACE('',(#342),#7352,.F.);
#7586=ADVANCED_FACE('',(#343),#7353,.F.);
#7587=ADVANCED_FACE('',(#344),#7354,.F.);
#7588=ADVANCED_FACE('',(#345),#7355,.F.);
#7589=ADVANCED_FACE('',(#346),#7356,.F.);
#7590=ADVANCED_FACE('',(#347),#7357,.F.);
#7591=ADVANCED_FACE('',(#348),#7358,.F.);
#7592=ADVANCED_FACE('',(#349),#7359,.F.);
#7593=ADVANCED_FACE('',(#350),#7360,.F.);
#7594=ADVANCED_FACE('',(#351),#78,.F.);
#7595=ADVANCED_FACE('',(#352),#7361,.F.);
#7596=ADVANCED_FACE('',(#353),#7362,.F.);
#7597=ADVANCED_FACE('',(#354),#79,.F.);
#7598=ADVANCED_FACE('',(#355),#7363,.F.);
#7599=ADVANCED_FACE('',(#356),#7364,.F.);
#7600=ADVANCED_FACE('',(#357),#7365,.F.);
#7601=ADVANCED_FACE('',(#358),#7366,.F.);
#7602=ADVANCED_FACE('',(#359),#7367,.F.);
#7603=ADVANCED_FACE('',(#360),#7368,.F.);
#7604=ADVANCED_FACE('',(#361),#7369,.F.);
#7605=ADVANCED_FACE('',(#362),#7370,.F.);
#7606=ADVANCED_FACE('',(#363),#80,.F.);
#7607=ADVANCED_FACE('',(#364),#7371,.F.);
#7608=ADVANCED_FACE('',(#365,#36),#81,.T.);
#7609=ADVANCED_FACE('',(#366),#82,.F.);
#7610=ADVANCED_FACE('',(#367),#83,.F.);
#7611=ADVANCED_FACE('',(#368),#84,.F.);
#7612=ADVANCED_FACE('',(#369),#85,.F.);
#7613=ADVANCED_FACE('',(#370),#86,.F.);
#7614=ADVANCED_FACE('',(#371),#87,.F.);
#7615=ADVANCED_FACE('',(#372),#88,.F.);
#7616=ADVANCED_FACE('',(#373),#89,.F.);
#7617=ADVANCED_FACE('',(#374),#90,.F.);
#7618=ADVANCED_FACE('',(#375),#91,.F.);
#7619=ADVANCED_FACE('',(#376),#92,.F.);
#7620=ADVANCED_FACE('',(#377),#93,.F.);
#7621=ADVANCED_FACE('',(#378),#94,.F.);
#7622=ADVANCED_FACE('',(#379),#95,.F.);
#7623=ADVANCED_FACE('',(#380),#96,.F.);
#7624=ADVANCED_FACE('',(#381),#7372,.F.);
#7625=ADVANCED_FACE('',(#382),#7373,.F.);
#7626=ADVANCED_FACE('',(#383),#7374,.F.);
#7627=ADVANCED_FACE('',(#384),#7375,.F.);
#7628=ADVANCED_FACE('',(#385),#97,.F.);
#7629=ADVANCED_FACE('',(#386),#98,.F.);
#7630=ADVANCED_FACE('',(#387),#99,.F.);
#7631=ADVANCED_FACE('',(#388),#7376,.F.);
#7632=ADVANCED_FACE('',(#389),#7377,.F.);
#7633=ADVANCED_FACE('',(#390),#7378,.F.);
#7634=ADVANCED_FACE('',(#391),#7379,.F.);
#7635=ADVANCED_FACE('',(#392),#100,.F.);
#7636=ADVANCED_FACE('',(#393),#101,.F.);
#7637=ADVANCED_FACE('',(#394),#102,.F.);
#7638=ADVANCED_FACE('',(#395),#103,.T.);
#7639=ADVANCED_FACE('',(#396),#104,.F.);
#7640=ADVANCED_FACE('',(#397),#105,.F.);
#7641=ADVANCED_FACE('',(#398),#7380,.F.);
#7642=ADVANCED_FACE('',(#399),#7381,.F.);
#7643=ADVANCED_FACE('',(#400),#7382,.F.);
#7644=ADVANCED_FACE('',(#401),#7383,.F.);
#7645=ADVANCED_FACE('',(#402),#7384,.F.);
#7646=ADVANCED_FACE('',(#403),#106,.F.);
#7647=ADVANCED_FACE('',(#404),#107,.F.);
#7648=ADVANCED_FACE('',(#405),#108,.F.);
#7649=ADVANCED_FACE('',(#406),#7385,.F.);
#7650=ADVANCED_FACE('',(#407),#7386,.F.);
#7651=ADVANCED_FACE('',(#408),#7387,.F.);
#7652=ADVANCED_FACE('',(#409),#7388,.F.);
#7653=ADVANCED_FACE('',(#410),#109,.F.);
#7654=ADVANCED_FACE('',(#411),#110,.F.);
#7655=ADVANCED_FACE('',(#412),#111,.F.);
#7656=ADVANCED_FACE('',(#413),#7389,.F.);
#7657=ADVANCED_FACE('',(#414),#7390,.F.);
#7658=ADVANCED_FACE('',(#415),#7391,.F.);
#7659=ADVANCED_FACE('',(#416),#7392,.F.);
#7660=ADVANCED_FACE('',(#417),#7393,.F.);
#7661=ADVANCED_FACE('',(#418),#7394,.F.);
#7662=ADVANCED_FACE('',(#419),#7395,.F.);
#7663=ADVANCED_FACE('',(#420),#7396,.F.);
#7664=ADVANCED_FACE('',(#421),#112,.F.);
#7665=ADVANCED_FACE('',(#422),#113,.F.);
#7666=ADVANCED_FACE('',(#423),#114,.F.);
#7667=ADVANCED_FACE('',(#424),#115,.T.);
#7668=ADVANCED_FACE('',(#425),#116,.F.);
#7669=ADVANCED_FACE('',(#426),#117,.F.);
#7670=ADVANCED_FACE('',(#427),#118,.F.);
#7671=ADVANCED_FACE('',(#428),#119,.F.);
#7672=ADVANCED_FACE('',(#429),#120,.F.);
#7673=ADVANCED_FACE('',(#430),#121,.F.);
#7674=ADVANCED_FACE('',(#431),#122,.F.);
#7675=ADVANCED_FACE('',(#432),#123,.F.);
#7676=ADVANCED_FACE('',(#433),#124,.F.);
#7677=ADVANCED_FACE('',(#434),#125,.F.);
#7678=ADVANCED_FACE('',(#435),#126,.F.);
#7679=ADVANCED_FACE('',(#436),#127,.F.);
#7680=ADVANCED_FACE('',(#437),#128,.F.);
#7681=ADVANCED_FACE('',(#438),#129,.T.);
#7682=ADVANCED_FACE('',(#439),#130,.T.);
#7683=ADVANCED_FACE('',(#440),#131,.T.);
#7684=ADVANCED_FACE('',(#441),#29,.T.);
#7685=ADVANCED_FACE('',(#442),#132,.T.);
#7686=ADVANCED_FACE('',(#443,#37),#133,.F.);
#7687=ADVANCED_FACE('',(#444),#30,.T.);
#7688=ADVANCED_FACE('',(#445),#134,.F.);
#7689=ADVANCED_FACE('',(#446,#38,#39,#40,#41,#42,#43,#44,#45,#46,#47,#48,
#49,#50,#51,#52,#53,#54),#135,.T.);
#7690=ADVANCED_FACE('',(#447),#136,.T.);
#7691=ADVANCED_FACE('',(#448),#31,.T.);
#7692=ADVANCED_FACE('',(#449),#32,.T.);
#7693=ADVANCED_FACE('',(#450),#137,.F.);
#7694=ADVANCED_FACE('',(#451),#7397,.F.);
#7695=ADVANCED_FACE('',(#452),#7398,.F.);
#7696=ADVANCED_FACE('',(#453),#7399,.F.);
#7697=ADVANCED_FACE('',(#454),#7400,.F.);
#7698=ADVANCED_FACE('',(#455),#7401,.F.);
#7699=ADVANCED_FACE('',(#456),#7402,.F.);
#7700=ADVANCED_FACE('',(#457),#7403,.F.);
#7701=ADVANCED_FACE('',(#458),#7404,.F.);
#7702=ADVANCED_FACE('',(#459),#7405,.F.);
#7703=ADVANCED_FACE('',(#460),#7406,.F.);
#7704=ADVANCED_FACE('',(#461),#7407,.F.);
#7705=ADVANCED_FACE('',(#462),#7408,.F.);
#7706=ADVANCED_FACE('',(#463),#7409,.F.);
#7707=ADVANCED_FACE('',(#464),#7410,.F.);
#7708=ADVANCED_FACE('',(#465),#7411,.F.);
#7709=ADVANCED_FACE('',(#466),#7412,.F.);
#7710=ADVANCED_FACE('',(#467),#7413,.F.);
#7711=ADVANCED_FACE('',(#468),#7414,.F.);
#7712=ADVANCED_FACE('',(#469,#55),#138,.T.);
#7713=ADVANCED_FACE('',(#470),#139,.F.);
#7714=ADVANCED_FACE('',(#471),#7415,.F.);
#7715=ADVANCED_FACE('',(#472),#7416,.F.);
#7716=ADVANCED_FACE('',(#473),#7417,.F.);
#7717=ADVANCED_FACE('',(#474),#7418,.F.);
#7718=ADVANCED_FACE('',(#475),#140,.F.);
#7719=ADVANCED_FACE('',(#476),#141,.F.);
#7720=ADVANCED_FACE('',(#477),#142,.F.);
#7721=ADVANCED_FACE('',(#478),#7419,.F.);
#7722=ADVANCED_FACE('',(#479),#7420,.F.);
#7723=ADVANCED_FACE('',(#480),#7421,.F.);
#7724=ADVANCED_FACE('',(#481),#7422,.F.);
#7725=ADVANCED_FACE('',(#482),#143,.F.);
#7726=ADVANCED_FACE('',(#483),#144,.F.);
#7727=ADVANCED_FACE('',(#484),#145,.F.);
#7728=ADVANCED_FACE('',(#485),#7423,.F.);
#7729=ADVANCED_FACE('',(#486),#7424,.F.);
#7730=ADVANCED_FACE('',(#487),#7425,.F.);
#7731=ADVANCED_FACE('',(#488),#7426,.F.);
#7732=ADVANCED_FACE('',(#489),#7427,.F.);
#7733=ADVANCED_FACE('',(#490),#7428,.F.);
#7734=ADVANCED_FACE('',(#491),#7429,.F.);
#7735=ADVANCED_FACE('',(#492),#7430,.F.);
#7736=ADVANCED_FACE('',(#493),#7431,.F.);
#7737=ADVANCED_FACE('',(#494),#7432,.F.);
#7738=ADVANCED_FACE('',(#495),#146,.F.);
#7739=ADVANCED_FACE('',(#496),#147,.F.);
#7740=ADVANCED_FACE('',(#497,#56,#57),#148,.T.);
#7741=ADVANCED_FACE('',(#498),#7433,.F.);
#7742=ADVANCED_FACE('',(#499),#7434,.F.);
#7743=ADVANCED_FACE('',(#500),#7435,.F.);
#7744=ADVANCED_FACE('',(#501),#7436,.F.);
#7745=ADVANCED_FACE('',(#502),#149,.F.);
#7746=ADVANCED_FACE('',(#503),#150,.F.);
#7747=ADVANCED_FACE('',(#504),#151,.F.);
#7748=ADVANCED_FACE('',(#505),#7437,.F.);
#7749=ADVANCED_FACE('',(#506),#7438,.F.);
#7750=ADVANCED_FACE('',(#507),#7439,.F.);
#7751=ADVANCED_FACE('',(#508),#7440,.F.);
#7752=ADVANCED_FACE('',(#509),#7441,.F.);
#7753=ADVANCED_FACE('',(#510),#7442,.F.);
#7754=ADVANCED_FACE('',(#511),#7443,.F.);
#7755=ADVANCED_FACE('',(#512),#7444,.F.);
#7756=ADVANCED_FACE('',(#513),#7445,.F.);
#7757=ADVANCED_FACE('',(#514),#152,.F.);
#7758=ADVANCED_FACE('',(#515),#153,.F.);
#7759=ADVANCED_FACE('',(#516),#154,.F.);
#7760=ADVANCED_FACE('',(#517),#155,.T.);
#7761=ADVANCED_FACE('',(#518),#156,.F.);
#7762=ADVANCED_FACE('',(#519),#157,.F.);
#7763=ADVANCED_FACE('',(#520),#158,.F.);
#7764=ADVANCED_FACE('',(#521),#159,.F.);
#7765=ADVANCED_FACE('',(#522),#160,.F.);
#7766=ADVANCED_FACE('',(#523),#7446,.F.);
#7767=ADVANCED_FACE('',(#524),#7447,.F.);
#7768=ADVANCED_FACE('',(#525),#7448,.F.);
#7769=ADVANCED_FACE('',(#526),#7449,.F.);
#7770=ADVANCED_FACE('',(#527),#7450,.F.);
#7771=ADVANCED_FACE('',(#528),#7451,.F.);
#7772=ADVANCED_FACE('',(#529),#7452,.F.);
#7773=ADVANCED_FACE('',(#530),#7453,.F.);
#7774=ADVANCED_FACE('',(#531),#161,.F.);
#7775=ADVANCED_FACE('',(#532),#7454,.F.);
#7776=ADVANCED_FACE('',(#533),#7455,.F.);
#7777=ADVANCED_FACE('',(#534),#7456,.F.);
#7778=ADVANCED_FACE('',(#535),#7457,.F.);
#7779=ADVANCED_FACE('',(#536),#7458,.F.);
#7780=ADVANCED_FACE('',(#537),#7459,.F.);
#7781=ADVANCED_FACE('',(#538),#7460,.F.);
#7782=ADVANCED_FACE('',(#539),#7461,.F.);
#7783=ADVANCED_FACE('',(#540),#7462,.F.);
#7784=ADVANCED_FACE('',(#541),#7463,.F.);
#7785=ADVANCED_FACE('',(#542),#7464,.F.);
#7786=ADVANCED_FACE('',(#543),#162,.F.);
#7787=ADVANCED_FACE('',(#544),#163,.F.);
#7788=ADVANCED_FACE('',(#545),#164,.F.);
#7789=ADVANCED_FACE('',(#546),#165,.F.);
#7790=ADVANCED_FACE('',(#547),#166,.T.);
#7791=ADVANCED_FACE('',(#548),#167,.F.);
#7792=ADVANCED_FACE('',(#549),#168,.F.);
#7793=ADVANCED_FACE('',(#550),#169,.F.);
#7794=ADVANCED_FACE('',(#551),#170,.F.);
#7795=ADVANCED_FACE('',(#552),#171,.F.);
#7796=ADVANCED_FACE('',(#553),#172,.F.);
#7797=ADVANCED_FACE('',(#554),#173,.F.);
#7798=ADVANCED_FACE('',(#555),#174,.F.);
#7799=ADVANCED_FACE('',(#556),#175,.F.);
#7800=ADVANCED_FACE('',(#557),#176,.F.);
#7801=ADVANCED_FACE('',(#558),#177,.F.);
#7802=ADVANCED_FACE('',(#559,#58),#178,.F.);
#7803=ADVANCED_FACE('',(#560),#179,.F.);
#7804=ADVANCED_FACE('',(#561),#7465,.F.);
#7805=ADVANCED_FACE('',(#562),#7466,.F.);
#7806=ADVANCED_FACE('',(#563),#7467,.F.);
#7807=ADVANCED_FACE('',(#564),#7468,.F.);
#7808=ADVANCED_FACE('',(#565),#180,.F.);
#7809=ADVANCED_FACE('',(#566),#181,.F.);
#7810=ADVANCED_FACE('',(#567),#182,.F.);
#7811=ADVANCED_FACE('',(#568),#7469,.F.);
#7812=ADVANCED_FACE('',(#569),#7470,.F.);
#7813=ADVANCED_FACE('',(#570),#7471,.F.);
#7814=ADVANCED_FACE('',(#571),#7472,.F.);
#7815=ADVANCED_FACE('',(#572),#183,.F.);
#7816=ADVANCED_FACE('',(#573),#184,.F.);
#7817=ADVANCED_FACE('',(#574),#185,.F.);
#7818=ADVANCED_FACE('',(#575),#7473,.F.);
#7819=ADVANCED_FACE('',(#576),#7474,.F.);
#7820=ADVANCED_FACE('',(#577),#7475,.F.);
#7821=ADVANCED_FACE('',(#578),#7476,.F.);
#7822=ADVANCED_FACE('',(#579),#7477,.F.);
#7823=ADVANCED_FACE('',(#580),#7478,.F.);
#7824=ADVANCED_FACE('',(#581),#7479,.F.);
#7825=ADVANCED_FACE('',(#582),#7480,.F.);
#7826=ADVANCED_FACE('',(#583),#7481,.F.);
#7827=ADVANCED_FACE('',(#584),#7482,.F.);
#7828=ADVANCED_FACE('',(#585),#186,.F.);
#7829=ADVANCED_FACE('',(#586),#187,.F.);
#7830=ADVANCED_FACE('',(#587,#59,#60),#188,.T.);
#7831=ADVANCED_FACE('',(#588),#189,.F.);
#7832=ADVANCED_FACE('',(#589),#190,.F.);
#7833=ADVANCED_FACE('',(#590),#191,.F.);
#7834=ADVANCED_FACE('',(#591),#192,.F.);
#7835=ADVANCED_FACE('',(#592),#193,.F.);
#7836=ADVANCED_FACE('',(#593),#194,.F.);
#7837=ADVANCED_FACE('',(#594),#195,.F.);
#7838=ADVANCED_FACE('',(#595),#196,.F.);
#7839=ADVANCED_FACE('',(#596),#197,.F.);
#7840=ADVANCED_FACE('',(#597),#198,.F.);
#7841=ADVANCED_FACE('',(#598),#199,.F.);
#7842=ADVANCED_FACE('',(#599),#200,.F.);
#7843=ADVANCED_FACE('',(#600),#201,.F.);
#7844=ADVANCED_FACE('',(#601),#202,.F.);
#7845=ADVANCED_FACE('',(#602),#203,.F.);
#7846=ADVANCED_FACE('',(#603),#204,.F.);
#7847=ADVANCED_FACE('',(#604),#205,.F.);
#7848=ADVANCED_FACE('',(#605),#206,.F.);
#7849=ADVANCED_FACE('',(#606),#207,.F.);
#7850=ADVANCED_FACE('',(#607),#208,.F.);
#7851=ADVANCED_FACE('',(#608),#209,.F.);
#7852=ADVANCED_FACE('',(#609),#210,.F.);
#7853=ADVANCED_FACE('',(#610),#211,.F.);
#7854=ADVANCED_FACE('',(#611),#212,.F.);
#7855=ADVANCED_FACE('',(#612),#213,.F.);
#7856=ADVANCED_FACE('',(#613),#214,.F.);
#7857=ADVANCED_FACE('',(#614),#215,.F.);
#7858=ADVANCED_FACE('',(#615),#216,.F.);
#7859=ADVANCED_FACE('',(#616),#217,.F.);
#7860=ADVANCED_FACE('',(#617),#218,.F.);
#7861=ADVANCED_FACE('',(#618),#219,.F.);
#7862=ADVANCED_FACE('',(#619),#220,.F.);
#7863=ADVANCED_FACE('',(#620),#221,.F.);
#7864=ADVANCED_FACE('',(#621),#222,.F.);
#7865=ADVANCED_FACE('',(#622),#223,.F.);
#7866=ADVANCED_FACE('',(#623),#224,.F.);
#7867=ADVANCED_FACE('',(#624),#7483,.F.);
#7868=ADVANCED_FACE('',(#625),#7484,.F.);
#7869=ADVANCED_FACE('',(#626),#7485,.F.);
#7870=ADVANCED_FACE('',(#627),#7486,.F.);
#7871=ADVANCED_FACE('',(#628),#7487,.F.);
#7872=ADVANCED_FACE('',(#629),#7488,.F.);
#7873=ADVANCED_FACE('',(#630),#7489,.F.);
#7874=ADVANCED_FACE('',(#631),#7490,.F.);
#7875=ADVANCED_FACE('',(#632),#7491,.F.);
#7876=ADVANCED_FACE('',(#633),#7492,.F.);
#7877=ADVANCED_FACE('',(#634),#7493,.F.);
#7878=ADVANCED_FACE('',(#635),#7494,.F.);
#7879=ADVANCED_FACE('',(#636),#7495,.F.);
#7880=ADVANCED_FACE('',(#637),#7496,.F.);
#7881=ADVANCED_FACE('',(#638),#7497,.F.);
#7882=ADVANCED_FACE('',(#639),#7498,.F.);
#7883=ADVANCED_FACE('',(#640),#7499,.F.);
#7884=ADVANCED_FACE('',(#641),#7500,.F.);
#7885=ADVANCED_FACE('',(#642,#61),#225,.T.);
#7886=ADVANCED_FACE('',(#643),#226,.F.);
#7887=ADVANCED_FACE('',(#644),#227,.F.);
#7888=ADVANCED_FACE('',(#645),#228,.F.);
#7889=ADVANCED_FACE('',(#646),#229,.F.);
#7890=ADVANCED_FACE('',(#647),#230,.F.);
#7891=ADVANCED_FACE('',(#648),#231,.F.);
#7892=ADVANCED_FACE('',(#649),#232,.F.);
#7893=ADVANCED_FACE('',(#650),#233,.F.);
#7894=ADVANCED_FACE('',(#651),#234,.F.);
#7895=ADVANCED_FACE('',(#652),#235,.F.);
#7896=ADVANCED_FACE('',(#653),#236,.F.);
#7897=ADVANCED_FACE('',(#654),#237,.F.);
#7898=ADVANCED_FACE('',(#655),#238,.F.);
#7899=ADVANCED_FACE('',(#656),#239,.F.);
#7900=ADVANCED_FACE('',(#657),#240,.F.);
#7901=ADVANCED_FACE('',(#658),#241,.F.);
#7902=ADVANCED_FACE('',(#659),#242,.F.);
#7903=ADVANCED_FACE('',(#660),#243,.F.);
#7904=ADVANCED_FACE('',(#661),#244,.F.);
#7905=ADVANCED_FACE('',(#662),#245,.F.);
#7906=ADVANCED_FACE('',(#663),#246,.F.);
#7907=ADVANCED_FACE('',(#664),#247,.F.);
#7908=ADVANCED_FACE('',(#665),#248,.F.);
#7909=ADVANCED_FACE('',(#666),#249,.T.);
#7910=ADVANCED_FACE('',(#667),#250,.T.);
#7911=ADVANCED_FACE('',(#668),#251,.T.);
#7912=ADVANCED_FACE('',(#669),#252,.T.);
#7913=ADVANCED_FACE('',(#670),#253,.T.);
#7914=ADVANCED_FACE('',(#671),#254,.T.);
#7915=ADVANCED_FACE('',(#672),#255,.T.);
#7916=ADVANCED_FACE('',(#673),#33,.F.);
#7917=ADVANCED_FACE('',(#674),#256,.T.);
#7918=ADVANCED_FACE('',(#675),#257,.T.);
#7919=CLOSED_SHELL('',(#7501,#7502,#7503,#7504,#7505,#7506,#7507,#7508,
#7509,#7510,#7511,#7512,#7513,#7514,#7515,#7516,#7517,#7518,#7519,#7520,
#7521,#7522,#7523,#7524,#7525,#7526,#7527,#7528,#7529,#7530,#7531,#7532,
#7533,#7534,#7535,#7536,#7537,#7538,#7539,#7540,#7541,#7542,#7543,#7544,
#7545,#7546,#7547,#7548,#7549,#7550,#7551,#7552,#7553,#7554,#7555,#7556,
#7557,#7558,#7559,#7560,#7561,#7562,#7563,#7564,#7565,#7566,#7567,#7568,
#7569,#7570,#7571,#7572,#7573,#7574,#7575,#7576,#7577,#7578,#7579,#7580,
#7581,#7582,#7583,#7584,#7585,#7586,#7587,#7588,#7589,#7590,#7591,#7592,
#7593,#7594,#7595,#7596,#7597,#7598,#7599,#7600,#7601,#7602,#7603,#7604,
#7605,#7606,#7607,#7608,#7609,#7610,#7611,#7612,#7613,#7614,#7615,#7616,
#7617,#7618,#7619,#7620,#7621,#7622,#7623,#7624,#7625,#7626,#7627,#7628,
#7629,#7630,#7631,#7632,#7633,#7634,#7635,#7636,#7637,#7638,#7639,#7640,
#7641,#7642,#7643,#7644,#7645,#7646,#7647,#7648,#7649,#7650,#7651,#7652,
#7653,#7654,#7655,#7656,#7657,#7658,#7659,#7660,#7661,#7662,#7663,#7664,
#7665,#7666,#7667,#7668,#7669,#7670,#7671,#7672,#7673,#7674,#7675,#7676,
#7677,#7678,#7679,#7680,#7681,#7682,#7683,#7684,#7685,#7686,#7687,#7688,
#7689,#7690,#7691,#7692,#7693,#7694,#7695,#7696,#7697,#7698,#7699,#7700,
#7701,#7702,#7703,#7704,#7705,#7706,#7707,#7708,#7709,#7710,#7711,#7712,
#7713,#7714,#7715,#7716,#7717,#7718,#7719,#7720,#7721,#7722,#7723,#7724,
#7725,#7726,#7727,#7728,#7729,#7730,#7731,#7732,#7733,#7734,#7735,#7736,
#7737,#7738,#7739,#7740,#7741,#7742,#7743,#7744,#7745,#7746,#7747,#7748,
#7749,#7750,#7751,#7752,#7753,#7754,#7755,#7756,#7757,#7758,#7759,#7760,
#7761,#7762,#7763,#7764,#7765,#7766,#7767,#7768,#7769,#7770,#7771,#7772,
#7773,#7774,#7775,#7776,#7777,#7778,#7779,#7780,#7781,#7782,#7783,#7784,
#7785,#7786,#7787,#7788,#7789,#7790,#7791,#7792,#7793,#7794,#7795,#7796,
#7797,#7798,#7799,#7800,#7801,#7802,#7803,#7804,#7805,#7806,#7807,#7808,
#7809,#7810,#7811,#7812,#7813,#7814,#7815,#7816,#7817,#7818,#7819,#7820,
#7821,#7822,#7823,#7824,#7825,#7826,#7827,#7828,#7829,#7830,#7831,#7832,
#7833,#7834,#7835,#7836,#7837,#7838,#7839,#7840,#7841,#7842,#7843,#7844,
#7845,#7846,#7847,#7848,#7849,#7850,#7851,#7852,#7853,#7854,#7855,#7856,
#7857,#7858,#7859,#7860,#7861,#7862,#7863,#7864,#7865,#7866,#7867,#7868,
#7869,#7870,#7871,#7872,#7873,#7874,#7875,#7876,#7877,#7878,#7879,#7880,
#7881,#7882,#7883,#7884,#7885,#7886,#7887,#7888,#7889,#7890,#7891,#7892,
#7893,#7894,#7895,#7896,#7897,#7898,#7899,#7900,#7901,#7902,#7903,#7904,
#7905,#7906,#7907,#7908,#7909,#7910,#7911,#7912,#7913,#7914,#7915,#7916,
#7917,#7918));
#7920=DERIVED_UNIT_ELEMENT(#7922,1.);
#7921=DERIVED_UNIT_ELEMENT(#15389,-3.);
#7922=(
MASS_UNIT()
NAMED_UNIT(*)
SI_UNIT(.KILO.,.GRAM.)
);
#7923=DERIVED_UNIT((#7920,#7921));
#7924=MEASURE_REPRESENTATION_ITEM('density measure',
POSITIVE_RATIO_MEASURE(7850.),#7923);
#7925=PROPERTY_DEFINITION_REPRESENTATION(#7930,#7927);
#7926=PROPERTY_DEFINITION_REPRESENTATION(#7931,#7928);
#7927=REPRESENTATION('material name',(#7929),#15386);
#7928=REPRESENTATION('density',(#7924),#15386);
#7929=DESCRIPTIVE_REPRESENTATION_ITEM('Acier','Acier');
#7930=PROPERTY_DEFINITION('material property','material name',#15396);
#7931=PROPERTY_DEFINITION('material property','density of part',#15396);
#7932=AXIS2_PLACEMENT_3D('',#9296,#8148,#8149);
#7933=AXIS2_PLACEMENT_3D('',#9665,#8166,#8167);
#7934=AXIS2_PLACEMENT_3D('',#9666,#8168,#8169);
#7935=AXIS2_PLACEMENT_3D('',#9675,#8174,#8175);
#7936=AXIS2_PLACEMENT_3D('',#9773,#8183,#8184);
#7937=AXIS2_PLACEMENT_3D('',#9779,#8188,#8189);
#7938=AXIS2_PLACEMENT_3D('',#9785,#8193,#8194);
#7939=AXIS2_PLACEMENT_3D('',#9883,#8202,#8203);
#7940=AXIS2_PLACEMENT_3D('',#9889,#8207,#8208);
#7941=AXIS2_PLACEMENT_3D('',#9895,#8212,#8213);
#7942=AXIS2_PLACEMENT_3D('',#9898,#8216,#8217);
#7943=AXIS2_PLACEMENT_3D('',#10086,#8227,#8228);
#7944=AXIS2_PLACEMENT_3D('',#10391,#8245,#8246);
#7945=AXIS2_PLACEMENT_3D('',#10443,#8252,#8253);
#7946=AXIS2_PLACEMENT_3D('',#10633,#8265,#8266);
#7947=AXIS2_PLACEMENT_3D('',#10659,#8270,#8271);
#7948=AXIS2_PLACEMENT_3D('',#10847,#8281,#8282);
#7949=AXIS2_PLACEMENT_3D('',#11152,#8299,#8300);
#7950=AXIS2_PLACEMENT_3D('',#11204,#8306,#8307);
#7951=AXIS2_PLACEMENT_3D('',#11394,#8319,#8320);
#7952=AXIS2_PLACEMENT_3D('',#11420,#8324,#8325);
#7953=AXIS2_PLACEMENT_3D('',#11421,#8326,#8327);
#7954=AXIS2_PLACEMENT_3D('',#11430,#8332,#8333);
#7955=AXIS2_PLACEMENT_3D('',#11436,#8337,#8338);
#7956=AXIS2_PLACEMENT_3D('',#11442,#8342,#8343);
#7957=AXIS2_PLACEMENT_3D('',#11448,#8347,#8348);
#7958=AXIS2_PLACEMENT_3D('',#11454,#8352,#8353);
#7959=AXIS2_PLACEMENT_3D('',#11460,#8357,#8358);
#7960=AXIS2_PLACEMENT_3D('',#11466,#8362,#8363);
#7961=AXIS2_PLACEMENT_3D('',#11472,#8367,#8368);
#7962=AXIS2_PLACEMENT_3D('',#11478,#8372,#8373);
#7963=AXIS2_PLACEMENT_3D('',#11484,#8377,#8378);
#7964=AXIS2_PLACEMENT_3D('',#11490,#8382,#8383);
#7965=AXIS2_PLACEMENT_3D('',#11493,#8386,#8387);
#7966=AXIS2_PLACEMENT_3D('',#11494,#8388,#8389);
#7967=AXIS2_PLACEMENT_3D('',#11503,#8394,#8395);
#7968=AXIS2_PLACEMENT_3D('',#11601,#8403,#8404);
#7969=AXIS2_PLACEMENT_3D('',#11607,#8408,#8409);
#7970=AXIS2_PLACEMENT_3D('',#11613,#8413,#8414);
#7971=AXIS2_PLACEMENT_3D('',#11711,#8422,#8423);
#7972=AXIS2_PLACEMENT_3D('',#11717,#8427,#8428);
#7973=AXIS2_PLACEMENT_3D('',#11723,#8432,#8433);
#7974=AXIS2_PLACEMENT_3D('',#11726,#8436,#8437);
#7975=AXIS2_PLACEMENT_3D('',#11727,#8438,#8439);
#7976=AXIS2_PLACEMENT_3D('',#11736,#8444,#8445);
#7977=AXIS2_PLACEMENT_3D('',#11857,#8454,#8455);
#7978=AXIS2_PLACEMENT_3D('',#11863,#8459,#8460);
#7979=AXIS2_PLACEMENT_3D('',#11869,#8464,#8465);
#7980=AXIS2_PLACEMENT_3D('',#11967,#8473,#8474);
#7981=AXIS2_PLACEMENT_3D('',#11973,#8478,#8479);
#7982=AXIS2_PLACEMENT_3D('',#11979,#8483,#8484);
#7983=AXIS2_PLACEMENT_3D('',#12169,#8496,#8497);
#7984=AXIS2_PLACEMENT_3D('',#12175,#8501,#8502);
#7985=AXIS2_PLACEMENT_3D('',#12181,#8506,#8507);
#7986=AXIS2_PLACEMENT_3D('',#12184,#8510,#8511);
#7987=AXIS2_PLACEMENT_3D('',#12185,#8512,#8513);
#7988=AXIS2_PLACEMENT_3D('',#12194,#8518,#8519);
#7989=AXIS2_PLACEMENT_3D('',#12200,#8523,#8524);
#7990=AXIS2_PLACEMENT_3D('',#12206,#8528,#8529);
#7991=AXIS2_PLACEMENT_3D('',#12212,#8533,#8534);
#7992=AXIS2_PLACEMENT_3D('',#12218,#8538,#8539);
#7993=AXIS2_PLACEMENT_3D('',#12224,#8543,#8544);
#7994=AXIS2_PLACEMENT_3D('',#12230,#8548,#8549);
#7995=AXIS2_PLACEMENT_3D('',#12236,#8553,#8554);
#7996=AXIS2_PLACEMENT_3D('',#12242,#8558,#8559);
#7997=AXIS2_PLACEMENT_3D('',#12248,#8563,#8564);
#7998=AXIS2_PLACEMENT_3D('',#12254,#8568,#8569);
#7999=AXIS2_PLACEMENT_3D('',#12257,#8572,#8573);
#8000=AXIS2_PLACEMENT_3D('',#12258,#8574,#8575);
#8001=AXIS2_PLACEMENT_3D('',#12259,#8576,#8577);
#8002=AXIS2_PLACEMENT_3D('',#12260,#8578,#8579);
#8003=AXIS2_PLACEMENT_3D('',#12261,#8580,#8581);
#8004=AXIS2_PLACEMENT_3D('',#12264,#8582,#8583);
#8005=AXIS2_PLACEMENT_3D('',#12268,#8585,#8586);
#8006=AXIS2_PLACEMENT_3D('',#12270,#8588,#8589);
#8007=AXIS2_PLACEMENT_3D('',#12276,#8593,#8594);
#8008=AXIS2_PLACEMENT_3D('',#12280,#8596,#8597);
#8009=AXIS2_PLACEMENT_3D('',#12284,#8599,#8600);
#8010=AXIS2_PLACEMENT_3D('',#12287,#8602,#8603);
#8011=AXIS2_PLACEMENT_3D('',#12289,#8604,#8605);
#8012=AXIS2_PLACEMENT_3D('',#12290,#8606,#8607);
#8013=AXIS2_PLACEMENT_3D('',#12293,#8608,#8609);
#8014=AXIS2_PLACEMENT_3D('',#12298,#8612,#8613);
#8015=AXIS2_PLACEMENT_3D('',#12302,#8615,#8616);
#8016=AXIS2_PLACEMENT_3D('',#12304,#8618,#8619);
#8017=AXIS2_PLACEMENT_3D('',#12310,#8623,#8624);
#8018=AXIS2_PLACEMENT_3D('',#12312,#8625,#8626);
#8019=AXIS2_PLACEMENT_3D('',#12456,#8639,#8640);
#8020=AXIS2_PLACEMENT_3D('',#12466,#8645,#8646);
#8021=AXIS2_PLACEMENT_3D('',#12927,#8721,#8722);
#8022=AXIS2_PLACEMENT_3D('',#12928,#8723,#8724);
#8023=AXIS2_PLACEMENT_3D('',#12930,#8726,#8727);
#8024=AXIS2_PLACEMENT_3D('',#12932,#8729,#8730);
#8025=AXIS2_PLACEMENT_3D('',#12937,#8733,#8734);
#8026=AXIS2_PLACEMENT_3D('',#12939,#8736,#8737);
#8027=AXIS2_PLACEMENT_3D('',#13309,#8757,#8758);
#8028=AXIS2_PLACEMENT_3D('',#13311,#8760,#8761);
#8029=AXIS2_PLACEMENT_3D('',#13412,#8770,#8771);
#8030=AXIS2_PLACEMENT_3D('',#13418,#8775,#8776);
#8031=AXIS2_PLACEMENT_3D('',#13421,#8779,#8780);
#8032=AXIS2_PLACEMENT_3D('',#13522,#8789,#8790);
#8033=AXIS2_PLACEMENT_3D('',#13528,#8794,#8795);
#8034=AXIS2_PLACEMENT_3D('',#13531,#8798,#8799);
#8035=AXIS2_PLACEMENT_3D('',#13707,#8813,#8814);
#8036=AXIS2_PLACEMENT_3D('',#13711,#8817,#8818);
#8037=AXIS2_PLACEMENT_3D('',#13713,#8820,#8821);
#8038=AXIS2_PLACEMENT_3D('',#13784,#8827,#8828);
#8039=AXIS2_PLACEMENT_3D('',#13788,#8831,#8832);
#8040=AXIS2_PLACEMENT_3D('',#13792,#8835,#8836);
#8041=AXIS2_PLACEMENT_3D('',#13949,#8848,#8849);
#8042=AXIS2_PLACEMENT_3D('',#13953,#8852,#8853);
#8043=AXIS2_PLACEMENT_3D('',#13957,#8856,#8857);
#8044=AXIS2_PLACEMENT_3D('',#13959,#8859,#8860);
#8045=AXIS2_PLACEMENT_3D('',#13960,#8861,#8862);
#8046=AXIS2_PLACEMENT_3D('',#13964,#8865,#8866);
#8047=AXIS2_PLACEMENT_3D('',#13968,#8869,#8870);
#8048=AXIS2_PLACEMENT_3D('',#13970,#8872,#8873);
#8049=AXIS2_PLACEMENT_3D('',#13971,#8874,#8875);
#8050=AXIS2_PLACEMENT_3D('',#14113,#8887,#8888);
#8051=AXIS2_PLACEMENT_3D('',#14316,#8901,#8902);
#8052=AXIS2_PLACEMENT_3D('',#14320,#8905,#8906);
#8053=AXIS2_PLACEMENT_3D('',#14324,#8909,#8910);
#8054=AXIS2_PLACEMENT_3D('',#14328,#8913,#8914);
#8055=AXIS2_PLACEMENT_3D('',#14330,#8916,#8917);
#8056=AXIS2_PLACEMENT_3D('',#14332,#8919,#8920);
#8057=AXIS2_PLACEMENT_3D('',#14341,#8925,#8926);
#8058=AXIS2_PLACEMENT_3D('',#14347,#8930,#8931);
#8059=AXIS2_PLACEMENT_3D('',#14350,#8934,#8935);
#8060=AXIS2_PLACEMENT_3D('',#14356,#8939,#8940);
#8061=AXIS2_PLACEMENT_3D('',#14360,#8943,#8944);
#8062=AXIS2_PLACEMENT_3D('',#14364,#8947,#8948);
#8063=AXIS2_PLACEMENT_3D('',#14368,#8951,#8952);
#8064=AXIS2_PLACEMENT_3D('',#14372,#8955,#8956);
#8065=AXIS2_PLACEMENT_3D('',#14376,#8959,#8960);
#8066=AXIS2_PLACEMENT_3D('',#14380,#8963,#8964);
#8067=AXIS2_PLACEMENT_3D('',#14382,#8966,#8967);
#8068=AXIS2_PLACEMENT_3D('',#14383,#8968,#8969);
#8069=AXIS2_PLACEMENT_3D('',#14484,#8978,#8979);
#8070=AXIS2_PLACEMENT_3D('',#14490,#8983,#8984);
#8071=AXIS2_PLACEMENT_3D('',#14493,#8987,#8988);
#8072=AXIS2_PLACEMENT_3D('',#14594,#8997,#8998);
#8073=AXIS2_PLACEMENT_3D('',#14600,#9002,#9003);
#8074=AXIS2_PLACEMENT_3D('',#14603,#9006,#9007);
#8075=AXIS2_PLACEMENT_3D('',#14779,#9021,#9022);
#8076=AXIS2_PLACEMENT_3D('',#14783,#9025,#9026);
#8077=AXIS2_PLACEMENT_3D('',#14785,#9028,#9029);
#8078=AXIS2_PLACEMENT_3D('',#14786,#9030,#9031);
#8079=AXIS2_PLACEMENT_3D('',#14792,#9035,#9036);
#8080=AXIS2_PLACEMENT_3D('',#14796,#9039,#9040);
#8081=AXIS2_PLACEMENT_3D('',#14800,#9043,#9044);
#8082=AXIS2_PLACEMENT_3D('',#14804,#9047,#9048);
#8083=AXIS2_PLACEMENT_3D('',#14808,#9051,#9052);
#8084=AXIS2_PLACEMENT_3D('',#14812,#9055,#9056);
#8085=AXIS2_PLACEMENT_3D('',#14816,#9059,#9060);
#8086=AXIS2_PLACEMENT_3D('',#14820,#9063,#9064);
#8087=AXIS2_PLACEMENT_3D('',#14824,#9067,#9068);
#8088=AXIS2_PLACEMENT_3D('',#14826,#9070,#9071);
#8089=AXIS2_PLACEMENT_3D('',#14827,#9072,#9073);
#8090=AXIS2_PLACEMENT_3D('',#14833,#9077,#9078);
#8091=AXIS2_PLACEMENT_3D('',#14837,#9081,#9082);
#8092=AXIS2_PLACEMENT_3D('',#14841,#9085,#9086);
#8093=AXIS2_PLACEMENT_3D('',#14845,#9089,#9090);
#8094=AXIS2_PLACEMENT_3D('',#14849,#9093,#9094);
#8095=AXIS2_PLACEMENT_3D('',#14853,#9097,#9098);
#8096=AXIS2_PLACEMENT_3D('',#14857,#9101,#9102);
#8097=AXIS2_PLACEMENT_3D('',#14861,#9105,#9106);
#8098=AXIS2_PLACEMENT_3D('',#14865,#9109,#9110);
#8099=AXIS2_PLACEMENT_3D('',#14867,#9112,#9113);
#8100=AXIS2_PLACEMENT_3D('',#14868,#9114,#9115);
#8101=AXIS2_PLACEMENT_3D('',#14874,#9119,#9120);
#8102=AXIS2_PLACEMENT_3D('',#14878,#9123,#9124);
#8103=AXIS2_PLACEMENT_3D('',#14882,#9127,#9128);
#8104=AXIS2_PLACEMENT_3D('',#14886,#9131,#9132);
#8105=AXIS2_PLACEMENT_3D('',#14890,#9135,#9136);
#8106=AXIS2_PLACEMENT_3D('',#14894,#9139,#9140);
#8107=AXIS2_PLACEMENT_3D('',#14898,#9143,#9144);
#8108=AXIS2_PLACEMENT_3D('',#14902,#9147,#9148);
#8109=AXIS2_PLACEMENT_3D('',#14906,#9151,#9152);
#8110=AXIS2_PLACEMENT_3D('',#14910,#9155,#9156);
#8111=AXIS2_PLACEMENT_3D('',#14914,#9159,#9160);
#8112=AXIS2_PLACEMENT_3D('',#14918,#9163,#9164);
#8113=AXIS2_PLACEMENT_3D('',#14920,#9166,#9167);
#8114=AXIS2_PLACEMENT_3D('',#15287,#9185,#9186);
#8115=AXIS2_PLACEMENT_3D('',#15289,#9188,#9189);
#8116=AXIS2_PLACEMENT_3D('',#15295,#9193,#9194);
#8117=AXIS2_PLACEMENT_3D('',#15299,#9197,#9198);
#8118=AXIS2_PLACEMENT_3D('',#15303,#9201,#9202);
#8119=AXIS2_PLACEMENT_3D('',#15307,#9205,#9206);
#8120=AXIS2_PLACEMENT_3D('',#15311,#9209,#9210);
#8121=AXIS2_PLACEMENT_3D('',#15315,#9213,#9214);
#8122=AXIS2_PLACEMENT_3D('',#15319,#9217,#9218);
#8123=AXIS2_PLACEMENT_3D('',#15323,#9221,#9222);
#8124=AXIS2_PLACEMENT_3D('',#15327,#9225,#9226);
#8125=AXIS2_PLACEMENT_3D('',#15331,#9229,#9230);
#8126=AXIS2_PLACEMENT_3D('',#15335,#9233,#9234);
#8127=AXIS2_PLACEMENT_3D('',#15339,#9237,#9238);
#8128=AXIS2_PLACEMENT_3D('',#15341,#9240,#9241);
#8129=AXIS2_PLACEMENT_3D('',#15342,#9242,#9243);
#8130=AXIS2_PLACEMENT_3D('',#15346,#9246,#9247);
#8131=AXIS2_PLACEMENT_3D('',#15350,#9250,#9251);
#8132=AXIS2_PLACEMENT_3D('',#15354,#9254,#9255);
#8133=AXIS2_PLACEMENT_3D('',#15358,#9258,#9259);
#8134=AXIS2_PLACEMENT_3D('',#15362,#9262,#9263);
#8135=AXIS2_PLACEMENT_3D('',#15366,#9266,#9267);
#8136=AXIS2_PLACEMENT_3D('',#15370,#9270,#9271);
#8137=AXIS2_PLACEMENT_3D('',#15372,#9273,#9274);
#8138=AXIS2_PLACEMENT_3D('',#15373,#9275,#9276);
#8139=AXIS2_PLACEMENT_3D('',#15374,#9277,#9278);
#8140=AXIS2_PLACEMENT_3D('',#15375,#9279,#9280);
#8141=AXIS2_PLACEMENT_3D('',#15376,#9281,#9282);
#8142=AXIS2_PLACEMENT_3D('',#15377,#9283,#9284);
#8143=AXIS2_PLACEMENT_3D('',#15378,#9285,#9286);
#8144=AXIS2_PLACEMENT_3D('',#15379,#9287,#9288);
#8145=AXIS2_PLACEMENT_3D('',#15380,#9289,#9290);
#8146=AXIS2_PLACEMENT_3D('',#15382,#9292,#9293);
#8147=AXIS2_PLACEMENT_3D('',#15383,#9294,#9295);
#8148=DIRECTION('axis',(0.,0.,1.));
#8149=DIRECTION('refdir',(1.,0.,0.));
#8150=DIRECTION('',(0.,-1.,0.));
#8151=DIRECTION('',(0.,-1.,0.));
#8152=DIRECTION('',(0.,-1.,0.));
#8153=DIRECTION('',(0.,-1.,0.));
#8154=DIRECTION('',(0.,-1.,0.));
#8155=DIRECTION('',(0.,-1.,0.));
#8156=DIRECTION('',(0.,-1.,0.));
#8157=DIRECTION('',(0.,-1.,0.));
#8158=DIRECTION('',(0.,-1.,0.));
#8159=DIRECTION('',(0.,-1.,0.));
#8160=DIRECTION('',(0.,-1.,0.));
#8161=DIRECTION('',(0.,-1.,0.));
#8162=DIRECTION('',(0.,-1.,0.));
#8163=DIRECTION('',(0.,-1.,0.));
#8164=DIRECTION('',(0.,-1.,0.));
#8165=DIRECTION('',(0.,-1.,0.));
#8166=DIRECTION('center_axis',(0.,1.,0.));
#8167=DIRECTION('ref_axis',(-1.,0.,0.));
#8168=DIRECTION('center_axis',(0.,0.,1.));
#8169=DIRECTION('ref_axis',(-1.,0.,0.));
#8170=DIRECTION('',(-1.,0.,0.));
#8171=DIRECTION('',(0.,-1.,0.));
#8172=DIRECTION('',(-1.,0.,0.));
#8173=DIRECTION('',(0.,-1.,0.));
#8174=DIRECTION('center_axis',(1.,0.,0.));
#8175=DIRECTION('ref_axis',(0.,0.,1.));
#8176=DIRECTION('',(0.,0.,1.));
#8177=DIRECTION('',(0.,-1.,0.));
#8178=DIRECTION('',(0.,0.,1.));
#8179=DIRECTION('',(0.,-1.,0.));
#8180=DIRECTION('',(0.,-1.,0.));
#8181=DIRECTION('',(0.,-1.,0.));
#8182=DIRECTION('',(0.,-1.,0.));
#8183=DIRECTION('center_axis',(-1.,0.,0.));
#8184=DIRECTION('ref_axis',(0.,0.,-1.));
#8185=DIRECTION('',(0.,0.,-1.));
#8186=DIRECTION('',(0.,-1.,0.));
#8187=DIRECTION('',(0.,0.,-1.));
#8188=DIRECTION('center_axis',(0.,0.,1.));
#8189=DIRECTION('ref_axis',(-1.,0.,0.));
#8190=DIRECTION('',(-1.,0.,0.));
#8191=DIRECTION('',(0.,-1.,0.));
#8192=DIRECTION('',(-1.,0.,0.));
#8193=DIRECTION('center_axis',(1.,0.,0.));
#8194=DIRECTION('ref_axis',(0.,0.,1.));
#8195=DIRECTION('',(0.,0.,1.));
#8196=DIRECTION('',(0.,-1.,0.));
#8197=DIRECTION('',(0.,0.,1.));
#8198=DIRECTION('',(0.,-1.,0.));
#8199=DIRECTION('',(0.,-1.,0.));
#8200=DIRECTION('',(0.,-1.,0.));
#8201=DIRECTION('',(0.,-1.,0.));
#8202=DIRECTION('center_axis',(1.,0.,0.));
#8203=DIRECTION('ref_axis',(0.,0.,1.));
#8204=DIRECTION('',(0.,0.,1.));
#8205=DIRECTION('',(0.,-1.,0.));
#8206=DIRECTION('',(0.,0.,1.));
#8207=DIRECTION('center_axis',(0.,0.,-1.));
#8208=DIRECTION('ref_axis',(1.,0.,0.));
#8209=DIRECTION('',(1.,0.,0.));
#8210=DIRECTION('',(0.,-1.,0.));
#8211=DIRECTION('',(1.,0.,0.));
#8212=DIRECTION('center_axis',(-1.,0.,0.));
#8213=DIRECTION('ref_axis',(0.,0.,-1.));
#8214=DIRECTION('',(0.,0.,-1.));
#8215=DIRECTION('',(0.,0.,-1.));
#8216=DIRECTION('center_axis',(0.,1.,0.));
#8217=DIRECTION('ref_axis',(-1.,0.,0.));
#8218=DIRECTION('',(0.,-1.,0.));
#8219=DIRECTION('',(0.,-1.,0.));
#8220=DIRECTION('',(0.,-1.,0.));
#8221=DIRECTION('',(0.,-1.,0.));
#8222=DIRECTION('',(0.,-1.,0.));
#8223=DIRECTION('',(0.,-1.,0.));
#8224=DIRECTION('',(0.,-1.,0.));
#8225=DIRECTION('',(0.,-1.,0.));
#8226=DIRECTION('',(0.,-1.,0.));
#8227=DIRECTION('center_axis',(-1.,0.,0.));
#8228=DIRECTION('ref_axis',(0.,0.,-1.));
#8229=DIRECTION('',(0.,0.,-1.));
#8230=DIRECTION('',(0.,0.,-1.));
#8231=DIRECTION('',(0.,-1.,0.));
#8232=DIRECTION('',(0.,-1.,0.));
#8233=DIRECTION('',(0.,-1.,0.));
#8234=DIRECTION('',(0.,-1.,0.));
#8235=DIRECTION('',(0.,-1.,0.));
#8236=DIRECTION('',(0.,-1.,0.));
#8237=DIRECTION('',(0.,-1.,0.));
#8238=DIRECTION('',(0.,-1.,0.));
#8239=DIRECTION('',(0.,-1.,0.));
#8240=DIRECTION('',(0.,-1.,0.));
#8241=DIRECTION('',(0.,-1.,0.));
#8242=DIRECTION('',(0.,-1.,0.));
#8243=DIRECTION('',(0.,-1.,0.));
#8244=DIRECTION('',(0.,-1.,0.));
#8245=DIRECTION('center_axis',(0.,0.,1.));
#8246=DIRECTION('ref_axis',(-1.,0.,0.));
#8247=DIRECTION('',(-1.,0.,0.));
#8248=DIRECTION('',(0.,-1.,0.));
#8249=DIRECTION('',(-1.,0.,0.));
#8250=DIRECTION('',(0.,-1.,0.));
#8251=DIRECTION('',(0.,-1.,0.));
#8252=DIRECTION('center_axis',(1.,0.,0.));
#8253=DIRECTION('ref_axis',(0.,0.,1.));
#8254=DIRECTION('',(0.,0.,1.));
#8255=DIRECTION('',(0.,-1.,0.));
#8256=DIRECTION('',(0.,0.,1.));
#8257=DIRECTION('',(0.,-1.,0.));
#8258=DIRECTION('',(0.,-1.,0.));
#8259=DIRECTION('',(0.,-1.,0.));
#8260=DIRECTION('',(0.,-1.,0.));
#8261=DIRECTION('',(0.,-1.,0.));
#8262=DIRECTION('',(0.,-1.,0.));
#8263=DIRECTION('',(0.,-1.,0.));
#8264=DIRECTION('',(0.,-1.,0.));
#8265=DIRECTION('center_axis',(-0.104817785299445,0.,0.994491443847014));
#8266=DIRECTION('ref_axis',(-0.994491443847014,0.,-0.104817785299445));
#8267=DIRECTION('',(-0.994491443847014,0.,-0.104817785299445));
#8268=DIRECTION('',(0.,-1.,0.));
#8269=DIRECTION('',(-0.994491443847014,0.,-0.104817785299445));
#8270=DIRECTION('center_axis',(0.,1.,0.));
#8271=DIRECTION('ref_axis',(-1.,0.,0.));
#8272=DIRECTION('',(0.,-1.,0.));
#8273=DIRECTION('',(0.,-1.,0.));
#8274=DIRECTION('',(0.,-1.,0.));
#8275=DIRECTION('',(0.,-1.,0.));
#8276=DIRECTION('',(0.,-1.,0.));
#8277=DIRECTION('',(0.,-1.,0.));
#8278=DIRECTION('',(0.,-1.,0.));
#8279=DIRECTION('',(0.,-1.,0.));
#8280=DIRECTION('',(0.,-1.,0.));
#8281=DIRECTION('center_axis',(-1.,0.,0.));
#8282=DIRECTION('ref_axis',(0.,0.,-1.));
#8283=DIRECTION('',(0.,0.,-1.));
#8284=DIRECTION('',(0.,0.,-1.));
#8285=DIRECTION('',(0.,-1.,0.));
#8286=DIRECTION('',(0.,-1.,0.));
#8287=DIRECTION('',(0.,-1.,0.));
#8288=DIRECTION('',(0.,-1.,0.));
#8289=DIRECTION('',(0.,-1.,0.));
#8290=DIRECTION('',(0.,-1.,0.));
#8291=DIRECTION('',(0.,-1.,0.));
#8292=DIRECTION('',(0.,-1.,0.));
#8293=DIRECTION('',(0.,-1.,0.));
#8294=DIRECTION('',(0.,-1.,0.));
#8295=DIRECTION('',(0.,-1.,0.));
#8296=DIRECTION('',(0.,-1.,0.));
#8297=DIRECTION('',(0.,-1.,0.));
#8298=DIRECTION('',(0.,-1.,0.));
#8299=DIRECTION('center_axis',(0.,0.,1.));
#8300=DIRECTION('ref_axis',(-1.,0.,0.));
#8301=DIRECTION('',(-1.,0.,0.));
#8302=DIRECTION('',(0.,-1.,0.));
#8303=DIRECTION('',(-1.,0.,0.));
#8304=DIRECTION('',(0.,-1.,0.));
#8305=DIRECTION('',(0.,-1.,0.));
#8306=DIRECTION('center_axis',(1.,0.,0.));
#8307=DIRECTION('ref_axis',(0.,0.,1.));
#8308=DIRECTION('',(0.,0.,1.));
#8309=DIRECTION('',(0.,-1.,0.));
#8310=DIRECTION('',(0.,0.,1.));
#8311=DIRECTION('',(0.,-1.,0.));
#8312=DIRECTION('',(0.,-1.,0.));
#8313=DIRECTION('',(0.,-1.,0.));
#8314=DIRECTION('',(0.,-1.,0.));
#8315=DIRECTION('',(0.,-1.,0.));
#8316=DIRECTION('',(0.,-1.,0.));
#8317=DIRECTION('',(0.,-1.,0.));
#8318=DIRECTION('',(0.,-1.,0.));
#8319=DIRECTION('center_axis',(-0.104817785299445,0.,0.994491443847014));
#8320=DIRECTION('ref_axis',(-0.994491443847014,0.,-0.104817785299445));
#8321=DIRECTION('',(-0.994491443847014,0.,-0.104817785299445));
#8322=DIRECTION('',(0.,-1.,0.));
#8323=DIRECTION('',(-0.994491443847014,0.,-0.104817785299445));
#8324=DIRECTION('center_axis',(0.,1.,0.));
#8325=DIRECTION('ref_axis',(-1.,0.,0.));
#8326=DIRECTION('center_axis',(0.,0.,1.));
#8327=DIRECTION('ref_axis',(-1.,0.,0.));
#8328=DIRECTION('',(-1.,0.,0.));
#8329=DIRECTION('',(0.,-1.,0.));
#8330=DIRECTION('',(-1.,0.,0.));
#8331=DIRECTION('',(0.,-1.,0.));
#8332=DIRECTION('center_axis',(1.,0.,0.));
#8333=DIRECTION('ref_axis',(0.,0.,1.));
#8334=DIRECTION('',(0.,0.,1.));
#8335=DIRECTION('',(0.,-1.,0.));
#8336=DIRECTION('',(0.,0.,1.));
#8337=DIRECTION('center_axis',(0.698671857560022,0.,0.715442265632684));
#8338=DIRECTION('ref_axis',(-0.715442265632684,0.,0.698671857560022));
#8339=DIRECTION('',(-0.715442265632684,0.,0.698671857560022));
#8340=DIRECTION('',(0.,-1.,0.));
#8341=DIRECTION('',(-0.715442265632684,0.,0.698671857560022));
#8342=DIRECTION('center_axis',(-0.892532129249856,0.,0.450983811524005));
#8343=DIRECTION('ref_axis',(-0.450983811524005,0.,-0.892532129249856));
#8344=DIRECTION('',(-0.450983811524005,0.,-0.892532129249856));
#8345=DIRECTION('',(0.,-1.,0.));
#8346=DIRECTION('',(-0.450983811524005,0.,-0.892532129249856));
#8347=DIRECTION('center_axis',(0.,0.,1.));
#8348=DIRECTION('ref_axis',(-1.,0.,0.));
#8349=DIRECTION('',(-1.,0.,0.));
#8350=DIRECTION('',(0.,-1.,0.));
#8351=DIRECTION('',(-1.,0.,0.));
#8352=DIRECTION('center_axis',(0.863501341649377,0.,-0.50434654055493));
#8353=DIRECTION('ref_axis',(0.50434654055493,0.,0.863501341649377));
#8354=DIRECTION('',(0.50434654055493,0.,0.863501341649377));
#8355=DIRECTION('',(0.,-1.,0.));
#8356=DIRECTION('',(0.50434654055493,0.,0.863501341649377));
#8357=DIRECTION('center_axis',(0.698620869076074,0.,0.715492055365671));
#8358=DIRECTION('ref_axis',(-0.715492055365671,0.,0.698620869076074));
#8359=DIRECTION('',(-0.715492055365671,0.,0.698620869076074));
#8360=DIRECTION('',(0.,-1.,0.));
#8361=DIRECTION('',(-0.715492055365671,0.,0.698620869076074));
#8362=DIRECTION('center_axis',(0.,0.,-1.));
#8363=DIRECTION('ref_axis',(1.,0.,0.));
#8364=DIRECTION('',(1.,0.,0.));
#8365=DIRECTION('',(0.,-1.,0.));
#8366=DIRECTION('',(1.,0.,0.));
#8367=DIRECTION('center_axis',(-0.757482147291124,0.,-0.652855877307717));
#8368=DIRECTION('ref_axis',(0.652855877307717,0.,-0.757482147291123));
#8369=DIRECTION('',(0.652855877307717,0.,-0.757482147291123));
#8370=DIRECTION('',(0.,-1.,0.));
#8371=DIRECTION('',(0.652855877307717,0.,-0.757482147291124));
#8372=DIRECTION('center_axis',(1.,0.,0.));
#8373=DIRECTION('ref_axis',(0.,0.,1.));
#8374=DIRECTION('',(0.,0.,1.));
#8375=DIRECTION('',(0.,-1.,0.));
#8376=DIRECTION('',(0.,0.,1.));
#8377=DIRECTION('center_axis',(0.,0.,-1.));
#8378=DIRECTION('ref_axis',(1.,0.,0.));
#8379=DIRECTION('',(1.,0.,0.));
#8380=DIRECTION('',(0.,-1.,0.));
#8381=DIRECTION('',(1.,0.,0.));
#8382=DIRECTION('center_axis',(-1.,0.,0.));
#8383=DIRECTION('ref_axis',(0.,0.,-1.));
#8384=DIRECTION('',(0.,0.,-1.));
#8385=DIRECTION('',(0.,0.,-1.));
#8386=DIRECTION('center_axis',(0.,-1.,0.));
#8387=DIRECTION('ref_axis',(0.,0.,-1.));
#8388=DIRECTION('center_axis',(0.,0.,1.));
#8389=DIRECTION('ref_axis',(-1.,0.,0.));
#8390=DIRECTION('',(-1.,0.,0.));
#8391=DIRECTION('',(0.,-1.,0.));
#8392=DIRECTION('',(-1.,0.,0.));
#8393=DIRECTION('',(0.,-1.,0.));
#8394=DIRECTION('center_axis',(1.,0.,0.));
#8395=DIRECTION('ref_axis',(0.,0.,1.));
#8396=DIRECTION('',(0.,0.,1.));
#8397=DIRECTION('',(0.,-1.,0.));
#8398=DIRECTION('',(0.,0.,1.));
#8399=DIRECTION('',(0.,-1.,0.));
#8400=DIRECTION('',(0.,-1.,0.));
#8401=DIRECTION('',(0.,-1.,0.));
#8402=DIRECTION('',(0.,-1.,0.));
#8403=DIRECTION('center_axis',(-1.,0.,0.));
#8404=DIRECTION('ref_axis',(0.,0.,-1.));
#8405=DIRECTION('',(0.,0.,-1.));
#8406=DIRECTION('',(0.,-1.,0.));
#8407=DIRECTION('',(0.,0.,-1.));
#8408=DIRECTION('center_axis',(0.,0.,1.));
#8409=DIRECTION('ref_axis',(-1.,0.,0.));
#8410=DIRECTION('',(-1.,0.,0.));
#8411=DIRECTION('',(0.,-1.,0.));
#8412=DIRECTION('',(-1.,0.,0.));
#8413=DIRECTION('center_axis',(1.,0.,0.));
#8414=DIRECTION('ref_axis',(0.,0.,1.));
#8415=DIRECTION('',(0.,0.,1.));
#8416=DIRECTION('',(0.,-1.,0.));
#8417=DIRECTION('',(0.,0.,1.));
#8418=DIRECTION('',(0.,-1.,0.));
#8419=DIRECTION('',(0.,-1.,0.));
#8420=DIRECTION('',(0.,-1.,0.));
#8421=DIRECTION('',(0.,-1.,0.));
#8422=DIRECTION('center_axis',(1.,0.,0.));
#8423=DIRECTION('ref_axis',(0.,0.,1.));
#8424=DIRECTION('',(0.,0.,1.));
#8425=DIRECTION('',(0.,-1.,0.));
#8426=DIRECTION('',(0.,0.,1.));
#8427=DIRECTION('center_axis',(0.,0.,-1.));
#8428=DIRECTION('ref_axis',(1.,0.,0.));
#8429=DIRECTION('',(1.,0.,0.));
#8430=DIRECTION('',(0.,-1.,0.));
#8431=DIRECTION('',(1.,0.,0.));
#8432=DIRECTION('center_axis',(-1.,0.,0.));
#8433=DIRECTION('ref_axis',(0.,0.,-1.));
#8434=DIRECTION('',(0.,0.,-1.));
#8435=DIRECTION('',(0.,0.,-1.));
#8436=DIRECTION('center_axis',(0.,1.,0.));
#8437=DIRECTION('ref_axis',(-1.,0.,0.));
#8438=DIRECTION('center_axis',(0.,0.,1.));
#8439=DIRECTION('ref_axis',(-1.,0.,0.));
#8440=DIRECTION('',(-1.,0.,0.));
#8441=DIRECTION('',(0.,-1.,0.));
#8442=DIRECTION('',(-1.,0.,0.));
#8443=DIRECTION('',(0.,-1.,0.));
#8444=DIRECTION('center_axis',(1.,0.,0.));
#8445=DIRECTION('ref_axis',(0.,0.,1.));
#8446=DIRECTION('',(0.,0.,1.));
#8447=DIRECTION('',(0.,-1.,0.));
#8448=DIRECTION('',(0.,0.,1.));
#8449=DIRECTION('',(0.,-1.,0.));
#8450=DIRECTION('',(0.,-1.,0.));
#8451=DIRECTION('',(0.,-1.,0.));
#8452=DIRECTION('',(0.,-1.,0.));
#8453=DIRECTION('',(0.,-1.,0.));
#8454=DIRECTION('center_axis',(-1.,0.,0.));
#8455=DIRECTION('ref_axis',(0.,0.,-1.));
#8456=DIRECTION('',(0.,0.,-1.));
#8457=DIRECTION('',(0.,-1.,0.));
#8458=DIRECTION('',(0.,0.,-1.));
#8459=DIRECTION('center_axis',(0.,0.,1.));
#8460=DIRECTION('ref_axis',(-1.,0.,0.));
#8461=DIRECTION('',(-1.,0.,0.));
#8462=DIRECTION('',(0.,-1.,0.));
#8463=DIRECTION('',(-1.,0.,0.));
#8464=DIRECTION('center_axis',(1.,0.,0.));
#8465=DIRECTION('ref_axis',(0.,0.,1.));
#8466=DIRECTION('',(0.,0.,1.));
#8467=DIRECTION('',(0.,-1.,0.));
#8468=DIRECTION('',(0.,0.,1.));
#8469=DIRECTION('',(0.,-1.,0.));
#8470=DIRECTION('',(0.,-1.,0.));
#8471=DIRECTION('',(0.,-1.,0.));
#8472=DIRECTION('',(0.,-1.,0.));
#8473=DIRECTION('center_axis',(-1.,0.,0.));
#8474=DIRECTION('ref_axis',(0.,0.,-1.));
#8475=DIRECTION('',(0.,0.,-1.));
#8476=DIRECTION('',(0.,-1.,0.));
#8477=DIRECTION('',(0.,0.,-1.));
#8478=DIRECTION('center_axis',(0.,0.,1.));
#8479=DIRECTION('ref_axis',(-1.,0.,0.));
#8480=DIRECTION('',(-1.,0.,0.));
#8481=DIRECTION('',(0.,-1.,0.));
#8482=DIRECTION('',(-1.,0.,0.));
#8483=DIRECTION('center_axis',(1.,0.,0.));
#8484=DIRECTION('ref_axis',(0.,0.,1.));
#8485=DIRECTION('',(0.,0.,1.));
#8486=DIRECTION('',(0.,-1.,0.));
#8487=DIRECTION('',(0.,0.,1.));
#8488=DIRECTION('',(0.,-1.,0.));
#8489=DIRECTION('',(0.,-1.,0.));
#8490=DIRECTION('',(0.,-1.,0.));
#8491=DIRECTION('',(0.,-1.,0.));
#8492=DIRECTION('',(0.,-1.,0.));
#8493=DIRECTION('',(0.,-1.,0.));
#8494=DIRECTION('',(0.,-1.,0.));
#8495=DIRECTION('',(0.,-1.,0.));
#8496=DIRECTION('center_axis',(1.,0.,0.));
#8497=DIRECTION('ref_axis',(0.,0.,1.));
#8498=DIRECTION('',(0.,0.,1.));
#8499=DIRECTION('',(0.,-1.,0.));
#8500=DIRECTION('',(0.,0.,1.));
#8501=DIRECTION('center_axis',(0.,0.,-1.));
#8502=DIRECTION('ref_axis',(1.,0.,0.));
#8503=DIRECTION('',(1.,0.,0.));
#8504=DIRECTION('',(0.,-1.,0.));
#8505=DIRECTION('',(1.,0.,0.));
#8506=DIRECTION('center_axis',(-1.,0.,0.));
#8507=DIRECTION('ref_axis',(0.,0.,-1.));
#8508=DIRECTION('',(0.,0.,-1.));
#8509=DIRECTION('',(0.,0.,-1.));
#8510=DIRECTION('center_axis',(0.,1.,0.));
#8511=DIRECTION('ref_axis',(-1.,0.,0.));
#8512=DIRECTION('center_axis',(0.,0.,1.));
#8513=DIRECTION('ref_axis',(-1.,0.,0.));
#8514=DIRECTION('',(-1.,0.,0.));
#8515=DIRECTION('',(0.,-1.,0.));
#8516=DIRECTION('',(-1.,0.,0.));
#8517=DIRECTION('',(0.,-1.,0.));
#8518=DIRECTION('center_axis',(1.,0.,0.));
#8519=DIRECTION('ref_axis',(0.,0.,1.));
#8520=DIRECTION('',(0.,0.,1.));
#8521=DIRECTION('',(0.,-1.,0.));
#8522=DIRECTION('',(0.,0.,1.));
#8523=DIRECTION('center_axis',(0.723328568229112,0.,0.690504006059069));
#8524=DIRECTION('ref_axis',(-0.690504006059069,0.,0.723328568229112));
#8525=DIRECTION('',(-0.690504006059069,0.,0.723328568229112));
#8526=DIRECTION('',(0.,-1.,0.));
#8527=DIRECTION('',(-0.690504006059069,0.,0.723328568229112));
#8528=DIRECTION('center_axis',(-0.889856651322257,0.,0.456240221919921));
#8529=DIRECTION('ref_axis',(-0.456240221919921,0.,-0.889856651322257));
#8530=DIRECTION('',(-0.456240221919921,0.,-0.889856651322257));
#8531=DIRECTION('',(0.,-1.,0.));
#8532=DIRECTION('',(-0.456240221919921,0.,-0.889856651322257));
#8533=DIRECTION('center_axis',(0.,0.,1.));
#8534=DIRECTION('ref_axis',(-1.,0.,0.));
#8535=DIRECTION('',(-1.,0.,0.));
#8536=DIRECTION('',(0.,-1.,0.));
#8537=DIRECTION('',(-1.,0.,0.));
#8538=DIRECTION('center_axis',(0.852772302067202,0.,-0.522282874338232));
#8539=DIRECTION('ref_axis',(0.522282874338232,0.,0.852772302067202));
#8540=DIRECTION('',(0.522282874338232,0.,0.852772302067202));
#8541=DIRECTION('',(0.,-1.,0.));
#8542=DIRECTION('',(0.522282874338232,0.,0.852772302067202));
#8543=DIRECTION('center_axis',(0.718933332737315,0.,0.695079033692728));
#8544=DIRECTION('ref_axis',(-0.695079033692728,0.,0.718933332737315));
#8545=DIRECTION('',(-0.695079033692728,0.,0.718933332737315));
#8546=DIRECTION('',(0.,-1.,0.));
#8547=DIRECTION('',(-0.695079033692728,0.,0.718933332737315));
#8548=DIRECTION('center_axis',(0.,0.,-1.));
#8549=DIRECTION('ref_axis',(1.,0.,0.));
#8550=DIRECTION('',(1.,0.,0.));
#8551=DIRECTION('',(0.,-1.,0.));
#8552=DIRECTION('',(1.,0.,0.));
#8553=DIRECTION('center_axis',(-0.759488054533153,0.,-0.650521248708638));
#8554=DIRECTION('ref_axis',(0.650521248708638,0.,-0.759488054533153));
#8555=DIRECTION('',(0.650521248708638,0.,-0.759488054533153));
#8556=DIRECTION('',(0.,-1.,0.));
#8557=DIRECTION('',(0.650521248708638,0.,-0.759488054533153));
#8558=DIRECTION('center_axis',(1.,0.,0.));
#8559=DIRECTION('ref_axis',(0.,0.,1.));
#8560=DIRECTION('',(0.,0.,1.));
#8561=DIRECTION('',(0.,-1.,0.));
#8562=DIRECTION('',(0.,0.,1.));
#8563=DIRECTION('center_axis',(0.,0.,-1.));
#8564=DIRECTION('ref_axis',(1.,0.,0.));
#8565=DIRECTION('',(1.,0.,0.));
#8566=DIRECTION('',(0.,-1.,0.));
#8567=DIRECTION('',(1.,0.,0.));
#8568=DIRECTION('center_axis',(-1.,0.,0.));
#8569=DIRECTION('ref_axis',(0.,0.,-1.));
#8570=DIRECTION('',(0.,0.,-1.));
#8571=DIRECTION('',(0.,0.,-1.));
#8572=DIRECTION('center_axis',(0.,-1.,0.));
#8573=DIRECTION('ref_axis',(0.,0.,-1.));
#8574=DIRECTION('center_axis',(0.,1.,0.));
#8575=DIRECTION('ref_axis',(1.,0.,0.));
#8576=DIRECTION('center_axis',(0.,1.,0.));
#8577=DIRECTION('ref_axis',(1.,0.,0.));
#8578=DIRECTION('center_axis',(0.,1.,0.));
#8579=DIRECTION('ref_axis',(1.,0.,0.));
#8580=DIRECTION('center_axis',(0.,1.,0.));
#8581=DIRECTION('ref_axis',(0.707106781186547,0.,0.707106781186547));
#8582=DIRECTION('center_axis',(0.,-1.,0.));
#8583=DIRECTION('ref_axis',(0.707106781186547,0.,0.707106781186547));
#8584=DIRECTION('',(0.,-1.,0.));
#8585=DIRECTION('center_axis',(0.,1.,0.));
#8586=DIRECTION('ref_axis',(0.707106781186547,0.,0.707106781186547));
#8587=DIRECTION('',(0.,1.,0.));
#8588=DIRECTION('center_axis',(1.,0.,0.));
#8589=DIRECTION('ref_axis',(0.,0.,-1.));
#8590=DIRECTION('',(0.,0.,-1.));
#8591=DIRECTION('',(0.,-1.,0.));
#8592=DIRECTION('',(0.,0.,-1.));
#8593=DIRECTION('center_axis',(0.,1.,0.));
#8594=DIRECTION('ref_axis',(1.,0.,0.));
#8595=DIRECTION('',(1.,0.,0.));
#8596=DIRECTION('center_axis',(0.,1.,0.));
#8597=DIRECTION('ref_axis',(-0.707106781186548,0.,0.707106781186547));
#8598=DIRECTION('',(2.96059473233375E-16,0.,1.));
#8599=DIRECTION('center_axis',(0.,1.,0.));
#8600=DIRECTION('ref_axis',(-0.707106781186548,0.,-0.707106781186547));
#8601=DIRECTION('',(-1.,0.,6.66133814775094E-17));
#8602=DIRECTION('center_axis',(0.,1.,0.));
#8603=DIRECTION('ref_axis',(0.707106781186548,0.,-0.707106781186547));
#8604=DIRECTION('center_axis',(0.,-1.,0.));
#8605=DIRECTION('ref_axis',(1.,0.,0.));
#8606=DIRECTION('center_axis',(0.,1.,0.));
#8607=DIRECTION('ref_axis',(-0.707106781186548,0.,-0.707106781186547));
#8608=DIRECTION('center_axis',(0.,-1.,0.));
#8609=DIRECTION('ref_axis',(-0.707106781186548,0.,-0.707106781186547));
#8610=DIRECTION('',(0.,-1.,0.));
#8611=DIRECTION('',(0.,1.,0.));
#8612=DIRECTION('center_axis',(0.,-1.,0.));
#8613=DIRECTION('ref_axis',(-0.707106781186548,0.,-0.707106781186547));
#8614=DIRECTION('',(0.,-1.,0.));
#8615=DIRECTION('center_axis',(0.,-1.,0.));
#8616=DIRECTION('ref_axis',(-0.707106781186548,0.,-0.707106781186547));
#8617=DIRECTION('',(0.,1.,0.));
#8618=DIRECTION('center_axis',(-0.83069783268125,0.,0.556723549689318));
#8619=DIRECTION('ref_axis',(-0.556723549689317,0.,-0.83069783268125));
#8620=DIRECTION('',(-0.556723549689317,0.,-0.83069783268125));
#8621=DIRECTION('',(0.,-1.,0.));
#8622=DIRECTION('',(-0.556723549689317,0.,-0.83069783268125));
#8623=DIRECTION('center_axis',(0.,1.,0.));
#8624=DIRECTION('ref_axis',(1.,0.,0.));
#8625=DIRECTION('center_axis',(0.,-1.,0.));
#8626=DIRECTION('ref_axis',(0.707106781186548,0.,-0.707106781186547));
#8627=DIRECTION('',(-1.,0.,6.66133814775094E-17));
#8628=DIRECTION('',(-1.,0.,6.66133814775094E-17));
#8629=DIRECTION('',(-1.,0.,6.66133814775094E-17));
#8630=DIRECTION('',(1.,0.,0.));
#8631=DIRECTION('',(0.512787562744048,0.,0.858515530142011));
#8632=DIRECTION('',(0.513506582642297,0.,-0.858085653989757));
#8633=DIRECTION('',(1.,0.,0.));
#8634=DIRECTION('',(-0.556050208628531,0.,0.831148702389751));
#8635=DIRECTION('',(0.,0.,1.));
#8636=DIRECTION('',(-1.,0.,0.));
#8637=DIRECTION('',(0.,0.,-1.));
#8638=DIRECTION('',(2.96059473233375E-16,0.,1.));
#8639=DIRECTION('center_axis',(0.,-1.,0.));
#8640=DIRECTION('ref_axis',(-0.707106781186548,0.,0.707106781186547));
#8641=DIRECTION('',(0.,0.,-1.));
#8642=DIRECTION('',(1.,0.,0.));
#8643=DIRECTION('',(0.,0.,1.));
#8644=DIRECTION('',(-1.,0.,0.));
#8645=DIRECTION('center_axis',(0.,-1.,0.));
#8646=DIRECTION('ref_axis',(-0.707106781186548,0.,0.707106781186547));
#8647=DIRECTION('',(1.,0.,0.));
#8648=DIRECTION('',(-0.984441509665784,0.,0.17571258932402));
#8649=DIRECTION('',(0.,0.,-1.));
#8650=DIRECTION('',(-1.,0.,0.));
#8651=DIRECTION('',(0.,0.,-1.));
#8652=DIRECTION('',(1.,0.,0.));
#8653=DIRECTION('',(0.,0.,1.));
#8654=DIRECTION('',(1.,0.,0.));
#8655=DIRECTION('',(-1.,0.,0.));
#8656=DIRECTION('',(0.,0.,-1.));
#8657=DIRECTION('',(1.,0.,0.));
#8658=DIRECTION('',(0.,0.,-1.));
#8659=DIRECTION('',(1.,0.,0.));
#8660=DIRECTION('',(0.,0.,1.));
#8661=DIRECTION('',(0.,0.,-1.));
#8662=DIRECTION('',(1.,0.,0.));
#8663=DIRECTION('',(0.,0.,1.));
#8664=DIRECTION('',(-1.,0.,0.));
#8665=DIRECTION('',(-0.289988904105178,0.,-0.957030007625611));
#8666=DIRECTION('',(-1.,0.,0.));
#8667=DIRECTION('',(-0.283176263463787,0.,0.95906788279594));
#8668=DIRECTION('',(-1.,0.,0.));
#8669=DIRECTION('',(0.351814422449461,0.,-0.936069768850887));
#8670=DIRECTION('',(1.,0.,0.));
#8671=DIRECTION('',(0.351762012558571,0.,0.936089465019634));
#8672=DIRECTION('',(-1.,0.,0.));
#8673=DIRECTION('',(0.,0.,-1.));
#8674=DIRECTION('',(1.,0.,0.));
#8675=DIRECTION('',(-1.,0.,0.));
#8676=DIRECTION('',(0.,0.,-1.));
#8677=DIRECTION('',(1.,0.,0.));
#8678=DIRECTION('',(0.,0.,1.));
#8679=DIRECTION('',(-1.,0.,0.));
#8680=DIRECTION('',(0.,0.,1.));
#8681=DIRECTION('',(1.,0.,0.));
#8682=DIRECTION('',(0.,0.,1.));
#8683=DIRECTION('',(-1.,0.,0.));
#8684=DIRECTION('',(0.,0.,1.));
#8685=DIRECTION('',(-1.,0.,0.));
#8686=DIRECTION('',(0.,0.,-1.));
#8687=DIRECTION('',(1.,0.,0.));
#8688=DIRECTION('',(0.562642815391737,0.,0.82670010420228));
#8689=DIRECTION('',(0.,0.,-1.));
#8690=DIRECTION('',(1.,0.,0.));
#8691=DIRECTION('',(0.,0.,1.));
#8692=DIRECTION('',(-1.,0.,0.));
#8693=DIRECTION('',(-0.563462289308438,0.,-0.826141784760518));
#8694=DIRECTION('',(0.,0.,1.));
#8695=DIRECTION('',(-1.,0.,0.));
#8696=DIRECTION('',(0.,0.,-1.));
#8697=DIRECTION('',(1.,0.,0.));
#8698=DIRECTION('',(0.249426838723469,0.,0.968393645231327));
#8699=DIRECTION('',(0.247754662793932,0.,-0.968822804781073));
#8700=DIRECTION('',(1.,0.,0.));
#8701=DIRECTION('',(0.,0.,1.));
#8702=DIRECTION('',(-1.,0.,0.));
#8703=DIRECTION('',(0.,0.,-1.));
#8704=DIRECTION('',(-0.247718014302421,0.,0.968832176070792));
#8705=DIRECTION('',(-1.,0.,0.));
#8706=DIRECTION('',(-0.247299454443263,0.,-0.968939100166809));
#8707=DIRECTION('',(0.,0.,1.));
#8708=DIRECTION('',(-1.,0.,0.));
#8709=DIRECTION('',(0.,0.,-1.));
#8710=DIRECTION('',(1.,0.,0.));
#8711=DIRECTION('',(0.249426528702557,0.,0.96839372508262));
#8712=DIRECTION('',(0.247755064676194,0.,-0.968822702008626));
#8713=DIRECTION('',(1.,0.,0.));
#8714=DIRECTION('',(0.,0.,1.));
#8715=DIRECTION('',(-1.,0.,0.));
#8716=DIRECTION('',(0.,0.,-1.));
#8717=DIRECTION('',(-0.247718903550222,0.,0.968831948701051));
#8718=DIRECTION('',(-1.,0.,0.));
#8719=DIRECTION('',(-0.247299490735888,0.,-0.968939090903949));
#8720=DIRECTION('',(0.,0.,1.));
#8721=DIRECTION('center_axis',(0.,-1.,0.));
#8722=DIRECTION('ref_axis',(1.,0.,0.));
#8723=DIRECTION('center_axis',(-1.,0.,2.96059473233375E-16));
#8724=DIRECTION('ref_axis',(2.96059473233375E-16,0.,1.));
#8725=DIRECTION('',(0.,-1.,0.));
#8726=DIRECTION('center_axis',(0.,1.,0.));
#8727=DIRECTION('ref_axis',(0.707106781186548,0.,-0.707106781186547));
#8728=DIRECTION('',(0.,1.,0.));
#8729=DIRECTION('center_axis',(0.,1.,0.));
#8730=DIRECTION('ref_axis',(-0.707106781186548,0.,0.707106781186547));
#8731=DIRECTION('',(0.,1.,0.));
#8732=DIRECTION('',(0.,-1.,0.));
#8733=DIRECTION('center_axis',(0.,-1.,0.));
#8734=DIRECTION('ref_axis',(-0.707106781186548,0.,0.707106781186547));
#8735=DIRECTION('',(0.,1.,0.));
#8736=DIRECTION('center_axis',(-1.,0.,0.));
#8737=DIRECTION('ref_axis',(0.,0.,-1.));
#8738=DIRECTION('',(0.,0.,-1.));
#8739=DIRECTION('',(0.,-1.,0.));
#8740=DIRECTION('',(0.,-1.,0.));
#8741=DIRECTION('',(0.,-1.,0.));
#8742=DIRECTION('',(0.,-1.,0.));
#8743=DIRECTION('',(0.,-1.,0.));
#8744=DIRECTION('',(0.,-1.,0.));
#8745=DIRECTION('',(0.,-1.,0.));
#8746=DIRECTION('',(0.,-1.,0.));
#8747=DIRECTION('',(0.,-1.,0.));
#8748=DIRECTION('',(0.,-1.,0.));
#8749=DIRECTION('',(0.,-1.,0.));
#8750=DIRECTION('',(0.,-1.,0.));
#8751=DIRECTION('',(0.,-1.,0.));
#8752=DIRECTION('',(0.,-1.,0.));
#8753=DIRECTION('',(0.,-1.,0.));
#8754=DIRECTION('',(0.,-1.,0.));
#8755=DIRECTION('',(0.,-1.,0.));
#8756=DIRECTION('',(0.,-1.,0.));
#8757=DIRECTION('center_axis',(0.,1.,0.));
#8758=DIRECTION('ref_axis',(-1.,0.,0.));
#8759=DIRECTION('',(1.,0.,-6.66133814775094E-17));
#8760=DIRECTION('center_axis',(0.,0.,1.));
#8761=DIRECTION('ref_axis',(-1.,0.,0.));
#8762=DIRECTION('',(-1.,0.,0.));
#8763=DIRECTION('',(0.,-1.,0.));
#8764=DIRECTION('',(-1.,0.,0.));
#8765=DIRECTION('',(0.,-1.,0.));
#8766=DIRECTION('',(0.,-1.,0.));
#8767=DIRECTION('',(0.,-1.,0.));
#8768=DIRECTION('',(0.,-1.,0.));
#8769=DIRECTION('',(0.,-1.,0.));
#8770=DIRECTION('center_axis',(0.,0.,-1.));
#8771=DIRECTION('ref_axis',(1.,0.,0.));
#8772=DIRECTION('',(1.,0.,0.));
#8773=DIRECTION('',(0.,-1.,0.));
#8774=DIRECTION('',(1.,0.,0.));
#8775=DIRECTION('center_axis',(1.,0.,0.));
#8776=DIRECTION('ref_axis',(0.,0.,1.));
#8777=DIRECTION('',(0.,0.,1.));
#8778=DIRECTION('',(0.,0.,1.));
#8779=DIRECTION('center_axis',(0.,0.,1.));
#8780=DIRECTION('ref_axis',(-1.,0.,0.));
#8781=DIRECTION('',(-1.,0.,0.));
#8782=DIRECTION('',(0.,-1.,0.));
#8783=DIRECTION('',(-1.,0.,0.));
#8784=DIRECTION('',(0.,-1.,0.));
#8785=DIRECTION('',(0.,-1.,0.));
#8786=DIRECTION('',(0.,-1.,0.));
#8787=DIRECTION('',(0.,-1.,0.));
#8788=DIRECTION('',(0.,-1.,0.));
#8789=DIRECTION('center_axis',(0.,0.,-1.));
#8790=DIRECTION('ref_axis',(1.,0.,0.));
#8791=DIRECTION('',(1.,0.,0.));
#8792=DIRECTION('',(0.,-1.,0.));
#8793=DIRECTION('',(1.,0.,0.));
#8794=DIRECTION('center_axis',(1.,0.,0.));
#8795=DIRECTION('ref_axis',(0.,0.,1.));
#8796=DIRECTION('',(0.,0.,1.));
#8797=DIRECTION('',(0.,0.,1.));
#8798=DIRECTION('center_axis',(0.,0.,1.));
#8799=DIRECTION('ref_axis',(-1.,0.,0.));
#8800=DIRECTION('',(0.,-1.,0.));
#8801=DIRECTION('',(-1.,0.,0.));
#8802=DIRECTION('',(0.,-1.,0.));
#8803=DIRECTION('',(0.,-1.,0.));
#8804=DIRECTION('',(0.,-1.,0.));
#8805=DIRECTION('',(0.,-1.,0.));
#8806=DIRECTION('',(0.,-1.,0.));
#8807=DIRECTION('',(0.,-1.,0.));
#8808=DIRECTION('',(0.,-1.,0.));
#8809=DIRECTION('',(0.,-1.,0.));
#8810=DIRECTION('',(0.,-1.,0.));
#8811=DIRECTION('',(0.,-1.,0.));
#8812=DIRECTION('',(0.,-1.,0.));
#8813=DIRECTION('center_axis',(0.,0.,-1.));
#8814=DIRECTION('ref_axis',(1.,0.,0.));
#8815=DIRECTION('',(0.,-1.,0.));
#8816=DIRECTION('',(1.,0.,0.));
#8817=DIRECTION('center_axis',(-1.,0.,0.));
#8818=DIRECTION('ref_axis',(0.,0.,-1.));
#8819=DIRECTION('',(0.,0.,-1.));
#8820=DIRECTION('center_axis',(0.,1.,0.));
#8821=DIRECTION('ref_axis',(-1.,0.,0.));
#8822=DIRECTION('',(0.,-1.,0.));
#8823=DIRECTION('',(0.,-1.,0.));
#8824=DIRECTION('',(0.,-1.,0.));
#8825=DIRECTION('',(0.,-1.,0.));
#8826=DIRECTION('',(0.,-1.,0.));
#8827=DIRECTION('center_axis',(1.,0.,0.));
#8828=DIRECTION('ref_axis',(0.,0.,1.));
#8829=DIRECTION('',(0.,-1.,0.));
#8830=DIRECTION('',(0.,0.,1.));
#8831=DIRECTION('center_axis',(0.,0.,-1.));
#8832=DIRECTION('ref_axis',(1.,0.,0.));
#8833=DIRECTION('',(0.,-1.,0.));
#8834=DIRECTION('',(1.,0.,0.));
#8835=DIRECTION('center_axis',(-1.,0.,0.));
#8836=DIRECTION('ref_axis',(0.,0.,-1.));
#8837=DIRECTION('',(0.,-1.,0.));
#8838=DIRECTION('',(0.,0.,-1.));
#8839=DIRECTION('',(0.,-1.,0.));
#8840=DIRECTION('',(0.,-1.,0.));
#8841=DIRECTION('',(0.,-1.,0.));
#8842=DIRECTION('',(0.,-1.,0.));
#8843=DIRECTION('',(0.,-1.,0.));
#8844=DIRECTION('',(0.,-1.,0.));
#8845=DIRECTION('',(0.,-1.,0.));
#8846=DIRECTION('',(0.,-1.,0.));
#8847=DIRECTION('',(0.,-1.,0.));
#8848=DIRECTION('center_axis',(1.,0.,0.));
#8849=DIRECTION('ref_axis',(0.,0.,1.));
#8850=DIRECTION('',(0.,-1.,0.));
#8851=DIRECTION('',(0.,0.,1.));
#8852=DIRECTION('center_axis',(0.,0.,-1.));
#8853=DIRECTION('ref_axis',(1.,0.,0.));
#8854=DIRECTION('',(0.,-1.,0.));
#8855=DIRECTION('',(1.,0.,0.));
#8856=DIRECTION('center_axis',(-1.,0.,0.));
#8857=DIRECTION('ref_axis',(0.,0.,-1.));
#8858=DIRECTION('',(0.,0.,-1.));
#8859=DIRECTION('center_axis',(0.,1.,0.));
#8860=DIRECTION('ref_axis',(-1.,0.,0.));
#8861=DIRECTION('center_axis',(0.,0.,1.));
#8862=DIRECTION('ref_axis',(-1.,0.,0.));
#8863=DIRECTION('',(0.,-1.,0.));
#8864=DIRECTION('',(-1.,0.,0.));
#8865=DIRECTION('center_axis',(1.,0.,0.));
#8866=DIRECTION('ref_axis',(0.,0.,1.));
#8867=DIRECTION('',(0.,-1.,0.));
#8868=DIRECTION('',(0.,0.,1.));
#8869=DIRECTION('center_axis',(0.,0.,-1.));
#8870=DIRECTION('ref_axis',(1.,0.,0.));
#8871=DIRECTION('',(1.,0.,0.));
#8872=DIRECTION('center_axis',(0.,-1.,0.));
#8873=DIRECTION('ref_axis',(0.,0.,-1.));
#8874=DIRECTION('center_axis',(-1.,0.,0.));
#8875=DIRECTION('ref_axis',(0.,0.,-1.));
#8876=DIRECTION('',(0.,-1.,0.));
#8877=DIRECTION('',(0.,0.,-1.));
#8878=DIRECTION('',(0.,-1.,0.));
#8879=DIRECTION('',(0.,-1.,0.));
#8880=DIRECTION('',(0.,-1.,0.));
#8881=DIRECTION('',(0.,-1.,0.));
#8882=DIRECTION('',(0.,-1.,0.));
#8883=DIRECTION('',(0.,-1.,0.));
#8884=DIRECTION('',(0.,-1.,0.));
#8885=DIRECTION('',(0.,-1.,0.));
#8886=DIRECTION('',(0.,-1.,0.));
#8887=DIRECTION('center_axis',(0.17571258932402,0.,0.984441509665784));
#8888=DIRECTION('ref_axis',(-0.984441509665784,0.,0.17571258932402));
#8889=DIRECTION('',(0.,-1.,0.));
#8890=DIRECTION('',(-0.984441509665784,0.,0.17571258932402));
#8891=DIRECTION('',(0.,-1.,0.));
#8892=DIRECTION('',(0.,-1.,0.));
#8893=DIRECTION('',(0.,-1.,0.));
#8894=DIRECTION('',(0.,-1.,0.));
#8895=DIRECTION('',(0.,-1.,0.));
#8896=DIRECTION('',(0.,-1.,0.));
#8897=DIRECTION('',(0.,-1.,0.));
#8898=DIRECTION('',(0.,-1.,0.));
#8899=DIRECTION('',(0.,-1.,0.));
#8900=DIRECTION('',(0.,-1.,0.));
#8901=DIRECTION('center_axis',(1.,0.,0.));
#8902=DIRECTION('ref_axis',(0.,0.,1.));
#8903=DIRECTION('',(0.,-1.,0.));
#8904=DIRECTION('',(0.,0.,1.));
#8905=DIRECTION('center_axis',(0.,0.,-1.));
#8906=DIRECTION('ref_axis',(1.,0.,0.));
#8907=DIRECTION('',(0.,-1.,0.));
#8908=DIRECTION('',(1.,0.,0.));
#8909=DIRECTION('center_axis',(-1.,0.,0.));
#8910=DIRECTION('ref_axis',(0.,0.,-1.));
#8911=DIRECTION('',(0.,-1.,0.));
#8912=DIRECTION('',(0.,0.,-1.));
#8913=DIRECTION('center_axis',(0.,0.,1.));
#8914=DIRECTION('ref_axis',(-1.,0.,0.));
#8915=DIRECTION('',(-1.,0.,0.));
#8916=DIRECTION('center_axis',(0.,1.,0.));
#8917=DIRECTION('ref_axis',(-1.,0.,0.));
#8918=DIRECTION('',(-1.,0.,0.));
#8919=DIRECTION('center_axis',(0.956816597124659,0.,0.290692276242055));
#8920=DIRECTION('ref_axis',(-0.290692276242055,0.,0.956816597124659));
#8921=DIRECTION('',(-0.290692276242055,0.,0.956816597124659));
#8922=DIRECTION('',(0.,-1.,0.));
#8923=DIRECTION('',(-0.290692276242055,0.,0.956816597124659));
#8924=DIRECTION('',(0.,-1.,0.));
#8925=DIRECTION('center_axis',(-0.955936899049699,0.,0.293572214344693));
#8926=DIRECTION('ref_axis',(-0.293572214344693,0.,-0.955936899049699));
#8927=DIRECTION('',(-0.293572214344693,0.,-0.955936899049699));
#8928=DIRECTION('',(0.,-1.,0.));
#8929=DIRECTION('',(-0.293572214344692,0.,-0.955936899049699));
#8930=DIRECTION('center_axis',(0.,0.,-1.));
#8931=DIRECTION('ref_axis',(1.,0.,0.));
#8932=DIRECTION('',(1.,0.,0.));
#8933=DIRECTION('',(1.,0.,0.));
#8934=DIRECTION('center_axis',(0.,0.,1.));
#8935=DIRECTION('ref_axis',(-1.,0.,0.));
#8936=DIRECTION('',(0.,-1.,0.));
#8937=DIRECTION('',(-1.,0.,0.));
#8938=DIRECTION('',(0.,-1.,0.));
#8939=DIRECTION('center_axis',(0.936089465019634,0.,-0.351762012558571));
#8940=DIRECTION('ref_axis',(0.351762012558571,0.,0.936089465019634));
#8941=DIRECTION('',(0.,-1.,0.));
#8942=DIRECTION('',(0.351762012558571,0.,0.936089465019634));
#8943=DIRECTION('center_axis',(0.,0.,-1.));
#8944=DIRECTION('ref_axis',(1.,0.,0.));
#8945=DIRECTION('',(0.,-1.,0.));
#8946=DIRECTION('',(1.,0.,0.));
#8947=DIRECTION('center_axis',(-0.936069768850887,0.,-0.351814422449461));
#8948=DIRECTION('ref_axis',(0.351814422449461,0.,-0.936069768850887));
#8949=DIRECTION('',(0.,-1.,0.));
#8950=DIRECTION('',(0.351814422449461,0.,-0.936069768850887));
#8951=DIRECTION('center_axis',(0.,0.,1.));
#8952=DIRECTION('ref_axis',(-1.,0.,0.));
#8953=DIRECTION('',(0.,-1.,0.));
#8954=DIRECTION('',(-1.,0.,0.));
#8955=DIRECTION('center_axis',(0.95906788279594,0.,0.283176263463787));
#8956=DIRECTION('ref_axis',(-0.283176263463787,0.,0.95906788279594));
#8957=DIRECTION('',(0.,-1.,0.));
#8958=DIRECTION('',(-0.283176263463787,0.,0.95906788279594));
#8959=DIRECTION('center_axis',(0.,0.,1.));
#8960=DIRECTION('ref_axis',(-1.,0.,0.));
#8961=DIRECTION('',(0.,-1.,0.));
#8962=DIRECTION('',(-1.,0.,0.));
#8963=DIRECTION('center_axis',(-0.957030007625611,0.,0.289988904105178));
#8964=DIRECTION('ref_axis',(-0.289988904105178,0.,-0.957030007625611));
#8965=DIRECTION('',(-0.289988904105178,0.,-0.957030007625611));
#8966=DIRECTION('center_axis',(0.,-1.,0.));
#8967=DIRECTION('ref_axis',(0.,0.,-1.));
#8968=DIRECTION('center_axis',(0.,0.,1.));
#8969=DIRECTION('ref_axis',(-1.,0.,0.));
#8970=DIRECTION('',(-1.,0.,0.));
#8971=DIRECTION('',(0.,-1.,0.));
#8972=DIRECTION('',(-1.,0.,0.));
#8973=DIRECTION('',(0.,-1.,0.));
#8974=DIRECTION('',(0.,-1.,0.));
#8975=DIRECTION('',(0.,-1.,0.));
#8976=DIRECTION('',(0.,-1.,0.));
#8977=DIRECTION('',(0.,-1.,0.));
#8978=DIRECTION('center_axis',(0.,0.,-1.));
#8979=DIRECTION('ref_axis',(1.,0.,0.));
#8980=DIRECTION('',(1.,0.,0.));
#8981=DIRECTION('',(0.,-1.,0.));
#8982=DIRECTION('',(1.,0.,0.));
#8983=DIRECTION('center_axis',(1.,0.,0.));
#8984=DIRECTION('ref_axis',(0.,0.,1.));
#8985=DIRECTION('',(0.,0.,1.));
#8986=DIRECTION('',(0.,0.,1.));
#8987=DIRECTION('center_axis',(0.,0.,1.));
#8988=DIRECTION('ref_axis',(-1.,0.,0.));
#8989=DIRECTION('',(-1.,0.,0.));
#8990=DIRECTION('',(0.,-1.,0.));
#8991=DIRECTION('',(-1.,0.,0.));
#8992=DIRECTION('',(0.,-1.,0.));
#8993=DIRECTION('',(0.,-1.,0.));
#8994=DIRECTION('',(0.,-1.,0.));
#8995=DIRECTION('',(0.,-1.,0.));
#8996=DIRECTION('',(0.,-1.,0.));
#8997=DIRECTION('center_axis',(0.,0.,-1.));
#8998=DIRECTION('ref_axis',(1.,0.,0.));
#8999=DIRECTION('',(1.,0.,0.));
#9000=DIRECTION('',(0.,-1.,0.));
#9001=DIRECTION('',(1.,0.,0.));
#9002=DIRECTION('center_axis',(1.,0.,0.));
#9003=DIRECTION('ref_axis',(0.,0.,1.));
#9004=DIRECTION('',(0.,0.,1.));
#9005=DIRECTION('',(0.,0.,1.));
#9006=DIRECTION('center_axis',(0.,0.,1.));
#9007=DIRECTION('ref_axis',(-1.,0.,0.));
#9008=DIRECTION('',(0.,-1.,0.));
#9009=DIRECTION('',(-1.,0.,0.));
#9010=DIRECTION('',(0.,-1.,0.));
#9011=DIRECTION('',(0.,-1.,0.));
#9012=DIRECTION('',(0.,-1.,0.));
#9013=DIRECTION('',(0.,-1.,0.));
#9014=DIRECTION('',(0.,-1.,0.));
#9015=DIRECTION('',(0.,-1.,0.));
#9016=DIRECTION('',(0.,-1.,0.));
#9017=DIRECTION('',(0.,-1.,0.));
#9018=DIRECTION('',(0.,-1.,0.));
#9019=DIRECTION('',(0.,-1.,0.));
#9020=DIRECTION('',(0.,-1.,0.));
#9021=DIRECTION('center_axis',(0.,0.,-1.));
#9022=DIRECTION('ref_axis',(1.,0.,0.));
#9023=DIRECTION('',(0.,-1.,0.));
#9024=DIRECTION('',(1.,0.,0.));
#9025=DIRECTION('center_axis',(-1.,0.,0.));
#9026=DIRECTION('ref_axis',(0.,0.,-1.));
#9027=DIRECTION('',(0.,0.,-1.));
#9028=DIRECTION('center_axis',(0.,1.,0.));
#9029=DIRECTION('ref_axis',(-1.,0.,0.));
#9030=DIRECTION('center_axis',(0.,0.,1.));
#9031=DIRECTION('ref_axis',(-1.,0.,0.));
#9032=DIRECTION('',(0.,-1.,0.));
#9033=DIRECTION('',(-1.,0.,0.));
#9034=DIRECTION('',(0.,-1.,0.));
#9035=DIRECTION('center_axis',(1.,0.,0.));
#9036=DIRECTION('ref_axis',(0.,0.,1.));
#9037=DIRECTION('',(0.,-1.,0.));
#9038=DIRECTION('',(0.,0.,1.));
#9039=DIRECTION('center_axis',(0.,0.,1.));
#9040=DIRECTION('ref_axis',(-1.,0.,0.));
#9041=DIRECTION('',(0.,-1.,0.));
#9042=DIRECTION('',(-1.,0.,0.));
#9043=DIRECTION('center_axis',(1.,0.,0.));
#9044=DIRECTION('ref_axis',(0.,0.,1.));
#9045=DIRECTION('',(0.,-1.,0.));
#9046=DIRECTION('',(0.,0.,1.));
#9047=DIRECTION('center_axis',(0.,0.,-1.));
#9048=DIRECTION('ref_axis',(1.,0.,0.));
#9049=DIRECTION('',(0.,-1.,0.));
#9050=DIRECTION('',(1.,0.,0.));
#9051=DIRECTION('center_axis',(1.,0.,0.));
#9052=DIRECTION('ref_axis',(0.,0.,1.));
#9053=DIRECTION('',(0.,-1.,0.));
#9054=DIRECTION('',(0.,0.,1.));
#9055=DIRECTION('center_axis',(0.,0.,1.));
#9056=DIRECTION('ref_axis',(-1.,0.,0.));
#9057=DIRECTION('',(0.,-1.,0.));
#9058=DIRECTION('',(-1.,0.,0.));
#9059=DIRECTION('center_axis',(1.,0.,0.));
#9060=DIRECTION('ref_axis',(0.,0.,1.));
#9061=DIRECTION('',(0.,-1.,0.));
#9062=DIRECTION('',(0.,0.,1.));
#9063=DIRECTION('center_axis',(0.,0.,-1.));
#9064=DIRECTION('ref_axis',(1.,0.,0.));
#9065=DIRECTION('',(0.,-1.,0.));
#9066=DIRECTION('',(1.,0.,0.));
#9067=DIRECTION('center_axis',(-1.,0.,0.));
#9068=DIRECTION('ref_axis',(0.,0.,-1.));
#9069=DIRECTION('',(0.,0.,-1.));
#9070=DIRECTION('center_axis',(0.,-1.,0.));
#9071=DIRECTION('ref_axis',(0.,0.,-1.));
#9072=DIRECTION('center_axis',(0.,0.,1.));
#9073=DIRECTION('ref_axis',(-1.,0.,0.));
#9074=DIRECTION('',(0.,-1.,0.));
#9075=DIRECTION('',(-1.,0.,0.));
#9076=DIRECTION('',(0.,-1.,0.));
#9077=DIRECTION('center_axis',(1.,0.,0.));
#9078=DIRECTION('ref_axis',(0.,0.,1.));
#9079=DIRECTION('',(0.,-1.,0.));
#9080=DIRECTION('',(0.,0.,1.));
#9081=DIRECTION('center_axis',(-0.826141784760518,0.,0.563462289308438));
#9082=DIRECTION('ref_axis',(-0.563462289308438,0.,-0.826141784760518));
#9083=DIRECTION('',(0.,-1.,0.));
#9084=DIRECTION('',(-0.563462289308438,0.,-0.826141784760518));
#9085=DIRECTION('center_axis',(0.,0.,1.));
#9086=DIRECTION('ref_axis',(-1.,0.,0.));
#9087=DIRECTION('',(0.,-1.,0.));
#9088=DIRECTION('',(-1.,0.,0.));
#9089=DIRECTION('center_axis',(1.,0.,0.));
#9090=DIRECTION('ref_axis',(0.,0.,1.));
#9091=DIRECTION('',(0.,-1.,0.));
#9092=DIRECTION('',(0.,0.,1.));
#9093=DIRECTION('center_axis',(0.,0.,-1.));
#9094=DIRECTION('ref_axis',(1.,0.,0.));
#9095=DIRECTION('',(0.,-1.,0.));
#9096=DIRECTION('',(1.,0.,0.));
#9097=DIRECTION('center_axis',(-1.,0.,0.));
#9098=DIRECTION('ref_axis',(0.,0.,-1.));
#9099=DIRECTION('',(0.,-1.,0.));
#9100=DIRECTION('',(0.,0.,-1.));
#9101=DIRECTION('center_axis',(0.82670010420228,0.,-0.562642815391737));
#9102=DIRECTION('ref_axis',(0.562642815391737,0.,0.82670010420228));
#9103=DIRECTION('',(0.,-1.,0.));
#9104=DIRECTION('',(0.562642815391737,0.,0.82670010420228));
#9105=DIRECTION('center_axis',(0.,0.,-1.));
#9106=DIRECTION('ref_axis',(1.,0.,0.));
#9107=DIRECTION('',(0.,-1.,0.));
#9108=DIRECTION('',(1.,0.,0.));
#9109=DIRECTION('center_axis',(-1.,0.,0.));
#9110=DIRECTION('ref_axis',(0.,0.,-1.));
#9111=DIRECTION('',(0.,0.,-1.));
#9112=DIRECTION('center_axis',(0.,-1.,0.));
#9113=DIRECTION('ref_axis',(0.,0.,-1.));
#9114=DIRECTION('center_axis',(0.,0.,1.));
#9115=DIRECTION('ref_axis',(-1.,0.,0.));
#9116=DIRECTION('',(0.,-1.,0.));
#9117=DIRECTION('',(-1.,0.,0.));
#9118=DIRECTION('',(0.,-1.,0.));
#9119=DIRECTION('center_axis',(1.,0.,0.));
#9120=DIRECTION('ref_axis',(0.,0.,1.));
#9121=DIRECTION('',(0.,-1.,0.));
#9122=DIRECTION('',(0.,0.,1.));
#9123=DIRECTION('center_axis',(-0.968939100166808,0.,0.247299454443263));
#9124=DIRECTION('ref_axis',(-0.247299454443263,0.,-0.968939100166809));
#9125=DIRECTION('',(0.,-1.,0.));
#9126=DIRECTION('',(-0.247299454443263,0.,-0.968939100166809));
#9127=DIRECTION('center_axis',(0.,0.,1.));
#9128=DIRECTION('ref_axis',(-1.,0.,0.));
#9129=DIRECTION('',(0.,-1.,0.));
#9130=DIRECTION('',(-1.,0.,0.));
#9131=DIRECTION('center_axis',(0.968832176070792,0.,0.247718014302421));
#9132=DIRECTION('ref_axis',(-0.247718014302421,0.,0.968832176070792));
#9133=DIRECTION('',(0.,-1.,0.));
#9134=DIRECTION('',(-0.247718014302421,0.,0.968832176070792));
#9135=DIRECTION('center_axis',(-1.,0.,0.));
#9136=DIRECTION('ref_axis',(0.,0.,-1.));
#9137=DIRECTION('',(0.,-1.,0.));
#9138=DIRECTION('',(0.,0.,-1.));
#9139=DIRECTION('center_axis',(0.,0.,1.));
#9140=DIRECTION('ref_axis',(-1.,0.,0.));
#9141=DIRECTION('',(0.,-1.,0.));
#9142=DIRECTION('',(-1.,0.,0.));
#9143=DIRECTION('center_axis',(1.,0.,0.));
#9144=DIRECTION('ref_axis',(0.,0.,1.));
#9145=DIRECTION('',(0.,-1.,0.));
#9146=DIRECTION('',(0.,0.,1.));
#9147=DIRECTION('center_axis',(0.,0.,-1.));
#9148=DIRECTION('ref_axis',(1.,0.,0.));
#9149=DIRECTION('',(0.,-1.,0.));
#9150=DIRECTION('',(1.,0.,0.));
#9151=DIRECTION('center_axis',(-0.968822804781073,0.,-0.247754662793932));
#9152=DIRECTION('ref_axis',(0.247754662793932,0.,-0.968822804781073));
#9153=DIRECTION('',(0.,-1.,0.));
#9154=DIRECTION('',(0.247754662793932,0.,-0.968822804781073));
#9155=DIRECTION('center_axis',(0.968393645231327,0.,-0.249426838723469));
#9156=DIRECTION('ref_axis',(0.249426838723469,0.,0.968393645231327));
#9157=DIRECTION('',(0.,-1.,0.));
#9158=DIRECTION('',(0.249426838723469,0.,0.968393645231327));
#9159=DIRECTION('center_axis',(0.,0.,-1.));
#9160=DIRECTION('ref_axis',(1.,0.,0.));
#9161=DIRECTION('',(0.,-1.,0.));
#9162=DIRECTION('',(1.,0.,0.));
#9163=DIRECTION('center_axis',(-1.,0.,0.));
#9164=DIRECTION('ref_axis',(0.,0.,-1.));
#9165=DIRECTION('',(0.,0.,-1.));
#9166=DIRECTION('center_axis',(0.,-1.,0.));
#9167=DIRECTION('ref_axis',(0.,0.,-1.));
#9168=DIRECTION('',(0.,-1.,0.));
#9169=DIRECTION('',(0.,-1.,0.));
#9170=DIRECTION('',(0.,-1.,0.));
#9171=DIRECTION('',(0.,-1.,0.));
#9172=DIRECTION('',(0.,-1.,0.));
#9173=DIRECTION('',(0.,-1.,0.));
#9174=DIRECTION('',(0.,-1.,0.));
#9175=DIRECTION('',(0.,-1.,0.));
#9176=DIRECTION('',(0.,-1.,0.));
#9177=DIRECTION('',(0.,-1.,0.));
#9178=DIRECTION('',(0.,-1.,0.));
#9179=DIRECTION('',(0.,-1.,0.));
#9180=DIRECTION('',(0.,-1.,0.));
#9181=DIRECTION('',(0.,-1.,0.));
#9182=DIRECTION('',(0.,-1.,0.));
#9183=DIRECTION('',(0.,-1.,0.));
#9184=DIRECTION('',(0.,-1.,0.));
#9185=DIRECTION('center_axis',(0.,1.,0.));
#9186=DIRECTION('ref_axis',(-1.,0.,0.));
#9187=DIRECTION('',(1.,0.,-6.66133814775094E-17));
#9188=DIRECTION('center_axis',(0.,0.,1.));
#9189=DIRECTION('ref_axis',(-1.,0.,0.));
#9190=DIRECTION('',(0.,-1.,0.));
#9191=DIRECTION('',(-1.,0.,0.));
#9192=DIRECTION('',(0.,-1.,0.));
#9193=DIRECTION('center_axis',(1.,0.,0.));
#9194=DIRECTION('ref_axis',(0.,0.,1.));
#9195=DIRECTION('',(0.,-1.,0.));
#9196=DIRECTION('',(0.,0.,1.));
#9197=DIRECTION('center_axis',(-0.968939090903949,0.,0.247299490735888));
#9198=DIRECTION('ref_axis',(-0.247299490735888,0.,-0.968939090903949));
#9199=DIRECTION('',(0.,-1.,0.));
#9200=DIRECTION('',(-0.247299490735888,0.,-0.968939090903948));
#9201=DIRECTION('center_axis',(0.,0.,1.));
#9202=DIRECTION('ref_axis',(-1.,0.,0.));
#9203=DIRECTION('',(0.,-1.,0.));
#9204=DIRECTION('',(-1.,0.,0.));
#9205=DIRECTION('center_axis',(0.968831948701051,0.,0.247718903550222));
#9206=DIRECTION('ref_axis',(-0.247718903550222,0.,0.968831948701051));
#9207=DIRECTION('',(0.,-1.,0.));
#9208=DIRECTION('',(-0.247718903550222,0.,0.968831948701051));
#9209=DIRECTION('center_axis',(-1.,0.,0.));
#9210=DIRECTION('ref_axis',(0.,0.,-1.));
#9211=DIRECTION('',(0.,-1.,0.));
#9212=DIRECTION('',(0.,0.,-1.));
#9213=DIRECTION('center_axis',(0.,0.,1.));
#9214=DIRECTION('ref_axis',(-1.,0.,0.));
#9215=DIRECTION('',(0.,-1.,0.));
#9216=DIRECTION('',(-1.,0.,0.));
#9217=DIRECTION('center_axis',(1.,0.,0.));
#9218=DIRECTION('ref_axis',(0.,0.,1.));
#9219=DIRECTION('',(0.,-1.,0.));
#9220=DIRECTION('',(0.,0.,1.));
#9221=DIRECTION('center_axis',(0.,0.,-1.));
#9222=DIRECTION('ref_axis',(1.,0.,0.));
#9223=DIRECTION('',(0.,-1.,0.));
#9224=DIRECTION('',(1.,0.,0.));
#9225=DIRECTION('center_axis',(-0.968822702008626,0.,-0.247755064676194));
#9226=DIRECTION('ref_axis',(0.247755064676194,0.,-0.968822702008626));
#9227=DIRECTION('',(0.,-1.,0.));
#9228=DIRECTION('',(0.247755064676194,0.,-0.968822702008626));
#9229=DIRECTION('center_axis',(0.96839372508262,0.,-0.249426528702557));
#9230=DIRECTION('ref_axis',(0.249426528702557,0.,0.96839372508262));
#9231=DIRECTION('',(0.,-1.,0.));
#9232=DIRECTION('',(0.249426528702557,0.,0.96839372508262));
#9233=DIRECTION('center_axis',(0.,0.,-1.));
#9234=DIRECTION('ref_axis',(1.,0.,0.));
#9235=DIRECTION('',(0.,-1.,0.));
#9236=DIRECTION('',(1.,0.,0.));
#9237=DIRECTION('center_axis',(-1.,0.,0.));
#9238=DIRECTION('ref_axis',(0.,0.,-1.));
#9239=DIRECTION('',(0.,0.,-1.));
#9240=DIRECTION('center_axis',(0.,-1.,0.));
#9241=DIRECTION('ref_axis',(0.,0.,-1.));
#9242=DIRECTION('center_axis',(-1.,0.,0.));
#9243=DIRECTION('ref_axis',(0.,0.,-1.));
#9244=DIRECTION('',(0.,-1.,0.));
#9245=DIRECTION('',(0.,0.,-1.));
#9246=DIRECTION('center_axis',(0.,0.,1.));
#9247=DIRECTION('ref_axis',(-1.,0.,0.));
#9248=DIRECTION('',(0.,-1.,0.));
#9249=DIRECTION('',(-1.,0.,0.));
#9250=DIRECTION('center_axis',(1.,0.,0.));
#9251=DIRECTION('ref_axis',(0.,0.,1.));
#9252=DIRECTION('',(0.,-1.,0.));
#9253=DIRECTION('',(0.,0.,1.));
#9254=DIRECTION('center_axis',(0.831148702389751,0.,0.556050208628531));
#9255=DIRECTION('ref_axis',(-0.556050208628531,0.,0.831148702389751));
#9256=DIRECTION('',(0.,-1.,0.));
#9257=DIRECTION('',(-0.556050208628531,0.,0.831148702389751));
#9258=DIRECTION('center_axis',(0.,0.,-1.));
#9259=DIRECTION('ref_axis',(1.,0.,0.));
#9260=DIRECTION('',(0.,-1.,0.));
#9261=DIRECTION('',(1.,0.,0.));
#9262=DIRECTION('center_axis',(-0.858085653989757,0.,-0.513506582642297));
#9263=DIRECTION('ref_axis',(0.513506582642297,0.,-0.858085653989757));
#9264=DIRECTION('',(0.,-1.,0.));
#9265=DIRECTION('',(0.513506582642297,0.,-0.858085653989757));
#9266=DIRECTION('center_axis',(0.858515530142011,0.,-0.512787562744048));
#9267=DIRECTION('ref_axis',(0.512787562744048,0.,0.858515530142011));
#9268=DIRECTION('',(0.,-1.,0.));
#9269=DIRECTION('',(0.512787562744048,0.,0.858515530142011));
#9270=DIRECTION('center_axis',(0.,0.,-1.));
#9271=DIRECTION('ref_axis',(1.,0.,0.));
#9272=DIRECTION('',(1.,0.,0.));
#9273=DIRECTION('center_axis',(0.,-1.,0.));
#9274=DIRECTION('ref_axis',(0.,0.,-1.));
#9275=DIRECTION('center_axis',(0.,1.,0.));
#9276=DIRECTION('ref_axis',(1.,0.,0.));
#9277=DIRECTION('center_axis',(0.,1.,0.));
#9278=DIRECTION('ref_axis',(1.,0.,0.));
#9279=DIRECTION('center_axis',(0.,1.,0.));
#9280=DIRECTION('ref_axis',(1.,0.,0.));
#9281=DIRECTION('center_axis',(0.,1.,0.));
#9282=DIRECTION('ref_axis',(1.,0.,0.));
#9283=DIRECTION('center_axis',(0.,1.,0.));
#9284=DIRECTION('ref_axis',(1.,0.,0.));
#9285=DIRECTION('center_axis',(0.,1.,0.));
#9286=DIRECTION('ref_axis',(1.,0.,0.));
#9287=DIRECTION('center_axis',(0.,1.,0.));
#9288=DIRECTION('ref_axis',(1.,0.,0.));
#9289=DIRECTION('center_axis',(0.,1.,0.));
#9290=DIRECTION('ref_axis',(1.,0.,0.));
#9291=DIRECTION('',(0.,-1.,0.));
#9292=DIRECTION('center_axis',(0.,0.,1.));
#9293=DIRECTION('ref_axis',(1.,0.,0.));
#9294=DIRECTION('center_axis',(-6.66133814775094E-17,0.,-1.));
#9295=DIRECTION('ref_axis',(-1.,0.,6.66133814775094E-17));
#9296=CARTESIAN_POINT('',(0.,0.,0.));
#9297=CARTESIAN_POINT('Ctrl Pts',(-13.2368068766712,5.,-0.199181959033012));
#9298=CARTESIAN_POINT('Ctrl Pts',(-13.2368068766712,3.,-0.199181959033012));
#9299=CARTESIAN_POINT('Ctrl Pts',(-13.3142926723693,5.,-0.191318616902601));
#9300=CARTESIAN_POINT('Ctrl Pts',(-13.3142926723693,3.,-0.191318616902601));
#9301=CARTESIAN_POINT('Ctrl Pts',(-13.4696429066703,5.,-0.175553507551374));
#9302=CARTESIAN_POINT('Ctrl Pts',(-13.4696429066703,3.,-0.175553507551374));
#9303=CARTESIAN_POINT('Ctrl Pts',(-13.5817222115853,5.,-0.0667922511787078));
#9304=CARTESIAN_POINT('Ctrl Pts',(-13.5817222115853,3.,-0.0667922511787078));
#9305=CARTESIAN_POINT('Ctrl Pts',(-13.6378984522937,5.,-0.0122790783643717));
#9306=CARTESIAN_POINT('Ctrl Pts',(-13.6378984522937,3.,-0.0122790783643717));
#9307=CARTESIAN_POINT('',(-13.2368068766712,5.,-0.199181959033012));
#9308=CARTESIAN_POINT('',(-13.6378984522937,5.,-0.0122790783643717));
#9309=CARTESIAN_POINT('Ctrl Pts',(-13.2368068766712,5.,-0.199181959033012));
#9310=CARTESIAN_POINT('Ctrl Pts',(-13.3142926723693,5.,-0.191318616902601));
#9311=CARTESIAN_POINT('Ctrl Pts',(-13.4696429066703,5.,-0.175553507551374));
#9312=CARTESIAN_POINT('Ctrl Pts',(-13.5817222115853,5.,-0.0667922511787078));
#9313=CARTESIAN_POINT('Ctrl Pts',(-13.6378984522937,5.,-0.0122790783643717));
#9314=CARTESIAN_POINT('',(-13.2368068766712,3.,-0.199181959033012));
#9315=CARTESIAN_POINT('',(-13.2368068766712,5.,-0.199181959033012));
#9316=CARTESIAN_POINT('',(-13.6378984522937,3.,-0.0122790783643717));
#9317=CARTESIAN_POINT('Ctrl Pts',(-13.2368068766712,3.,-0.199181959033012));
#9318=CARTESIAN_POINT('Ctrl Pts',(-13.3142926723693,3.,-0.191318616902601));
#9319=CARTESIAN_POINT('Ctrl Pts',(-13.4696429066703,3.,-0.175553507551374));
#9320=CARTESIAN_POINT('Ctrl Pts',(-13.5817222115853,3.,-0.0667922511787078));
#9321=CARTESIAN_POINT('Ctrl Pts',(-13.6378984522937,3.,-0.0122790783643717));
#9322=CARTESIAN_POINT('',(-13.6378984522937,5.,-0.0122790783643717));
#9323=CARTESIAN_POINT('Ctrl Pts',(-12.8520875048755,5.,-0.0150071829557413));
#9324=CARTESIAN_POINT('Ctrl Pts',(-12.8520875048755,3.,-0.0150071829557413));
#9325=CARTESIAN_POINT('Ctrl Pts',(-12.9064281734047,5.,-0.0687215286046028));
#9326=CARTESIAN_POINT('Ctrl Pts',(-12.9064281734047,3.,-0.0687215286046028));
#9327=CARTESIAN_POINT('Ctrl Pts',(-13.0135508262207,5.,-0.174609500834585));
#9328=CARTESIAN_POINT('Ctrl Pts',(-13.0135508262207,3.,-0.174609500834585));
#9329=CARTESIAN_POINT('Ctrl Pts',(-13.1631135957238,5.,-0.191070980352117));
#9330=CARTESIAN_POINT('Ctrl Pts',(-13.1631135957238,3.,-0.191070980352117));
#9331=CARTESIAN_POINT('Ctrl Pts',(-13.2368068766712,5.,-0.199181959033012));
#9332=CARTESIAN_POINT('Ctrl Pts',(-13.2368068766712,3.,-0.199181959033012));
#9333=CARTESIAN_POINT('',(-12.8520875048755,5.,-0.0150071829557413));
#9334=CARTESIAN_POINT('Ctrl Pts',(-12.8520875048755,5.,-0.0150071829557413));
#9335=CARTESIAN_POINT('Ctrl Pts',(-12.9064281734047,5.,-0.0687215286046028));
#9336=CARTESIAN_POINT('Ctrl Pts',(-13.0135508262207,5.,-0.174609500834585));
#9337=CARTESIAN_POINT('Ctrl Pts',(-13.1631135957238,5.,-0.191070980352117));
#9338=CARTESIAN_POINT('Ctrl Pts',(-13.2368068766712,5.,-0.199181959033012));
#9339=CARTESIAN_POINT('',(-12.8520875048755,3.,-0.0150071829557413));
#9340=CARTESIAN_POINT('',(-12.8520875048755,5.,-0.0150071829557413));
#9341=CARTESIAN_POINT('Ctrl Pts',(-12.8520875048755,3.,-0.0150071829557413));
#9342=CARTESIAN_POINT('Ctrl Pts',(-12.9064281734047,3.,-0.0687215286046028));
#9343=CARTESIAN_POINT('Ctrl Pts',(-13.0135508262207,3.,-0.174609500834585));
#9344=CARTESIAN_POINT('Ctrl Pts',(-13.1631135957238,3.,-0.191070980352117));
#9345=CARTESIAN_POINT('Ctrl Pts',(-13.2368068766712,3.,-0.199181959033012));
#9346=CARTESIAN_POINT('Ctrl Pts',(-12.696562297356,5.,0.545702055096626));
#9347=CARTESIAN_POINT('Ctrl Pts',(-12.696562297356,3.,0.545702055096626));
#9348=CARTESIAN_POINT('Ctrl Pts',(-12.6992988071881,5.,0.433151445185858));
#9349=CARTESIAN_POINT('Ctrl Pts',(-12.6992988071881,3.,0.433151445185858));
#9350=CARTESIAN_POINT('Ctrl Pts',(-12.70418578764,5.,0.232153581397946));
#9351=CARTESIAN_POINT('Ctrl Pts',(-12.70418578764,3.,0.232153581397946));
#9352=CARTESIAN_POINT('Ctrl Pts',(-12.8068924059265,5.,0.0605190205940326));
#9353=CARTESIAN_POINT('Ctrl Pts',(-12.8068924059265,3.,0.0605190205940326));
#9354=CARTESIAN_POINT('Ctrl Pts',(-12.8520875048755,5.,-0.0150071829557413));
#9355=CARTESIAN_POINT('Ctrl Pts',(-12.8520875048755,3.,-0.0150071829557413));
#9356=CARTESIAN_POINT('',(-12.696562297356,5.,0.545702055096626));
#9357=CARTESIAN_POINT('Ctrl Pts',(-12.696562297356,5.,0.545702055096626));
#9358=CARTESIAN_POINT('Ctrl Pts',(-12.6992988071881,5.,0.433151445185858));
#9359=CARTESIAN_POINT('Ctrl Pts',(-12.70418578764,5.,0.232153581397946));
#9360=CARTESIAN_POINT('Ctrl Pts',(-12.8068924059265,5.,0.0605190205940326));
#9361=CARTESIAN_POINT('Ctrl Pts',(-12.8520875048755,5.,-0.0150071829557413));
#9362=CARTESIAN_POINT('',(-12.696562297356,3.,0.545702055096626));
#9363=CARTESIAN_POINT('',(-12.696562297356,5.,0.545702055096626));
#9364=CARTESIAN_POINT('Ctrl Pts',(-12.696562297356,3.,0.545702055096626));
#9365=CARTESIAN_POINT('Ctrl Pts',(-12.6992988071881,3.,0.433151445185858));
#9366=CARTESIAN_POINT('Ctrl Pts',(-12.70418578764,3.,0.232153581397946));
#9367=CARTESIAN_POINT('Ctrl Pts',(-12.8068924059265,3.,0.0605190205940326));
#9368=CARTESIAN_POINT('Ctrl Pts',(-12.8520875048755,3.,-0.0150071829557413));
#9369=CARTESIAN_POINT('Ctrl Pts',(-12.8507225585102,5.,1.13233216106892));
#9370=CARTESIAN_POINT('Ctrl Pts',(-12.8507225585102,3.,1.13233216106892));
#9371=CARTESIAN_POINT('Ctrl Pts',(-12.8059796247177,5.,1.05476912409914));
#9372=CARTESIAN_POINT('Ctrl Pts',(-12.8059796247177,3.,1.05476912409914));
#9373=CARTESIAN_POINT('Ctrl Pts',(-12.7019481134356,5.,0.874427799298667));
#9374=CARTESIAN_POINT('Ctrl Pts',(-12.7019481134356,3.,0.874427799298667));
#9375=CARTESIAN_POINT('Ctrl Pts',(-12.698517460229,5.,0.665036314002138));
#9376=CARTESIAN_POINT('Ctrl Pts',(-12.698517460229,3.,0.665036314002138));
#9377=CARTESIAN_POINT('Ctrl Pts',(-12.696562297356,5.,0.545702055096626));
#9378=CARTESIAN_POINT('Ctrl Pts',(-12.696562297356,3.,0.545702055096626));
#9379=CARTESIAN_POINT('',(-12.8507225585102,5.,1.13233216106892));
#9380=CARTESIAN_POINT('Ctrl Pts',(-12.8507225585102,5.,1.13233216106892));
#9381=CARTESIAN_POINT('Ctrl Pts',(-12.8059796247177,5.,1.05476912409914));
#9382=CARTESIAN_POINT('Ctrl Pts',(-12.7019481134356,5.,0.874427799298667));
#9383=CARTESIAN_POINT('Ctrl Pts',(-12.698517460229,5.,0.665036314002138));
#9384=CARTESIAN_POINT('Ctrl Pts',(-12.696562297356,5.,0.545702055096626));
#9385=CARTESIAN_POINT('',(-12.8507225585102,3.,1.13233216106892));
#9386=CARTESIAN_POINT('',(-12.8507225585102,5.,1.13233216106892));
#9387=CARTESIAN_POINT('Ctrl Pts',(-12.8507225585102,3.,1.13233216106892));
#9388=CARTESIAN_POINT('Ctrl Pts',(-12.8059796247177,3.,1.05476912409914));
#9389=CARTESIAN_POINT('Ctrl Pts',(-12.7019481134356,3.,0.874427799298667));
#9390=CARTESIAN_POINT('Ctrl Pts',(-12.698517460229,3.,0.665036314002138));
#9391=CARTESIAN_POINT('Ctrl Pts',(-12.696562297356,3.,0.545702055096626));
#9392=CARTESIAN_POINT('Ctrl Pts',(-13.2449929785846,5.,1.31514258682728));
#9393=CARTESIAN_POINT('Ctrl Pts',(-13.2449929785846,3.,1.31514258682728));
#9394=CARTESIAN_POINT('Ctrl Pts',(-13.1685677705464,5.,1.3075614182007));
#9395=CARTESIAN_POINT('Ctrl Pts',(-13.1685677705464,3.,1.3075614182007));
#9396=CARTESIAN_POINT('Ctrl Pts',(-13.0158967146743,5.,1.29241687298226));
#9397=CARTESIAN_POINT('Ctrl Pts',(-13.0158967146743,3.,1.29241687298226));
#9398=CARTESIAN_POINT('Ctrl Pts',(-12.9057374716646,5.,1.18565192202788));
#9399=CARTESIAN_POINT('Ctrl Pts',(-12.9057374716646,3.,1.18565192202788));
#9400=CARTESIAN_POINT('Ctrl Pts',(-12.8507225585102,5.,1.13233216106892));
#9401=CARTESIAN_POINT('Ctrl Pts',(-12.8507225585102,3.,1.13233216106892));
#9402=CARTESIAN_POINT('',(-13.2449929785846,5.,1.31514258682728));
#9403=CARTESIAN_POINT('Ctrl Pts',(-13.2449929785846,5.,1.31514258682728));
#9404=CARTESIAN_POINT('Ctrl Pts',(-13.1685677705464,5.,1.3075614182007));
#9405=CARTESIAN_POINT('Ctrl Pts',(-13.0158967146743,5.,1.29241687298226));
#9406=CARTESIAN_POINT('Ctrl Pts',(-12.9057374716646,5.,1.18565192202788));
#9407=CARTESIAN_POINT('Ctrl Pts',(-12.8507225585102,5.,1.13233216106892));
#9408=CARTESIAN_POINT('',(-13.2449929785846,3.,1.31514258682728));
#9409=CARTESIAN_POINT('',(-13.2449929785846,5.,1.31514258682728));
#9410=CARTESIAN_POINT('Ctrl Pts',(-13.2449929785846,3.,1.31514258682728));
#9411=CARTESIAN_POINT('Ctrl Pts',(-13.1685677705464,3.,1.3075614182007));
#9412=CARTESIAN_POINT('Ctrl Pts',(-13.0158967146743,3.,1.29241687298226));
#9413=CARTESIAN_POINT('Ctrl Pts',(-12.9057374716646,3.,1.18565192202788));
#9414=CARTESIAN_POINT('Ctrl Pts',(-12.8507225585102,3.,1.13233216106892));
#9415=CARTESIAN_POINT('Ctrl Pts',(-13.6392633986591,5.,1.1296034604311));
#9416=CARTESIAN_POINT('Ctrl Pts',(-13.6392633986591,3.,1.1296034604311));
#9417=CARTESIAN_POINT('Ctrl Pts',(-13.5838821418813,5.,1.18371826087904));
#9418=CARTESIAN_POINT('Ctrl Pts',(-13.5838821418813,3.,1.18371826087904));
#9419=CARTESIAN_POINT('Ctrl Pts',(-13.4738591389378,5.,1.2912252622615));
#9420=CARTESIAN_POINT('Ctrl Pts',(-13.4738591389378,3.,1.2912252622615));
#9421=CARTESIAN_POINT('Ctrl Pts',(-13.3209390854933,5.,1.30720594959948));
#9422=CARTESIAN_POINT('Ctrl Pts',(-13.3209390854933,3.,1.30720594959948));
#9423=CARTESIAN_POINT('Ctrl Pts',(-13.2449929785846,5.,1.31514258682728));
#9424=CARTESIAN_POINT('Ctrl Pts',(-13.2449929785846,3.,1.31514258682728));
#9425=CARTESIAN_POINT('',(-13.6392633986591,5.,1.1296034604311));
#9426=CARTESIAN_POINT('Ctrl Pts',(-13.6392633986591,5.,1.1296034604311));
#9427=CARTESIAN_POINT('Ctrl Pts',(-13.5838821418813,5.,1.18371826087904));
#9428=CARTESIAN_POINT('Ctrl Pts',(-13.4738591389378,5.,1.2912252622615));
#9429=CARTESIAN_POINT('Ctrl Pts',(-13.3209390854933,5.,1.30720594959948));
#9430=CARTESIAN_POINT('Ctrl Pts',(-13.2449929785846,5.,1.31514258682728));
#9431=CARTESIAN_POINT('',(-13.6392633986591,3.,1.1296034604311));
#9432=CARTESIAN_POINT('',(-13.6392633986591,5.,1.1296034604311));
#9433=CARTESIAN_POINT('Ctrl Pts',(-13.6392633986591,3.,1.1296034604311));
#9434=CARTESIAN_POINT('Ctrl Pts',(-13.5838821418813,3.,1.18371826087904));
#9435=CARTESIAN_POINT('Ctrl Pts',(-13.4738591389378,3.,1.2912252622615));
#9436=CARTESIAN_POINT('Ctrl Pts',(-13.3209390854933,3.,1.30720594959948));
#9437=CARTESIAN_POINT('Ctrl Pts',(-13.2449929785846,3.,1.31514258682728));
#9438=CARTESIAN_POINT('Ctrl Pts',(-13.7961523604511,5.,0.556616261601448));
#9439=CARTESIAN_POINT('Ctrl Pts',(-13.7961523604511,3.,0.556616261601448));
#9440=CARTESIAN_POINT('Ctrl Pts',(-13.7935939106396,5.,0.672068459533453));
#9441=CARTESIAN_POINT('Ctrl Pts',(-13.7935939106396,3.,0.672068459533453));
#9442=CARTESIAN_POINT('Ctrl Pts',(-13.7890465797697,5.,0.877270586734964));
#9443=CARTESIAN_POINT('Ctrl Pts',(-13.7890465797697,3.,0.877270586734964));
#9444=CARTESIAN_POINT('Ctrl Pts',(-13.6848403987698,5.,1.05282197316988));
#9445=CARTESIAN_POINT('Ctrl Pts',(-13.6848403987698,3.,1.05282197316988));
#9446=CARTESIAN_POINT('Ctrl Pts',(-13.6392633986591,5.,1.1296034604311));
#9447=CARTESIAN_POINT('Ctrl Pts',(-13.6392633986591,3.,1.1296034604311));
#9448=CARTESIAN_POINT('',(-13.7961523604511,5.,0.556616261601448));
#9449=CARTESIAN_POINT('Ctrl Pts',(-13.7961523604511,5.,0.556616261601448));
#9450=CARTESIAN_POINT('Ctrl Pts',(-13.7935939106396,5.,0.672068459533453));
#9451=CARTESIAN_POINT('Ctrl Pts',(-13.7890465797697,5.,0.877270586734964));
#9452=CARTESIAN_POINT('Ctrl Pts',(-13.6848403987698,5.,1.05282197316988));
#9453=CARTESIAN_POINT('Ctrl Pts',(-13.6392633986591,5.,1.1296034604311));
#9454=CARTESIAN_POINT('',(-13.7961523604511,3.,0.556616261601448));
#9455=CARTESIAN_POINT('',(-13.7961523604511,5.,0.556616261601448));
#9456=CARTESIAN_POINT('Ctrl Pts',(-13.7961523604511,3.,0.556616261601448));
#9457=CARTESIAN_POINT('Ctrl Pts',(-13.7935939106396,3.,0.672068459533453));
#9458=CARTESIAN_POINT('Ctrl Pts',(-13.7890465797697,3.,0.877270586734964));
#9459=CARTESIAN_POINT('Ctrl Pts',(-13.6848403987698,3.,1.05282197316988));
#9460=CARTESIAN_POINT('Ctrl Pts',(-13.6392633986591,3.,1.1296034604311));
#9461=CARTESIAN_POINT('Ctrl Pts',(-13.6378984522937,5.,-0.0122790783643717));
#9462=CARTESIAN_POINT('Ctrl Pts',(-13.6378984522937,3.,-0.0122790783643717));
#9463=CARTESIAN_POINT('Ctrl Pts',(-13.6838875275792,5.,0.0643454846637814));
#9464=CARTESIAN_POINT('Ctrl Pts',(-13.6838875275792,3.,0.0643454846637814));
#9465=CARTESIAN_POINT('Ctrl Pts',(-13.7883590441498,5.,0.238410395872233));
#9466=CARTESIAN_POINT('Ctrl Pts',(-13.7883590441498,3.,0.238410395872233));
#9467=CARTESIAN_POINT('Ctrl Pts',(-13.7933554221686,5.,0.442415562802931));
#9468=CARTESIAN_POINT('Ctrl Pts',(-13.7933554221686,3.,0.442415562802931));
#9469=CARTESIAN_POINT('Ctrl Pts',(-13.7961523604511,5.,0.556616261601448));
#9470=CARTESIAN_POINT('Ctrl Pts',(-13.7961523604511,3.,0.556616261601448));
#9471=CARTESIAN_POINT('Ctrl Pts',(-13.6378984522937,5.,-0.0122790783643717));
#9472=CARTESIAN_POINT('Ctrl Pts',(-13.6838875275792,5.,0.0643454846637814));
#9473=CARTESIAN_POINT('Ctrl Pts',(-13.7883590441498,5.,0.238410395872233));
#9474=CARTESIAN_POINT('Ctrl Pts',(-13.7933554221686,5.,0.442415562802931));
#9475=CARTESIAN_POINT('Ctrl Pts',(-13.7961523604511,5.,0.556616261601448));
#9476=CARTESIAN_POINT('Ctrl Pts',(-13.6378984522937,3.,-0.0122790783643717));
#9477=CARTESIAN_POINT('Ctrl Pts',(-13.6838875275792,3.,0.0643454846637814));
#9478=CARTESIAN_POINT('Ctrl Pts',(-13.7883590441498,3.,0.238410395872233));
#9479=CARTESIAN_POINT('Ctrl Pts',(-13.7933554221686,3.,0.442415562802931));
#9480=CARTESIAN_POINT('Ctrl Pts',(-13.7961523604511,3.,0.556616261601448));
#9481=CARTESIAN_POINT('Ctrl Pts',(-13.2504503798603,5.,2.0654834061861));
#9482=CARTESIAN_POINT('Ctrl Pts',(-13.2504503798603,3.,2.0654834061861));
#9483=CARTESIAN_POINT('Ctrl Pts',(-13.4671058965445,5.,2.05465761609231));
#9484=CARTESIAN_POINT('Ctrl Pts',(-13.4671058965445,3.,2.05465761609231));
#9485=CARTESIAN_POINT('Ctrl Pts',(-13.8755255034543,5.,2.03424980464));
#9486=CARTESIAN_POINT('Ctrl Pts',(-13.8755255034543,3.,2.03424980464));
#9487=CARTESIAN_POINT('Ctrl Pts',(-14.2188528530587,5.,1.81412930838396));
#9488=CARTESIAN_POINT('Ctrl Pts',(-14.2188528530587,3.,1.81412930838396));
#9489=CARTESIAN_POINT('Ctrl Pts',(-14.380054361832,5.,1.7107767611742));
#9490=CARTESIAN_POINT('Ctrl Pts',(-14.380054361832,3.,1.7107767611742));
#9491=CARTESIAN_POINT('',(-13.2504503798603,5.,2.0654834061861));
#9492=CARTESIAN_POINT('',(-14.380054361832,5.,1.7107767611742));
#9493=CARTESIAN_POINT('Ctrl Pts',(-13.2504503798603,5.,2.0654834061861));
#9494=CARTESIAN_POINT('Ctrl Pts',(-13.4671058965445,5.,2.05465761609231));
#9495=CARTESIAN_POINT('Ctrl Pts',(-13.8755255034543,5.,2.03424980464));
#9496=CARTESIAN_POINT('Ctrl Pts',(-14.2188528530587,5.,1.81412930838396));
#9497=CARTESIAN_POINT('Ctrl Pts',(-14.380054361832,5.,1.7107767611742));
#9498=CARTESIAN_POINT('',(-13.2504503798603,3.,2.0654834061861));
#9499=CARTESIAN_POINT('',(-13.2504503798603,5.,2.0654834061861));
#9500=CARTESIAN_POINT('',(-14.380054361832,3.,1.7107767611742));
#9501=CARTESIAN_POINT('Ctrl Pts',(-13.2504503798603,3.,2.0654834061861));
#9502=CARTESIAN_POINT('Ctrl Pts',(-13.4671058965445,3.,2.05465761609231));
#9503=CARTESIAN_POINT('Ctrl Pts',(-13.8755255034543,3.,2.03424980464));
#9504=CARTESIAN_POINT('Ctrl Pts',(-14.2188528530587,3.,1.81412930838396));
#9505=CARTESIAN_POINT('Ctrl Pts',(-14.380054361832,3.,1.7107767611742));
#9506=CARTESIAN_POINT('',(-14.380054361832,5.,1.7107767611742));
#9507=CARTESIAN_POINT('Ctrl Pts',(-12.0239834857105,5.,1.63847155869007));
#9508=CARTESIAN_POINT('Ctrl Pts',(-12.0239834857105,3.,1.63847155869007));
#9509=CARTESIAN_POINT('Ctrl Pts',(-12.1936789501544,5.,1.76286767977476));
#9510=CARTESIAN_POINT('Ctrl Pts',(-12.1936789501544,3.,1.76286767977476));
#9511=CARTESIAN_POINT('Ctrl Pts',(-12.5573718644929,5.,2.02947461566412));
#9512=CARTESIAN_POINT('Ctrl Pts',(-12.5573718644929,3.,2.02947461566412));
#9513=CARTESIAN_POINT('Ctrl Pts',(-13.0093569825538,5.,2.05295743481728));
#9514=CARTESIAN_POINT('Ctrl Pts',(-13.0093569825538,3.,2.05295743481728));
#9515=CARTESIAN_POINT('Ctrl Pts',(-13.2504503798603,5.,2.0654834061861));
#9516=CARTESIAN_POINT('Ctrl Pts',(-13.2504503798603,3.,2.0654834061861));
#9517=CARTESIAN_POINT('',(-12.0239834857105,5.,1.63847155869007));
#9518=CARTESIAN_POINT('Ctrl Pts',(-12.0239834857105,5.,1.63847155869007));
#9519=CARTESIAN_POINT('Ctrl Pts',(-12.1936789501544,5.,1.76286767977476));
#9520=CARTESIAN_POINT('Ctrl Pts',(-12.5573718644929,5.,2.02947461566412));
#9521=CARTESIAN_POINT('Ctrl Pts',(-13.0093569825538,5.,2.05295743481728));
#9522=CARTESIAN_POINT('Ctrl Pts',(-13.2504503798603,5.,2.0654834061861));
#9523=CARTESIAN_POINT('',(-12.0239834857105,3.,1.63847155869007));
#9524=CARTESIAN_POINT('',(-12.0239834857105,5.,1.63847155869007));
#9525=CARTESIAN_POINT('Ctrl Pts',(-12.0239834857105,3.,1.63847155869007));
#9526=CARTESIAN_POINT('Ctrl Pts',(-12.1936789501544,3.,1.76286767977476));
#9527=CARTESIAN_POINT('Ctrl Pts',(-12.5573718644929,3.,2.02947461566412));
#9528=CARTESIAN_POINT('Ctrl Pts',(-13.0093569825538,3.,2.05295743481728));
#9529=CARTESIAN_POINT('Ctrl Pts',(-13.2504503798603,3.,2.0654834061861));
#9530=CARTESIAN_POINT('Ctrl Pts',(-11.580600030434,5.,0.542973354458809));
#9531=CARTESIAN_POINT('Ctrl Pts',(-11.580600030434,3.,0.542973354458809));
#9532=CARTESIAN_POINT('Ctrl Pts',(-11.5972933369511,5.,0.753994049383989));
#9533=CARTESIAN_POINT('Ctrl Pts',(-11.5972933369511,3.,0.753994049383989));
#9534=CARTESIAN_POINT('Ctrl Pts',(-11.6299205431283,5.,1.16643574952984));
#9535=CARTESIAN_POINT('Ctrl Pts',(-11.6299205431283,3.,1.16643574952984));
#9536=CARTESIAN_POINT('Ctrl Pts',(-11.8946833126894,5.,1.48358688113919));
#9537=CARTESIAN_POINT('Ctrl Pts',(-11.8946833126894,3.,1.48358688113919));
#9538=CARTESIAN_POINT('Ctrl Pts',(-12.0239834857105,5.,1.63847155869007));
#9539=CARTESIAN_POINT('Ctrl Pts',(-12.0239834857105,3.,1.63847155869007));
#9540=CARTESIAN_POINT('',(-11.580600030434,5.,0.542973354458809));
#9541=CARTESIAN_POINT('Ctrl Pts',(-11.580600030434,5.,0.542973354458809));
#9542=CARTESIAN_POINT('Ctrl Pts',(-11.5972933369511,5.,0.753994049383989));
#9543=CARTESIAN_POINT('Ctrl Pts',(-11.6299205431283,5.,1.16643574952984));
#9544=CARTESIAN_POINT('Ctrl Pts',(-11.8946833126894,5.,1.48358688113919));
#9545=CARTESIAN_POINT('Ctrl Pts',(-12.0239834857105,5.,1.63847155869007));
#9546=CARTESIAN_POINT('',(-11.580600030434,3.,0.542973354458809));
#9547=CARTESIAN_POINT('',(-11.580600030434,5.,0.542973354458809));
#9548=CARTESIAN_POINT('Ctrl Pts',(-11.580600030434,3.,0.542973354458809));
#9549=CARTESIAN_POINT('Ctrl Pts',(-11.5972933369511,3.,0.753994049383989));
#9550=CARTESIAN_POINT('Ctrl Pts',(-11.6299205431283,3.,1.16643574952984));
#9551=CARTESIAN_POINT('Ctrl Pts',(-11.8946833126894,3.,1.48358688113919));
#9552=CARTESIAN_POINT('Ctrl Pts',(-12.0239834857105,3.,1.63847155869007));
#9553=CARTESIAN_POINT('Ctrl Pts',(-11.9380359721302,5.,-0.458390638232231));
#9554=CARTESIAN_POINT('Ctrl Pts',(-11.9380359721302,3.,-0.458390638232231));
#9555=CARTESIAN_POINT('Ctrl Pts',(-11.8338035292863,5.,-0.312576734468926));
#9556=CARTESIAN_POINT('Ctrl Pts',(-11.8338035292863,3.,-0.312576734468926));
#9557=CARTESIAN_POINT('Ctrl Pts',(-11.6197834598613,5.,-0.0131776130908817));
#9558=CARTESIAN_POINT('Ctrl Pts',(-11.6197834598613,3.,-0.0131776130908817));
#9559=CARTESIAN_POINT('Ctrl Pts',(-11.5938852480838,5.,0.354409291587028));
#9560=CARTESIAN_POINT('Ctrl Pts',(-11.5938852480838,3.,0.354409291587028));
#9561=CARTESIAN_POINT('Ctrl Pts',(-11.580600030434,5.,0.542973354458809));
#9562=CARTESIAN_POINT('Ctrl Pts',(-11.580600030434,3.,0.542973354458809));
#9563=CARTESIAN_POINT('',(-11.9380359721302,5.,-0.458390638232231));
#9564=CARTESIAN_POINT('Ctrl Pts',(-11.9380359721302,5.,-0.458390638232231));
#9565=CARTESIAN_POINT('Ctrl Pts',(-11.8338035292863,5.,-0.312576734468926));
#9566=CARTESIAN_POINT('Ctrl Pts',(-11.6197834598613,5.,-0.0131776130908817));
#9567=CARTESIAN_POINT('Ctrl Pts',(-11.5938852480838,5.,0.354409291587028));
#9568=CARTESIAN_POINT('Ctrl Pts',(-11.580600030434,5.,0.542973354458809));
#9569=CARTESIAN_POINT('',(-11.9380359721302,3.,-0.458390638232231));
#9570=CARTESIAN_POINT('',(-11.9380359721302,5.,-0.458390638232231));
#9571=CARTESIAN_POINT('Ctrl Pts',(-11.9380359721302,3.,-0.458390638232231));
#9572=CARTESIAN_POINT('Ctrl Pts',(-11.8338035292863,3.,-0.312576734468926));
#9573=CARTESIAN_POINT('Ctrl Pts',(-11.6197834598613,3.,-0.0131776130908817));
#9574=CARTESIAN_POINT('Ctrl Pts',(-11.5938852480838,3.,0.354409291587028));
#9575=CARTESIAN_POINT('Ctrl Pts',(-11.580600030434,3.,0.542973354458809));
#9576=CARTESIAN_POINT('Ctrl Pts',(-13.2531790804981,5.,-0.963165685534477));
#9577=CARTESIAN_POINT('Ctrl Pts',(-13.2531790804981,3.,-0.963165685534477));
#9578=CARTESIAN_POINT('Ctrl Pts',(-12.9872743996356,5.,-0.949025091971612));
#9579=CARTESIAN_POINT('Ctrl Pts',(-12.9872743996356,3.,-0.949025091971612));
#9580=CARTESIAN_POINT('Ctrl Pts',(-12.491755290415,5.,-0.922673790808379));
#9581=CARTESIAN_POINT('Ctrl Pts',(-12.491755290415,3.,-0.922673790808379));
#9582=CARTESIAN_POINT('Ctrl Pts',(-12.1133718766911,5.,-0.605406470696742));
#9583=CARTESIAN_POINT('Ctrl Pts',(-12.1133718766911,3.,-0.605406470696742));
#9584=CARTESIAN_POINT('Ctrl Pts',(-11.9380359721302,5.,-0.458390638232231));
#9585=CARTESIAN_POINT('Ctrl Pts',(-11.9380359721302,3.,-0.458390638232231));
#9586=CARTESIAN_POINT('',(-13.2531790804981,5.,-0.963165685534477));
#9587=CARTESIAN_POINT('Ctrl Pts',(-13.2531790804981,5.,-0.963165685534477));
#9588=CARTESIAN_POINT('Ctrl Pts',(-12.9872743996356,5.,-0.949025091971612));
#9589=CARTESIAN_POINT('Ctrl Pts',(-12.491755290415,5.,-0.922673790808379));
#9590=CARTESIAN_POINT('Ctrl Pts',(-12.1133718766911,5.,-0.605406470696742));
#9591=CARTESIAN_POINT('Ctrl Pts',(-11.9380359721302,5.,-0.458390638232231));
#9592=CARTESIAN_POINT('',(-13.2531790804981,3.,-0.963165685534477));
#9593=CARTESIAN_POINT('',(-13.2531790804981,5.,-0.963165685534477));
#9594=CARTESIAN_POINT('Ctrl Pts',(-13.2531790804981,3.,-0.963165685534477));
#9595=CARTESIAN_POINT('Ctrl Pts',(-12.9872743996356,3.,-0.949025091971612));
#9596=CARTESIAN_POINT('Ctrl Pts',(-12.491755290415,3.,-0.922673790808379));
#9597=CARTESIAN_POINT('Ctrl Pts',(-12.1133718766911,3.,-0.605406470696742));
#9598=CARTESIAN_POINT('Ctrl Pts',(-11.9380359721302,3.,-0.458390638232231));
#9599=CARTESIAN_POINT('Ctrl Pts',(-14.4619100165485,5.,-0.533424839377403));
#9600=CARTESIAN_POINT('Ctrl Pts',(-14.4619100165485,3.,-0.533424839377403));
#9601=CARTESIAN_POINT('Ctrl Pts',(-14.2931582314044,5.,-0.658656306027773));
#9602=CARTESIAN_POINT('Ctrl Pts',(-14.2931582314044,3.,-0.658656306027773));
#9603=CARTESIAN_POINT('Ctrl Pts',(-13.9353047020275,5.,-0.924221036448964));
#9604=CARTESIAN_POINT('Ctrl Pts',(-13.9353047020275,3.,-0.924221036448964));
#9605=CARTESIAN_POINT('Ctrl Pts',(-13.4890139851802,5.,-0.949701145697421));
#9606=CARTESIAN_POINT('Ctrl Pts',(-13.4890139851802,3.,-0.949701145697421));
#9607=CARTESIAN_POINT('Ctrl Pts',(-13.2531790804981,5.,-0.963165685534477));
#9608=CARTESIAN_POINT('Ctrl Pts',(-13.2531790804981,3.,-0.963165685534477));
#9609=CARTESIAN_POINT('',(-14.4619100165485,5.,-0.533424839377403));
#9610=CARTESIAN_POINT('Ctrl Pts',(-14.4619100165485,5.,-0.533424839377403));
#9611=CARTESIAN_POINT('Ctrl Pts',(-14.2931582314044,5.,-0.658656306027773));
#9612=CARTESIAN_POINT('Ctrl Pts',(-13.9353047020275,5.,-0.924221036448964));
#9613=CARTESIAN_POINT('Ctrl Pts',(-13.4890139851802,5.,-0.949701145697421));
#9614=CARTESIAN_POINT('Ctrl Pts',(-13.2531790804981,5.,-0.963165685534477));
#9615=CARTESIAN_POINT('',(-14.4619100165485,3.,-0.533424839377403));
#9616=CARTESIAN_POINT('',(-14.4619100165485,5.,-0.533424839377403));
#9617=CARTESIAN_POINT('Ctrl Pts',(-14.4619100165485,3.,-0.533424839377403));
#9618=CARTESIAN_POINT('Ctrl Pts',(-14.2931582314044,3.,-0.658656306027773));
#9619=CARTESIAN_POINT('Ctrl Pts',(-13.9353047020275,3.,-0.924221036448964));
#9620=CARTESIAN_POINT('Ctrl Pts',(-13.4890139851802,3.,-0.949701145697421));
#9621=CARTESIAN_POINT('Ctrl Pts',(-13.2531790804981,3.,-0.963165685534477));
#9622=CARTESIAN_POINT('Ctrl Pts',(-14.9093859267353,5.,0.559344366192818));
#9623=CARTESIAN_POINT('Ctrl Pts',(-14.9093859267353,3.,0.559344366192818));
#9624=CARTESIAN_POINT('Ctrl Pts',(-14.8921808136095,5.,0.349457451451166));
#9625=CARTESIAN_POINT('Ctrl Pts',(-14.8921808136095,3.,0.349457451451166));
#9626=CARTESIAN_POINT('Ctrl Pts',(-14.8584043128599,5.,-0.0625854965523759));
#9627=CARTESIAN_POINT('Ctrl Pts',(-14.8584043128599,3.,-0.0625854965523759));
#9628=CARTESIAN_POINT('Ctrl Pts',(-14.5924112329265,5.,-0.378453866203469));
#9629=CARTESIAN_POINT('Ctrl Pts',(-14.5924112329265,3.,-0.378453866203469));
#9630=CARTESIAN_POINT('Ctrl Pts',(-14.4619100165485,5.,-0.533424839377403));
#9631=CARTESIAN_POINT('Ctrl Pts',(-14.4619100165485,3.,-0.533424839377403));
#9632=CARTESIAN_POINT('',(-14.9093859267353,5.,0.559344366192818));
#9633=CARTESIAN_POINT('Ctrl Pts',(-14.9093859267353,5.,0.559344366192818));
#9634=CARTESIAN_POINT('Ctrl Pts',(-14.8921808136095,5.,0.349457451451166));
#9635=CARTESIAN_POINT('Ctrl Pts',(-14.8584043128599,5.,-0.0625854965523759));
#9636=CARTESIAN_POINT('Ctrl Pts',(-14.5924112329265,5.,-0.378453866203469));
#9637=CARTESIAN_POINT('Ctrl Pts',(-14.4619100165485,5.,-0.533424839377403));
#9638=CARTESIAN_POINT('',(-14.9093859267353,3.,0.559344366192818));
#9639=CARTESIAN_POINT('',(-14.9093859267353,5.,0.559344366192818));
#9640=CARTESIAN_POINT('Ctrl Pts',(-14.9093859267353,3.,0.559344366192818));
#9641=CARTESIAN_POINT('Ctrl Pts',(-14.8921808136095,3.,0.349457451451166));
#9642=CARTESIAN_POINT('Ctrl Pts',(-14.8584043128599,3.,-0.0625854965523759));
#9643=CARTESIAN_POINT('Ctrl Pts',(-14.5924112329265,3.,-0.378453866203469));
#9644=CARTESIAN_POINT('Ctrl Pts',(-14.4619100165485,3.,-0.533424839377403));
#9645=CARTESIAN_POINT('Ctrl Pts',(-14.380054361832,5.,1.7107767611742));
#9646=CARTESIAN_POINT('Ctrl Pts',(-14.380054361832,3.,1.7107767611742));
#9647=CARTESIAN_POINT('Ctrl Pts',(-14.5344382704609,5.,1.551809203628));
#9648=CARTESIAN_POINT('Ctrl Pts',(-14.5344382704609,3.,1.551809203628));
#9649=CARTESIAN_POINT('Ctrl Pts',(-14.846333292488,5.,1.23065403724568));
#9650=CARTESIAN_POINT('Ctrl Pts',(-14.846333292488,3.,1.23065403724568));
#9651=CARTESIAN_POINT('Ctrl Pts',(-14.8882283621585,5.,0.7846050216095));
#9652=CARTESIAN_POINT('Ctrl Pts',(-14.8882283621585,3.,0.7846050216095));
#9653=CARTESIAN_POINT('Ctrl Pts',(-14.9093859267353,5.,0.559344366192818));
#9654=CARTESIAN_POINT('Ctrl Pts',(-14.9093859267353,3.,0.559344366192818));
#9655=CARTESIAN_POINT('Ctrl Pts',(-14.380054361832,5.,1.7107767611742));
#9656=CARTESIAN_POINT('Ctrl Pts',(-14.5344382704609,5.,1.551809203628));
#9657=CARTESIAN_POINT('Ctrl Pts',(-14.846333292488,5.,1.23065403724568));
#9658=CARTESIAN_POINT('Ctrl Pts',(-14.8882283621585,5.,0.7846050216095));
#9659=CARTESIAN_POINT('Ctrl Pts',(-14.9093859267353,5.,0.559344366192818));
#9660=CARTESIAN_POINT('Ctrl Pts',(-14.380054361832,3.,1.7107767611742));
#9661=CARTESIAN_POINT('Ctrl Pts',(-14.5344382704609,3.,1.551809203628));
#9662=CARTESIAN_POINT('Ctrl Pts',(-14.846333292488,3.,1.23065403724568));
#9663=CARTESIAN_POINT('Ctrl Pts',(-14.8882283621585,3.,0.7846050216095));
#9664=CARTESIAN_POINT('Ctrl Pts',(-14.9093859267353,3.,0.559344366192818));
#9665=CARTESIAN_POINT('Origin',(-3.3213912320255,3.,0.0327413529157641));
#9666=CARTESIAN_POINT('Origin',(-4.34731174231755,5.,1.99999935925007));
#9667=CARTESIAN_POINT('',(-4.34731174231755,5.,1.99999935925007));
#9668=CARTESIAN_POINT('',(-5.45781660796391,5.,1.99999935925007));
#9669=CARTESIAN_POINT('',(-2.17365587115878,5.,1.99999935925007));
#9670=CARTESIAN_POINT('',(-4.34731174231755,3.,1.99999935925007));
#9671=CARTESIAN_POINT('',(-4.34731174231755,5.,1.99999935925007));
#9672=CARTESIAN_POINT('',(-5.45781660796391,3.,1.99999935925007));
#9673=CARTESIAN_POINT('',(-4.34731174231755,3.,1.99999935925007));
#9674=CARTESIAN_POINT('',(-5.45781660796391,5.,1.99999935925007));
#9675=CARTESIAN_POINT('Origin',(-4.34731174231755,5.,0.608457401394844));
#9676=CARTESIAN_POINT('',(-4.34731174231755,5.,0.608457401394844));
#9677=CARTESIAN_POINT('',(-4.34731174231755,5.,0.304228700697421));
#9678=CARTESIAN_POINT('',(-4.34731174231755,3.,0.608457401394844));
#9679=CARTESIAN_POINT('',(-4.34731174231755,5.,0.608457401394844));
#9680=CARTESIAN_POINT('',(-4.34731174231755,3.,0.608457401394844));
#9681=CARTESIAN_POINT('Ctrl Pts',(-4.22179985762822,5.,0.0600267201662069));
#9682=CARTESIAN_POINT('Ctrl Pts',(-4.22179985762822,3.,0.0600267201662069));
#9683=CARTESIAN_POINT('Ctrl Pts',(-4.25811755660586,5.,0.12991117807846));
#9684=CARTESIAN_POINT('Ctrl Pts',(-4.25811755660586,3.,0.12991117807846));
#9685=CARTESIAN_POINT('Ctrl Pts',(-4.34679295784463,5.,0.300545125717548));
#9686=CARTESIAN_POINT('Ctrl Pts',(-4.34679295784463,3.,0.300545125717548));
#9687=CARTESIAN_POINT('Ctrl Pts',(-4.34711914666237,5.,0.494146797342441));
#9688=CARTESIAN_POINT('Ctrl Pts',(-4.34711914666237,3.,0.494146797342441));
#9689=CARTESIAN_POINT('Ctrl Pts',(-4.34731174231755,5.,0.608457401394844));
#9690=CARTESIAN_POINT('Ctrl Pts',(-4.34731174231755,3.,0.608457401394844));
#9691=CARTESIAN_POINT('',(-4.22179985762822,5.,0.0600267201662069));
#9692=CARTESIAN_POINT('Ctrl Pts',(-4.22179985762822,5.,0.0600267201662069));
#9693=CARTESIAN_POINT('Ctrl Pts',(-4.25811755660586,5.,0.12991117807846));
#9694=CARTESIAN_POINT('Ctrl Pts',(-4.34679295784463,5.,0.300545125717548));
#9695=CARTESIAN_POINT('Ctrl Pts',(-4.34711914666237,5.,0.494146797342441));
#9696=CARTESIAN_POINT('Ctrl Pts',(-4.34731174231755,5.,0.608457401394844));
#9697=CARTESIAN_POINT('',(-4.22179985762822,3.,0.0600267201662069));
#9698=CARTESIAN_POINT('',(-4.22179985762822,5.,0.0600267201662069));
#9699=CARTESIAN_POINT('Ctrl Pts',(-4.22179985762822,3.,0.0600267201662069));
#9700=CARTESIAN_POINT('Ctrl Pts',(-4.25811755660586,3.,0.12991117807846));
#9701=CARTESIAN_POINT('Ctrl Pts',(-4.34679295784463,3.,0.300545125717548));
#9702=CARTESIAN_POINT('Ctrl Pts',(-4.34711914666237,3.,0.494146797342441));
#9703=CARTESIAN_POINT('Ctrl Pts',(-4.34731174231755,3.,0.608457401394844));
#9704=CARTESIAN_POINT('Ctrl Pts',(-3.89437962294804,5.,-0.0927700847387308));
#9705=CARTESIAN_POINT('Ctrl Pts',(-3.89437962294804,3.,-0.0927700847387308));
#9706=CARTESIAN_POINT('Ctrl Pts',(-3.95837120721847,5.,-0.0865590404623884));
#9707=CARTESIAN_POINT('Ctrl Pts',(-3.95837120721847,3.,-0.0865590404623884));
#9708=CARTESIAN_POINT('Ctrl Pts',(-4.08558485558573,5.,-0.0742116417915734));
#9709=CARTESIAN_POINT('Ctrl Pts',(-4.08558485558573,3.,-0.0742116417915734));
#9710=CARTESIAN_POINT('Ctrl Pts',(-4.17657833127347,5.,0.0154614114111667));
#9711=CARTESIAN_POINT('Ctrl Pts',(-4.17657833127347,3.,0.0154614114111667));
#9712=CARTESIAN_POINT('Ctrl Pts',(-4.22179985762822,5.,0.0600267201662069));
#9713=CARTESIAN_POINT('Ctrl Pts',(-4.22179985762822,3.,0.0600267201662069));
#9714=CARTESIAN_POINT('',(-3.89437962294804,5.,-0.0927700847387308));
#9715=CARTESIAN_POINT('Ctrl Pts',(-3.89437962294804,5.,-0.0927700847387308));
#9716=CARTESIAN_POINT('Ctrl Pts',(-3.95837120721847,5.,-0.0865590404623884));
#9717=CARTESIAN_POINT('Ctrl Pts',(-4.08558485558573,5.,-0.0742116417915734));
#9718=CARTESIAN_POINT('Ctrl Pts',(-4.17657833127347,5.,0.0154614114111667));
#9719=CARTESIAN_POINT('Ctrl Pts',(-4.22179985762822,5.,0.0600267201662069));
#9720=CARTESIAN_POINT('',(-3.89437962294804,3.,-0.0927700847387308));
#9721=CARTESIAN_POINT('',(-3.89437962294804,5.,-0.0927700847387308));
#9722=CARTESIAN_POINT('Ctrl Pts',(-3.89437962294804,3.,-0.0927700847387308));
#9723=CARTESIAN_POINT('Ctrl Pts',(-3.95837120721847,3.,-0.0865590404623884));
#9724=CARTESIAN_POINT('Ctrl Pts',(-4.08558485558573,3.,-0.0742116417915734));
#9725=CARTESIAN_POINT('Ctrl Pts',(-4.17657833127347,3.,0.0154614114111667));
#9726=CARTESIAN_POINT('Ctrl Pts',(-4.22179985762822,3.,0.0600267201662069));
#9727=CARTESIAN_POINT('Ctrl Pts',(-3.61061383010136,5.,0.0204632431268698));
#9728=CARTESIAN_POINT('Ctrl Pts',(-3.61061383010136,3.,0.0204632431268698));
#9729=CARTESIAN_POINT('Ctrl Pts',(-3.64914980389882,5.,-0.01253786362513));
#9730=CARTESIAN_POINT('Ctrl Pts',(-3.64914980389882,3.,-0.01253786362513));
#9731=CARTESIAN_POINT('Ctrl Pts',(-3.73054524813602,5.,-0.0822425961048684));
#9732=CARTESIAN_POINT('Ctrl Pts',(-3.73054524813602,3.,-0.0822425961048684));
#9733=CARTESIAN_POINT('Ctrl Pts',(-3.83786793837987,5.,-0.0891388192142978));
#9734=CARTESIAN_POINT('Ctrl Pts',(-3.83786793837987,3.,-0.0891388192142978));
#9735=CARTESIAN_POINT('Ctrl Pts',(-3.89437962294804,5.,-0.0927700847387308));
#9736=CARTESIAN_POINT('Ctrl Pts',(-3.89437962294804,3.,-0.0927700847387308));
#9737=CARTESIAN_POINT('',(-3.61061383010136,5.,0.0204632431268698));
#9738=CARTESIAN_POINT('Ctrl Pts',(-3.61061383010136,5.,0.0204632431268698));
#9739=CARTESIAN_POINT('Ctrl Pts',(-3.64914980389882,5.,-0.01253786362513));
#9740=CARTESIAN_POINT('Ctrl Pts',(-3.73054524813602,5.,-0.0822425961048684));
#9741=CARTESIAN_POINT('Ctrl Pts',(-3.83786793837987,5.,-0.0891388192142978));
#9742=CARTESIAN_POINT('Ctrl Pts',(-3.89437962294804,5.,-0.0927700847387308));
#9743=CARTESIAN_POINT('',(-3.61061383010136,3.,0.0204632431268698));
#9744=CARTESIAN_POINT('',(-3.61061383010136,5.,0.0204632431268698));
#9745=CARTESIAN_POINT('Ctrl Pts',(-3.61061383010136,3.,0.0204632431268698));
#9746=CARTESIAN_POINT('Ctrl Pts',(-3.64914980389882,3.,-0.01253786362513));
#9747=CARTESIAN_POINT('Ctrl Pts',(-3.73054524813602,3.,-0.0822425961048684));
#9748=CARTESIAN_POINT('Ctrl Pts',(-3.83786793837987,3.,-0.0891388192142978));
#9749=CARTESIAN_POINT('Ctrl Pts',(-3.89437962294804,3.,-0.0927700847387308));
#9750=CARTESIAN_POINT('Ctrl Pts',(-3.5096578669666,5.,0.406547859311104));
#9751=CARTESIAN_POINT('Ctrl Pts',(-3.5096578669666,3.,0.406547859311104));
#9752=CARTESIAN_POINT('Ctrl Pts',(-3.51049352751027,5.,0.326690901135521));
#9753=CARTESIAN_POINT('Ctrl Pts',(-3.51049352751027,3.,0.326690901135521));
#9754=CARTESIAN_POINT('Ctrl Pts',(-3.51193846410585,5.,0.188610621823796));
#9755=CARTESIAN_POINT('Ctrl Pts',(-3.51193846410585,3.,0.188610621823796));
#9756=CARTESIAN_POINT('Ctrl Pts',(-3.58134688079694,5.,0.0703354757590546));
#9757=CARTESIAN_POINT('Ctrl Pts',(-3.58134688079694,3.,0.0703354757590546));
#9758=CARTESIAN_POINT('Ctrl Pts',(-3.61061383010136,5.,0.0204632431268698));
#9759=CARTESIAN_POINT('Ctrl Pts',(-3.61061383010136,3.,0.0204632431268698));
#9760=CARTESIAN_POINT('',(-3.5096578669666,5.,0.406547859311104));
#9761=CARTESIAN_POINT('Ctrl Pts',(-3.5096578669666,5.,0.406547859311104));
#9762=CARTESIAN_POINT('Ctrl Pts',(-3.51049352751027,5.,0.326690901135521));
#9763=CARTESIAN_POINT('Ctrl Pts',(-3.51193846410585,5.,0.188610621823796));
#9764=CARTESIAN_POINT('Ctrl Pts',(-3.58134688079694,5.,0.0703354757590546));
#9765=CARTESIAN_POINT('Ctrl Pts',(-3.61061383010136,5.,0.0204632431268698));
#9766=CARTESIAN_POINT('',(-3.5096578669666,3.,0.406547859311104));
#9767=CARTESIAN_POINT('',(-3.5096578669666,5.,0.406547859311104));
#9768=CARTESIAN_POINT('Ctrl Pts',(-3.5096578669666,3.,0.406547859311104));
#9769=CARTESIAN_POINT('Ctrl Pts',(-3.51049352751027,3.,0.326690901135521));
#9770=CARTESIAN_POINT('Ctrl Pts',(-3.51193846410585,3.,0.188610621823796));
#9771=CARTESIAN_POINT('Ctrl Pts',(-3.58134688079694,3.,0.0703354757590546));
#9772=CARTESIAN_POINT('Ctrl Pts',(-3.61061383010136,3.,0.0204632431268698));
#9773=CARTESIAN_POINT('Origin',(-3.5096578669666,5.,1.99999935925007));
#9774=CARTESIAN_POINT('',(-3.5096578669666,5.,1.99999935925007));
#9775=CARTESIAN_POINT('',(-3.5096578669666,5.,0.999999679625033));
#9776=CARTESIAN_POINT('',(-3.5096578669666,3.,1.99999935925007));
#9777=CARTESIAN_POINT('',(-3.5096578669666,5.,1.99999935925007));
#9778=CARTESIAN_POINT('',(-3.5096578669666,3.,1.99999935925007));
#9779=CARTESIAN_POINT('Origin',(-2.3936967921375,5.,1.99999935925007));
#9780=CARTESIAN_POINT('',(-2.3936967921375,5.,1.99999935925007));
#9781=CARTESIAN_POINT('',(-1.19684839606875,5.,1.99999935925007));
#9782=CARTESIAN_POINT('',(-2.3936967921375,3.,1.99999935925007));
#9783=CARTESIAN_POINT('',(-2.3936967921375,5.,1.99999935925007));
#9784=CARTESIAN_POINT('',(-2.3936967921375,3.,1.99999935925007));
#9785=CARTESIAN_POINT('Origin',(-2.3936967921375,5.,0.158253088593484));
#9786=CARTESIAN_POINT('',(-2.3936967921375,5.,0.158253088593484));
#9787=CARTESIAN_POINT('',(-2.3936967921375,5.,0.0791265442967407));
#9788=CARTESIAN_POINT('',(-2.3936967921375,3.,0.158253088593484));
#9789=CARTESIAN_POINT('',(-2.3936967921375,5.,0.158253088593484));
#9790=CARTESIAN_POINT('',(-2.3936967921375,3.,0.158253088593484));
#9791=CARTESIAN_POINT('Ctrl Pts',(-2.65426922560918,5.,-0.688950046896934));
#9792=CARTESIAN_POINT('Ctrl Pts',(-2.65426922560918,3.,-0.688950046896934));
#9793=CARTESIAN_POINT('Ctrl Pts',(-2.57852105613028,5.,-0.576164948177417));
#9794=CARTESIAN_POINT('Ctrl Pts',(-2.57852105613028,3.,-0.576164948177417));
#9795=CARTESIAN_POINT('Ctrl Pts',(-2.40758681527384,5.,-0.321652722176899));
#9796=CARTESIAN_POINT('Ctrl Pts',(-2.40758681527384,3.,-0.321652722176899));
#9797=CARTESIAN_POINT('Ctrl Pts',(-2.39866498386474,5.,-0.0133999069069973));
#9798=CARTESIAN_POINT('Ctrl Pts',(-2.39866498386474,3.,-0.0133999069069973));
#9799=CARTESIAN_POINT('Ctrl Pts',(-2.3936967921375,5.,0.158253088593484));
#9800=CARTESIAN_POINT('Ctrl Pts',(-2.3936967921375,3.,0.158253088593484));
#9801=CARTESIAN_POINT('',(-2.65426922560918,5.,-0.688950046896934));
#9802=CARTESIAN_POINT('Ctrl Pts',(-2.65426922560918,5.,-0.688950046896934));
#9803=CARTESIAN_POINT('Ctrl Pts',(-2.57852105613028,5.,-0.576164948177417));
#9804=CARTESIAN_POINT('Ctrl Pts',(-2.40758681527384,5.,-0.321652722176899));
#9805=CARTESIAN_POINT('Ctrl Pts',(-2.39866498386474,5.,-0.0133999069069973));
#9806=CARTESIAN_POINT('Ctrl Pts',(-2.3936967921375,5.,0.158253088593484));
#9807=CARTESIAN_POINT('',(-2.65426922560918,3.,-0.688950046896934));
#9808=CARTESIAN_POINT('',(-2.65426922560918,5.,-0.688950046896934));
#9809=CARTESIAN_POINT('Ctrl Pts',(-2.65426922560918,3.,-0.688950046896934));
#9810=CARTESIAN_POINT('Ctrl Pts',(-2.57852105613028,3.,-0.576164948177417));
#9811=CARTESIAN_POINT('Ctrl Pts',(-2.40758681527384,3.,-0.321652722176899));
#9812=CARTESIAN_POINT('Ctrl Pts',(-2.39866498386474,3.,-0.0133999069069973));
#9813=CARTESIAN_POINT('Ctrl Pts',(-2.3936967921375,3.,0.158253088593484));
#9814=CARTESIAN_POINT('Ctrl Pts',(-3.37596226454961,5.,-0.963165685534477));
#9815=CARTESIAN_POINT('Ctrl Pts',(-3.37596226454961,3.,-0.963165685534477));
#9816=CARTESIAN_POINT('Ctrl Pts',(-3.23337729011114,5.,-0.954517096539845));
#9817=CARTESIAN_POINT('Ctrl Pts',(-3.23337729011114,3.,-0.954517096539845));
#9818=CARTESIAN_POINT('Ctrl Pts',(-2.96328275983678,5.,-0.938134328360795));
#9819=CARTESIAN_POINT('Ctrl Pts',(-2.96328275983678,3.,-0.938134328360795));
#9820=CARTESIAN_POINT('Ctrl Pts',(-2.75336825369541,5.,-0.768862145793051));
#9821=CARTESIAN_POINT('Ctrl Pts',(-2.75336825369541,3.,-0.768862145793051));
#9822=CARTESIAN_POINT('Ctrl Pts',(-2.65426922560918,5.,-0.688950046896934));
#9823=CARTESIAN_POINT('Ctrl Pts',(-2.65426922560918,3.,-0.688950046896934));
#9824=CARTESIAN_POINT('',(-3.37596226454961,5.,-0.963165685534477));
#9825=CARTESIAN_POINT('Ctrl Pts',(-3.37596226454961,5.,-0.963165685534477));
#9826=CARTESIAN_POINT('Ctrl Pts',(-3.23337729011114,5.,-0.954517096539845));
#9827=CARTESIAN_POINT('Ctrl Pts',(-2.96328275983678,5.,-0.938134328360795));
#9828=CARTESIAN_POINT('Ctrl Pts',(-2.75336825369541,5.,-0.768862145793051));
#9829=CARTESIAN_POINT('Ctrl Pts',(-2.65426922560918,5.,-0.688950046896934));
#9830=CARTESIAN_POINT('',(-3.37596226454961,3.,-0.963165685534477));
#9831=CARTESIAN_POINT('',(-3.37596226454961,5.,-0.963165685534477));
#9832=CARTESIAN_POINT('Ctrl Pts',(-3.37596226454961,3.,-0.963165685534477));
#9833=CARTESIAN_POINT('Ctrl Pts',(-3.23337729011114,3.,-0.954517096539845));
#9834=CARTESIAN_POINT('Ctrl Pts',(-2.96328275983678,3.,-0.938134328360795));
#9835=CARTESIAN_POINT('Ctrl Pts',(-2.75336825369541,3.,-0.768862145793051));
#9836=CARTESIAN_POINT('Ctrl Pts',(-2.65426922560918,3.,-0.688950046896934));
#9837=CARTESIAN_POINT('Ctrl Pts',(-3.95440626860844,5.,-0.839018449187278));
#9838=CARTESIAN_POINT('Ctrl Pts',(-3.95440626860844,3.,-0.839018449187278));
#9839=CARTESIAN_POINT('Ctrl Pts',(-3.86778179858848,5.,-0.875189784298583));
#9840=CARTESIAN_POINT('Ctrl Pts',(-3.86778179858848,3.,-0.875189784298583));
#9841=CARTESIAN_POINT('Ctrl Pts',(-3.68293694700273,5.,-0.95237449975792));
#9842=CARTESIAN_POINT('Ctrl Pts',(-3.68293694700273,3.,-0.95237449975792));
#9843=CARTESIAN_POINT('Ctrl Pts',(-3.48247895014144,5.,-0.959421268133867));
#9844=CARTESIAN_POINT('Ctrl Pts',(-3.48247895014144,3.,-0.959421268133867));
#9845=CARTESIAN_POINT('Ctrl Pts',(-3.37596226454961,5.,-0.963165685534477));
#9846=CARTESIAN_POINT('Ctrl Pts',(-3.37596226454961,3.,-0.963165685534477));
#9847=CARTESIAN_POINT('',(-3.95440626860844,5.,-0.839018449187278));
#9848=CARTESIAN_POINT('Ctrl Pts',(-3.95440626860844,5.,-0.839018449187278));
#9849=CARTESIAN_POINT('Ctrl Pts',(-3.86778179858848,5.,-0.875189784298583));
#9850=CARTESIAN_POINT('Ctrl Pts',(-3.68293694700273,5.,-0.95237449975792));
#9851=CARTESIAN_POINT('Ctrl Pts',(-3.48247895014144,5.,-0.959421268133867));
#9852=CARTESIAN_POINT('Ctrl Pts',(-3.37596226454961,5.,-0.963165685534477));
#9853=CARTESIAN_POINT('',(-3.95440626860844,3.,-0.839018449187278));
#9854=CARTESIAN_POINT('',(-3.95440626860844,5.,-0.839018449187278));
#9855=CARTESIAN_POINT('Ctrl Pts',(-3.95440626860844,3.,-0.839018449187278));
#9856=CARTESIAN_POINT('Ctrl Pts',(-3.86778179858848,3.,-0.875189784298583));
#9857=CARTESIAN_POINT('Ctrl Pts',(-3.68293694700273,3.,-0.95237449975792));
#9858=CARTESIAN_POINT('Ctrl Pts',(-3.48247895014144,3.,-0.959421268133867));
#9859=CARTESIAN_POINT('Ctrl Pts',(-3.37596226454961,3.,-0.963165685534477));
#9860=CARTESIAN_POINT('Ctrl Pts',(-4.42371059180485,5.,-0.425648614764213));
#9861=CARTESIAN_POINT('Ctrl Pts',(-4.42371059180485,3.,-0.425648614764213));
#9862=CARTESIAN_POINT('Ctrl Pts',(-4.35005553141961,5.,-0.513043745189699));
#9863=CARTESIAN_POINT('Ctrl Pts',(-4.35005553141961,3.,-0.513043745189699));
#9864=CARTESIAN_POINT('Ctrl Pts',(-4.2140459978497,5.,-0.674425337483293));
#9865=CARTESIAN_POINT('Ctrl Pts',(-4.2140459978497,3.,-0.674425337483293));
#9866=CARTESIAN_POINT('Ctrl Pts',(-4.03602237830257,5.,-0.787279643654757));
#9867=CARTESIAN_POINT('Ctrl Pts',(-4.03602237830257,3.,-0.787279643654757));
#9868=CARTESIAN_POINT('Ctrl Pts',(-3.95440626860844,5.,-0.839018449187278));
#9869=CARTESIAN_POINT('Ctrl Pts',(-3.95440626860844,3.,-0.839018449187278));
#9870=CARTESIAN_POINT('',(-4.42371059180485,5.,-0.425648614764213));
#9871=CARTESIAN_POINT('Ctrl Pts',(-4.42371059180485,5.,-0.425648614764213));
#9872=CARTESIAN_POINT('Ctrl Pts',(-4.35005553141961,5.,-0.513043745189699));
#9873=CARTESIAN_POINT('Ctrl Pts',(-4.2140459978497,5.,-0.674425337483293));
#9874=CARTESIAN_POINT('Ctrl Pts',(-4.03602237830257,5.,-0.787279643654757));
#9875=CARTESIAN_POINT('Ctrl Pts',(-3.95440626860844,5.,-0.839018449187278));
#9876=CARTESIAN_POINT('',(-4.42371059180485,3.,-0.425648614764213));
#9877=CARTESIAN_POINT('',(-4.42371059180485,5.,-0.425648614764213));
#9878=CARTESIAN_POINT('Ctrl Pts',(-4.42371059180485,3.,-0.425648614764213));
#9879=CARTESIAN_POINT('Ctrl Pts',(-4.35005553141961,3.,-0.513043745189699));
#9880=CARTESIAN_POINT('Ctrl Pts',(-4.2140459978497,3.,-0.674425337483293));
#9881=CARTESIAN_POINT('Ctrl Pts',(-4.03602237830257,3.,-0.787279643654757));
#9882=CARTESIAN_POINT('Ctrl Pts',(-3.95440626860844,3.,-0.839018449187278));
#9883=CARTESIAN_POINT('Origin',(-4.42371059180485,5.,-0.897681340575218));
#9884=CARTESIAN_POINT('',(-4.42371059180485,5.,-0.897681340575218));
#9885=CARTESIAN_POINT('',(-4.42371059180485,5.,-0.44884067028761));
#9886=CARTESIAN_POINT('',(-4.42371059180485,3.,-0.897681340575218));
#9887=CARTESIAN_POINT('',(-4.42371059180485,5.,-0.897681340575218));
#9888=CARTESIAN_POINT('',(-4.42371059180485,3.,-0.897681340575218));
#9889=CARTESIAN_POINT('Origin',(-5.45781660796391,5.,-0.897681340575218));
#9890=CARTESIAN_POINT('',(-5.45781660796391,5.,-0.897681340575218));
#9891=CARTESIAN_POINT('',(-2.72890830398196,5.,-0.897681340575218));
#9892=CARTESIAN_POINT('',(-5.45781660796391,3.,-0.897681340575218));
#9893=CARTESIAN_POINT('',(-5.45781660796391,5.,-0.897681340575218));
#9894=CARTESIAN_POINT('',(-5.45781660796391,3.,-0.897681340575218));
#9895=CARTESIAN_POINT('Origin',(-5.45781660796391,5.,1.99999935925007));
#9896=CARTESIAN_POINT('',(-5.45781660796391,5.,0.999999679625033));
#9897=CARTESIAN_POINT('',(-5.45781660796391,3.,1.99999935925007));
#9898=CARTESIAN_POINT('Origin',(-3.3213912320255,3.,0.0327413529157641));
#9899=CARTESIAN_POINT('Ctrl Pts',(0.177928917396195,5.,1.13915331661701));
#9900=CARTESIAN_POINT('Ctrl Pts',(0.177928917396195,3.,1.13915331661701));
#9901=CARTESIAN_POINT('Ctrl Pts',(0.197383505597264,5.,1.09004654536305));
#9902=CARTESIAN_POINT('Ctrl Pts',(0.197383505597264,3.,1.09004654536305));
#9903=CARTESIAN_POINT('Ctrl Pts',(0.240179486649263,5.,0.982022030508781));
#9904=CARTESIAN_POINT('Ctrl Pts',(0.240179486649263,3.,0.982022030508781));
#9905=CARTESIAN_POINT('Ctrl Pts',(0.243154250236715,5.,0.86565168431221));
#9906=CARTESIAN_POINT('Ctrl Pts',(0.243154250236715,3.,0.86565168431221));
#9907=CARTESIAN_POINT('Ctrl Pts',(0.244776718604691,5.,0.802182033658028));
#9908=CARTESIAN_POINT('Ctrl Pts',(0.244776718604691,3.,0.802182033658028));
#9909=CARTESIAN_POINT('',(0.177928917396195,5.,1.13915331661701));
#9910=CARTESIAN_POINT('',(0.244776718604691,5.,0.802182033658028));
#9911=CARTESIAN_POINT('Ctrl Pts',(0.177928917396195,5.,1.13915331661701));
#9912=CARTESIAN_POINT('Ctrl Pts',(0.197383505597264,5.,1.09004654536305));
#9913=CARTESIAN_POINT('Ctrl Pts',(0.240179486649263,5.,0.982022030508781));
#9914=CARTESIAN_POINT('Ctrl Pts',(0.243154250236715,5.,0.86565168431221));
#9915=CARTESIAN_POINT('Ctrl Pts',(0.244776718604691,5.,0.802182033658028));
#9916=CARTESIAN_POINT('',(0.177928917396195,3.,1.13915331661701));
#9917=CARTESIAN_POINT('',(0.177928917396195,5.,1.13915331661701));
#9918=CARTESIAN_POINT('',(0.244776718604691,3.,0.802182033658028));
#9919=CARTESIAN_POINT('Ctrl Pts',(0.177928917396195,3.,1.13915331661701));
#9920=CARTESIAN_POINT('Ctrl Pts',(0.197383505597264,3.,1.09004654536305));
#9921=CARTESIAN_POINT('Ctrl Pts',(0.240179486649263,3.,0.982022030508781));
#9922=CARTESIAN_POINT('Ctrl Pts',(0.243154250236715,3.,0.86565168431221));
#9923=CARTESIAN_POINT('Ctrl Pts',(0.244776718604691,3.,0.802182033658028));
#9924=CARTESIAN_POINT('',(0.244776718604691,5.,0.802182033658028));
#9925=CARTESIAN_POINT('Ctrl Pts',(-0.0485401225207971,5.,1.35879881680012));
#9926=CARTESIAN_POINT('Ctrl Pts',(-0.0485401225207971,3.,1.35879881680012));
#9927=CARTESIAN_POINT('Ctrl Pts',(9.34042172496576E-6,5.,1.32860085389943));
#9928=CARTESIAN_POINT('Ctrl Pts',(9.34042172496576E-6,3.,1.32860085389943));
#9929=CARTESIAN_POINT('Ctrl Pts',(0.0915627744646974,5.,1.2716542465202));
#9930=CARTESIAN_POINT('Ctrl Pts',(0.0915627744646974,3.,1.2716542465202));
#9931=CARTESIAN_POINT('Ctrl Pts',(0.150326667555509,5.,1.18150004702747));
#9932=CARTESIAN_POINT('Ctrl Pts',(0.150326667555509,3.,1.18150004702747));
#9933=CARTESIAN_POINT('Ctrl Pts',(0.177928917396195,5.,1.13915331661701));
#9934=CARTESIAN_POINT('Ctrl Pts',(0.177928917396195,3.,1.13915331661701));
#9935=CARTESIAN_POINT('',(-0.0485401225207971,5.,1.35879881680012));
#9936=CARTESIAN_POINT('Ctrl Pts',(-0.0485401225207971,5.,1.35879881680012));
#9937=CARTESIAN_POINT('Ctrl Pts',(9.34042172495708E-6,5.,1.32860085389943));
#9938=CARTESIAN_POINT('Ctrl Pts',(0.0915627744646974,5.,1.2716542465202));
#9939=CARTESIAN_POINT('Ctrl Pts',(0.150326667555509,5.,1.18150004702747));
#9940=CARTESIAN_POINT('Ctrl Pts',(0.177928917396195,5.,1.13915331661701));
#9941=CARTESIAN_POINT('',(-0.0485401225207971,3.,1.35879881680012));
#9942=CARTESIAN_POINT('',(-0.0485401225207971,5.,1.35879881680012));
#9943=CARTESIAN_POINT('Ctrl Pts',(-0.0485401225207971,3.,1.35879881680012));
#9944=CARTESIAN_POINT('Ctrl Pts',(9.34042172495708E-6,3.,1.32860085389943));
#9945=CARTESIAN_POINT('Ctrl Pts',(0.0915627744646974,3.,1.2716542465202));
#9946=CARTESIAN_POINT('Ctrl Pts',(0.150326667555509,3.,1.18150004702747));
#9947=CARTESIAN_POINT('Ctrl Pts',(0.177928917396195,3.,1.13915331661701));
#9948=CARTESIAN_POINT('Ctrl Pts',(-0.393696315300338,5.,1.44883997738361));
#9949=CARTESIAN_POINT('Ctrl Pts',(-0.393696315300338,3.,1.44883997738361));
#9950=CARTESIAN_POINT('Ctrl Pts',(-0.333016588625017,5.,1.44513725353026));
#9951=CARTESIAN_POINT('Ctrl Pts',(-0.333016588625017,3.,1.44513725353026));
#9952=CARTESIAN_POINT('Ctrl Pts',(-0.212050119326368,5.,1.43775578601437));
#9953=CARTESIAN_POINT('Ctrl Pts',(-0.212050119326368,3.,1.43775578601437));
#9954=CARTESIAN_POINT('Ctrl Pts',(-0.102925283419366,5.,1.38506074303504));
#9955=CARTESIAN_POINT('Ctrl Pts',(-0.102925283419366,3.,1.38506074303504));
#9956=CARTESIAN_POINT('Ctrl Pts',(-0.0485401225207971,5.,1.35879881680012));
#9957=CARTESIAN_POINT('Ctrl Pts',(-0.0485401225207971,3.,1.35879881680012));
#9958=CARTESIAN_POINT('',(-0.393696315300338,5.,1.44883997738361));
#9959=CARTESIAN_POINT('Ctrl Pts',(-0.393696315300338,5.,1.44883997738361));
#9960=CARTESIAN_POINT('Ctrl Pts',(-0.333016588625017,5.,1.44513725353026));
#9961=CARTESIAN_POINT('Ctrl Pts',(-0.212050119326368,5.,1.43775578601437));
#9962=CARTESIAN_POINT('Ctrl Pts',(-0.102925283419366,5.,1.38506074303504));
#9963=CARTESIAN_POINT('Ctrl Pts',(-0.0485401225207971,5.,1.35879881680012));
#9964=CARTESIAN_POINT('',(-0.393696315300338,3.,1.44883997738361));
#9965=CARTESIAN_POINT('',(-0.393696315300338,5.,1.44883997738361));
#9966=CARTESIAN_POINT('Ctrl Pts',(-0.393696315300338,3.,1.44883997738361));
#9967=CARTESIAN_POINT('Ctrl Pts',(-0.333016588625017,3.,1.44513725353026));
#9968=CARTESIAN_POINT('Ctrl Pts',(-0.212050119326368,3.,1.43775578601437));
#9969=CARTESIAN_POINT('Ctrl Pts',(-0.102925283419366,3.,1.38506074303504));
#9970=CARTESIAN_POINT('Ctrl Pts',(-0.0485401225207971,3.,1.35879881680012));
#9971=CARTESIAN_POINT('Ctrl Pts',(-0.662453658592574,5.,1.36561997234821));
#9972=CARTESIAN_POINT('Ctrl Pts',(-0.662453658592574,3.,1.36561997234821));
#9973=CARTESIAN_POINT('Ctrl Pts',(-0.625947715735728,5.,1.3898309849075));
#9974=CARTESIAN_POINT('Ctrl Pts',(-0.625947715735728,3.,1.3898309849075));
#9975=CARTESIAN_POINT('Ctrl Pts',(-0.544940461040282,5.,1.44355559814418));
#9976=CARTESIAN_POINT('Ctrl Pts',(-0.544940461040282,3.,1.44355559814418));
#9977=CARTESIAN_POINT('Ctrl Pts',(-0.44732263802238,5.,1.44696630600881));
#9978=CARTESIAN_POINT('Ctrl Pts',(-0.44732263802238,3.,1.44696630600881));
#9979=CARTESIAN_POINT('Ctrl Pts',(-0.393696315300338,5.,1.44883997738361));
#9980=CARTESIAN_POINT('Ctrl Pts',(-0.393696315300338,3.,1.44883997738361));
#9981=CARTESIAN_POINT('',(-0.662453658592574,5.,1.36561997234821));
#9982=CARTESIAN_POINT('Ctrl Pts',(-0.662453658592574,5.,1.36561997234821));
#9983=CARTESIAN_POINT('Ctrl Pts',(-0.625947715735728,5.,1.3898309849075));
#9984=CARTESIAN_POINT('Ctrl Pts',(-0.544940461040282,5.,1.44355559814418));
#9985=CARTESIAN_POINT('Ctrl Pts',(-0.44732263802238,5.,1.44696630600881));
#9986=CARTESIAN_POINT('Ctrl Pts',(-0.393696315300338,5.,1.44883997738361));
#9987=CARTESIAN_POINT('',(-0.662453658592574,3.,1.36561997234821));
#9988=CARTESIAN_POINT('',(-0.662453658592574,5.,1.36561997234821));
#9989=CARTESIAN_POINT('Ctrl Pts',(-0.662453658592574,3.,1.36561997234821));
#9990=CARTESIAN_POINT('Ctrl Pts',(-0.625947715735728,3.,1.3898309849075));
#9991=CARTESIAN_POINT('Ctrl Pts',(-0.544940461040282,3.,1.44355559814418));
#9992=CARTESIAN_POINT('Ctrl Pts',(-0.44732263802238,3.,1.44696630600881));
#9993=CARTESIAN_POINT('Ctrl Pts',(-0.393696315300338,3.,1.44883997738361));
#9994=CARTESIAN_POINT('Ctrl Pts',(-0.753858573448531,5.,1.15143187344074));
#9995=CARTESIAN_POINT('Ctrl Pts',(-0.753858573448531,3.,1.15143187344074));
#9996=CARTESIAN_POINT('Ctrl Pts',(-0.750307682029976,5.,1.19286166921562));
#9997=CARTESIAN_POINT('Ctrl Pts',(-0.750307682029976,3.,1.19286166921562));
#9998=CARTESIAN_POINT('Ctrl Pts',(-0.743320899504312,5.,1.27437950207551));
#9999=CARTESIAN_POINT('Ctrl Pts',(-0.743320899504312,3.,1.27437950207551));
#10000=CARTESIAN_POINT('Ctrl Pts',(-0.689111984823878,5.,1.3355420545832));
#10001=CARTESIAN_POINT('Ctrl Pts',(-0.689111984823878,3.,1.3355420545832));
#10002=CARTESIAN_POINT('Ctrl Pts',(-0.662453658592574,5.,1.36561997234821));
#10003=CARTESIAN_POINT('Ctrl Pts',(-0.662453658592574,3.,1.36561997234821));
#10004=CARTESIAN_POINT('',(-0.753858573448531,5.,1.15143187344074));
#10005=CARTESIAN_POINT('Ctrl Pts',(-0.753858573448531,5.,1.15143187344074));
#10006=CARTESIAN_POINT('Ctrl Pts',(-0.750307682029976,5.,1.19286166921562));
#10007=CARTESIAN_POINT('Ctrl Pts',(-0.743320899504312,5.,1.27437950207551));
#10008=CARTESIAN_POINT('Ctrl Pts',(-0.689111984823878,5.,1.3355420545832));
#10009=CARTESIAN_POINT('Ctrl Pts',(-0.662453658592574,5.,1.36561997234821));
#10010=CARTESIAN_POINT('',(-0.753858573448531,3.,1.15143187344074));
#10011=CARTESIAN_POINT('',(-0.753858573448531,5.,1.15143187344074));
#10012=CARTESIAN_POINT('Ctrl Pts',(-0.753858573448531,3.,1.15143187344074));
#10013=CARTESIAN_POINT('Ctrl Pts',(-0.750307682029976,3.,1.19286166921562));
#10014=CARTESIAN_POINT('Ctrl Pts',(-0.743320899504312,3.,1.27437950207551));
#10015=CARTESIAN_POINT('Ctrl Pts',(-0.689111984823878,3.,1.3355420545832));
#10016=CARTESIAN_POINT('Ctrl Pts',(-0.662453658592574,3.,1.36561997234821));
#10017=CARTESIAN_POINT('Ctrl Pts',(-0.661089904320113,5.,0.946793630719185));
#10018=CARTESIAN_POINT('Ctrl Pts',(-0.661089904320113,3.,0.946793630719185));
#10019=CARTESIAN_POINT('Ctrl Pts',(-0.68813759767993,5.,0.977138739108251));
#10020=CARTESIAN_POINT('Ctrl Pts',(-0.68813759767993,3.,0.977138739108251));
#10021=CARTESIAN_POINT('Ctrl Pts',(-0.74045660893105,5.,1.03583602046619));
#10022=CARTESIAN_POINT('Ctrl Pts',(-0.74045660893105,3.,1.03583602046619));
#10023=CARTESIAN_POINT('Ctrl Pts',(-0.749493528095169,5.,1.11378208409554));
#10024=CARTESIAN_POINT('Ctrl Pts',(-0.749493528095169,3.,1.11378208409554));
#10025=CARTESIAN_POINT('Ctrl Pts',(-0.753858573448531,5.,1.15143187344074));
#10026=CARTESIAN_POINT('Ctrl Pts',(-0.753858573448531,3.,1.15143187344074));
#10027=CARTESIAN_POINT('',(-0.661089904320113,5.,0.946793630719185));
#10028=CARTESIAN_POINT('Ctrl Pts',(-0.661089904320113,5.,0.946793630719185));
#10029=CARTESIAN_POINT('Ctrl Pts',(-0.68813759767993,5.,0.977138739108251));
#10030=CARTESIAN_POINT('Ctrl Pts',(-0.74045660893105,5.,1.03583602046619));
#10031=CARTESIAN_POINT('Ctrl Pts',(-0.749493528095169,5.,1.11378208409554));
#10032=CARTESIAN_POINT('Ctrl Pts',(-0.753858573448531,5.,1.15143187344074));
#10033=CARTESIAN_POINT('',(-0.661089904320113,3.,0.946793630719185));
#10034=CARTESIAN_POINT('',(-0.661089904320113,5.,0.946793630719185));
#10035=CARTESIAN_POINT('Ctrl Pts',(-0.661089904320113,3.,0.946793630719185));
#10036=CARTESIAN_POINT('Ctrl Pts',(-0.68813759767993,3.,0.977138739108251));
#10037=CARTESIAN_POINT('Ctrl Pts',(-0.74045660893105,3.,1.03583602046619));
#10038=CARTESIAN_POINT('Ctrl Pts',(-0.749493528095169,3.,1.11378208409554));
#10039=CARTESIAN_POINT('Ctrl Pts',(-0.753858573448531,3.,1.15143187344074));
#10040=CARTESIAN_POINT('Ctrl Pts',(-0.232713706505172,5.,0.76944001019001));
#10041=CARTESIAN_POINT('Ctrl Pts',(-0.232713706505172,3.,0.76944001019001));
#10042=CARTESIAN_POINT('Ctrl Pts',(-0.327388808403253,5.,0.793409228891578));
#10043=CARTESIAN_POINT('Ctrl Pts',(-0.327388808403253,3.,0.793409228891578));
#10044=CARTESIAN_POINT('Ctrl Pts',(-0.479365112635723,5.,0.831885588574043));
#10045=CARTESIAN_POINT('Ctrl Pts',(-0.479365112635723,3.,0.831885588574043));
#10046=CARTESIAN_POINT('Ctrl Pts',(-0.611332769746471,5.,0.915331248159194));
#10047=CARTESIAN_POINT('Ctrl Pts',(-0.611332769746471,3.,0.915331248159194));
#10048=CARTESIAN_POINT('Ctrl Pts',(-0.661089904320113,5.,0.946793630719185));
#10049=CARTESIAN_POINT('Ctrl Pts',(-0.661089904320113,3.,0.946793630719185));
#10050=CARTESIAN_POINT('',(-0.232713706505172,5.,0.76944001019001));
#10051=CARTESIAN_POINT('Ctrl Pts',(-0.232713706505172,5.,0.76944001019001));
#10052=CARTESIAN_POINT('Ctrl Pts',(-0.327388808403253,5.,0.793409228891578));
#10053=CARTESIAN_POINT('Ctrl Pts',(-0.479365112635723,5.,0.831885588574043));
#10054=CARTESIAN_POINT('Ctrl Pts',(-0.611332769746471,5.,0.915331248159194));
#10055=CARTESIAN_POINT('Ctrl Pts',(-0.661089904320113,5.,0.946793630719185));
#10056=CARTESIAN_POINT('',(-0.232713706505172,3.,0.76944001019001));
#10057=CARTESIAN_POINT('',(-0.232713706505172,5.,0.76944001019001));
#10058=CARTESIAN_POINT('Ctrl Pts',(-0.232713706505172,3.,0.76944001019001));
#10059=CARTESIAN_POINT('Ctrl Pts',(-0.327388808403253,3.,0.793409228891578));
#10060=CARTESIAN_POINT('Ctrl Pts',(-0.479365112635723,3.,0.831885588574043));
#10061=CARTESIAN_POINT('Ctrl Pts',(-0.611332769746471,3.,0.915331248159194));
#10062=CARTESIAN_POINT('Ctrl Pts',(-0.661089904320113,3.,0.946793630719185));
#10063=CARTESIAN_POINT('Ctrl Pts',(0.244776718604691,5.,0.624829009175301));
#10064=CARTESIAN_POINT('Ctrl Pts',(0.244776718604691,3.,0.624829009175301));
#10065=CARTESIAN_POINT('Ctrl Pts',(0.167067479268455,5.,0.651448068441641));
#10066=CARTESIAN_POINT('Ctrl Pts',(0.167067479268455,3.,0.651448068441641));
#10067=CARTESIAN_POINT('Ctrl Pts',(0.00963913278548389,5.,0.705374660968171));
#10068=CARTESIAN_POINT('Ctrl Pts',(0.00963913278548389,3.,0.705374660968171));
#10069=CARTESIAN_POINT('Ctrl Pts',(-0.151244765274647,5.,0.747903905286336));
#10070=CARTESIAN_POINT('Ctrl Pts',(-0.151244765274647,3.,0.747903905286336));
#10071=CARTESIAN_POINT('Ctrl Pts',(-0.232713706505172,5.,0.76944001019001));
#10072=CARTESIAN_POINT('Ctrl Pts',(-0.232713706505172,3.,0.76944001019001));
#10073=CARTESIAN_POINT('',(0.244776718604691,5.,0.624829009175301));
#10074=CARTESIAN_POINT('Ctrl Pts',(0.244776718604691,5.,0.624829009175301));
#10075=CARTESIAN_POINT('Ctrl Pts',(0.167067479268455,5.,0.651448068441641));
#10076=CARTESIAN_POINT('Ctrl Pts',(0.00963913278548389,5.,0.705374660968171));
#10077=CARTESIAN_POINT('Ctrl Pts',(-0.151244765274647,5.,0.747903905286336));
#10078=CARTESIAN_POINT('Ctrl Pts',(-0.232713706505172,5.,0.76944001019001));
#10079=CARTESIAN_POINT('',(0.244776718604691,3.,0.624829009175301));
#10080=CARTESIAN_POINT('',(0.244776718604691,5.,0.624829009175301));
#10081=CARTESIAN_POINT('Ctrl Pts',(0.244776718604691,3.,0.624829009175301));
#10082=CARTESIAN_POINT('Ctrl Pts',(0.167067479268455,3.,0.651448068441641));
#10083=CARTESIAN_POINT('Ctrl Pts',(0.00963913278548389,3.,0.705374660968171));
#10084=CARTESIAN_POINT('Ctrl Pts',(-0.151244765274647,3.,0.747903905286336));
#10085=CARTESIAN_POINT('Ctrl Pts',(-0.232713706505172,3.,0.76944001019001));
#10086=CARTESIAN_POINT('Origin',(0.244776718604691,5.,0.802182033658028));
#10087=CARTESIAN_POINT('',(0.244776718604691,5.,0.401091016829013));
#10088=CARTESIAN_POINT('',(0.244776718604691,3.,0.802182033658028));
#10089=CARTESIAN_POINT('Ctrl Pts',(-0.137217528831832,5.,-0.302865430712699));
#10090=CARTESIAN_POINT('Ctrl Pts',(-0.137217528831832,3.,-0.302865430712699));
#10091=CARTESIAN_POINT('Ctrl Pts',(-0.218211466738722,5.,-0.301653972803786));
#10092=CARTESIAN_POINT('Ctrl Pts',(-0.218211466738722,3.,-0.301653972803786));
#10093=CARTESIAN_POINT('Ctrl Pts',(-0.360919854112947,5.,-0.29951942781165));
#10094=CARTESIAN_POINT('Ctrl Pts',(-0.360919854112947,3.,-0.29951942781165));
#10095=CARTESIAN_POINT('Ctrl Pts',(-0.490468241665472,5.,-0.240902113506138));
#10096=CARTESIAN_POINT('Ctrl Pts',(-0.490468241665472,3.,-0.240902113506138));
#10097=CARTESIAN_POINT('Ctrl Pts',(-0.546491630089156,5.,-0.215552970767021));
#10098=CARTESIAN_POINT('Ctrl Pts',(-0.546491630089156,3.,-0.215552970767021));
#10099=CARTESIAN_POINT('',(-0.137217528831832,5.,-0.302865430712699));
#10100=CARTESIAN_POINT('',(-0.546491630089156,5.,-0.215552970767021));
#10101=CARTESIAN_POINT('Ctrl Pts',(-0.137217528831832,5.,-0.302865430712699));
#10102=CARTESIAN_POINT('Ctrl Pts',(-0.218211466738722,5.,-0.301653972803786));
#10103=CARTESIAN_POINT('Ctrl Pts',(-0.360919854112947,5.,-0.29951942781165));
#10104=CARTESIAN_POINT('Ctrl Pts',(-0.490468241665472,5.,-0.240902113506138));
#10105=CARTESIAN_POINT('Ctrl Pts',(-0.546491630089156,5.,-0.215552970767021));
#10106=CARTESIAN_POINT('',(-0.137217528831832,3.,-0.302865430712699));
#10107=CARTESIAN_POINT('',(-0.137217528831832,5.,-0.302865430712699));
#10108=CARTESIAN_POINT('',(-0.546491630089156,3.,-0.215552970767021));
#10109=CARTESIAN_POINT('Ctrl Pts',(-0.137217528831832,3.,-0.302865430712699));
#10110=CARTESIAN_POINT('Ctrl Pts',(-0.218211466738722,3.,-0.301653972803786));
#10111=CARTESIAN_POINT('Ctrl Pts',(-0.360919854112947,3.,-0.29951942781165));
#10112=CARTESIAN_POINT('Ctrl Pts',(-0.490468241665472,3.,-0.240902113506138));
#10113=CARTESIAN_POINT('Ctrl Pts',(-0.546491630089156,3.,-0.215552970767021));
#10114=CARTESIAN_POINT('',(-0.546491630089156,5.,-0.215552970767021));
#10115=CARTESIAN_POINT('Ctrl Pts',(0.160190575111039,5.,-0.221010074019432));
#10116=CARTESIAN_POINT('Ctrl Pts',(0.160190575111039,3.,-0.221010074019432));
#10117=CARTESIAN_POINT('Ctrl Pts',(0.122312911598206,5.,-0.244734559065158));
#10118=CARTESIAN_POINT('Ctrl Pts',(0.122312911598206,3.,-0.244734559065158));
#10119=CARTESIAN_POINT('Ctrl Pts',(0.0321593109270157,5.,-0.301201815822362));
#10120=CARTESIAN_POINT('Ctrl Pts',(0.0321593109270157,3.,-0.301201815822362));
#10121=CARTESIAN_POINT('Ctrl Pts',(-0.0750511189266634,5.,-0.302254833860471));
#10122=CARTESIAN_POINT('Ctrl Pts',(-0.0750511189266634,3.,-0.302254833860471));
#10123=CARTESIAN_POINT('Ctrl Pts',(-0.137217528831832,5.,-0.302865430712699));
#10124=CARTESIAN_POINT('Ctrl Pts',(-0.137217528831832,3.,-0.302865430712699));
#10125=CARTESIAN_POINT('',(0.160190575111039,5.,-0.221010074019432));
#10126=CARTESIAN_POINT('Ctrl Pts',(0.160190575111039,5.,-0.221010074019432));
#10127=CARTESIAN_POINT('Ctrl Pts',(0.122312911598206,5.,-0.244734559065158));
#10128=CARTESIAN_POINT('Ctrl Pts',(0.0321593109270157,5.,-0.301201815822362));
#10129=CARTESIAN_POINT('Ctrl Pts',(-0.0750511189266634,5.,-0.302254833860471));
#10130=CARTESIAN_POINT('Ctrl Pts',(-0.137217528831832,5.,-0.302865430712699));
#10131=CARTESIAN_POINT('',(0.160190575111039,3.,-0.221010074019432));
#10132=CARTESIAN_POINT('',(0.160190575111039,5.,-0.221010074019432));
#10133=CARTESIAN_POINT('Ctrl Pts',(0.160190575111039,3.,-0.221010074019432));
#10134=CARTESIAN_POINT('Ctrl Pts',(0.122312911598206,3.,-0.244734559065158));
#10135=CARTESIAN_POINT('Ctrl Pts',(0.0321593109270157,3.,-0.301201815822362));
#10136=CARTESIAN_POINT('Ctrl Pts',(-0.0750511189266634,3.,-0.302254833860471));
#10137=CARTESIAN_POINT('Ctrl Pts',(-0.137217528831832,3.,-0.302865430712699));
#10138=CARTESIAN_POINT('Ctrl Pts',(0.244776718604691,5.,0.0654835253953939));
#10139=CARTESIAN_POINT('Ctrl Pts',(0.244776718604691,3.,0.0654835253953939));
#10140=CARTESIAN_POINT('Ctrl Pts',(0.243952498865685,5.,0.00545967876363019));
#10141=CARTESIAN_POINT('Ctrl Pts',(0.243952498865685,3.,0.00545967876363019));
#10142=CARTESIAN_POINT('Ctrl Pts',(0.242520553009213,5.,-0.098821854916889));
#10143=CARTESIAN_POINT('Ctrl Pts',(0.242520553009213,3.,-0.098821854916889));
#10144=CARTESIAN_POINT('Ctrl Pts',(0.184721028271206,5.,-0.184603743519414));
#10145=CARTESIAN_POINT('Ctrl Pts',(0.184721028271206,3.,-0.184603743519414));
#10146=CARTESIAN_POINT('Ctrl Pts',(0.160190575111039,5.,-0.221010074019432));
#10147=CARTESIAN_POINT('Ctrl Pts',(0.160190575111039,3.,-0.221010074019432));
#10148=CARTESIAN_POINT('',(0.244776718604691,5.,0.0654835253953939));
#10149=CARTESIAN_POINT('Ctrl Pts',(0.244776718604691,5.,0.0654835253953939));
#10150=CARTESIAN_POINT('Ctrl Pts',(0.243952498865685,5.,0.00545967876363018));
#10151=CARTESIAN_POINT('Ctrl Pts',(0.242520553009213,5.,-0.098821854916889));
#10152=CARTESIAN_POINT('Ctrl Pts',(0.184721028271206,5.,-0.184603743519414));
#10153=CARTESIAN_POINT('Ctrl Pts',(0.160190575111039,5.,-0.221010074019432));
#10154=CARTESIAN_POINT('',(0.244776718604691,3.,0.0654835253953939));
#10155=CARTESIAN_POINT('',(0.244776718604691,5.,0.0654835253953939));
#10156=CARTESIAN_POINT('Ctrl Pts',(0.244776718604691,3.,0.0654835253953939));
#10157=CARTESIAN_POINT('Ctrl Pts',(0.243952498865685,3.,0.00545967876363018));
#10158=CARTESIAN_POINT('Ctrl Pts',(0.242520553009213,3.,-0.098821854916889));
#10159=CARTESIAN_POINT('Ctrl Pts',(0.184721028271206,3.,-0.184603743519414));
#10160=CARTESIAN_POINT('Ctrl Pts',(0.160190575111039,3.,-0.221010074019432));
#10161=CARTESIAN_POINT('Ctrl Pts',(-0.148129947197311,5.,0.197816565632821));
#10162=CARTESIAN_POINT('Ctrl Pts',(-0.148129947197311,3.,0.197816565632821));
#10163=CARTESIAN_POINT('Ctrl Pts',(-0.0841838577396015,5.,0.17921119665244));
#10164=CARTESIAN_POINT('Ctrl Pts',(-0.0841838577396015,3.,0.17921119665244));
#10165=CARTESIAN_POINT('Ctrl Pts',(0.0486214263457674,5.,0.14057097120774));
#10166=CARTESIAN_POINT('Ctrl Pts',(0.0486214263457674,3.,0.14057097120774));
#10167=CARTESIAN_POINT('Ctrl Pts',(0.177798659141257,5.,0.0911224533726107));
#10168=CARTESIAN_POINT('Ctrl Pts',(0.177798659141257,3.,0.0911224533726107));
#10169=CARTESIAN_POINT('Ctrl Pts',(0.244776718604691,5.,0.0654835253953939));
#10170=CARTESIAN_POINT('Ctrl Pts',(0.244776718604691,3.,0.0654835253953939));
#10171=CARTESIAN_POINT('',(-0.148129947197311,5.,0.197816565632821));
#10172=CARTESIAN_POINT('Ctrl Pts',(-0.148129947197311,5.,0.197816565632821));
#10173=CARTESIAN_POINT('Ctrl Pts',(-0.0841838577396015,5.,0.17921119665244));
#10174=CARTESIAN_POINT('Ctrl Pts',(0.0486214263457674,5.,0.14057097120774));
#10175=CARTESIAN_POINT('Ctrl Pts',(0.177798659141257,5.,0.0911224533726107));
#10176=CARTESIAN_POINT('Ctrl Pts',(0.244776718604691,5.,0.0654835253953939));
#10177=CARTESIAN_POINT('',(-0.148129947197311,3.,0.197816565632821));
#10178=CARTESIAN_POINT('',(-0.148129947197311,5.,0.197816565632821));
#10179=CARTESIAN_POINT('Ctrl Pts',(-0.148129947197311,3.,0.197816565632821));
#10180=CARTESIAN_POINT('Ctrl Pts',(-0.0841838577396015,3.,0.17921119665244));
#10181=CARTESIAN_POINT('Ctrl Pts',(0.0486214263457674,3.,0.14057097120774));
#10182=CARTESIAN_POINT('Ctrl Pts',(0.177798659141257,3.,0.0911224533726107));
#10183=CARTESIAN_POINT('Ctrl Pts',(0.244776718604691,3.,0.0654835253953939));
#10184=CARTESIAN_POINT('Ctrl Pts',(-0.958498008262985,5.,0.373805835843087));
#10185=CARTESIAN_POINT('Ctrl Pts',(-0.958498008262985,3.,0.373805835843087));
#10186=CARTESIAN_POINT('Ctrl Pts',(-0.786519477968892,5.,0.339625395131519));
#10187=CARTESIAN_POINT('Ctrl Pts',(-0.786519477968892,3.,0.339625395131519));
#10188=CARTESIAN_POINT('Ctrl Pts',(-0.515344094854244,5.,0.285729748453201));
#10189=CARTESIAN_POINT('Ctrl Pts',(-0.515344094854244,3.,0.285729748453201));
#10190=CARTESIAN_POINT('Ctrl Pts',(-0.246480968749374,5.,0.221362366886523));
#10191=CARTESIAN_POINT('Ctrl Pts',(-0.246480968749374,3.,0.221362366886523));
#10192=CARTESIAN_POINT('Ctrl Pts',(-0.148129947197311,5.,0.197816565632821));
#10193=CARTESIAN_POINT('Ctrl Pts',(-0.148129947197311,3.,0.197816565632821));
#10194=CARTESIAN_POINT('',(-0.958498008262985,5.,0.373805835843087));
#10195=CARTESIAN_POINT('Ctrl Pts',(-0.958498008262985,5.,0.373805835843087));
#10196=CARTESIAN_POINT('Ctrl Pts',(-0.786519477968892,5.,0.339625395131519));
#10197=CARTESIAN_POINT('Ctrl Pts',(-0.515344094854244,5.,0.285729748453201));
#10198=CARTESIAN_POINT('Ctrl Pts',(-0.246480968749374,5.,0.221362366886523));
#10199=CARTESIAN_POINT('Ctrl Pts',(-0.148129947197311,5.,0.197816565632821));
#10200=CARTESIAN_POINT('',(-0.958498008262985,3.,0.373805835843087));
#10201=CARTESIAN_POINT('',(-0.958498008262985,5.,0.373805835843087));
#10202=CARTESIAN_POINT('Ctrl Pts',(-0.958498008262985,3.,0.373805835843087));
#10203=CARTESIAN_POINT('Ctrl Pts',(-0.786519477968892,3.,0.339625395131519));
#10204=CARTESIAN_POINT('Ctrl Pts',(-0.515344094854244,3.,0.285729748453201));
#10205=CARTESIAN_POINT('Ctrl Pts',(-0.246480968749374,3.,0.221362366886523));
#10206=CARTESIAN_POINT('Ctrl Pts',(-0.148129947197311,3.,0.197816565632821));
#10207=CARTESIAN_POINT('Ctrl Pts',(-1.67336750746953,5.,0.690313056111336));
#10208=CARTESIAN_POINT('Ctrl Pts',(-1.67336750746953,3.,0.690313056111336));
#10209=CARTESIAN_POINT('Ctrl Pts',(-1.58450476281768,5.,0.622120374842052));
#10210=CARTESIAN_POINT('Ctrl Pts',(-1.58450476281768,3.,0.622120374842052));
#10211=CARTESIAN_POINT('Ctrl Pts',(-1.37302763486689,5.,0.459834228509379));
#10212=CARTESIAN_POINT('Ctrl Pts',(-1.37302763486689,3.,0.459834228509379));
#10213=CARTESIAN_POINT('Ctrl Pts',(-1.11063385372357,5.,0.405378976607781));
#10214=CARTESIAN_POINT('Ctrl Pts',(-1.11063385372357,3.,0.405378976607781));
#10215=CARTESIAN_POINT('Ctrl Pts',(-0.958498008262985,5.,0.373805835843087));
#10216=CARTESIAN_POINT('Ctrl Pts',(-0.958498008262985,3.,0.373805835843087));
#10217=CARTESIAN_POINT('',(-1.67336750746953,5.,0.690313056111336));
#10218=CARTESIAN_POINT('Ctrl Pts',(-1.67336750746953,5.,0.690313056111336));
#10219=CARTESIAN_POINT('Ctrl Pts',(-1.58450476281768,5.,0.622120374842052));
#10220=CARTESIAN_POINT('Ctrl Pts',(-1.37302763486689,5.,0.459834228509379));
#10221=CARTESIAN_POINT('Ctrl Pts',(-1.11063385372357,5.,0.405378976607781));
#10222=CARTESIAN_POINT('Ctrl Pts',(-0.958498008262985,5.,0.373805835843087));
#10223=CARTESIAN_POINT('',(-1.67336750746953,3.,0.690313056111336));
#10224=CARTESIAN_POINT('',(-1.67336750746953,5.,0.690313056111336));
#10225=CARTESIAN_POINT('Ctrl Pts',(-1.67336750746953,3.,0.690313056111336));
#10226=CARTESIAN_POINT('Ctrl Pts',(-1.58450476281768,3.,0.622120374842052));
#10227=CARTESIAN_POINT('Ctrl Pts',(-1.37302763486689,3.,0.459834228509379));
#10228=CARTESIAN_POINT('Ctrl Pts',(-1.11063385372357,3.,0.405378976607781));
#10229=CARTESIAN_POINT('Ctrl Pts',(-0.958498008262985,3.,0.373805835843087));
#10230=CARTESIAN_POINT('Ctrl Pts',(-1.86709213973271,5.,1.23328693211079));
#10231=CARTESIAN_POINT('Ctrl Pts',(-1.86709213973271,3.,1.23328693211079));
#10232=CARTESIAN_POINT('Ctrl Pts',(-1.86031833212551,5.,1.12959334888482));
#10233=CARTESIAN_POINT('Ctrl Pts',(-1.86031833212551,3.,1.12959334888482));
#10234=CARTESIAN_POINT('Ctrl Pts',(-1.84726634753863,5.,0.929793306057598));
#10235=CARTESIAN_POINT('Ctrl Pts',(-1.84726634753863,3.,0.929793306057598));
#10236=CARTESIAN_POINT('Ctrl Pts',(-1.72984751622447,5.,0.768093026398817));
#10237=CARTESIAN_POINT('Ctrl Pts',(-1.72984751622447,3.,0.768093026398817));
#10238=CARTESIAN_POINT('Ctrl Pts',(-1.67336750746953,5.,0.690313056111336));
#10239=CARTESIAN_POINT('Ctrl Pts',(-1.67336750746953,3.,0.690313056111336));
#10240=CARTESIAN_POINT('',(-1.86709213973271,5.,1.23328693211079));
#10241=CARTESIAN_POINT('Ctrl Pts',(-1.86709213973271,5.,1.23328693211079));
#10242=CARTESIAN_POINT('Ctrl Pts',(-1.86031833212551,5.,1.12959334888482));
#10243=CARTESIAN_POINT('Ctrl Pts',(-1.84726634753863,5.,0.929793306057598));
#10244=CARTESIAN_POINT('Ctrl Pts',(-1.72984751622447,5.,0.768093026398817));
#10245=CARTESIAN_POINT('Ctrl Pts',(-1.67336750746953,5.,0.690313056111336));
#10246=CARTESIAN_POINT('',(-1.86709213973271,3.,1.23328693211079));
#10247=CARTESIAN_POINT('',(-1.86709213973271,5.,1.23328693211079));
#10248=CARTESIAN_POINT('Ctrl Pts',(-1.86709213973271,3.,1.23328693211079));
#10249=CARTESIAN_POINT('Ctrl Pts',(-1.86031833212551,3.,1.12959334888482));
#10250=CARTESIAN_POINT('Ctrl Pts',(-1.84726634753863,3.,0.929793306057598));
#10251=CARTESIAN_POINT('Ctrl Pts',(-1.72984751622447,3.,0.768093026398817));
#10252=CARTESIAN_POINT('Ctrl Pts',(-1.67336750746953,3.,0.690313056111336));
#10253=CARTESIAN_POINT('Ctrl Pts',(-1.59833479644047,5.,1.82537443935871));
#10254=CARTESIAN_POINT('Ctrl Pts',(-1.59833479644047,3.,1.82537443935871));
#10255=CARTESIAN_POINT('Ctrl Pts',(-1.67672042967886,5.,1.74107761207431));
#10256=CARTESIAN_POINT('Ctrl Pts',(-1.67672042967886,3.,1.74107761207431));
#10257=CARTESIAN_POINT('Ctrl Pts',(-1.83244072222085,5.,1.57361418717387));
#10258=CARTESIAN_POINT('Ctrl Pts',(-1.83244072222085,3.,1.57361418717387));
#10259=CARTESIAN_POINT('Ctrl Pts',(-1.85559375471045,5.,1.34621777573205));
#10260=CARTESIAN_POINT('Ctrl Pts',(-1.85559375471045,3.,1.34621777573205));
#10261=CARTESIAN_POINT('Ctrl Pts',(-1.86709213973271,5.,1.23328693211079));
#10262=CARTESIAN_POINT('Ctrl Pts',(-1.86709213973271,3.,1.23328693211079));
#10263=CARTESIAN_POINT('',(-1.59833479644047,5.,1.82537443935871));
#10264=CARTESIAN_POINT('Ctrl Pts',(-1.59833479644047,5.,1.82537443935871));
#10265=CARTESIAN_POINT('Ctrl Pts',(-1.67672042967886,5.,1.74107761207431));
#10266=CARTESIAN_POINT('Ctrl Pts',(-1.83244072222085,5.,1.57361418717387));
#10267=CARTESIAN_POINT('Ctrl Pts',(-1.85559375471045,5.,1.34621777573205));
#10268=CARTESIAN_POINT('Ctrl Pts',(-1.86709213973271,5.,1.23328693211079));
#10269=CARTESIAN_POINT('',(-1.59833479644047,3.,1.82537443935871));
#10270=CARTESIAN_POINT('',(-1.59833479644047,5.,1.82537443935871));
#10271=CARTESIAN_POINT('Ctrl Pts',(-1.59833479644047,3.,1.82537443935871));
#10272=CARTESIAN_POINT('Ctrl Pts',(-1.67672042967886,3.,1.74107761207431));
#10273=CARTESIAN_POINT('Ctrl Pts',(-1.83244072222085,3.,1.57361418717387));
#10274=CARTESIAN_POINT('Ctrl Pts',(-1.85559375471045,3.,1.34621777573205));
#10275=CARTESIAN_POINT('Ctrl Pts',(-1.86709213973271,3.,1.23328693211079));
#10276=CARTESIAN_POINT('Ctrl Pts',(-0.811160094749801,5.,2.0654834061861));
#10277=CARTESIAN_POINT('Ctrl Pts',(-0.811160094749801,3.,2.0654834061861));
#10278=CARTESIAN_POINT('Ctrl Pts',(-0.967918139668029,5.,2.06010099305649));
#10279=CARTESIAN_POINT('Ctrl Pts',(-0.967918139668029,3.,2.06010099305649));
#10280=CARTESIAN_POINT('Ctrl Pts',(-1.25315670543235,5.,2.05030709825356));
#10281=CARTESIAN_POINT('Ctrl Pts',(-1.25315670543235,3.,2.05030709825356));
#10282=CARTESIAN_POINT('Ctrl Pts',(-1.49113969147026,5.,1.89522730838363));
#10283=CARTESIAN_POINT('Ctrl Pts',(-1.49113969147026,3.,1.89522730838363));
#10284=CARTESIAN_POINT('Ctrl Pts',(-1.59833479644047,5.,1.82537443935871));
#10285=CARTESIAN_POINT('Ctrl Pts',(-1.59833479644047,3.,1.82537443935871));
#10286=CARTESIAN_POINT('',(-0.811160094749801,5.,2.0654834061861));
#10287=CARTESIAN_POINT('Ctrl Pts',(-0.811160094749801,5.,2.0654834061861));
#10288=CARTESIAN_POINT('Ctrl Pts',(-0.967918139668029,5.,2.06010099305649));
#10289=CARTESIAN_POINT('Ctrl Pts',(-1.25315670543235,5.,2.05030709825356));
#10290=CARTESIAN_POINT('Ctrl Pts',(-1.49113969147026,5.,1.89522730838363));
#10291=CARTESIAN_POINT('Ctrl Pts',(-1.59833479644047,5.,1.82537443935871));
#10292=CARTESIAN_POINT('',(-0.811160094749801,3.,2.0654834061861));
#10293=CARTESIAN_POINT('',(-0.811160094749801,5.,2.0654834061861));
#10294=CARTESIAN_POINT('Ctrl Pts',(-0.811160094749801,3.,2.0654834061861));
#10295=CARTESIAN_POINT('Ctrl Pts',(-0.967918139668029,3.,2.06010099305649));
#10296=CARTESIAN_POINT('Ctrl Pts',(-1.25315670543235,3.,2.05030709825356));
#10297=CARTESIAN_POINT('Ctrl Pts',(-1.49113969147026,3.,1.89522730838363));
#10298=CARTESIAN_POINT('Ctrl Pts',(-1.59833479644047,3.,1.82537443935871));
#10299=CARTESIAN_POINT('Ctrl Pts',(-0.126302726280563,5.,1.94542892277241));
#10300=CARTESIAN_POINT('Ctrl Pts',(-0.126302726280563,3.,1.94542892277241));
#10301=CARTESIAN_POINT('Ctrl Pts',(-0.231589595964725,5.,1.98041901158968));
#10302=CARTESIAN_POINT('Ctrl Pts',(-0.231589595964725,3.,1.98041901158968));
#10303=CARTESIAN_POINT('Ctrl Pts',(-0.453769840393172,5.,2.05425639045104));
#10304=CARTESIAN_POINT('Ctrl Pts',(-0.453769840393172,3.,2.05425639045104));
#10305=CARTESIAN_POINT('Ctrl Pts',(-0.687952181865308,5.,2.06161296719182));
#10306=CARTESIAN_POINT('Ctrl Pts',(-0.687952181865308,3.,2.06161296719182));
#10307=CARTESIAN_POINT('Ctrl Pts',(-0.811160094749801,5.,2.0654834061861));
#10308=CARTESIAN_POINT('Ctrl Pts',(-0.811160094749801,3.,2.0654834061861));
#10309=CARTESIAN_POINT('',(-0.126302726280563,5.,1.94542892277241));
#10310=CARTESIAN_POINT('Ctrl Pts',(-0.126302726280563,5.,1.94542892277241));
#10311=CARTESIAN_POINT('Ctrl Pts',(-0.231589595964725,5.,1.98041901158968));
#10312=CARTESIAN_POINT('Ctrl Pts',(-0.453769840393172,5.,2.05425639045104));
#10313=CARTESIAN_POINT('Ctrl Pts',(-0.687952181865308,5.,2.06161296719182));
#10314=CARTESIAN_POINT('Ctrl Pts',(-0.811160094749801,5.,2.0654834061861));
#10315=CARTESIAN_POINT('',(-0.126302726280563,3.,1.94542892277241));
#10316=CARTESIAN_POINT('',(-0.126302726280563,5.,1.94542892277241));
#10317=CARTESIAN_POINT('Ctrl Pts',(-0.126302726280563,3.,1.94542892277241));
#10318=CARTESIAN_POINT('Ctrl Pts',(-0.231589595964725,3.,1.98041901158968));
#10319=CARTESIAN_POINT('Ctrl Pts',(-0.453769840393172,3.,2.05425639045104));
#10320=CARTESIAN_POINT('Ctrl Pts',(-0.687952181865308,3.,2.06161296719182));
#10321=CARTESIAN_POINT('Ctrl Pts',(-0.811160094749801,3.,2.0654834061861));
#10322=CARTESIAN_POINT('Ctrl Pts',(0.307533256995804,5.,1.64529271423817));
#10323=CARTESIAN_POINT('Ctrl Pts',(0.307533256995804,3.,1.64529271423817));
#10324=CARTESIAN_POINT('Ctrl Pts',(0.237607493024745,5.,1.70913889247111));
#10325=CARTESIAN_POINT('Ctrl Pts',(0.237607493024745,3.,1.70913889247111));
#10326=CARTESIAN_POINT('Ctrl Pts',(0.106451505664511,5.,1.82889172847567));
#10327=CARTESIAN_POINT('Ctrl Pts',(0.106451505664511,3.,1.82889172847567));
#10328=CARTESIAN_POINT('Ctrl Pts',(-0.0522246852335506,5.,1.90833895456657));
#10329=CARTESIAN_POINT('Ctrl Pts',(-0.0522246852335506,3.,1.90833895456657));
#10330=CARTESIAN_POINT('Ctrl Pts',(-0.126302726280563,5.,1.94542892277241));
#10331=CARTESIAN_POINT('Ctrl Pts',(-0.126302726280563,3.,1.94542892277241));
#10332=CARTESIAN_POINT('',(0.307533256995804,5.,1.64529271423817));
#10333=CARTESIAN_POINT('Ctrl Pts',(0.307533256995804,5.,1.64529271423817));
#10334=CARTESIAN_POINT('Ctrl Pts',(0.237607493024745,5.,1.70913889247111));
#10335=CARTESIAN_POINT('Ctrl Pts',(0.106451505664511,5.,1.82889172847567));
#10336=CARTESIAN_POINT('Ctrl Pts',(-0.0522246852335506,5.,1.90833895456657));
#10337=CARTESIAN_POINT('Ctrl Pts',(-0.126302726280563,5.,1.94542892277241));
#10338=CARTESIAN_POINT('',(0.307533256995804,3.,1.64529271423817));
#10339=CARTESIAN_POINT('',(0.307533256995804,5.,1.64529271423817));
#10340=CARTESIAN_POINT('Ctrl Pts',(0.307533256995804,3.,1.64529271423817));
#10341=CARTESIAN_POINT('Ctrl Pts',(0.237607493024745,3.,1.70913889247111));
#10342=CARTESIAN_POINT('Ctrl Pts',(0.106451505664511,3.,1.82889172847567));
#10343=CARTESIAN_POINT('Ctrl Pts',(-0.0522246852335506,3.,1.90833895456657));
#10344=CARTESIAN_POINT('Ctrl Pts',(-0.126302726280563,3.,1.94542892277241));
#10345=CARTESIAN_POINT('Ctrl Pts',(0.345730297553666,5.,1.82946749031544));
#10346=CARTESIAN_POINT('Ctrl Pts',(0.345730297553666,3.,1.82946749031544));
#10347=CARTESIAN_POINT('Ctrl Pts',(0.338974251564856,5.,1.80442575083867));
#10348=CARTESIAN_POINT('Ctrl Pts',(0.338974251564856,3.,1.80442575083867));
#10349=CARTESIAN_POINT('Ctrl Pts',(0.322620555189843,5.,1.74380967380434));
#10350=CARTESIAN_POINT('Ctrl Pts',(0.322620555189843,3.,1.74380967380434));
#10351=CARTESIAN_POINT('Ctrl Pts',(0.313113029586067,5.,1.68172748364446));
#10352=CARTESIAN_POINT('Ctrl Pts',(0.313113029586067,3.,1.68172748364446));
#10353=CARTESIAN_POINT('Ctrl Pts',(0.307533256995804,5.,1.64529271423817));
#10354=CARTESIAN_POINT('Ctrl Pts',(0.307533256995804,3.,1.64529271423817));
#10355=CARTESIAN_POINT('',(0.345730297553666,5.,1.82946749031544));
#10356=CARTESIAN_POINT('Ctrl Pts',(0.345730297553666,5.,1.82946749031544));
#10357=CARTESIAN_POINT('Ctrl Pts',(0.338974251564856,5.,1.80442575083867));
#10358=CARTESIAN_POINT('Ctrl Pts',(0.322620555189843,5.,1.74380967380434));
#10359=CARTESIAN_POINT('Ctrl Pts',(0.313113029586067,5.,1.68172748364446));
#10360=CARTESIAN_POINT('Ctrl Pts',(0.307533256995804,5.,1.64529271423817));
#10361=CARTESIAN_POINT('',(0.345730297553666,3.,1.82946749031544));
#10362=CARTESIAN_POINT('',(0.345730297553666,5.,1.82946749031544));
#10363=CARTESIAN_POINT('Ctrl Pts',(0.345730297553666,3.,1.82946749031544));
#10364=CARTESIAN_POINT('Ctrl Pts',(0.338974251564856,3.,1.80442575083867));
#10365=CARTESIAN_POINT('Ctrl Pts',(0.322620555189843,3.,1.74380967380434));
#10366=CARTESIAN_POINT('Ctrl Pts',(0.313113029586067,3.,1.68172748364446));
#10367=CARTESIAN_POINT('Ctrl Pts',(0.307533256995804,3.,1.64529271423817));
#10368=CARTESIAN_POINT('Ctrl Pts',(0.427586548316605,5.,1.99999935925007));
#10369=CARTESIAN_POINT('Ctrl Pts',(0.427586548316605,3.,1.99999935925007));
#10370=CARTESIAN_POINT('Ctrl Pts',(0.409426468655036,5.,1.96755718380614));
#10371=CARTESIAN_POINT('Ctrl Pts',(0.409426468655036,3.,1.96755718380614));
#10372=CARTESIAN_POINT('Ctrl Pts',(0.37855204454496,5.,1.91240139691668));
#10373=CARTESIAN_POINT('Ctrl Pts',(0.37855204454496,3.,1.91240139691668));
#10374=CARTESIAN_POINT('Ctrl Pts',(0.355304025154806,5.,1.85365836080472));
#10375=CARTESIAN_POINT('Ctrl Pts',(0.355304025154806,3.,1.85365836080472));
#10376=CARTESIAN_POINT('Ctrl Pts',(0.345730297553666,5.,1.82946749031544));
#10377=CARTESIAN_POINT('Ctrl Pts',(0.345730297553666,3.,1.82946749031544));
#10378=CARTESIAN_POINT('',(0.427586548316605,5.,1.99999935925007));
#10379=CARTESIAN_POINT('Ctrl Pts',(0.427586548316605,5.,1.99999935925007));
#10380=CARTESIAN_POINT('Ctrl Pts',(0.409426468655036,5.,1.96755718380614));
#10381=CARTESIAN_POINT('Ctrl Pts',(0.37855204454496,5.,1.91240139691668));
#10382=CARTESIAN_POINT('Ctrl Pts',(0.355304025154806,5.,1.85365836080472));
#10383=CARTESIAN_POINT('Ctrl Pts',(0.345730297553666,5.,1.82946749031544));
#10384=CARTESIAN_POINT('',(0.427586548316605,3.,1.99999935925007));
#10385=CARTESIAN_POINT('',(0.427586548316605,5.,1.99999935925007));
#10386=CARTESIAN_POINT('Ctrl Pts',(0.427586548316605,3.,1.99999935925007));
#10387=CARTESIAN_POINT('Ctrl Pts',(0.409426468655036,3.,1.96755718380614));
#10388=CARTESIAN_POINT('Ctrl Pts',(0.37855204454496,3.,1.91240139691668));
#10389=CARTESIAN_POINT('Ctrl Pts',(0.355304025154806,3.,1.85365836080472));
#10390=CARTESIAN_POINT('Ctrl Pts',(0.345730297553666,3.,1.82946749031544));
#10391=CARTESIAN_POINT('Origin',(1.46987628220332,5.,1.99999935925007));
#10392=CARTESIAN_POINT('',(1.46987628220332,5.,1.99999935925007));
#10393=CARTESIAN_POINT('',(0.73493814110166,5.,1.99999935925007));
#10394=CARTESIAN_POINT('',(1.46987628220332,3.,1.99999935925007));
#10395=CARTESIAN_POINT('',(1.46987628220332,5.,1.99999935925007));
#10396=CARTESIAN_POINT('',(1.46987628220332,3.,1.99999935925007));
#10397=CARTESIAN_POINT('Ctrl Pts',(1.35664653061641,5.,1.70395560562611));
#10398=CARTESIAN_POINT('Ctrl Pts',(1.35664653061641,3.,1.70395560562611));
#10399=CARTESIAN_POINT('Ctrl Pts',(1.36936524248133,5.,1.74834126705869));
#10400=CARTESIAN_POINT('Ctrl Pts',(1.36936524248133,3.,1.74834126705869));
#10401=CARTESIAN_POINT('Ctrl Pts',(1.39855941875484,5.,1.85022287563989));
#10402=CARTESIAN_POINT('Ctrl Pts',(1.39855941875484,3.,1.85022287563989));
#10403=CARTESIAN_POINT('Ctrl Pts',(1.44414850269972,5.,1.94596702862281));
#10404=CARTESIAN_POINT('Ctrl Pts',(1.44414850269972,3.,1.94596702862281));
#10405=CARTESIAN_POINT('Ctrl Pts',(1.46987628220332,5.,1.99999935925007));
#10406=CARTESIAN_POINT('Ctrl Pts',(1.46987628220332,3.,1.99999935925007));
#10407=CARTESIAN_POINT('',(1.35664653061641,5.,1.70395560562611));
#10408=CARTESIAN_POINT('Ctrl Pts',(1.35664653061641,5.,1.70395560562611));
#10409=CARTESIAN_POINT('Ctrl Pts',(1.36936524248133,5.,1.74834126705869));
#10410=CARTESIAN_POINT('Ctrl Pts',(1.39855941875484,5.,1.85022287563989));
#10411=CARTESIAN_POINT('Ctrl Pts',(1.44414850269972,5.,1.94596702862281));
#10412=CARTESIAN_POINT('Ctrl Pts',(1.46987628220332,5.,1.99999935925007));
#10413=CARTESIAN_POINT('',(1.35664653061641,3.,1.70395560562611));
#10414=CARTESIAN_POINT('',(1.35664653061641,5.,1.70395560562611));
#10415=CARTESIAN_POINT('Ctrl Pts',(1.35664653061641,3.,1.70395560562611));
#10416=CARTESIAN_POINT('Ctrl Pts',(1.36936524248133,3.,1.74834126705869));
#10417=CARTESIAN_POINT('Ctrl Pts',(1.39855941875484,3.,1.85022287563989));
#10418=CARTESIAN_POINT('Ctrl Pts',(1.44414850269972,3.,1.94596702862281));
#10419=CARTESIAN_POINT('Ctrl Pts',(1.46987628220332,3.,1.99999935925007));
#10420=CARTESIAN_POINT('Ctrl Pts',(1.33072566269649,5.,1.38335533440113));
#10421=CARTESIAN_POINT('Ctrl Pts',(1.33072566269649,3.,1.38335533440113));
#10422=CARTESIAN_POINT('Ctrl Pts',(1.33109376105619,5.,1.444335986265));
#10423=CARTESIAN_POINT('Ctrl Pts',(1.33109376105619,3.,1.444335986265));
#10424=CARTESIAN_POINT('Ctrl Pts',(1.33174308162292,5.,1.55190503781069));
#10425=CARTESIAN_POINT('Ctrl Pts',(1.33174308162292,3.,1.55190503781069));
#10426=CARTESIAN_POINT('Ctrl Pts',(1.34912038234446,5.,1.65800393369052));
#10427=CARTESIAN_POINT('Ctrl Pts',(1.34912038234446,3.,1.65800393369052));
#10428=CARTESIAN_POINT('Ctrl Pts',(1.35664653061641,5.,1.70395560562611));
#10429=CARTESIAN_POINT('Ctrl Pts',(1.35664653061641,3.,1.70395560562611));
#10430=CARTESIAN_POINT('',(1.33072566269649,5.,1.38335533440113));
#10431=CARTESIAN_POINT('Ctrl Pts',(1.33072566269649,5.,1.38335533440113));
#10432=CARTESIAN_POINT('Ctrl Pts',(1.33109376105619,5.,1.444335986265));
#10433=CARTESIAN_POINT('Ctrl Pts',(1.33174308162292,5.,1.55190503781069));
#10434=CARTESIAN_POINT('Ctrl Pts',(1.34912038234446,5.,1.65800393369052));
#10435=CARTESIAN_POINT('Ctrl Pts',(1.35664653061641,5.,1.70395560562611));
#10436=CARTESIAN_POINT('',(1.33072566269649,3.,1.38335533440113));
#10437=CARTESIAN_POINT('',(1.33072566269649,5.,1.38335533440113));
#10438=CARTESIAN_POINT('Ctrl Pts',(1.33072566269649,3.,1.38335533440113));
#10439=CARTESIAN_POINT('Ctrl Pts',(1.33109376105619,3.,1.444335986265));
#10440=CARTESIAN_POINT('Ctrl Pts',(1.33174308162292,3.,1.55190503781069));
#10441=CARTESIAN_POINT('Ctrl Pts',(1.34912038234446,3.,1.65800393369052));
#10442=CARTESIAN_POINT('Ctrl Pts',(1.35664653061641,3.,1.70395560562611));
#10443=CARTESIAN_POINT('Origin',(1.33072566269649,5.,0.103682950139046));
#10444=CARTESIAN_POINT('',(1.33072566269649,5.,0.103682950139046));
#10445=CARTESIAN_POINT('',(1.33072566269649,5.,0.051841475069522));
#10446=CARTESIAN_POINT('',(1.33072566269649,3.,0.103682950139046));
#10447=CARTESIAN_POINT('',(1.33072566269649,5.,0.103682950139046));
#10448=CARTESIAN_POINT('',(1.33072566269649,3.,0.103682950139046));
#10449=CARTESIAN_POINT('Ctrl Pts',(1.24886702774776,5.,-0.326057896018028));
#10450=CARTESIAN_POINT('Ctrl Pts',(1.24886702774776,3.,-0.326057896018028));
#10451=CARTESIAN_POINT('Ctrl Pts',(1.2727303807908,5.,-0.253364257020841));
#10452=CARTESIAN_POINT('Ctrl Pts',(1.2727303807908,3.,-0.253364257020841));
#10453=CARTESIAN_POINT('Ctrl Pts',(1.31861384250868,5.,-0.113591954442695));
#10454=CARTESIAN_POINT('Ctrl Pts',(1.31861384250868,3.,-0.113591954442695));
#10455=CARTESIAN_POINT('Ctrl Pts',(1.32679798120281,5.,0.0332239597864786));
#10456=CARTESIAN_POINT('Ctrl Pts',(1.32679798120281,3.,0.0332239597864786));
#10457=CARTESIAN_POINT('Ctrl Pts',(1.33072566269649,5.,0.103682950139046));
#10458=CARTESIAN_POINT('Ctrl Pts',(1.33072566269649,3.,0.103682950139046));
#10459=CARTESIAN_POINT('',(1.24886702774776,5.,-0.326057896018028));
#10460=CARTESIAN_POINT('Ctrl Pts',(1.24886702774776,5.,-0.326057896018028));
#10461=CARTESIAN_POINT('Ctrl Pts',(1.2727303807908,5.,-0.253364257020841));
#10462=CARTESIAN_POINT('Ctrl Pts',(1.31861384250868,5.,-0.113591954442695));
#10463=CARTESIAN_POINT('Ctrl Pts',(1.32679798120281,5.,0.0332239597864786));
#10464=CARTESIAN_POINT('Ctrl Pts',(1.33072566269649,5.,0.103682950139046));
#10465=CARTESIAN_POINT('',(1.24886702774776,3.,-0.326057896018028));
#10466=CARTESIAN_POINT('',(1.24886702774776,5.,-0.326057896018028));
#10467=CARTESIAN_POINT('Ctrl Pts',(1.24886702774776,3.,-0.326057896018028));
#10468=CARTESIAN_POINT('Ctrl Pts',(1.2727303807908,3.,-0.253364257020841));
#10469=CARTESIAN_POINT('Ctrl Pts',(1.31861384250868,3.,-0.113591954442695));
#10470=CARTESIAN_POINT('Ctrl Pts',(1.32679798120281,3.,0.0332239597864786));
#10471=CARTESIAN_POINT('Ctrl Pts',(1.33072566269649,3.,0.103682950139046));
#10472=CARTESIAN_POINT('Ctrl Pts',(1.02513026474727,5.,-0.673943385481834));
#10473=CARTESIAN_POINT('Ctrl Pts',(1.02513026474727,3.,-0.673943385481834));
#10474=CARTESIAN_POINT('Ctrl Pts',(1.07067003782506,5.,-0.62661537104075));
#10475=CARTESIAN_POINT('Ctrl Pts',(1.07067003782506,3.,-0.62661537104075));
#10476=CARTESIAN_POINT('Ctrl Pts',(1.16794881482445,5.,-0.525516681884471));
#10477=CARTESIAN_POINT('Ctrl Pts',(1.16794881482445,3.,-0.525516681884471));
#10478=CARTESIAN_POINT('Ctrl Pts',(1.22077220772096,5.,-0.395310027141992));
#10479=CARTESIAN_POINT('Ctrl Pts',(1.22077220772096,3.,-0.395310027141992));
#10480=CARTESIAN_POINT('Ctrl Pts',(1.24886702774776,5.,-0.326057896018028));
#10481=CARTESIAN_POINT('Ctrl Pts',(1.24886702774776,3.,-0.326057896018028));
#10482=CARTESIAN_POINT('',(1.02513026474727,5.,-0.673943385481834));
#10483=CARTESIAN_POINT('Ctrl Pts',(1.02513026474727,5.,-0.673943385481834));
#10484=CARTESIAN_POINT('Ctrl Pts',(1.07067003782506,5.,-0.62661537104075));
#10485=CARTESIAN_POINT('Ctrl Pts',(1.16794881482445,5.,-0.525516681884471));
#10486=CARTESIAN_POINT('Ctrl Pts',(1.22077220772096,5.,-0.395310027141992));
#10487=CARTESIAN_POINT('Ctrl Pts',(1.24886702774776,5.,-0.326057896018028));
#10488=CARTESIAN_POINT('',(1.02513026474727,3.,-0.673943385481834));
#10489=CARTESIAN_POINT('',(1.02513026474727,5.,-0.673943385481834));
#10490=CARTESIAN_POINT('Ctrl Pts',(1.02513026474727,3.,-0.673943385481834));
#10491=CARTESIAN_POINT('Ctrl Pts',(1.07067003782506,3.,-0.62661537104075));
#10492=CARTESIAN_POINT('Ctrl Pts',(1.16794881482445,3.,-0.525516681884471));
#10493=CARTESIAN_POINT('Ctrl Pts',(1.22077220772096,3.,-0.395310027141992));
#10494=CARTESIAN_POINT('Ctrl Pts',(1.24886702774776,3.,-0.326057896018028));
#10495=CARTESIAN_POINT('Ctrl Pts',(0.520355217445023,5.,-0.907231196761131));
#10496=CARTESIAN_POINT('Ctrl Pts',(0.520355217445023,3.,-0.907231196761131));
#10497=CARTESIAN_POINT('Ctrl Pts',(0.615792785593521,5.,-0.884654474041701));
#10498=CARTESIAN_POINT('Ctrl Pts',(0.615792785593521,3.,-0.884654474041701));
#10499=CARTESIAN_POINT('Ctrl Pts',(0.800050405003874,5.,-0.841066469201751));
#10500=CARTESIAN_POINT('Ctrl Pts',(0.800050405003874,3.,-0.841066469201751));
#10501=CARTESIAN_POINT('Ctrl Pts',(0.951921771972266,5.,-0.728301110251138));
#10502=CARTESIAN_POINT('Ctrl Pts',(0.951921771972266,3.,-0.728301110251138));
#10503=CARTESIAN_POINT('Ctrl Pts',(1.02513026474727,5.,-0.673943385481834));
#10504=CARTESIAN_POINT('Ctrl Pts',(1.02513026474727,3.,-0.673943385481834));
#10505=CARTESIAN_POINT('',(0.520355217445023,5.,-0.907231196761131));
#10506=CARTESIAN_POINT('Ctrl Pts',(0.520355217445023,5.,-0.907231196761131));
#10507=CARTESIAN_POINT('Ctrl Pts',(0.615792785593521,5.,-0.884654474041701));
#10508=CARTESIAN_POINT('Ctrl Pts',(0.800050405003874,5.,-0.841066469201751));
#10509=CARTESIAN_POINT('Ctrl Pts',(0.951921771972266,5.,-0.728301110251138));
#10510=CARTESIAN_POINT('Ctrl Pts',(1.02513026474727,5.,-0.673943385481834));
#10511=CARTESIAN_POINT('',(0.520355217445023,3.,-0.907231196761131));
#10512=CARTESIAN_POINT('',(0.520355217445023,5.,-0.907231196761131));
#10513=CARTESIAN_POINT('Ctrl Pts',(0.520355217445023,3.,-0.907231196761131));
#10514=CARTESIAN_POINT('Ctrl Pts',(0.615792785593521,3.,-0.884654474041701));
#10515=CARTESIAN_POINT('Ctrl Pts',(0.800050405003874,3.,-0.841066469201751));
#10516=CARTESIAN_POINT('Ctrl Pts',(0.951921771972266,3.,-0.728301110251138));
#10517=CARTESIAN_POINT('Ctrl Pts',(1.02513026474727,3.,-0.673943385481834));
#10518=CARTESIAN_POINT('Ctrl Pts',(-0.281827933800094,5.,-0.963165685534477));
#10519=CARTESIAN_POINT('Ctrl Pts',(-0.281827933800094,3.,-0.963165685534477));
#10520=CARTESIAN_POINT('Ctrl Pts',(-0.131484339882513,5.,-0.962172119485172));
#10521=CARTESIAN_POINT('Ctrl Pts',(-0.131484339882513,3.,-0.962172119485172));
#10522=CARTESIAN_POINT('Ctrl Pts',(0.137174885649212,5.,-0.960396648523189));
#10523=CARTESIAN_POINT('Ctrl Pts',(0.137174885649212,3.,-0.960396648523189));
#10524=CARTESIAN_POINT('Ctrl Pts',(0.403199743022435,5.,-0.923486268348141));
#10525=CARTESIAN_POINT('Ctrl Pts',(0.403199743022435,3.,-0.923486268348141));
#10526=CARTESIAN_POINT('Ctrl Pts',(0.520355217445023,5.,-0.907231196761131));
#10527=CARTESIAN_POINT('Ctrl Pts',(0.520355217445023,3.,-0.907231196761131));
#10528=CARTESIAN_POINT('',(-0.281827933800094,5.,-0.963165685534477));
#10529=CARTESIAN_POINT('Ctrl Pts',(-0.281827933800094,5.,-0.963165685534477));
#10530=CARTESIAN_POINT('Ctrl Pts',(-0.131484339882513,5.,-0.962172119485172));
#10531=CARTESIAN_POINT('Ctrl Pts',(0.137174885649212,5.,-0.960396648523189));
#10532=CARTESIAN_POINT('Ctrl Pts',(0.403199743022435,5.,-0.923486268348141));
#10533=CARTESIAN_POINT('Ctrl Pts',(0.520355217445023,5.,-0.907231196761131));
#10534=CARTESIAN_POINT('',(-0.281827933800094,3.,-0.963165685534477));
#10535=CARTESIAN_POINT('',(-0.281827933800094,5.,-0.963165685534477));
#10536=CARTESIAN_POINT('Ctrl Pts',(-0.281827933800094,3.,-0.963165685534477));
#10537=CARTESIAN_POINT('Ctrl Pts',(-0.131484339882513,3.,-0.962172119485172));
#10538=CARTESIAN_POINT('Ctrl Pts',(0.137174885649212,3.,-0.960396648523189));
#10539=CARTESIAN_POINT('Ctrl Pts',(0.403199743022435,3.,-0.923486268348141));
#10540=CARTESIAN_POINT('Ctrl Pts',(0.520355217445023,3.,-0.907231196761131));
#10541=CARTESIAN_POINT('Ctrl Pts',(-0.860271937858932,5.,-0.916781052947044));
#10542=CARTESIAN_POINT('Ctrl Pts',(-0.860271937858932,3.,-0.916781052947044));
#10543=CARTESIAN_POINT('Ctrl Pts',(-0.767659954057653,5.,-0.930305559948846));
#10544=CARTESIAN_POINT('Ctrl Pts',(-0.767659954057653,3.,-0.930305559948846));
#10545=CARTESIAN_POINT('Ctrl Pts',(-0.575869905621036,5.,-0.958313445607823));
#10546=CARTESIAN_POINT('Ctrl Pts',(-0.575869905621036,3.,-0.958313445607823));
#10547=CARTESIAN_POINT('Ctrl Pts',(-0.382053739916342,5.,-0.961511773152151));
#10548=CARTESIAN_POINT('Ctrl Pts',(-0.382053739916342,3.,-0.961511773152151));
#10549=CARTESIAN_POINT('Ctrl Pts',(-0.281827933800094,5.,-0.963165685534477));
#10550=CARTESIAN_POINT('Ctrl Pts',(-0.281827933800094,3.,-0.963165685534477));
#10551=CARTESIAN_POINT('',(-0.860271937858932,5.,-0.916781052947044));
#10552=CARTESIAN_POINT('Ctrl Pts',(-0.860271937858932,5.,-0.916781052947044));
#10553=CARTESIAN_POINT('Ctrl Pts',(-0.767659954057653,5.,-0.930305559948846));
#10554=CARTESIAN_POINT('Ctrl Pts',(-0.575869905621036,5.,-0.958313445607823));
#10555=CARTESIAN_POINT('Ctrl Pts',(-0.382053739916342,5.,-0.961511773152151));
#10556=CARTESIAN_POINT('Ctrl Pts',(-0.281827933800094,5.,-0.963165685534477));
#10557=CARTESIAN_POINT('',(-0.860271937858932,3.,-0.916781052947044));
#10558=CARTESIAN_POINT('',(-0.860271937858932,5.,-0.916781052947044));
#10559=CARTESIAN_POINT('Ctrl Pts',(-0.860271937858932,3.,-0.916781052947044));
#10560=CARTESIAN_POINT('Ctrl Pts',(-0.767659954057653,3.,-0.930305559948846));
#10561=CARTESIAN_POINT('Ctrl Pts',(-0.575869905621036,3.,-0.958313445607823));
#10562=CARTESIAN_POINT('Ctrl Pts',(-0.382053739916342,3.,-0.961511773152151));
#10563=CARTESIAN_POINT('Ctrl Pts',(-0.281827933800094,3.,-0.963165685534477));
#10564=CARTESIAN_POINT('Ctrl Pts',(-1.28046322585332,5.,-0.785812363028526));
#10565=CARTESIAN_POINT('Ctrl Pts',(-1.28046322585332,3.,-0.785812363028526));
#10566=CARTESIAN_POINT('Ctrl Pts',(-1.22070201557456,5.,-0.813065308845686));
#10567=CARTESIAN_POINT('Ctrl Pts',(-1.22070201557456,3.,-0.813065308845686));
#10568=CARTESIAN_POINT('Ctrl Pts',(-1.08630803841822,5.,-0.874353086661921));
#10569=CARTESIAN_POINT('Ctrl Pts',(-1.08630803841822,3.,-0.874353086661921));
#10570=CARTESIAN_POINT('Ctrl Pts',(-0.940977876598614,5.,-0.901632194692172));
#10571=CARTESIAN_POINT('Ctrl Pts',(-0.940977876598614,3.,-0.901632194692172));
#10572=CARTESIAN_POINT('Ctrl Pts',(-0.860271937858932,5.,-0.916781052947044));
#10573=CARTESIAN_POINT('Ctrl Pts',(-0.860271937858932,3.,-0.916781052947044));
#10574=CARTESIAN_POINT('',(-1.28046322585332,5.,-0.785812363028526));
#10575=CARTESIAN_POINT('Ctrl Pts',(-1.28046322585332,5.,-0.785812363028526));
#10576=CARTESIAN_POINT('Ctrl Pts',(-1.22070201557456,5.,-0.813065308845686));
#10577=CARTESIAN_POINT('Ctrl Pts',(-1.08630803841822,5.,-0.874353086661921));
#10578=CARTESIAN_POINT('Ctrl Pts',(-0.940977876598614,5.,-0.901632194692172));
#10579=CARTESIAN_POINT('Ctrl Pts',(-0.860271937858932,5.,-0.916781052947044));
#10580=CARTESIAN_POINT('',(-1.28046322585332,3.,-0.785812363028526));
#10581=CARTESIAN_POINT('',(-1.28046322585332,5.,-0.785812363028526));
#10582=CARTESIAN_POINT('Ctrl Pts',(-1.28046322585332,3.,-0.785812363028526));
#10583=CARTESIAN_POINT('Ctrl Pts',(-1.22070201557456,3.,-0.813065308845686));
#10584=CARTESIAN_POINT('Ctrl Pts',(-1.08630803841822,3.,-0.874353086661921));
#10585=CARTESIAN_POINT('Ctrl Pts',(-0.940977876598614,3.,-0.901632194692172));
#10586=CARTESIAN_POINT('Ctrl Pts',(-0.860271937858932,3.,-0.916781052947044));
#10587=CARTESIAN_POINT('Ctrl Pts',(-1.60651970626103,5.,-0.50886832177639));
#10588=CARTESIAN_POINT('Ctrl Pts',(-1.60651970626103,3.,-0.50886832177639));
#10589=CARTESIAN_POINT('Ctrl Pts',(-1.56282563036314,5.,-0.561280595116674));
#10590=CARTESIAN_POINT('Ctrl Pts',(-1.56282563036314,3.,-0.561280595116674));
#10591=CARTESIAN_POINT('Ctrl Pts',(-1.47025335868126,5.,-0.67232363945201));
#10592=CARTESIAN_POINT('Ctrl Pts',(-1.47025335868126,3.,-0.67232363945201));
#10593=CARTESIAN_POINT('Ctrl Pts',(-1.34604518847547,5.,-0.746596345226493));
#10594=CARTESIAN_POINT('Ctrl Pts',(-1.34604518847547,3.,-0.746596345226493));
#10595=CARTESIAN_POINT('Ctrl Pts',(-1.28046322585332,5.,-0.785812363028526));
#10596=CARTESIAN_POINT('Ctrl Pts',(-1.28046322585332,3.,-0.785812363028526));
#10597=CARTESIAN_POINT('',(-1.60651970626103,5.,-0.50886832177639));
#10598=CARTESIAN_POINT('Ctrl Pts',(-1.60651970626103,5.,-0.50886832177639));
#10599=CARTESIAN_POINT('Ctrl Pts',(-1.56282563036314,5.,-0.561280595116674));
#10600=CARTESIAN_POINT('Ctrl Pts',(-1.47025335868126,5.,-0.67232363945201));
#10601=CARTESIAN_POINT('Ctrl Pts',(-1.34604518847547,5.,-0.746596345226493));
#10602=CARTESIAN_POINT('Ctrl Pts',(-1.28046322585332,5.,-0.785812363028526));
#10603=CARTESIAN_POINT('',(-1.60651970626103,3.,-0.50886832177639));
#10604=CARTESIAN_POINT('',(-1.60651970626103,5.,-0.50886832177639));
#10605=CARTESIAN_POINT('Ctrl Pts',(-1.60651970626103,3.,-0.50886832177639));
#10606=CARTESIAN_POINT('Ctrl Pts',(-1.56282563036314,3.,-0.561280595116674));
#10607=CARTESIAN_POINT('Ctrl Pts',(-1.47025335868126,3.,-0.67232363945201));
#10608=CARTESIAN_POINT('Ctrl Pts',(-1.34604518847547,3.,-0.746596345226493));
#10609=CARTESIAN_POINT('Ctrl Pts',(-1.28046322585332,3.,-0.785812363028526));
#10610=CARTESIAN_POINT('Ctrl Pts',(-1.77978087187993,5.,-0.0709419697523112));
#10611=CARTESIAN_POINT('Ctrl Pts',(-1.77978087187993,3.,-0.0709419697523112));
#10612=CARTESIAN_POINT('Ctrl Pts',(-1.75969096071694,5.,-0.155591124285311));
#10613=CARTESIAN_POINT('Ctrl Pts',(-1.75969096071694,3.,-0.155591124285311));
#10614=CARTESIAN_POINT('Ctrl Pts',(-1.72301218392494,5.,-0.310137723300007));
#10615=CARTESIAN_POINT('Ctrl Pts',(-1.72301218392494,3.,-0.310137723300007));
#10616=CARTESIAN_POINT('Ctrl Pts',(-1.64279835444079,5.,-0.446978682125336));
#10617=CARTESIAN_POINT('Ctrl Pts',(-1.64279835444079,3.,-0.446978682125336));
#10618=CARTESIAN_POINT('Ctrl Pts',(-1.60651970626103,5.,-0.50886832177639));
#10619=CARTESIAN_POINT('Ctrl Pts',(-1.60651970626103,3.,-0.50886832177639));
#10620=CARTESIAN_POINT('',(-1.77978087187993,5.,-0.0709419697523111));
#10621=CARTESIAN_POINT('Ctrl Pts',(-1.77978087187993,5.,-0.0709419697523112));
#10622=CARTESIAN_POINT('Ctrl Pts',(-1.75969096071694,5.,-0.155591124285311));
#10623=CARTESIAN_POINT('Ctrl Pts',(-1.72301218392494,5.,-0.310137723300007));
#10624=CARTESIAN_POINT('Ctrl Pts',(-1.64279835444079,5.,-0.446978682125336));
#10625=CARTESIAN_POINT('Ctrl Pts',(-1.60651970626103,5.,-0.50886832177639));
#10626=CARTESIAN_POINT('',(-1.77978087187993,3.,-0.0709419697523111));
#10627=CARTESIAN_POINT('',(-1.77978087187993,5.,-0.0709419697523111));
#10628=CARTESIAN_POINT('Ctrl Pts',(-1.77978087187993,3.,-0.0709419697523112));
#10629=CARTESIAN_POINT('Ctrl Pts',(-1.75969096071694,3.,-0.155591124285311));
#10630=CARTESIAN_POINT('Ctrl Pts',(-1.72301218392494,3.,-0.310137723300007));
#10631=CARTESIAN_POINT('Ctrl Pts',(-1.64279835444079,3.,-0.446978682125336));
#10632=CARTESIAN_POINT('Ctrl Pts',(-1.60651970626103,3.,-0.50886832177639));
#10633=CARTESIAN_POINT('Origin',(-0.718389041435592,5.,0.0409270077943807));
#10634=CARTESIAN_POINT('',(-0.718389041435592,5.,0.0409270077943807));
#10635=CARTESIAN_POINT('',(-0.365274031265306,5.,0.0781447571787927));
#10636=CARTESIAN_POINT('',(-0.718389041435592,3.,0.0409270077943807));
#10637=CARTESIAN_POINT('',(-0.718389041435592,5.,0.0409270077943807));
#10638=CARTESIAN_POINT('',(-0.718389041435592,3.,0.0409270077943807));
#10639=CARTESIAN_POINT('Ctrl Pts',(-0.546491630089156,5.,-0.215552970767021));
#10640=CARTESIAN_POINT('Ctrl Pts',(-0.546491630089156,3.,-0.215552970767021));
#10641=CARTESIAN_POINT('Ctrl Pts',(-0.581249859426203,5.,-0.184698872682377));
#10642=CARTESIAN_POINT('Ctrl Pts',(-0.581249859426203,3.,-0.184698872682377));
#10643=CARTESIAN_POINT('Ctrl Pts',(-0.660364064531005,5.,-0.114470972966236));
#10644=CARTESIAN_POINT('Ctrl Pts',(-0.660364064531005,3.,-0.114470972966236));
#10645=CARTESIAN_POINT('Ctrl Pts',(-0.697543891203241,5.,-0.014898852508613));
#10646=CARTESIAN_POINT('Ctrl Pts',(-0.697543891203241,3.,-0.014898852508613));
#10647=CARTESIAN_POINT('Ctrl Pts',(-0.718389041435592,5.,0.0409270077943807));
#10648=CARTESIAN_POINT('Ctrl Pts',(-0.718389041435592,3.,0.0409270077943807));
#10649=CARTESIAN_POINT('Ctrl Pts',(-0.546491630089156,5.,-0.215552970767021));
#10650=CARTESIAN_POINT('Ctrl Pts',(-0.581249859426203,5.,-0.184698872682377));
#10651=CARTESIAN_POINT('Ctrl Pts',(-0.660364064531005,5.,-0.114470972966236));
#10652=CARTESIAN_POINT('Ctrl Pts',(-0.697543891203241,5.,-0.014898852508613));
#10653=CARTESIAN_POINT('Ctrl Pts',(-0.718389041435592,5.,0.0409270077943807));
#10654=CARTESIAN_POINT('Ctrl Pts',(-0.546491630089156,3.,-0.215552970767021));
#10655=CARTESIAN_POINT('Ctrl Pts',(-0.581249859426203,3.,-0.184698872682377));
#10656=CARTESIAN_POINT('Ctrl Pts',(-0.660364064531005,3.,-0.114470972966236));
#10657=CARTESIAN_POINT('Ctrl Pts',(-0.697543891203241,3.,-0.014898852508613));
#10658=CARTESIAN_POINT('Ctrl Pts',(-0.718389041435592,3.,0.0409270077943807));
#10659=CARTESIAN_POINT('Origin',(-3.3213912320255,3.,0.0327413529157641));
#10660=CARTESIAN_POINT('Ctrl Pts',(7.63222407578243,5.,1.13915331661701));
#10661=CARTESIAN_POINT('Ctrl Pts',(7.63222407578243,3.,1.13915331661701));
#10662=CARTESIAN_POINT('Ctrl Pts',(7.6516786639835,5.,1.09004654536305));
#10663=CARTESIAN_POINT('Ctrl Pts',(7.6516786639835,3.,1.09004654536305));
#10664=CARTESIAN_POINT('Ctrl Pts',(7.6944746450355,5.,0.982022030508781));
#10665=CARTESIAN_POINT('Ctrl Pts',(7.6944746450355,3.,0.982022030508781));
#10666=CARTESIAN_POINT('Ctrl Pts',(7.69744940862295,5.,0.86565168431221));
#10667=CARTESIAN_POINT('Ctrl Pts',(7.69744940862295,3.,0.86565168431221));
#10668=CARTESIAN_POINT('Ctrl Pts',(7.69907187699092,5.,0.802182033658028));
#10669=CARTESIAN_POINT('Ctrl Pts',(7.69907187699092,3.,0.802182033658028));
#10670=CARTESIAN_POINT('',(7.63222407578243,5.,1.13915331661701));
#10671=CARTESIAN_POINT('',(7.69907187699092,5.,0.802182033658028));
#10672=CARTESIAN_POINT('Ctrl Pts',(7.63222407578243,5.,1.13915331661701));
#10673=CARTESIAN_POINT('Ctrl Pts',(7.6516786639835,5.,1.09004654536305));
#10674=CARTESIAN_POINT('Ctrl Pts',(7.6944746450355,5.,0.982022030508781));
#10675=CARTESIAN_POINT('Ctrl Pts',(7.69744940862295,5.,0.86565168431221));
#10676=CARTESIAN_POINT('Ctrl Pts',(7.69907187699092,5.,0.802182033658028));
#10677=CARTESIAN_POINT('',(7.63222407578243,3.,1.13915331661701));
#10678=CARTESIAN_POINT('',(7.63222407578243,5.,1.13915331661701));
#10679=CARTESIAN_POINT('',(7.69907187699092,3.,0.802182033658028));
#10680=CARTESIAN_POINT('Ctrl Pts',(7.63222407578243,3.,1.13915331661701));
#10681=CARTESIAN_POINT('Ctrl Pts',(7.6516786639835,3.,1.09004654536305));
#10682=CARTESIAN_POINT('Ctrl Pts',(7.6944746450355,3.,0.982022030508781));
#10683=CARTESIAN_POINT('Ctrl Pts',(7.69744940862295,3.,0.86565168431221));
#10684=CARTESIAN_POINT('Ctrl Pts',(7.69907187699092,3.,0.802182033658028));
#10685=CARTESIAN_POINT('',(7.69907187699092,5.,0.802182033658028));
#10686=CARTESIAN_POINT('Ctrl Pts',(7.40575980423702,5.,1.35879881680012));
#10687=CARTESIAN_POINT('Ctrl Pts',(7.40575980423702,3.,1.35879881680012));
#10688=CARTESIAN_POINT('Ctrl Pts',(7.45430851324393,5.,1.32860082968158));
#10689=CARTESIAN_POINT('Ctrl Pts',(7.45430851324393,3.,1.32860082968158));
#10690=CARTESIAN_POINT('Ctrl Pts',(7.54586060321339,5.,1.27165412831451));
#10691=CARTESIAN_POINT('Ctrl Pts',(7.54586060321339,3.,1.27165412831451));
#10692=CARTESIAN_POINT('Ctrl Pts',(7.60462266138872,5.,1.18150003684925));
#10693=CARTESIAN_POINT('Ctrl Pts',(7.60462266138872,3.,1.18150003684925));
#10694=CARTESIAN_POINT('Ctrl Pts',(7.63222407578243,5.,1.13915331661701));
#10695=CARTESIAN_POINT('Ctrl Pts',(7.63222407578243,3.,1.13915331661701));
#10696=CARTESIAN_POINT('',(7.40575980423702,5.,1.35879881680012));
#10697=CARTESIAN_POINT('Ctrl Pts',(7.40575980423702,5.,1.35879881680012));
#10698=CARTESIAN_POINT('Ctrl Pts',(7.45430851324393,5.,1.32860082968158));
#10699=CARTESIAN_POINT('Ctrl Pts',(7.54586060321339,5.,1.27165412831451));
#10700=CARTESIAN_POINT('Ctrl Pts',(7.60462266138872,5.,1.18150003684925));
#10701=CARTESIAN_POINT('Ctrl Pts',(7.63222407578243,5.,1.13915331661701));
#10702=CARTESIAN_POINT('',(7.40575980423702,3.,1.35879881680012));
#10703=CARTESIAN_POINT('',(7.40575980423702,5.,1.35879881680012));
#10704=CARTESIAN_POINT('Ctrl Pts',(7.40575980423702,3.,1.35879881680012));
#10705=CARTESIAN_POINT('Ctrl Pts',(7.45430851324393,3.,1.32860082968158));
#10706=CARTESIAN_POINT('Ctrl Pts',(7.54586060321339,3.,1.27165412831451));
#10707=CARTESIAN_POINT('Ctrl Pts',(7.60462266138872,3.,1.18150003684925));
#10708=CARTESIAN_POINT('Ctrl Pts',(7.63222407578243,3.,1.13915331661701));
#10709=CARTESIAN_POINT('Ctrl Pts',(7.06060122727168,5.,1.44883997738361));
#10710=CARTESIAN_POINT('Ctrl Pts',(7.06060122727168,3.,1.44883997738361));
#10711=CARTESIAN_POINT('Ctrl Pts',(7.12128006749953,5.,1.44513696756041));
#10712=CARTESIAN_POINT('Ctrl Pts',(7.12128006749953,3.,1.44513696756041));
#10713=CARTESIAN_POINT('Ctrl Pts',(7.24224704509913,5.,1.43775479109407));
#10714=CARTESIAN_POINT('Ctrl Pts',(7.24224704509913,3.,1.43775479109407));
#10715=CARTESIAN_POINT('Ctrl Pts',(7.35137303735048,5.,1.38506074394797));
#10716=CARTESIAN_POINT('Ctrl Pts',(7.35137303735048,3.,1.38506074394797));
#10717=CARTESIAN_POINT('Ctrl Pts',(7.40575980423702,5.,1.35879881680012));
#10718=CARTESIAN_POINT('Ctrl Pts',(7.40575980423702,3.,1.35879881680012));
#10719=CARTESIAN_POINT('',(7.06060122727168,5.,1.44883997738361));
#10720=CARTESIAN_POINT('Ctrl Pts',(7.06060122727168,5.,1.44883997738361));
#10721=CARTESIAN_POINT('Ctrl Pts',(7.12128006749953,5.,1.44513696756041));
#10722=CARTESIAN_POINT('Ctrl Pts',(7.24224704509913,5.,1.43775479109407));
#10723=CARTESIAN_POINT('Ctrl Pts',(7.35137303735048,5.,1.38506074394797));
#10724=CARTESIAN_POINT('Ctrl Pts',(7.40575980423702,5.,1.35879881680012));
#10725=CARTESIAN_POINT('',(7.06060122727168,3.,1.44883997738361));
#10726=CARTESIAN_POINT('',(7.06060122727168,5.,1.44883997738361));
#10727=CARTESIAN_POINT('Ctrl Pts',(7.06060122727168,3.,1.44883997738361));
#10728=CARTESIAN_POINT('Ctrl Pts',(7.12128006749953,3.,1.44513696756041));
#10729=CARTESIAN_POINT('Ctrl Pts',(7.24224704509913,3.,1.43775479109407));
#10730=CARTESIAN_POINT('Ctrl Pts',(7.35137303735048,3.,1.38506074394797));
#10731=CARTESIAN_POINT('Ctrl Pts',(7.40575980423702,3.,1.35879881680012));
#10732=CARTESIAN_POINT('Ctrl Pts',(6.79184149979366,5.,1.36561997234821));
#10733=CARTESIAN_POINT('Ctrl Pts',(6.79184149979366,3.,1.36561997234821));
#10734=CARTESIAN_POINT('Ctrl Pts',(6.8283474493625,5.,1.38983097605223));
#10735=CARTESIAN_POINT('Ctrl Pts',(6.8283474493625,3.,1.38983097605223));
#10736=CARTESIAN_POINT('Ctrl Pts',(6.90935538774478,5.,1.44355601318707));
#10737=CARTESIAN_POINT('Ctrl Pts',(6.90935538774478,3.,1.44355601318707));
#10738=CARTESIAN_POINT('Ctrl Pts',(7.00697406957117,5.,1.44696644498009));
#10739=CARTESIAN_POINT('Ctrl Pts',(7.00697406957117,3.,1.44696644498009));
#10740=CARTESIAN_POINT('Ctrl Pts',(7.06060122727168,5.,1.44883997738361));
#10741=CARTESIAN_POINT('Ctrl Pts',(7.06060122727168,3.,1.44883997738361));
#10742=CARTESIAN_POINT('',(6.79184149979366,5.,1.36561997234821));
#10743=CARTESIAN_POINT('Ctrl Pts',(6.79184149979366,5.,1.36561997234821));
#10744=CARTESIAN_POINT('Ctrl Pts',(6.8283474493625,5.,1.38983097605223));
#10745=CARTESIAN_POINT('Ctrl Pts',(6.90935538774478,5.,1.44355601318707));
#10746=CARTESIAN_POINT('Ctrl Pts',(7.00697406957117,5.,1.44696644498009));
#10747=CARTESIAN_POINT('Ctrl Pts',(7.06060122727168,5.,1.44883997738361));
#10748=CARTESIAN_POINT('',(6.79184149979366,3.,1.36561997234821));
#10749=CARTESIAN_POINT('',(6.79184149979366,5.,1.36561997234821));
#10750=CARTESIAN_POINT('Ctrl Pts',(6.79184149979366,3.,1.36561997234821));
#10751=CARTESIAN_POINT('Ctrl Pts',(6.8283474493625,3.,1.38983097605223));
#10752=CARTESIAN_POINT('Ctrl Pts',(6.90935538774478,3.,1.44355601318707));
#10753=CARTESIAN_POINT('Ctrl Pts',(7.00697406957117,3.,1.44696644498009));
#10754=CARTESIAN_POINT('Ctrl Pts',(7.06060122727168,3.,1.44883997738361));
#10755=CARTESIAN_POINT('Ctrl Pts',(6.7004365849377,5.,1.15143187344074));
#10756=CARTESIAN_POINT('Ctrl Pts',(6.7004365849377,3.,1.15143187344074));
#10757=CARTESIAN_POINT('Ctrl Pts',(6.70398747635625,5.,1.19286166921562));
#10758=CARTESIAN_POINT('Ctrl Pts',(6.70398747635625,3.,1.19286166921562));
#10759=CARTESIAN_POINT('Ctrl Pts',(6.71097425888192,5.,1.27437950207551));
#10760=CARTESIAN_POINT('Ctrl Pts',(6.71097425888192,3.,1.27437950207551));
#10761=CARTESIAN_POINT('Ctrl Pts',(6.76518317356236,5.,1.3355420545832));
#10762=CARTESIAN_POINT('Ctrl Pts',(6.76518317356236,3.,1.3355420545832));
#10763=CARTESIAN_POINT('Ctrl Pts',(6.79184149979366,5.,1.36561997234821));
#10764=CARTESIAN_POINT('Ctrl Pts',(6.79184149979366,3.,1.36561997234821));
#10765=CARTESIAN_POINT('',(6.7004365849377,5.,1.15143187344074));
#10766=CARTESIAN_POINT('Ctrl Pts',(6.7004365849377,5.,1.15143187344074));
#10767=CARTESIAN_POINT('Ctrl Pts',(6.70398747635625,5.,1.19286166921562));
#10768=CARTESIAN_POINT('Ctrl Pts',(6.71097425888192,5.,1.27437950207551));
#10769=CARTESIAN_POINT('Ctrl Pts',(6.76518317356236,5.,1.3355420545832));
#10770=CARTESIAN_POINT('Ctrl Pts',(6.79184149979366,5.,1.36561997234821));
#10771=CARTESIAN_POINT('',(6.7004365849377,3.,1.15143187344074));
#10772=CARTESIAN_POINT('',(6.7004365849377,5.,1.15143187344074));
#10773=CARTESIAN_POINT('Ctrl Pts',(6.7004365849377,3.,1.15143187344074));
#10774=CARTESIAN_POINT('Ctrl Pts',(6.70398747635625,3.,1.19286166921562));
#10775=CARTESIAN_POINT('Ctrl Pts',(6.71097425888192,3.,1.27437950207551));
#10776=CARTESIAN_POINT('Ctrl Pts',(6.76518317356236,3.,1.3355420545832));
#10777=CARTESIAN_POINT('Ctrl Pts',(6.79184149979366,3.,1.36561997234821));
#10778=CARTESIAN_POINT('Ctrl Pts',(6.79320525406612,5.,0.946793630719185));
#10779=CARTESIAN_POINT('Ctrl Pts',(6.79320525406612,3.,0.946793630719185));
#10780=CARTESIAN_POINT('Ctrl Pts',(6.7661575607063,5.,0.977138739108251));
#10781=CARTESIAN_POINT('Ctrl Pts',(6.7661575607063,3.,0.977138739108251));
#10782=CARTESIAN_POINT('Ctrl Pts',(6.71383854945518,5.,1.03583602046619));
#10783=CARTESIAN_POINT('Ctrl Pts',(6.71383854945518,3.,1.03583602046619));
#10784=CARTESIAN_POINT('Ctrl Pts',(6.70480163029106,5.,1.11378208409554));
#10785=CARTESIAN_POINT('Ctrl Pts',(6.70480163029106,3.,1.11378208409554));
#10786=CARTESIAN_POINT('Ctrl Pts',(6.7004365849377,5.,1.15143187344074));
#10787=CARTESIAN_POINT('Ctrl Pts',(6.7004365849377,3.,1.15143187344074));
#10788=CARTESIAN_POINT('',(6.79320525406612,5.,0.946793630719185));
#10789=CARTESIAN_POINT('Ctrl Pts',(6.79320525406612,5.,0.946793630719185));
#10790=CARTESIAN_POINT('Ctrl Pts',(6.7661575607063,5.,0.977138739108251));
#10791=CARTESIAN_POINT('Ctrl Pts',(6.71383854945518,5.,1.03583602046619));
#10792=CARTESIAN_POINT('Ctrl Pts',(6.70480163029106,5.,1.11378208409554));
#10793=CARTESIAN_POINT('Ctrl Pts',(6.7004365849377,5.,1.15143187344074));
#10794=CARTESIAN_POINT('',(6.79320525406612,3.,0.946793630719185));
#10795=CARTESIAN_POINT('',(6.79320525406612,5.,0.946793630719185));
#10796=CARTESIAN_POINT('Ctrl Pts',(6.79320525406612,3.,0.946793630719185));
#10797=CARTESIAN_POINT('Ctrl Pts',(6.7661575607063,3.,0.977138739108251));
#10798=CARTESIAN_POINT('Ctrl Pts',(6.71383854945518,3.,1.03583602046619));
#10799=CARTESIAN_POINT('Ctrl Pts',(6.70480163029106,3.,1.11378208409554));
#10800=CARTESIAN_POINT('Ctrl Pts',(6.7004365849377,3.,1.15143187344074));
#10801=CARTESIAN_POINT('Ctrl Pts',(7.22158145188106,5.,0.76944001019001));
#10802=CARTESIAN_POINT('Ctrl Pts',(7.22158145188106,3.,0.76944001019001));
#10803=CARTESIAN_POINT('Ctrl Pts',(7.12690634998298,5.,0.793409228891578));
#10804=CARTESIAN_POINT('Ctrl Pts',(7.12690634998298,3.,0.793409228891578));
#10805=CARTESIAN_POINT('Ctrl Pts',(6.97493004575051,5.,0.831885588574043));
#10806=CARTESIAN_POINT('Ctrl Pts',(6.97493004575051,3.,0.831885588574043));
#10807=CARTESIAN_POINT('Ctrl Pts',(6.84296238863976,5.,0.915331248159194));
#10808=CARTESIAN_POINT('Ctrl Pts',(6.84296238863976,3.,0.915331248159194));
#10809=CARTESIAN_POINT('Ctrl Pts',(6.79320525406612,5.,0.946793630719185));
#10810=CARTESIAN_POINT('Ctrl Pts',(6.79320525406612,3.,0.946793630719185));
#10811=CARTESIAN_POINT('',(7.22158145188106,5.,0.76944001019001));
#10812=CARTESIAN_POINT('Ctrl Pts',(7.22158145188106,5.,0.76944001019001));
#10813=CARTESIAN_POINT('Ctrl Pts',(7.12690634998298,5.,0.793409228891578));
#10814=CARTESIAN_POINT('Ctrl Pts',(6.97493004575051,5.,0.831885588574043));
#10815=CARTESIAN_POINT('Ctrl Pts',(6.84296238863976,5.,0.915331248159194));
#10816=CARTESIAN_POINT('Ctrl Pts',(6.79320525406612,5.,0.946793630719185));
#10817=CARTESIAN_POINT('',(7.22158145188106,3.,0.76944001019001));
#10818=CARTESIAN_POINT('',(7.22158145188106,5.,0.76944001019001));
#10819=CARTESIAN_POINT('Ctrl Pts',(7.22158145188106,3.,0.76944001019001));
#10820=CARTESIAN_POINT('Ctrl Pts',(7.12690634998298,3.,0.793409228891578));
#10821=CARTESIAN_POINT('Ctrl Pts',(6.97493004575051,3.,0.831885588574043));
#10822=CARTESIAN_POINT('Ctrl Pts',(6.84296238863976,3.,0.915331248159194));
#10823=CARTESIAN_POINT('Ctrl Pts',(6.79320525406612,3.,0.946793630719185));
#10824=CARTESIAN_POINT('Ctrl Pts',(7.69907187699092,5.,0.624829009175301));
#10825=CARTESIAN_POINT('Ctrl Pts',(7.69907187699092,3.,0.624829009175301));
#10826=CARTESIAN_POINT('Ctrl Pts',(7.62136263765469,5.,0.651448068441641));
#10827=CARTESIAN_POINT('Ctrl Pts',(7.62136263765469,3.,0.651448068441641));
#10828=CARTESIAN_POINT('Ctrl Pts',(7.46393429117172,5.,0.705374660968171));
#10829=CARTESIAN_POINT('Ctrl Pts',(7.46393429117172,3.,0.705374660968171));
#10830=CARTESIAN_POINT('Ctrl Pts',(7.30305039311158,5.,0.747903905286336));
#10831=CARTESIAN_POINT('Ctrl Pts',(7.30305039311158,3.,0.747903905286336));
#10832=CARTESIAN_POINT('Ctrl Pts',(7.22158145188106,5.,0.76944001019001));
#10833=CARTESIAN_POINT('Ctrl Pts',(7.22158145188106,3.,0.76944001019001));
#10834=CARTESIAN_POINT('',(7.69907187699092,5.,0.624829009175301));
#10835=CARTESIAN_POINT('Ctrl Pts',(7.69907187699092,5.,0.624829009175301));
#10836=CARTESIAN_POINT('Ctrl Pts',(7.62136263765469,5.,0.651448068441641));
#10837=CARTESIAN_POINT('Ctrl Pts',(7.46393429117172,5.,0.705374660968171));
#10838=CARTESIAN_POINT('Ctrl Pts',(7.30305039311158,5.,0.747903905286336));
#10839=CARTESIAN_POINT('Ctrl Pts',(7.22158145188106,5.,0.76944001019001));
#10840=CARTESIAN_POINT('',(7.69907187699092,3.,0.624829009175301));
#10841=CARTESIAN_POINT('',(7.69907187699092,5.,0.624829009175301));
#10842=CARTESIAN_POINT('Ctrl Pts',(7.69907187699092,3.,0.624829009175301));
#10843=CARTESIAN_POINT('Ctrl Pts',(7.62136263765469,3.,0.651448068441641));
#10844=CARTESIAN_POINT('Ctrl Pts',(7.46393429117172,3.,0.705374660968171));
#10845=CARTESIAN_POINT('Ctrl Pts',(7.30305039311158,3.,0.747903905286336));
#10846=CARTESIAN_POINT('Ctrl Pts',(7.22158145188106,3.,0.76944001019001));
#10847=CARTESIAN_POINT('Origin',(7.69907187699092,5.,0.802182033658028));
#10848=CARTESIAN_POINT('',(7.69907187699092,5.,0.401091016829013));
#10849=CARTESIAN_POINT('',(7.69907187699092,3.,0.802182033658028));
#10850=CARTESIAN_POINT('Ctrl Pts',(7.31708239792598,5.,-0.302865430712699));
#10851=CARTESIAN_POINT('Ctrl Pts',(7.31708239792598,3.,-0.302865430712699));
#10852=CARTESIAN_POINT('Ctrl Pts',(7.23608768885574,5.,-0.301653948282639));
#10853=CARTESIAN_POINT('Ctrl Pts',(7.23608768885574,3.,-0.301653948282639));
#10854=CARTESIAN_POINT('Ctrl Pts',(7.09337780197074,5.,-0.299519357979868));
#10855=CARTESIAN_POINT('Ctrl Pts',(7.09337780197074,3.,-0.299519357979868));
#10856=CARTESIAN_POINT('Ctrl Pts',(6.96382772138923,5.,-0.240902115329675));
#10857=CARTESIAN_POINT('Ctrl Pts',(6.96382772138923,3.,-0.240902115329675));
#10858=CARTESIAN_POINT('Ctrl Pts',(6.90780352829707,5.,-0.215552970767021));
#10859=CARTESIAN_POINT('Ctrl Pts',(6.90780352829707,3.,-0.215552970767021));
#10860=CARTESIAN_POINT('',(7.31708239792598,5.,-0.302865430712699));
#10861=CARTESIAN_POINT('',(6.90780352829707,5.,-0.215552970767021));
#10862=CARTESIAN_POINT('Ctrl Pts',(7.31708239792598,5.,-0.302865430712699));
#10863=CARTESIAN_POINT('Ctrl Pts',(7.23608768885574,5.,-0.301653948282639));
#10864=CARTESIAN_POINT('Ctrl Pts',(7.09337780197074,5.,-0.299519357979868));
#10865=CARTESIAN_POINT('Ctrl Pts',(6.96382772138923,5.,-0.240902115329675));
#10866=CARTESIAN_POINT('Ctrl Pts',(6.90780352829707,5.,-0.215552970767021));
#10867=CARTESIAN_POINT('',(7.31708239792598,3.,-0.302865430712699));
#10868=CARTESIAN_POINT('',(7.31708239792598,5.,-0.302865430712699));
#10869=CARTESIAN_POINT('',(6.90780352829707,3.,-0.215552970767021));
#10870=CARTESIAN_POINT('Ctrl Pts',(7.31708239792598,3.,-0.302865430712699));
#10871=CARTESIAN_POINT('Ctrl Pts',(7.23608768885574,3.,-0.301653948282639));
#10872=CARTESIAN_POINT('Ctrl Pts',(7.09337780197074,3.,-0.299519357979868));
#10873=CARTESIAN_POINT('Ctrl Pts',(6.96382772138923,3.,-0.240902115329675));
#10874=CARTESIAN_POINT('Ctrl Pts',(6.90780352829707,3.,-0.215552970767021));
#10875=CARTESIAN_POINT('',(6.90780352829707,5.,-0.215552970767021));
#10876=CARTESIAN_POINT('Ctrl Pts',(7.61449050186885,5.,-0.221010074019432));
#10877=CARTESIAN_POINT('Ctrl Pts',(7.61449050186885,3.,-0.221010074019432));
#10878=CARTESIAN_POINT('Ctrl Pts',(7.57661283835602,5.,-0.244734559065158));
#10879=CARTESIAN_POINT('Ctrl Pts',(7.57661283835602,3.,-0.244734559065158));
#10880=CARTESIAN_POINT('Ctrl Pts',(7.48645923768483,5.,-0.301201815822362));
#10881=CARTESIAN_POINT('Ctrl Pts',(7.48645923768483,3.,-0.301201815822362));
#10882=CARTESIAN_POINT('Ctrl Pts',(7.37924880783114,5.,-0.302254833860471));
#10883=CARTESIAN_POINT('Ctrl Pts',(7.37924880783114,3.,-0.302254833860471));
#10884=CARTESIAN_POINT('Ctrl Pts',(7.31708239792598,5.,-0.302865430712699));
#10885=CARTESIAN_POINT('Ctrl Pts',(7.31708239792598,3.,-0.302865430712699));
#10886=CARTESIAN_POINT('',(7.61449050186885,5.,-0.221010074019432));
#10887=CARTESIAN_POINT('Ctrl Pts',(7.61449050186885,5.,-0.221010074019432));
#10888=CARTESIAN_POINT('Ctrl Pts',(7.57661283835602,5.,-0.244734559065158));
#10889=CARTESIAN_POINT('Ctrl Pts',(7.48645923768483,5.,-0.301201815822362));
#10890=CARTESIAN_POINT('Ctrl Pts',(7.37924880783114,5.,-0.302254833860471));
#10891=CARTESIAN_POINT('Ctrl Pts',(7.31708239792598,5.,-0.302865430712699));
#10892=CARTESIAN_POINT('',(7.61449050186885,3.,-0.221010074019432));
#10893=CARTESIAN_POINT('',(7.61449050186885,5.,-0.221010074019432));
#10894=CARTESIAN_POINT('Ctrl Pts',(7.61449050186885,3.,-0.221010074019432));
#10895=CARTESIAN_POINT('Ctrl Pts',(7.57661283835602,3.,-0.244734559065158));
#10896=CARTESIAN_POINT('Ctrl Pts',(7.48645923768483,3.,-0.301201815822362));
#10897=CARTESIAN_POINT('Ctrl Pts',(7.37924880783114,3.,-0.302254833860471));
#10898=CARTESIAN_POINT('Ctrl Pts',(7.31708239792598,3.,-0.302865430712699));
#10899=CARTESIAN_POINT('Ctrl Pts',(7.69907187699092,5.,0.0654835253953939));
#10900=CARTESIAN_POINT('Ctrl Pts',(7.69907187699092,3.,0.0654835253953939));
#10901=CARTESIAN_POINT('Ctrl Pts',(7.69824966836826,5.,0.00545963352146018));
#10902=CARTESIAN_POINT('Ctrl Pts',(7.69824966836826,3.,0.00545963352146018));
#10903=CARTESIAN_POINT('Ctrl Pts',(7.69682121450383,5.,-0.098822124102278));
#10904=CARTESIAN_POINT('Ctrl Pts',(7.69682121450383,3.,-0.098822124102278));
#10905=CARTESIAN_POINT('Ctrl Pts',(7.63902120649923,5.,-0.184603775411296));
#10906=CARTESIAN_POINT('Ctrl Pts',(7.63902120649923,3.,-0.184603775411296));
#10907=CARTESIAN_POINT('Ctrl Pts',(7.61449050186885,5.,-0.221010074019432));
#10908=CARTESIAN_POINT('Ctrl Pts',(7.61449050186885,3.,-0.221010074019432));
#10909=CARTESIAN_POINT('',(7.69907187699092,5.,0.0654835253953939));
#10910=CARTESIAN_POINT('Ctrl Pts',(7.69907187699092,5.,0.0654835253953939));
#10911=CARTESIAN_POINT('Ctrl Pts',(7.69824966836826,5.,0.00545963352146017));
#10912=CARTESIAN_POINT('Ctrl Pts',(7.69682121450383,5.,-0.098822124102278));
#10913=CARTESIAN_POINT('Ctrl Pts',(7.63902120649923,5.,-0.184603775411296));
#10914=CARTESIAN_POINT('Ctrl Pts',(7.61449050186885,5.,-0.221010074019432));
#10915=CARTESIAN_POINT('',(7.69907187699092,3.,0.0654835253953939));
#10916=CARTESIAN_POINT('',(7.69907187699092,5.,0.0654835253953939));
#10917=CARTESIAN_POINT('Ctrl Pts',(7.69907187699092,3.,0.0654835253953939));
#10918=CARTESIAN_POINT('Ctrl Pts',(7.69824966836826,3.,0.00545963352146017));
#10919=CARTESIAN_POINT('Ctrl Pts',(7.69682121450383,3.,-0.098822124102278));
#10920=CARTESIAN_POINT('Ctrl Pts',(7.63902120649923,3.,-0.184603775411296));
#10921=CARTESIAN_POINT('Ctrl Pts',(7.61449050186885,3.,-0.221010074019432));
#10922=CARTESIAN_POINT('Ctrl Pts',(7.30616759537471,5.,0.197816565632821));
#10923=CARTESIAN_POINT('Ctrl Pts',(7.30616759537471,3.,0.197816565632821));
#10924=CARTESIAN_POINT('Ctrl Pts',(7.37011203045758,5.,0.179210998886464));
#10925=CARTESIAN_POINT('Ctrl Pts',(7.37011203045758,3.,0.179210998886464));
#10926=CARTESIAN_POINT('Ctrl Pts',(7.50291616796218,5.,0.14056969661627));
#10927=CARTESIAN_POINT('Ctrl Pts',(7.50291616796218,3.,0.14056969661627));
#10928=CARTESIAN_POINT('Ctrl Pts',(7.63209296913627,5.,0.0911222884386098));
#10929=CARTESIAN_POINT('Ctrl Pts',(7.63209296913627,3.,0.0911222884386098));
#10930=CARTESIAN_POINT('Ctrl Pts',(7.69907187699092,5.,0.0654835253953939));
#10931=CARTESIAN_POINT('Ctrl Pts',(7.69907187699092,3.,0.0654835253953939));
#10932=CARTESIAN_POINT('',(7.30616759537471,5.,0.197816565632821));
#10933=CARTESIAN_POINT('Ctrl Pts',(7.30616759537471,5.,0.197816565632821));
#10934=CARTESIAN_POINT('Ctrl Pts',(7.37011203045758,5.,0.179210998886464));
#10935=CARTESIAN_POINT('Ctrl Pts',(7.50291616796218,5.,0.14056969661627));
#10936=CARTESIAN_POINT('Ctrl Pts',(7.63209296913627,5.,0.0911222884386098));
#10937=CARTESIAN_POINT('Ctrl Pts',(7.69907187699092,5.,0.0654835253953939));
#10938=CARTESIAN_POINT('',(7.30616759537471,3.,0.197816565632821));
#10939=CARTESIAN_POINT('',(7.30616759537471,5.,0.197816565632821));
#10940=CARTESIAN_POINT('Ctrl Pts',(7.30616759537471,3.,0.197816565632821));
#10941=CARTESIAN_POINT('Ctrl Pts',(7.37011203045758,3.,0.179210998886464));
#10942=CARTESIAN_POINT('Ctrl Pts',(7.50291616796218,3.,0.14056969661627));
#10943=CARTESIAN_POINT('Ctrl Pts',(7.63209296913627,3.,0.0911222884386098));
#10944=CARTESIAN_POINT('Ctrl Pts',(7.69907187699092,3.,0.0654835253953939));
#10945=CARTESIAN_POINT('Ctrl Pts',(6.49579715012325,5.,0.373805835843087));
#10946=CARTESIAN_POINT('Ctrl Pts',(6.49579715012325,3.,0.373805835843087));
#10947=CARTESIAN_POINT('Ctrl Pts',(6.66777648740725,5.,0.339625453728169));
#10948=CARTESIAN_POINT('Ctrl Pts',(6.66777648740725,3.,0.339625453728169));
#10949=CARTESIAN_POINT('Ctrl Pts',(6.93895270267493,5.,0.285729986954621));
#10950=CARTESIAN_POINT('Ctrl Pts',(6.93895270267493,3.,0.285729986954621));
#10951=CARTESIAN_POINT('Ctrl Pts',(7.20781657698632,5.,0.221362382234751));
#10952=CARTESIAN_POINT('Ctrl Pts',(7.20781657698632,3.,0.221362382234751));
#10953=CARTESIAN_POINT('Ctrl Pts',(7.30616759537471,5.,0.197816565632821));
#10954=CARTESIAN_POINT('Ctrl Pts',(7.30616759537471,3.,0.197816565632821));
#10955=CARTESIAN_POINT('',(6.49579715012325,5.,0.373805835843087));
#10956=CARTESIAN_POINT('Ctrl Pts',(6.49579715012325,5.,0.373805835843087));
#10957=CARTESIAN_POINT('Ctrl Pts',(6.66777648740725,5.,0.339625453728169));
#10958=CARTESIAN_POINT('Ctrl Pts',(6.93895270267493,5.,0.285729986954621));
#10959=CARTESIAN_POINT('Ctrl Pts',(7.20781657698632,5.,0.221362382234751));
#10960=CARTESIAN_POINT('Ctrl Pts',(7.30616759537471,5.,0.197816565632821));
#10961=CARTESIAN_POINT('',(6.49579715012325,3.,0.373805835843087));
#10962=CARTESIAN_POINT('',(6.49579715012325,5.,0.373805835843087));
#10963=CARTESIAN_POINT('Ctrl Pts',(6.49579715012325,3.,0.373805835843087));
#10964=CARTESIAN_POINT('Ctrl Pts',(6.66777648740725,3.,0.339625453728169));
#10965=CARTESIAN_POINT('Ctrl Pts',(6.93895270267493,3.,0.285729986954621));
#10966=CARTESIAN_POINT('Ctrl Pts',(7.20781657698632,3.,0.221362382234751));
#10967=CARTESIAN_POINT('Ctrl Pts',(7.30616759537471,3.,0.197816565632821));
#10968=CARTESIAN_POINT('Ctrl Pts',(5.7809276509167,5.,0.690313056111336));
#10969=CARTESIAN_POINT('Ctrl Pts',(5.7809276509167,3.,0.690313056111336));
#10970=CARTESIAN_POINT('Ctrl Pts',(5.86979039556854,5.,0.622120374842052));
#10971=CARTESIAN_POINT('Ctrl Pts',(5.86979039556854,3.,0.622120374842052));
#10972=CARTESIAN_POINT('Ctrl Pts',(6.08126752351934,5.,0.459834228509379));
#10973=CARTESIAN_POINT('Ctrl Pts',(6.08126752351934,3.,0.459834228509379));
#10974=CARTESIAN_POINT('Ctrl Pts',(6.34366130466266,5.,0.405378976607781));
#10975=CARTESIAN_POINT('Ctrl Pts',(6.34366130466266,3.,0.405378976607781));
#10976=CARTESIAN_POINT('Ctrl Pts',(6.49579715012325,5.,0.373805835843087));
#10977=CARTESIAN_POINT('Ctrl Pts',(6.49579715012325,3.,0.373805835843087));
#10978=CARTESIAN_POINT('',(5.7809276509167,5.,0.690313056111336));
#10979=CARTESIAN_POINT('Ctrl Pts',(5.7809276509167,5.,0.690313056111336));
#10980=CARTESIAN_POINT('Ctrl Pts',(5.86979039556854,5.,0.622120374842052));
#10981=CARTESIAN_POINT('Ctrl Pts',(6.08126752351934,5.,0.459834228509379));
#10982=CARTESIAN_POINT('Ctrl Pts',(6.34366130466266,5.,0.405378976607781));
#10983=CARTESIAN_POINT('Ctrl Pts',(6.49579715012325,5.,0.373805835843087));
#10984=CARTESIAN_POINT('',(5.7809276509167,3.,0.690313056111336));
#10985=CARTESIAN_POINT('',(5.7809276509167,5.,0.690313056111336));
#10986=CARTESIAN_POINT('Ctrl Pts',(5.7809276509167,3.,0.690313056111336));
#10987=CARTESIAN_POINT('Ctrl Pts',(5.86979039556854,3.,0.622120374842052));
#10988=CARTESIAN_POINT('Ctrl Pts',(6.08126752351934,3.,0.459834228509379));
#10989=CARTESIAN_POINT('Ctrl Pts',(6.34366130466266,3.,0.405378976607781));
#10990=CARTESIAN_POINT('Ctrl Pts',(6.49579715012325,3.,0.373805835843087));
#10991=CARTESIAN_POINT('Ctrl Pts',(5.58720301865352,5.,1.23328693211079));
#10992=CARTESIAN_POINT('Ctrl Pts',(5.58720301865352,3.,1.23328693211079));
#10993=CARTESIAN_POINT('Ctrl Pts',(5.59397682626072,5.,1.12959334888482));
#10994=CARTESIAN_POINT('Ctrl Pts',(5.59397682626072,3.,1.12959334888482));
#10995=CARTESIAN_POINT('Ctrl Pts',(5.6070288108476,5.,0.929793306057598));
#10996=CARTESIAN_POINT('Ctrl Pts',(5.6070288108476,3.,0.929793306057598));
#10997=CARTESIAN_POINT('Ctrl Pts',(5.72444764216176,5.,0.768093026398817));
#10998=CARTESIAN_POINT('Ctrl Pts',(5.72444764216176,3.,0.768093026398817));
#10999=CARTESIAN_POINT('Ctrl Pts',(5.7809276509167,5.,0.690313056111336));
#11000=CARTESIAN_POINT('Ctrl Pts',(5.7809276509167,3.,0.690313056111336));
#11001=CARTESIAN_POINT('',(5.58720301865352,5.,1.23328693211079));
#11002=CARTESIAN_POINT('Ctrl Pts',(5.58720301865352,5.,1.23328693211079));
#11003=CARTESIAN_POINT('Ctrl Pts',(5.59397682626072,5.,1.12959334888482));
#11004=CARTESIAN_POINT('Ctrl Pts',(5.6070288108476,5.,0.929793306057598));
#11005=CARTESIAN_POINT('Ctrl Pts',(5.72444764216176,5.,0.768093026398817));
#11006=CARTESIAN_POINT('Ctrl Pts',(5.7809276509167,5.,0.690313056111336));
#11007=CARTESIAN_POINT('',(5.58720301865352,3.,1.23328693211079));
#11008=CARTESIAN_POINT('',(5.58720301865352,5.,1.23328693211079));
#11009=CARTESIAN_POINT('Ctrl Pts',(5.58720301865352,3.,1.23328693211079));
#11010=CARTESIAN_POINT('Ctrl Pts',(5.59397682626072,3.,1.12959334888482));
#11011=CARTESIAN_POINT('Ctrl Pts',(5.6070288108476,3.,0.929793306057598));
#11012=CARTESIAN_POINT('Ctrl Pts',(5.72444764216176,3.,0.768093026398817));
#11013=CARTESIAN_POINT('Ctrl Pts',(5.7809276509167,3.,0.690313056111336));
#11014=CARTESIAN_POINT('Ctrl Pts',(5.85596274613155,5.,1.82537443935871));
#11015=CARTESIAN_POINT('Ctrl Pts',(5.85596274613155,3.,1.82537443935871));
#11016=CARTESIAN_POINT('Ctrl Pts',(5.777574922175,5.,1.74107791295122));
#11017=CARTESIAN_POINT('Ctrl Pts',(5.777574922175,3.,1.74107791295122));
#11018=CARTESIAN_POINT('Ctrl Pts',(5.62185105147158,5.,1.57361591800794));
#11019=CARTESIAN_POINT('Ctrl Pts',(5.62185105147158,3.,1.57361591800794));
#11020=CARTESIAN_POINT('Ctrl Pts',(5.59870024183552,5.,1.34621796997692));
#11021=CARTESIAN_POINT('Ctrl Pts',(5.59870024183552,3.,1.34621796997692));
#11022=CARTESIAN_POINT('Ctrl Pts',(5.58720301865352,5.,1.23328693211079));
#11023=CARTESIAN_POINT('Ctrl Pts',(5.58720301865352,3.,1.23328693211079));
#11024=CARTESIAN_POINT('',(5.85596274613155,5.,1.82537443935871));
#11025=CARTESIAN_POINT('Ctrl Pts',(5.85596274613155,5.,1.82537443935871));
#11026=CARTESIAN_POINT('Ctrl Pts',(5.777574922175,5.,1.74107791295122));
#11027=CARTESIAN_POINT('Ctrl Pts',(5.62185105147158,5.,1.57361591800794));
#11028=CARTESIAN_POINT('Ctrl Pts',(5.59870024183552,5.,1.34621796997692));
#11029=CARTESIAN_POINT('Ctrl Pts',(5.58720301865352,5.,1.23328693211079));
#11030=CARTESIAN_POINT('',(5.85596274613155,3.,1.82537443935871));
#11031=CARTESIAN_POINT('',(5.85596274613155,5.,1.82537443935871));
#11032=CARTESIAN_POINT('Ctrl Pts',(5.85596274613155,3.,1.82537443935871));
#11033=CARTESIAN_POINT('Ctrl Pts',(5.777574922175,3.,1.74107791295122));
#11034=CARTESIAN_POINT('Ctrl Pts',(5.62185105147158,3.,1.57361591800794));
#11035=CARTESIAN_POINT('Ctrl Pts',(5.59870024183552,3.,1.34621796997692));
#11036=CARTESIAN_POINT('Ctrl Pts',(5.58720301865352,3.,1.23328693211079));
#11037=CARTESIAN_POINT('Ctrl Pts',(6.64313983200801,5.,2.0654834061861));
#11038=CARTESIAN_POINT('Ctrl Pts',(6.64313983200801,3.,2.0654834061861));
#11039=CARTESIAN_POINT('Ctrl Pts',(6.48638095317767,5.,2.06010113034623));
#11040=CARTESIAN_POINT('Ctrl Pts',(6.48638095317767,3.,2.06010113034623));
#11041=CARTESIAN_POINT('Ctrl Pts',(6.20114153033099,5.,2.0503075080288));
#11042=CARTESIAN_POINT('Ctrl Pts',(6.20114153033099,3.,2.0503075080288));
#11043=CARTESIAN_POINT('Ctrl Pts',(5.96315785762958,5.,1.89522729961374));
#11044=CARTESIAN_POINT('Ctrl Pts',(5.96315785762958,3.,1.89522729961374));
#11045=CARTESIAN_POINT('Ctrl Pts',(5.85596274613155,5.,1.82537443935871));
#11046=CARTESIAN_POINT('Ctrl Pts',(5.85596274613155,3.,1.82537443935871));
#11047=CARTESIAN_POINT('',(6.64313983200801,5.,2.0654834061861));
#11048=CARTESIAN_POINT('Ctrl Pts',(6.64313983200801,5.,2.0654834061861));
#11049=CARTESIAN_POINT('Ctrl Pts',(6.48638095317767,5.,2.06010113034623));
#11050=CARTESIAN_POINT('Ctrl Pts',(6.20114153033099,5.,2.0503075080288));
#11051=CARTESIAN_POINT('Ctrl Pts',(5.96315785762958,5.,1.89522729961374));
#11052=CARTESIAN_POINT('Ctrl Pts',(5.85596274613155,5.,1.82537443935871));
#11053=CARTESIAN_POINT('',(6.64313983200801,3.,2.0654834061861));
#11054=CARTESIAN_POINT('',(6.64313983200801,5.,2.0654834061861));
#11055=CARTESIAN_POINT('Ctrl Pts',(6.64313983200801,3.,2.0654834061861));
#11056=CARTESIAN_POINT('Ctrl Pts',(6.48638095317767,3.,2.06010113034623));
#11057=CARTESIAN_POINT('Ctrl Pts',(6.20114153033099,3.,2.0503075080288));
#11058=CARTESIAN_POINT('Ctrl Pts',(5.96315785762958,3.,1.89522729961374));
#11059=CARTESIAN_POINT('Ctrl Pts',(5.85596274613155,3.,1.82537443935871));
#11060=CARTESIAN_POINT('Ctrl Pts',(7.32799720047725,5.,1.94542892277241));
#11061=CARTESIAN_POINT('Ctrl Pts',(7.32799720047725,3.,1.94542892277241));
#11062=CARTESIAN_POINT('Ctrl Pts',(7.22271033079309,5.,1.98041901158968));
#11063=CARTESIAN_POINT('Ctrl Pts',(7.22271033079309,3.,1.98041901158968));
#11064=CARTESIAN_POINT('Ctrl Pts',(7.00053008636463,5.,2.05425639045104));
#11065=CARTESIAN_POINT('Ctrl Pts',(7.00053008636463,3.,2.05425639045104));
#11066=CARTESIAN_POINT('Ctrl Pts',(6.7663477448925,5.,2.06161296719182));
#11067=CARTESIAN_POINT('Ctrl Pts',(6.7663477448925,3.,2.06161296719182));
#11068=CARTESIAN_POINT('Ctrl Pts',(6.64313983200801,5.,2.0654834061861));
#11069=CARTESIAN_POINT('Ctrl Pts',(6.64313983200801,3.,2.0654834061861));
#11070=CARTESIAN_POINT('',(7.32799720047725,5.,1.94542892277241));
#11071=CARTESIAN_POINT('Ctrl Pts',(7.32799720047725,5.,1.94542892277241));
#11072=CARTESIAN_POINT('Ctrl Pts',(7.22271033079309,5.,1.98041901158968));
#11073=CARTESIAN_POINT('Ctrl Pts',(7.00053008636463,5.,2.05425639045104));
#11074=CARTESIAN_POINT('Ctrl Pts',(6.7663477448925,5.,2.06161296719182));
#11075=CARTESIAN_POINT('Ctrl Pts',(6.64313983200801,5.,2.0654834061861));
#11076=CARTESIAN_POINT('',(7.32799720047725,3.,1.94542892277241));
#11077=CARTESIAN_POINT('',(7.32799720047725,5.,1.94542892277241));
#11078=CARTESIAN_POINT('Ctrl Pts',(7.32799720047725,3.,1.94542892277241));
#11079=CARTESIAN_POINT('Ctrl Pts',(7.22271033079309,3.,1.98041901158968));
#11080=CARTESIAN_POINT('Ctrl Pts',(7.00053008636463,3.,2.05425639045104));
#11081=CARTESIAN_POINT('Ctrl Pts',(6.7663477448925,3.,2.06161296719182));
#11082=CARTESIAN_POINT('Ctrl Pts',(6.64313983200801,3.,2.0654834061861));
#11083=CARTESIAN_POINT('Ctrl Pts',(7.76182841538203,5.,1.64529271423817));
#11084=CARTESIAN_POINT('Ctrl Pts',(7.76182841538203,3.,1.64529271423817));
#11085=CARTESIAN_POINT('Ctrl Pts',(7.69190255791466,5.,1.70913871716642));
#11086=CARTESIAN_POINT('Ctrl Pts',(7.69190255791466,3.,1.70913871716642));
#11087=CARTESIAN_POINT('Ctrl Pts',(7.56074742727724,5.,1.82889028200978));
#11088=CARTESIAN_POINT('Ctrl Pts',(7.56074742727724,3.,1.82889028200978));
#11089=CARTESIAN_POINT('Ctrl Pts',(7.40207351298016,5.,1.90833872144163));
#11090=CARTESIAN_POINT('Ctrl Pts',(7.40207351298016,3.,1.90833872144163));
#11091=CARTESIAN_POINT('Ctrl Pts',(7.32799720047725,5.,1.94542892277241));
#11092=CARTESIAN_POINT('Ctrl Pts',(7.32799720047725,3.,1.94542892277241));
#11093=CARTESIAN_POINT('',(7.76182841538203,5.,1.64529271423817));
#11094=CARTESIAN_POINT('Ctrl Pts',(7.76182841538203,5.,1.64529271423817));
#11095=CARTESIAN_POINT('Ctrl Pts',(7.69190255791466,5.,1.70913871716642));
#11096=CARTESIAN_POINT('Ctrl Pts',(7.56074742727724,5.,1.82889028200978));
#11097=CARTESIAN_POINT('Ctrl Pts',(7.40207351298016,5.,1.90833872144163));
#11098=CARTESIAN_POINT('Ctrl Pts',(7.32799720047725,5.,1.94542892277241));
#11099=CARTESIAN_POINT('',(7.76182841538203,3.,1.64529271423817));
#11100=CARTESIAN_POINT('',(7.76182841538203,5.,1.64529271423817));
#11101=CARTESIAN_POINT('Ctrl Pts',(7.76182841538203,3.,1.64529271423817));
#11102=CARTESIAN_POINT('Ctrl Pts',(7.69190255791466,3.,1.70913871716642));
#11103=CARTESIAN_POINT('Ctrl Pts',(7.56074742727724,3.,1.82889028200978));
#11104=CARTESIAN_POINT('Ctrl Pts',(7.40207351298016,3.,1.90833872144163));
#11105=CARTESIAN_POINT('Ctrl Pts',(7.32799720047725,3.,1.94542892277241));
#11106=CARTESIAN_POINT('Ctrl Pts',(7.80002784012569,5.,1.82946749031544));
#11107=CARTESIAN_POINT('Ctrl Pts',(7.80002784012569,3.,1.82946749031544));
#11108=CARTESIAN_POINT('Ctrl Pts',(7.79327190709128,5.,1.80442573097783));
#11109=CARTESIAN_POINT('Ctrl Pts',(7.79327190709128,3.,1.80442573097783));
#11110=CARTESIAN_POINT('Ctrl Pts',(7.77691844831884,5.,1.74380947311514));
#11111=CARTESIAN_POINT('Ctrl Pts',(7.77691844831884,3.,1.74380947311514));
#11112=CARTESIAN_POINT('Ctrl Pts',(7.76740920479063,5.,1.68172744481911));
#11113=CARTESIAN_POINT('Ctrl Pts',(7.76740920479063,3.,1.68172744481911));
#11114=CARTESIAN_POINT('Ctrl Pts',(7.76182841538203,5.,1.64529271423817));
#11115=CARTESIAN_POINT('Ctrl Pts',(7.76182841538203,3.,1.64529271423817));
#11116=CARTESIAN_POINT('',(7.80002784012569,5.,1.82946749031544));
#11117=CARTESIAN_POINT('Ctrl Pts',(7.80002784012569,5.,1.82946749031544));
#11118=CARTESIAN_POINT('Ctrl Pts',(7.79327190709128,5.,1.80442573097783));
#11119=CARTESIAN_POINT('Ctrl Pts',(7.77691844831884,5.,1.74380947311514));
#11120=CARTESIAN_POINT('Ctrl Pts',(7.76740920479063,5.,1.68172744481911));
#11121=CARTESIAN_POINT('Ctrl Pts',(7.76182841538203,5.,1.64529271423817));
#11122=CARTESIAN_POINT('',(7.80002784012569,3.,1.82946749031544));
#11123=CARTESIAN_POINT('',(7.80002784012569,5.,1.82946749031544));
#11124=CARTESIAN_POINT('Ctrl Pts',(7.80002784012569,3.,1.82946749031544));
#11125=CARTESIAN_POINT('Ctrl Pts',(7.79327190709128,3.,1.80442573097783));
#11126=CARTESIAN_POINT('Ctrl Pts',(7.77691844831884,3.,1.74380947311514));
#11127=CARTESIAN_POINT('Ctrl Pts',(7.76740920479063,3.,1.68172744481911));
#11128=CARTESIAN_POINT('Ctrl Pts',(7.76182841538203,3.,1.64529271423817));
#11129=CARTESIAN_POINT('Ctrl Pts',(7.88188170670284,5.,1.99999935925007));
#11130=CARTESIAN_POINT('Ctrl Pts',(7.88188170670284,3.,1.99999935925007));
#11131=CARTESIAN_POINT('Ctrl Pts',(7.86372133840361,5.,1.96755730441225));
#11132=CARTESIAN_POINT('Ctrl Pts',(7.86372133840361,3.,1.96755730441225));
#11133=CARTESIAN_POINT('Ctrl Pts',(7.83284657322207,5.,1.91240198990428));
#11134=CARTESIAN_POINT('Ctrl Pts',(7.83284657322207,3.,1.91240198990428));
#11135=CARTESIAN_POINT('Ctrl Pts',(7.80960064166637,5.,1.85365841514818));
#11136=CARTESIAN_POINT('Ctrl Pts',(7.80960064166637,3.,1.85365841514818));
#11137=CARTESIAN_POINT('Ctrl Pts',(7.80002784012569,5.,1.82946749031544));
#11138=CARTESIAN_POINT('Ctrl Pts',(7.80002784012569,3.,1.82946749031544));
#11139=CARTESIAN_POINT('',(7.88188170670284,5.,1.99999935925007));
#11140=CARTESIAN_POINT('Ctrl Pts',(7.88188170670284,5.,1.99999935925007));
#11141=CARTESIAN_POINT('Ctrl Pts',(7.86372133840361,5.,1.96755730441225));
#11142=CARTESIAN_POINT('Ctrl Pts',(7.83284657322207,5.,1.91240198990428));
#11143=CARTESIAN_POINT('Ctrl Pts',(7.80960064166637,5.,1.85365841514818));
#11144=CARTESIAN_POINT('Ctrl Pts',(7.80002784012569,5.,1.82946749031544));
#11145=CARTESIAN_POINT('',(7.88188170670284,3.,1.99999935925007));
#11146=CARTESIAN_POINT('',(7.88188170670284,5.,1.99999935925007));
#11147=CARTESIAN_POINT('Ctrl Pts',(7.88188170670284,3.,1.99999935925007));
#11148=CARTESIAN_POINT('Ctrl Pts',(7.86372133840361,3.,1.96755730441225));
#11149=CARTESIAN_POINT('Ctrl Pts',(7.83284657322207,3.,1.91240198990428));
#11150=CARTESIAN_POINT('Ctrl Pts',(7.80960064166637,3.,1.85365841514818));
#11151=CARTESIAN_POINT('Ctrl Pts',(7.80002784012569,3.,1.82946749031544));
#11152=CARTESIAN_POINT('Origin',(8.92417620896114,5.,1.99999935925007));
#11153=CARTESIAN_POINT('',(8.92417620896114,5.,1.99999935925007));
#11154=CARTESIAN_POINT('',(4.46208810448057,5.,1.99999935925007));
#11155=CARTESIAN_POINT('',(8.92417620896114,3.,1.99999935925007));
#11156=CARTESIAN_POINT('',(8.92417620896114,5.,1.99999935925007));
#11157=CARTESIAN_POINT('',(8.92417620896114,3.,1.99999935925007));
#11158=CARTESIAN_POINT('Ctrl Pts',(8.81094168900264,5.,1.70395560562611));
#11159=CARTESIAN_POINT('Ctrl Pts',(8.81094168900264,3.,1.70395560562611));
#11160=CARTESIAN_POINT('Ctrl Pts',(8.8236612360015,5.,1.74834126886865));
#11161=CARTESIAN_POINT('Ctrl Pts',(8.8236612360015,3.,1.74834126886865));
#11162=CARTESIAN_POINT('Ctrl Pts',(8.85285733254035,5.,1.85022289319751));
#11163=CARTESIAN_POINT('Ctrl Pts',(8.85285733254035,3.,1.85022289319751));
#11164=CARTESIAN_POINT('Ctrl Pts',(8.89844770182679,5.,1.94596703192267));
#11165=CARTESIAN_POINT('Ctrl Pts',(8.89844770182679,3.,1.94596703192267));
#11166=CARTESIAN_POINT('Ctrl Pts',(8.92417620896114,5.,1.99999935925007));
#11167=CARTESIAN_POINT('Ctrl Pts',(8.92417620896114,3.,1.99999935925007));
#11168=CARTESIAN_POINT('',(8.81094168900264,5.,1.70395560562611));
#11169=CARTESIAN_POINT('Ctrl Pts',(8.81094168900264,5.,1.70395560562611));
#11170=CARTESIAN_POINT('Ctrl Pts',(8.8236612360015,5.,1.74834126886865));
#11171=CARTESIAN_POINT('Ctrl Pts',(8.85285733254035,5.,1.85022289319751));
#11172=CARTESIAN_POINT('Ctrl Pts',(8.89844770182679,5.,1.94596703192267));
#11173=CARTESIAN_POINT('Ctrl Pts',(8.92417620896114,5.,1.99999935925007));
#11174=CARTESIAN_POINT('',(8.81094168900264,3.,1.70395560562611));
#11175=CARTESIAN_POINT('',(8.81094168900264,5.,1.70395560562611));
#11176=CARTESIAN_POINT('Ctrl Pts',(8.81094168900264,3.,1.70395560562611));
#11177=CARTESIAN_POINT('Ctrl Pts',(8.8236612360015,3.,1.74834126886865));
#11178=CARTESIAN_POINT('Ctrl Pts',(8.85285733254035,3.,1.85022289319751));
#11179=CARTESIAN_POINT('Ctrl Pts',(8.89844770182679,3.,1.94596703192267));
#11180=CARTESIAN_POINT('Ctrl Pts',(8.92417620896114,3.,1.99999935925007));
#11181=CARTESIAN_POINT('Ctrl Pts',(8.78502082108272,5.,1.38335533440113));
#11182=CARTESIAN_POINT('Ctrl Pts',(8.78502082108272,3.,1.38335533440113));
#11183=CARTESIAN_POINT('Ctrl Pts',(8.78538891944242,5.,1.444335986265));
#11184=CARTESIAN_POINT('Ctrl Pts',(8.78538891944242,3.,1.444335986265));
#11185=CARTESIAN_POINT('Ctrl Pts',(8.78603824000915,5.,1.55190503781069));
#11186=CARTESIAN_POINT('Ctrl Pts',(8.78603824000915,3.,1.55190503781069));
#11187=CARTESIAN_POINT('Ctrl Pts',(8.80341554073069,5.,1.65800393369052));
#11188=CARTESIAN_POINT('Ctrl Pts',(8.80341554073069,3.,1.65800393369052));
#11189=CARTESIAN_POINT('Ctrl Pts',(8.81094168900264,5.,1.70395560562611));
#11190=CARTESIAN_POINT('Ctrl Pts',(8.81094168900264,3.,1.70395560562611));
#11191=CARTESIAN_POINT('',(8.78502082108272,5.,1.38335533440113));
#11192=CARTESIAN_POINT('Ctrl Pts',(8.78502082108272,5.,1.38335533440113));
#11193=CARTESIAN_POINT('Ctrl Pts',(8.78538891944242,5.,1.444335986265));
#11194=CARTESIAN_POINT('Ctrl Pts',(8.78603824000915,5.,1.55190503781069));
#11195=CARTESIAN_POINT('Ctrl Pts',(8.80341554073069,5.,1.65800393369052));
#11196=CARTESIAN_POINT('Ctrl Pts',(8.81094168900264,5.,1.70395560562611));
#11197=CARTESIAN_POINT('',(8.78502082108272,3.,1.38335533440113));
#11198=CARTESIAN_POINT('',(8.78502082108272,5.,1.38335533440113));
#11199=CARTESIAN_POINT('Ctrl Pts',(8.78502082108272,3.,1.38335533440113));
#11200=CARTESIAN_POINT('Ctrl Pts',(8.78538891944242,3.,1.444335986265));
#11201=CARTESIAN_POINT('Ctrl Pts',(8.78603824000915,3.,1.55190503781069));
#11202=CARTESIAN_POINT('Ctrl Pts',(8.80341554073069,3.,1.65800393369052));
#11203=CARTESIAN_POINT('Ctrl Pts',(8.81094168900264,3.,1.70395560562611));
#11204=CARTESIAN_POINT('Origin',(8.78502082108272,5.,0.103682950139046));
#11205=CARTESIAN_POINT('',(8.78502082108272,5.,0.103682950139046));
#11206=CARTESIAN_POINT('',(8.78502082108272,5.,0.051841475069522));
#11207=CARTESIAN_POINT('',(8.78502082108272,3.,0.103682950139046));
#11208=CARTESIAN_POINT('',(8.78502082108272,5.,0.103682950139046));
#11209=CARTESIAN_POINT('',(8.78502082108272,3.,0.103682950139046));
#11210=CARTESIAN_POINT('Ctrl Pts',(8.70316695450557,5.,-0.326057896018028));
#11211=CARTESIAN_POINT('Ctrl Pts',(8.70316695450557,3.,-0.326057896018028));
#11212=CARTESIAN_POINT('Ctrl Pts',(8.72702830639947,5.,-0.253364144735678));
#11213=CARTESIAN_POINT('Ctrl Pts',(8.72702830639947,3.,-0.253364144735678));
#11214=CARTESIAN_POINT('Ctrl Pts',(8.77290804395593,5.,-0.113591249819293));
#11215=CARTESIAN_POINT('Ctrl Pts',(8.77290804395593,3.,-0.113591249819293));
#11216=CARTESIAN_POINT('Ctrl Pts',(8.78109282152135,5.,0.0332240493270874));
#11217=CARTESIAN_POINT('Ctrl Pts',(8.78109282152135,3.,0.0332240493270874));
#11218=CARTESIAN_POINT('Ctrl Pts',(8.78502082108272,5.,0.103682950139046));
#11219=CARTESIAN_POINT('Ctrl Pts',(8.78502082108272,3.,0.103682950139046));
#11220=CARTESIAN_POINT('',(8.70316695450557,5.,-0.326057896018028));
#11221=CARTESIAN_POINT('Ctrl Pts',(8.70316695450557,5.,-0.326057896018028));
#11222=CARTESIAN_POINT('Ctrl Pts',(8.72702830639947,5.,-0.253364144735678));
#11223=CARTESIAN_POINT('Ctrl Pts',(8.77290804395593,5.,-0.113591249819293));
#11224=CARTESIAN_POINT('Ctrl Pts',(8.78109282152135,5.,0.0332240493270874));
#11225=CARTESIAN_POINT('Ctrl Pts',(8.78502082108272,5.,0.103682950139046));
#11226=CARTESIAN_POINT('',(8.70316695450557,3.,-0.326057896018028));
#11227=CARTESIAN_POINT('',(8.70316695450557,5.,-0.326057896018028));
#11228=CARTESIAN_POINT('Ctrl Pts',(8.70316695450557,3.,-0.326057896018028));
#11229=CARTESIAN_POINT('Ctrl Pts',(8.72702830639947,3.,-0.253364144735678));
#11230=CARTESIAN_POINT('Ctrl Pts',(8.77290804395593,3.,-0.113591249819293));
#11231=CARTESIAN_POINT('Ctrl Pts',(8.78109282152135,3.,0.0332240493270874));
#11232=CARTESIAN_POINT('Ctrl Pts',(8.78502082108272,3.,0.103682950139046));
#11233=CARTESIAN_POINT('Ctrl Pts',(8.47943019150508,5.,-0.673943385481834));
#11234=CARTESIAN_POINT('Ctrl Pts',(8.47943019150508,3.,-0.673943385481834));
#11235=CARTESIAN_POINT('Ctrl Pts',(8.52496996458287,5.,-0.62661537104075));
#11236=CARTESIAN_POINT('Ctrl Pts',(8.52496996458287,3.,-0.62661537104075));
#11237=CARTESIAN_POINT('Ctrl Pts',(8.62224874158226,5.,-0.525516681884471));
#11238=CARTESIAN_POINT('Ctrl Pts',(8.62224874158226,3.,-0.525516681884471));
#11239=CARTESIAN_POINT('Ctrl Pts',(8.67507213447877,5.,-0.395310027141992));
#11240=CARTESIAN_POINT('Ctrl Pts',(8.67507213447877,3.,-0.395310027141992));
#11241=CARTESIAN_POINT('Ctrl Pts',(8.70316695450557,5.,-0.326057896018028));
#11242=CARTESIAN_POINT('Ctrl Pts',(8.70316695450557,3.,-0.326057896018028));
#11243=CARTESIAN_POINT('',(8.47943019150508,5.,-0.673943385481834));
#11244=CARTESIAN_POINT('Ctrl Pts',(8.47943019150508,5.,-0.673943385481834));
#11245=CARTESIAN_POINT('Ctrl Pts',(8.52496996458287,5.,-0.62661537104075));
#11246=CARTESIAN_POINT('Ctrl Pts',(8.62224874158226,5.,-0.525516681884471));
#11247=CARTESIAN_POINT('Ctrl Pts',(8.67507213447877,5.,-0.395310027141992));
#11248=CARTESIAN_POINT('Ctrl Pts',(8.70316695450557,5.,-0.326057896018028));
#11249=CARTESIAN_POINT('',(8.47943019150508,3.,-0.673943385481834));
#11250=CARTESIAN_POINT('',(8.47943019150508,5.,-0.673943385481834));
#11251=CARTESIAN_POINT('Ctrl Pts',(8.47943019150508,3.,-0.673943385481834));
#11252=CARTESIAN_POINT('Ctrl Pts',(8.52496996458287,3.,-0.62661537104075));
#11253=CARTESIAN_POINT('Ctrl Pts',(8.62224874158226,3.,-0.525516681884471));
#11254=CARTESIAN_POINT('Ctrl Pts',(8.67507213447877,3.,-0.395310027141992));
#11255=CARTESIAN_POINT('Ctrl Pts',(8.70316695450557,3.,-0.326057896018028));
#11256=CARTESIAN_POINT('Ctrl Pts',(7.97465514420284,5.,-0.907231196761131));
#11257=CARTESIAN_POINT('Ctrl Pts',(7.97465514420284,3.,-0.907231196761131));
#11258=CARTESIAN_POINT('Ctrl Pts',(8.07009363443391,5.,-0.884654727112922));
#11259=CARTESIAN_POINT('Ctrl Pts',(8.07009363443391,3.,-0.884654727112922));
#11260=CARTESIAN_POINT('Ctrl Pts',(8.25435168141731,5.,-0.841067530845598));
#11261=CARTESIAN_POINT('Ctrl Pts',(8.25435168141731,3.,-0.841067530845598));
#11262=CARTESIAN_POINT('Ctrl Pts',(8.40622252735765,5.,-0.728301166239959));
#11263=CARTESIAN_POINT('Ctrl Pts',(8.40622252735765,3.,-0.728301166239959));
#11264=CARTESIAN_POINT('Ctrl Pts',(8.47943019150508,5.,-0.673943385481834));
#11265=CARTESIAN_POINT('Ctrl Pts',(8.47943019150508,3.,-0.673943385481834));
#11266=CARTESIAN_POINT('',(7.97465514420284,5.,-0.907231196761131));
#11267=CARTESIAN_POINT('Ctrl Pts',(7.97465514420284,5.,-0.907231196761131));
#11268=CARTESIAN_POINT('Ctrl Pts',(8.07009363443391,5.,-0.884654727112922));
#11269=CARTESIAN_POINT('Ctrl Pts',(8.25435168141731,5.,-0.841067530845598));
#11270=CARTESIAN_POINT('Ctrl Pts',(8.40622252735765,5.,-0.728301166239959));
#11271=CARTESIAN_POINT('Ctrl Pts',(8.47943019150508,5.,-0.673943385481834));
#11272=CARTESIAN_POINT('',(7.97465514420284,3.,-0.907231196761131));
#11273=CARTESIAN_POINT('',(7.97465514420284,5.,-0.907231196761131));
#11274=CARTESIAN_POINT('Ctrl Pts',(7.97465514420284,3.,-0.907231196761131));
#11275=CARTESIAN_POINT('Ctrl Pts',(8.07009363443391,3.,-0.884654727112922));
#11276=CARTESIAN_POINT('Ctrl Pts',(8.25435168141731,3.,-0.841067530845598));
#11277=CARTESIAN_POINT('Ctrl Pts',(8.40622252735765,3.,-0.728301166239959));
#11278=CARTESIAN_POINT('Ctrl Pts',(8.47943019150508,3.,-0.673943385481834));
#11279=CARTESIAN_POINT('Ctrl Pts',(7.17247199295772,5.,-0.963165685534477));
#11280=CARTESIAN_POINT('Ctrl Pts',(7.17247199295772,3.,-0.963165685534477));
#11281=CARTESIAN_POINT('Ctrl Pts',(7.3228155868753,5.,-0.962172119485172));
#11282=CARTESIAN_POINT('Ctrl Pts',(7.3228155868753,3.,-0.962172119485172));
#11283=CARTESIAN_POINT('Ctrl Pts',(7.59147481240702,5.,-0.960396648523189));
#11284=CARTESIAN_POINT('Ctrl Pts',(7.59147481240702,3.,-0.960396648523189));
#11285=CARTESIAN_POINT('Ctrl Pts',(7.85749966978025,5.,-0.923486268348141));
#11286=CARTESIAN_POINT('Ctrl Pts',(7.85749966978025,3.,-0.923486268348141));
#11287=CARTESIAN_POINT('Ctrl Pts',(7.97465514420284,5.,-0.907231196761131));
#11288=CARTESIAN_POINT('Ctrl Pts',(7.97465514420284,3.,-0.907231196761131));
#11289=CARTESIAN_POINT('',(7.17247199295772,5.,-0.963165685534477));
#11290=CARTESIAN_POINT('Ctrl Pts',(7.17247199295772,5.,-0.963165685534477));
#11291=CARTESIAN_POINT('Ctrl Pts',(7.3228155868753,5.,-0.962172119485172));
#11292=CARTESIAN_POINT('Ctrl Pts',(7.59147481240702,5.,-0.960396648523189));
#11293=CARTESIAN_POINT('Ctrl Pts',(7.85749966978025,5.,-0.923486268348141));
#11294=CARTESIAN_POINT('Ctrl Pts',(7.97465514420284,5.,-0.907231196761131));
#11295=CARTESIAN_POINT('',(7.17247199295772,3.,-0.963165685534477));
#11296=CARTESIAN_POINT('',(7.17247199295772,5.,-0.963165685534477));
#11297=CARTESIAN_POINT('Ctrl Pts',(7.17247199295772,3.,-0.963165685534477));
#11298=CARTESIAN_POINT('Ctrl Pts',(7.3228155868753,3.,-0.962172119485172));
#11299=CARTESIAN_POINT('Ctrl Pts',(7.59147481240702,3.,-0.960396648523189));
#11300=CARTESIAN_POINT('Ctrl Pts',(7.85749966978025,3.,-0.923486268348141));
#11301=CARTESIAN_POINT('Ctrl Pts',(7.97465514420284,3.,-0.907231196761131));
#11302=CARTESIAN_POINT('Ctrl Pts',(6.59402560471309,5.,-0.916781052947044));
#11303=CARTESIAN_POINT('Ctrl Pts',(6.59402560471309,3.,-0.916781052947044));
#11304=CARTESIAN_POINT('Ctrl Pts',(6.68663838417973,5.,-0.93030556100905));
#11305=CARTESIAN_POINT('Ctrl Pts',(6.68663838417973,3.,-0.93030556100905));
#11306=CARTESIAN_POINT('Ctrl Pts',(6.87842924380065,5.,-0.95831332669863));
#11307=CARTESIAN_POINT('Ctrl Pts',(6.87842924380065,3.,-0.95831332669863));
#11308=CARTESIAN_POINT('Ctrl Pts',(7.07224619096244,5.,-0.961511737061726));
#11309=CARTESIAN_POINT('Ctrl Pts',(7.07224619096244,3.,-0.961511737061726));
#11310=CARTESIAN_POINT('Ctrl Pts',(7.17247199295772,5.,-0.963165685534477));
#11311=CARTESIAN_POINT('Ctrl Pts',(7.17247199295772,3.,-0.963165685534477));
#11312=CARTESIAN_POINT('',(6.59402560471309,5.,-0.916781052947044));
#11313=CARTESIAN_POINT('Ctrl Pts',(6.59402560471309,5.,-0.916781052947044));
#11314=CARTESIAN_POINT('Ctrl Pts',(6.68663838417973,5.,-0.93030556100905));
#11315=CARTESIAN_POINT('Ctrl Pts',(6.87842924380065,5.,-0.95831332669863));
#11316=CARTESIAN_POINT('Ctrl Pts',(7.07224619096244,5.,-0.961511737061726));
#11317=CARTESIAN_POINT('Ctrl Pts',(7.17247199295772,5.,-0.963165685534477));
#11318=CARTESIAN_POINT('',(6.59402560471309,3.,-0.916781052947044));
#11319=CARTESIAN_POINT('',(6.59402560471309,5.,-0.916781052947044));
#11320=CARTESIAN_POINT('Ctrl Pts',(6.59402560471309,3.,-0.916781052947044));
#11321=CARTESIAN_POINT('Ctrl Pts',(6.68663838417973,3.,-0.93030556100905));
#11322=CARTESIAN_POINT('Ctrl Pts',(6.87842924380065,3.,-0.95831332669863));
#11323=CARTESIAN_POINT('Ctrl Pts',(7.07224619096244,3.,-0.961511737061726));
#11324=CARTESIAN_POINT('Ctrl Pts',(7.17247199295772,3.,-0.963165685534477));
#11325=CARTESIAN_POINT('Ctrl Pts',(6.1738367009045,5.,-0.785812363028526));
#11326=CARTESIAN_POINT('Ctrl Pts',(6.1738367009045,3.,-0.785812363028526));
#11327=CARTESIAN_POINT('Ctrl Pts',(6.23359710323032,5.,-0.813065332124377));
#11328=CARTESIAN_POINT('Ctrl Pts',(6.23359710323032,3.,-0.813065332124377));
#11329=CARTESIAN_POINT('Ctrl Pts',(6.36799010087366,5.,-0.874353544200051));
#11330=CARTESIAN_POINT('Ctrl Pts',(6.36799010087366,3.,-0.874353544200051));
#11331=CARTESIAN_POINT('Ctrl Pts',(6.51331962011819,5.,-0.901632309456874));
#11332=CARTESIAN_POINT('Ctrl Pts',(6.51331962011819,3.,-0.901632309456874));
#11333=CARTESIAN_POINT('Ctrl Pts',(6.59402560471309,5.,-0.916781052947044));
#11334=CARTESIAN_POINT('Ctrl Pts',(6.59402560471309,3.,-0.916781052947044));
#11335=CARTESIAN_POINT('',(6.1738367009045,5.,-0.785812363028526));
#11336=CARTESIAN_POINT('Ctrl Pts',(6.1738367009045,5.,-0.785812363028526));
#11337=CARTESIAN_POINT('Ctrl Pts',(6.23359710323032,5.,-0.813065332124377));
#11338=CARTESIAN_POINT('Ctrl Pts',(6.36799010087366,5.,-0.874353544200051));
#11339=CARTESIAN_POINT('Ctrl Pts',(6.51331962011819,5.,-0.901632309456874));
#11340=CARTESIAN_POINT('Ctrl Pts',(6.59402560471309,5.,-0.916781052947044));
#11341=CARTESIAN_POINT('',(6.1738367009045,3.,-0.785812363028526));
#11342=CARTESIAN_POINT('',(6.1738367009045,5.,-0.785812363028526));
#11343=CARTESIAN_POINT('Ctrl Pts',(6.1738367009045,3.,-0.785812363028526));
#11344=CARTESIAN_POINT('Ctrl Pts',(6.23359710323032,3.,-0.813065332124377));
#11345=CARTESIAN_POINT('Ctrl Pts',(6.36799010087366,3.,-0.874353544200051));
#11346=CARTESIAN_POINT('Ctrl Pts',(6.51331962011819,3.,-0.901632309456874));
#11347=CARTESIAN_POINT('Ctrl Pts',(6.59402560471309,3.,-0.916781052947044));
#11348=CARTESIAN_POINT('Ctrl Pts',(5.8477754521252,5.,-0.50886832177639));
#11349=CARTESIAN_POINT('Ctrl Pts',(5.8477754521252,3.,-0.50886832177639));
#11350=CARTESIAN_POINT('Ctrl Pts',(5.89147035269836,5.,-0.561280600369364));
#11351=CARTESIAN_POINT('Ctrl Pts',(5.89147035269836,3.,-0.561280600369364));
#11352=CARTESIAN_POINT('Ctrl Pts',(5.9840444055701,5.,-0.672323696610528));
#11353=CARTESIAN_POINT('Ctrl Pts',(5.9840444055701,3.,-0.672323696610528));
#11354=CARTESIAN_POINT('Ctrl Pts',(6.10825397693881,5.,-0.746596356552545));
#11355=CARTESIAN_POINT('Ctrl Pts',(6.10825397693881,3.,-0.746596356552545));
#11356=CARTESIAN_POINT('Ctrl Pts',(6.1738367009045,5.,-0.785812363028526));
#11357=CARTESIAN_POINT('Ctrl Pts',(6.1738367009045,3.,-0.785812363028526));
#11358=CARTESIAN_POINT('',(5.8477754521252,5.,-0.50886832177639));
#11359=CARTESIAN_POINT('Ctrl Pts',(5.8477754521252,5.,-0.50886832177639));
#11360=CARTESIAN_POINT('Ctrl Pts',(5.89147035269836,5.,-0.561280600369364));
#11361=CARTESIAN_POINT('Ctrl Pts',(5.9840444055701,5.,-0.672323696610528));
#11362=CARTESIAN_POINT('Ctrl Pts',(6.10825397693881,5.,-0.746596356552545));
#11363=CARTESIAN_POINT('Ctrl Pts',(6.1738367009045,5.,-0.785812363028526));
#11364=CARTESIAN_POINT('',(5.8477754521252,3.,-0.50886832177639));
#11365=CARTESIAN_POINT('',(5.8477754521252,5.,-0.50886832177639));
#11366=CARTESIAN_POINT('Ctrl Pts',(5.8477754521252,3.,-0.50886832177639));
#11367=CARTESIAN_POINT('Ctrl Pts',(5.89147035269836,3.,-0.561280600369364));
#11368=CARTESIAN_POINT('Ctrl Pts',(5.9840444055701,3.,-0.672323696610528));
#11369=CARTESIAN_POINT('Ctrl Pts',(6.10825397693881,3.,-0.746596356552545));
#11370=CARTESIAN_POINT('Ctrl Pts',(6.1738367009045,3.,-0.785812363028526));
#11371=CARTESIAN_POINT('Ctrl Pts',(5.67451667069209,5.,-0.0709419697523112));
#11372=CARTESIAN_POINT('Ctrl Pts',(5.67451667069209,3.,-0.0709419697523112));
#11373=CARTESIAN_POINT('Ctrl Pts',(5.69460560334643,5.,-0.155591176648255));
#11374=CARTESIAN_POINT('Ctrl Pts',(5.69460560334643,3.,-0.155591176648255));
#11375=CARTESIAN_POINT('Ctrl Pts',(5.73128263680297,5.,-0.31013805312063));
#11376=CARTESIAN_POINT('Ctrl Pts',(5.73128263680297,3.,-0.31013805312063));
#11377=CARTESIAN_POINT('Ctrl Pts',(5.81149666319151,5.,-0.44697872411018));
#11378=CARTESIAN_POINT('Ctrl Pts',(5.81149666319151,3.,-0.44697872411018));
#11379=CARTESIAN_POINT('Ctrl Pts',(5.8477754521252,5.,-0.50886832177639));
#11380=CARTESIAN_POINT('Ctrl Pts',(5.8477754521252,3.,-0.50886832177639));
#11381=CARTESIAN_POINT('',(5.67451667069209,5.,-0.0709419697523111));
#11382=CARTESIAN_POINT('Ctrl Pts',(5.67451667069209,5.,-0.0709419697523112));
#11383=CARTESIAN_POINT('Ctrl Pts',(5.69460560334643,5.,-0.155591176648255));
#11384=CARTESIAN_POINT('Ctrl Pts',(5.73128263680297,5.,-0.31013805312063));
#11385=CARTESIAN_POINT('Ctrl Pts',(5.81149666319151,5.,-0.44697872411018));
#11386=CARTESIAN_POINT('Ctrl Pts',(5.8477754521252,5.,-0.50886832177639));
#11387=CARTESIAN_POINT('',(5.67451667069209,3.,-0.0709419697523111));
#11388=CARTESIAN_POINT('',(5.67451667069209,5.,-0.0709419697523111));
#11389=CARTESIAN_POINT('Ctrl Pts',(5.67451667069209,3.,-0.0709419697523112));
#11390=CARTESIAN_POINT('Ctrl Pts',(5.69460560334643,3.,-0.155591176648255));
#11391=CARTESIAN_POINT('Ctrl Pts',(5.73128263680297,3.,-0.31013805312063));
#11392=CARTESIAN_POINT('Ctrl Pts',(5.81149666319151,3.,-0.44697872411018));
#11393=CARTESIAN_POINT('Ctrl Pts',(5.8477754521252,3.,-0.50886832177639));
#11394=CARTESIAN_POINT('Origin',(6.73590850113643,5.,0.0409270077943807));
#11395=CARTESIAN_POINT('',(6.73590850113643,5.,0.0409270077943807));
#11396=CARTESIAN_POINT('',(3.40282405930123,5.,-0.310374686725723));
#11397=CARTESIAN_POINT('',(6.73590850113643,3.,0.0409270077943807));
#11398=CARTESIAN_POINT('',(6.73590850113643,5.,0.0409270077943807));
#11399=CARTESIAN_POINT('',(6.73590850113643,3.,0.0409270077943807));
#11400=CARTESIAN_POINT('Ctrl Pts',(6.90780352829707,5.,-0.215552970767021));
#11401=CARTESIAN_POINT('Ctrl Pts',(6.90780352829707,3.,-0.215552970767021));
#11402=CARTESIAN_POINT('Ctrl Pts',(6.87304623390619,5.,-0.184698749661602));
#11403=CARTESIAN_POINT('Ctrl Pts',(6.87304623390619,3.,-0.184698749661602));
#11404=CARTESIAN_POINT('Ctrl Pts',(6.79393361867767,5.,-0.114470092187951));
#11405=CARTESIAN_POINT('Ctrl Pts',(6.79393361867767,3.,-0.114470092187951));
#11406=CARTESIAN_POINT('Ctrl Pts',(6.75675377309274,5.,-0.0148987267773937));
#11407=CARTESIAN_POINT('Ctrl Pts',(6.75675377309274,3.,-0.0148987267773937));
#11408=CARTESIAN_POINT('Ctrl Pts',(6.73590850113643,5.,0.0409270077943807));
#11409=CARTESIAN_POINT('Ctrl Pts',(6.73590850113643,3.,0.0409270077943807));
#11410=CARTESIAN_POINT('Ctrl Pts',(6.90780352829707,5.,-0.215552970767021));
#11411=CARTESIAN_POINT('Ctrl Pts',(6.87304623390619,5.,-0.184698749661602));
#11412=CARTESIAN_POINT('Ctrl Pts',(6.79393361867767,5.,-0.114470092187951));
#11413=CARTESIAN_POINT('Ctrl Pts',(6.75675377309274,5.,-0.0148987267773937));
#11414=CARTESIAN_POINT('Ctrl Pts',(6.73590850113643,5.,0.0409270077943807));
#11415=CARTESIAN_POINT('Ctrl Pts',(6.90780352829707,3.,-0.215552970767021));
#11416=CARTESIAN_POINT('Ctrl Pts',(6.87304623390619,3.,-0.184698749661602));
#11417=CARTESIAN_POINT('Ctrl Pts',(6.79393361867767,3.,-0.114470092187951));
#11418=CARTESIAN_POINT('Ctrl Pts',(6.75675377309274,3.,-0.0148987267773937));
#11419=CARTESIAN_POINT('Ctrl Pts',(6.73590850113643,3.,0.0409270077943807));
#11420=CARTESIAN_POINT('Origin',(-3.3213912320255,3.,0.0327413529157641));
#11421=CARTESIAN_POINT('Origin',(3.13153933762325,5.,1.99999935925007));
#11422=CARTESIAN_POINT('',(3.13153933762325,5.,1.99999935925007));
#11423=CARTESIAN_POINT('',(1.99648093460811,5.,1.99999935925007));
#11424=CARTESIAN_POINT('',(1.56576966881162,5.,1.99999935925007));
#11425=CARTESIAN_POINT('',(3.13153933762325,3.,1.99999935925007));
#11426=CARTESIAN_POINT('',(3.13153933762325,5.,1.99999935925007));
#11427=CARTESIAN_POINT('',(1.99648093460811,3.,1.99999935925007));
#11428=CARTESIAN_POINT('',(3.13153933762325,3.,1.99999935925007));
#11429=CARTESIAN_POINT('',(1.99648093460811,5.,1.99999935925007));
#11430=CARTESIAN_POINT('Origin',(3.13153933762325,5.,1.24692983925343));
#11431=CARTESIAN_POINT('',(3.13153933762325,5.,1.24692983925343));
#11432=CARTESIAN_POINT('',(3.13153933762325,5.,0.623464919626712));
#11433=CARTESIAN_POINT('',(3.13153933762325,3.,1.24692983925343));
#11434=CARTESIAN_POINT('',(3.13153933762325,5.,1.24692983925343));
#11435=CARTESIAN_POINT('',(3.13153933762325,3.,1.24692983925343));
#11436=CARTESIAN_POINT('Origin',(3.5498542714001,5.,0.83842046558857));
#11437=CARTESIAN_POINT('',(3.5498542714001,5.,0.83842046558857));
#11438=CARTESIAN_POINT('',(2.85089043029175,5.,1.52100016306088));
#11439=CARTESIAN_POINT('',(3.5498542714001,3.,0.83842046558857));
#11440=CARTESIAN_POINT('',(3.5498542714001,5.,0.83842046558857));
#11441=CARTESIAN_POINT('',(3.5498542714001,3.,0.83842046558857));
#11442=CARTESIAN_POINT('Origin',(4.13678359268916,5.,1.99999935925007));
#11443=CARTESIAN_POINT('',(4.13678359268916,5.,1.99999935925007));
#11444=CARTESIAN_POINT('',(3.3135834224467,5.,0.3708220318811));
#11445=CARTESIAN_POINT('',(4.13678359268916,3.,1.99999935925007));
#11446=CARTESIAN_POINT('',(4.13678359268916,5.,1.99999935925007));
#11447=CARTESIAN_POINT('',(4.13678359268916,3.,1.99999935925007));
#11448=CARTESIAN_POINT('Origin',(5.38802336930049,5.,1.99999935925007));
#11449=CARTESIAN_POINT('',(5.38802336930049,5.,1.99999935925007));
#11450=CARTESIAN_POINT('',(2.69401168465024,5.,1.99999935925007));
#11451=CARTESIAN_POINT('',(5.38802336930049,3.,1.99999935925007));
#11452=CARTESIAN_POINT('',(5.38802336930049,5.,1.99999935925007));
#11453=CARTESIAN_POINT('',(5.38802336930049,3.,1.99999935925007));
#11454=CARTESIAN_POINT('Origin',(4.2884321141125,5.,0.117368176579476));
#11455=CARTESIAN_POINT('',(4.2884321141125,5.,0.117368176579476));
#11456=CARTESIAN_POINT('',(3.71746051821408,5.,-0.860203194405814));
#11457=CARTESIAN_POINT('',(4.2884321141125,3.,0.117368176579476));
#11458=CARTESIAN_POINT('',(4.2884321141125,5.,0.117368176579476));
#11459=CARTESIAN_POINT('',(4.2884321141125,3.,0.117368176579476));
#11460=CARTESIAN_POINT('Origin',(5.3279943394543,5.,-0.897681340575218));
#11461=CARTESIAN_POINT('',(5.3279943394543,5.,-0.897681340575218));
#11462=CARTESIAN_POINT('',(3.73986079176315,5.,0.653004276373831));
#11463=CARTESIAN_POINT('',(5.3279943394543,3.,-0.897681340575218));
#11464=CARTESIAN_POINT('',(5.3279943394543,5.,-0.897681340575218));
#11465=CARTESIAN_POINT('',(5.3279943394543,3.,-0.897681340575218));
#11466=CARTESIAN_POINT('Origin',(3.96100711106075,5.,-0.897681340575218));
#11467=CARTESIAN_POINT('',(3.96100711106075,5.,-0.897681340575218));
#11468=CARTESIAN_POINT('',(1.98050355553037,5.,-0.897681340575218));
#11469=CARTESIAN_POINT('',(3.96100711106075,3.,-0.897681340575218));
#11470=CARTESIAN_POINT('',(3.96100711106075,5.,-0.897681340575218));
#11471=CARTESIAN_POINT('',(3.96100711106075,3.,-0.897681340575218));
#11472=CARTESIAN_POINT('Origin',(3.13153933762325,5.,0.0647164136171345));
#11473=CARTESIAN_POINT('',(3.13153933762325,5.,0.0647164136171344));
#11474=CARTESIAN_POINT('',(2.48017773851059,5.,0.820464810634752));
#11475=CARTESIAN_POINT('',(3.13153933762325,3.,0.0647164136171344));
#11476=CARTESIAN_POINT('',(3.13153933762325,5.,0.0647164136171344));
#11477=CARTESIAN_POINT('',(3.13153933762325,3.,0.0647164136171346));
#11478=CARTESIAN_POINT('Origin',(3.13153933762325,5.,-2.00000070035458));
#11479=CARTESIAN_POINT('',(3.13153933762325,5.,-2.00000070035458));
#11480=CARTESIAN_POINT('',(3.13153933762325,5.,-1.00000035017729));
#11481=CARTESIAN_POINT('',(3.13153933762325,3.,-2.00000070035458));
#11482=CARTESIAN_POINT('',(3.13153933762325,5.,-2.00000070035458));
#11483=CARTESIAN_POINT('',(3.13153933762325,3.,-2.00000070035458));
#11484=CARTESIAN_POINT('Origin',(1.99648093460811,5.,-2.00000070035458));
#11485=CARTESIAN_POINT('',(1.99648093460811,5.,-2.00000070035458));
#11486=CARTESIAN_POINT('',(0.998240467304052,5.,-2.00000070035458));
#11487=CARTESIAN_POINT('',(1.99648093460811,3.,-2.00000070035458));
#11488=CARTESIAN_POINT('',(1.99648093460811,5.,-2.00000070035458));
#11489=CARTESIAN_POINT('',(1.99648093460811,3.,-2.00000070035458));
#11490=CARTESIAN_POINT('Origin',(1.99648093460811,5.,1.99999935925007));
#11491=CARTESIAN_POINT('',(1.99648093460811,5.,0.999999679625033));
#11492=CARTESIAN_POINT('',(1.99648093460811,3.,1.99999935925007));
#11493=CARTESIAN_POINT('Origin',(-3.3213912320255,3.,0.0327413529157641));
#11494=CARTESIAN_POINT('Origin',(10.5612821507336,5.,1.99999935925007));
#11495=CARTESIAN_POINT('',(10.5612821507336,5.,1.99999935925007));
#11496=CARTESIAN_POINT('',(9.45077609299434,5.,1.99999935925007));
#11497=CARTESIAN_POINT('',(5.2806410753668,5.,1.99999935925007));
#11498=CARTESIAN_POINT('',(10.5612821507336,3.,1.99999935925007));
#11499=CARTESIAN_POINT('',(10.5612821507336,5.,1.99999935925007));
#11500=CARTESIAN_POINT('',(9.45077609299434,3.,1.99999935925007));
#11501=CARTESIAN_POINT('',(10.5612821507336,3.,1.99999935925007));
#11502=CARTESIAN_POINT('',(9.45077609299434,5.,1.99999935925007));
#11503=CARTESIAN_POINT('Origin',(10.5612821507336,5.,0.608457401394844));
#11504=CARTESIAN_POINT('',(10.5612821507336,5.,0.608457401394844));
#11505=CARTESIAN_POINT('',(10.5612821507336,5.,0.304228700697421));
#11506=CARTESIAN_POINT('',(10.5612821507336,3.,0.608457401394844));
#11507=CARTESIAN_POINT('',(10.5612821507336,5.,0.608457401394844));
#11508=CARTESIAN_POINT('',(10.5612821507336,3.,0.608457401394844));
#11509=CARTESIAN_POINT('Ctrl Pts',(10.6867952275158,5.,0.0600267201662069));
#11510=CARTESIAN_POINT('Ctrl Pts',(10.6867952275158,3.,0.0600267201662069));
#11511=CARTESIAN_POINT('Ctrl Pts',(10.6504770468526,5.,0.129911143831232));
#11512=CARTESIAN_POINT('Ctrl Pts',(10.6504770468526,3.,0.129911143831232));
#11513=CARTESIAN_POINT('Ctrl Pts',(10.5618005774163,5.,0.300544800199516));
#11514=CARTESIAN_POINT('Ctrl Pts',(10.5618005774163,3.,0.300544800199516));
#11515=CARTESIAN_POINT('Ctrl Pts',(10.5614746134591,5.,0.494146737166061));
#11516=CARTESIAN_POINT('Ctrl Pts',(10.5614746134591,3.,0.494146737166061));
#11517=CARTESIAN_POINT('Ctrl Pts',(10.5612821507336,5.,0.608457401394844));
#11518=CARTESIAN_POINT('Ctrl Pts',(10.5612821507336,3.,0.608457401394844));
#11519=CARTESIAN_POINT('',(10.6867952275158,5.,0.0600267201662069));
#11520=CARTESIAN_POINT('Ctrl Pts',(10.6867952275158,5.,0.0600267201662069));
#11521=CARTESIAN_POINT('Ctrl Pts',(10.6504770468526,5.,0.129911143831232));
#11522=CARTESIAN_POINT('Ctrl Pts',(10.5618005774163,5.,0.300544800199516));
#11523=CARTESIAN_POINT('Ctrl Pts',(10.5614746134591,5.,0.494146737166061));
#11524=CARTESIAN_POINT('Ctrl Pts',(10.5612821507336,5.,0.608457401394844));
#11525=CARTESIAN_POINT('',(10.6867952275158,3.,0.0600267201662069));
#11526=CARTESIAN_POINT('',(10.6867952275158,5.,0.0600267201662069));
#11527=CARTESIAN_POINT('Ctrl Pts',(10.6867952275158,3.,0.0600267201662069));
#11528=CARTESIAN_POINT('Ctrl Pts',(10.6504770468526,3.,0.129911143831232));
#11529=CARTESIAN_POINT('Ctrl Pts',(10.5618005774163,3.,0.300544800199516));
#11530=CARTESIAN_POINT('Ctrl Pts',(10.5614746134591,3.,0.494146737166061));
#11531=CARTESIAN_POINT('Ctrl Pts',(10.5612821507336,3.,0.608457401394844));
#11532=CARTESIAN_POINT('Ctrl Pts',(11.014215462196,5.,-0.0927700847387308));
#11533=CARTESIAN_POINT('Ctrl Pts',(11.014215462196,3.,-0.0927700847387308));
#11534=CARTESIAN_POINT('Ctrl Pts',(10.9502238779256,5.,-0.0865590404623884));
#11535=CARTESIAN_POINT('Ctrl Pts',(10.9502238779256,3.,-0.0865590404623884));
#11536=CARTESIAN_POINT('Ctrl Pts',(10.8230102295583,5.,-0.0742116417915734));
#11537=CARTESIAN_POINT('Ctrl Pts',(10.8230102295583,3.,-0.0742116417915734));
#11538=CARTESIAN_POINT('Ctrl Pts',(10.7320167538706,5.,0.0154614114111668));
#11539=CARTESIAN_POINT('Ctrl Pts',(10.7320167538706,3.,0.0154614114111668));
#11540=CARTESIAN_POINT('Ctrl Pts',(10.6867952275158,5.,0.0600267201662069));
#11541=CARTESIAN_POINT('Ctrl Pts',(10.6867952275158,3.,0.0600267201662069));
#11542=CARTESIAN_POINT('',(11.014215462196,5.,-0.0927700847387308));
#11543=CARTESIAN_POINT('Ctrl Pts',(11.014215462196,5.,-0.0927700847387308));
#11544=CARTESIAN_POINT('Ctrl Pts',(10.9502238779256,5.,-0.0865590404623884));
#11545=CARTESIAN_POINT('Ctrl Pts',(10.8230102295583,5.,-0.0742116417915734));
#11546=CARTESIAN_POINT('Ctrl Pts',(10.7320167538706,5.,0.0154614114111667));
#11547=CARTESIAN_POINT('Ctrl Pts',(10.6867952275158,5.,0.0600267201662069));
#11548=CARTESIAN_POINT('',(11.014215462196,3.,-0.0927700847387308));
#11549=CARTESIAN_POINT('',(11.014215462196,5.,-0.0927700847387308));
#11550=CARTESIAN_POINT('Ctrl Pts',(11.014215462196,3.,-0.0927700847387308));
#11551=CARTESIAN_POINT('Ctrl Pts',(10.9502238779256,3.,-0.0865590404623884));
#11552=CARTESIAN_POINT('Ctrl Pts',(10.8230102295583,3.,-0.0742116417915734));
#11553=CARTESIAN_POINT('Ctrl Pts',(10.7320167538706,3.,0.0154614114111667));
#11554=CARTESIAN_POINT('Ctrl Pts',(10.6867952275158,3.,0.0600267201662069));
#11555=CARTESIAN_POINT('Ctrl Pts',(11.2979812550427,5.,0.0204632431268698));
#11556=CARTESIAN_POINT('Ctrl Pts',(11.2979812550427,3.,0.0204632431268698));
#11557=CARTESIAN_POINT('Ctrl Pts',(11.2594444732545,5.,-0.0125378763171952));
#11558=CARTESIAN_POINT('Ctrl Pts',(11.2594444732545,3.,-0.0125378763171952));
#11559=CARTESIAN_POINT('Ctrl Pts',(11.1780484983707,5.,-0.0822416285445965));
#11560=CARTESIAN_POINT('Ctrl Pts',(11.1780484983707,3.,-0.0822416285445965));
#11561=CARTESIAN_POINT('Ctrl Pts',(11.0707262041397,5.,-0.0891385163753305));
#11562=CARTESIAN_POINT('Ctrl Pts',(11.0707262041397,3.,-0.0891385163753305));
#11563=CARTESIAN_POINT('Ctrl Pts',(11.014215462196,5.,-0.0927700847387308));
#11564=CARTESIAN_POINT('Ctrl Pts',(11.014215462196,3.,-0.0927700847387308));
#11565=CARTESIAN_POINT('',(11.2979812550427,5.,0.0204632431268698));
#11566=CARTESIAN_POINT('Ctrl Pts',(11.2979812550427,5.,0.0204632431268698));
#11567=CARTESIAN_POINT('Ctrl Pts',(11.2594444732545,5.,-0.0125378763171952));
#11568=CARTESIAN_POINT('Ctrl Pts',(11.1780484983707,5.,-0.0822416285445965));
#11569=CARTESIAN_POINT('Ctrl Pts',(11.0707262041397,5.,-0.0891385163753305));
#11570=CARTESIAN_POINT('Ctrl Pts',(11.014215462196,5.,-0.0927700847387308));
#11571=CARTESIAN_POINT('',(11.2979812550427,3.,0.0204632431268698));
#11572=CARTESIAN_POINT('',(11.2979812550427,5.,0.0204632431268698));
#11573=CARTESIAN_POINT('Ctrl Pts',(11.2979812550427,3.,0.0204632431268698));
#11574=CARTESIAN_POINT('Ctrl Pts',(11.2594444732545,3.,-0.0125378763171952));
#11575=CARTESIAN_POINT('Ctrl Pts',(11.1780484983707,3.,-0.0822416285445965));
#11576=CARTESIAN_POINT('Ctrl Pts',(11.0707262041397,3.,-0.0891385163753305));
#11577=CARTESIAN_POINT('Ctrl Pts',(11.014215462196,3.,-0.0927700847387308));
#11578=CARTESIAN_POINT('Ctrl Pts',(11.3989372181774,5.,0.406547859311104));
#11579=CARTESIAN_POINT('Ctrl Pts',(11.3989372181774,3.,0.406547859311104));
#11580=CARTESIAN_POINT('Ctrl Pts',(11.3981015576338,5.,0.326690901135521));
#11581=CARTESIAN_POINT('Ctrl Pts',(11.3981015576338,3.,0.326690901135521));
#11582=CARTESIAN_POINT('Ctrl Pts',(11.3966566210382,5.,0.188610621823796));
#11583=CARTESIAN_POINT('Ctrl Pts',(11.3966566210382,3.,0.188610621823796));
#11584=CARTESIAN_POINT('Ctrl Pts',(11.3272482043471,5.,0.0703354757590546));
#11585=CARTESIAN_POINT('Ctrl Pts',(11.3272482043471,3.,0.0703354757590546));
#11586=CARTESIAN_POINT('Ctrl Pts',(11.2979812550427,5.,0.0204632431268698));
#11587=CARTESIAN_POINT('Ctrl Pts',(11.2979812550427,3.,0.0204632431268698));
#11588=CARTESIAN_POINT('',(11.3989372181774,5.,0.406547859311104));
#11589=CARTESIAN_POINT('Ctrl Pts',(11.3989372181774,5.,0.406547859311104));
#11590=CARTESIAN_POINT('Ctrl Pts',(11.3981015576338,5.,0.326690901135521));
#11591=CARTESIAN_POINT('Ctrl Pts',(11.3966566210382,5.,0.188610621823796));
#11592=CARTESIAN_POINT('Ctrl Pts',(11.3272482043471,5.,0.0703354757590546));
#11593=CARTESIAN_POINT('Ctrl Pts',(11.2979812550427,5.,0.0204632431268698));
#11594=CARTESIAN_POINT('',(11.3989372181774,3.,0.406547859311104));
#11595=CARTESIAN_POINT('',(11.3989372181774,5.,0.406547859311104));
#11596=CARTESIAN_POINT('Ctrl Pts',(11.3989372181774,3.,0.406547859311104));
#11597=CARTESIAN_POINT('Ctrl Pts',(11.3981015576338,3.,0.326690901135521));
#11598=CARTESIAN_POINT('Ctrl Pts',(11.3966566210382,3.,0.188610621823796));
#11599=CARTESIAN_POINT('Ctrl Pts',(11.3272482043471,3.,0.0703354757590546));
#11600=CARTESIAN_POINT('Ctrl Pts',(11.2979812550427,3.,0.0204632431268698));
#11601=CARTESIAN_POINT('Origin',(11.3989372181774,5.,1.99999935925007));
#11602=CARTESIAN_POINT('',(11.3989372181774,5.,1.99999935925007));
#11603=CARTESIAN_POINT('',(11.3989372181774,5.,0.999999679625033));
#11604=CARTESIAN_POINT('',(11.3989372181774,3.,1.99999935925007));
#11605=CARTESIAN_POINT('',(11.3989372181774,5.,1.99999935925007));
#11606=CARTESIAN_POINT('',(11.3989372181774,3.,1.99999935925007));
#11607=CARTESIAN_POINT('Origin',(12.5148982930065,5.,1.99999935925007));
#11608=CARTESIAN_POINT('',(12.5148982930065,5.,1.99999935925007));
#11609=CARTESIAN_POINT('',(6.25744914650327,5.,1.99999935925007));
#11610=CARTESIAN_POINT('',(12.5148982930065,3.,1.99999935925007));
#11611=CARTESIAN_POINT('',(12.5148982930065,5.,1.99999935925007));
#11612=CARTESIAN_POINT('',(12.5148982930065,3.,1.99999935925007));
#11613=CARTESIAN_POINT('Origin',(12.5148982930065,5.,0.158253088593484));
#11614=CARTESIAN_POINT('',(12.5148982930065,5.,0.158253088593484));
#11615=CARTESIAN_POINT('',(12.5148982930065,5.,0.0791265442967407));
#11616=CARTESIAN_POINT('',(12.5148982930065,3.,0.158253088593484));
#11617=CARTESIAN_POINT('',(12.5148982930065,5.,0.158253088593484));
#11618=CARTESIAN_POINT('',(12.5148982930065,3.,0.158253088593484));
#11619=CARTESIAN_POINT('Ctrl Pts',(12.2543258595349,5.,-0.688950046896934));
#11620=CARTESIAN_POINT('Ctrl Pts',(12.2543258595349,3.,-0.688950046896934));
#11621=CARTESIAN_POINT('Ctrl Pts',(12.3300729107399,5.,-0.576164837929192));
#11622=CARTESIAN_POINT('Ctrl Pts',(12.3300729107399,3.,-0.576164837929192));
#11623=CARTESIAN_POINT('Ctrl Pts',(12.5010049639366,5.,-0.321651863069091));
#11624=CARTESIAN_POINT('Ctrl Pts',(12.5010049639366,3.,-0.321651863069091));
#11625=CARTESIAN_POINT('Ctrl Pts',(12.5099289138202,5.,-0.0133997720150825));
#11626=CARTESIAN_POINT('Ctrl Pts',(12.5099289138202,3.,-0.0133997720150825));
#11627=CARTESIAN_POINT('Ctrl Pts',(12.5148982930065,5.,0.158253088593484));
#11628=CARTESIAN_POINT('Ctrl Pts',(12.5148982930065,3.,0.158253088593484));
#11629=CARTESIAN_POINT('',(12.2543258595349,5.,-0.688950046896934));
#11630=CARTESIAN_POINT('Ctrl Pts',(12.2543258595349,5.,-0.688950046896934));
#11631=CARTESIAN_POINT('Ctrl Pts',(12.3300729107399,5.,-0.576164837929192));
#11632=CARTESIAN_POINT('Ctrl Pts',(12.5010049639366,5.,-0.321651863069091));
#11633=CARTESIAN_POINT('Ctrl Pts',(12.5099289138202,5.,-0.0133997720150825));
#11634=CARTESIAN_POINT('Ctrl Pts',(12.5148982930065,5.,0.158253088593484));
#11635=CARTESIAN_POINT('',(12.2543258595349,3.,-0.688950046896934));
#11636=CARTESIAN_POINT('',(12.2543258595349,5.,-0.688950046896934));
#11637=CARTESIAN_POINT('Ctrl Pts',(12.2543258595349,3.,-0.688950046896934));
#11638=CARTESIAN_POINT('Ctrl Pts',(12.3300729107399,3.,-0.576164837929192));
#11639=CARTESIAN_POINT('Ctrl Pts',(12.5010049639366,3.,-0.321651863069091));
#11640=CARTESIAN_POINT('Ctrl Pts',(12.5099289138202,3.,-0.0133997720150825));
#11641=CARTESIAN_POINT('Ctrl Pts',(12.5148982930065,3.,0.158253088593484));
#11642=CARTESIAN_POINT('Ctrl Pts',(11.5326328205944,5.,-0.963165685534477));
#11643=CARTESIAN_POINT('Ctrl Pts',(11.5326328205944,3.,-0.963165685534477));
#11644=CARTESIAN_POINT('Ctrl Pts',(11.6752187274355,5.,-0.954517392331669));
#11645=CARTESIAN_POINT('Ctrl Pts',(11.6752187274355,3.,-0.954517392331669));
#11646=CARTESIAN_POINT('Ctrl Pts',(11.9453136239027,5.,-0.938135269378705));
#11647=CARTESIAN_POINT('Ctrl Pts',(11.9453136239027,3.,-0.938135269378705));
#11648=CARTESIAN_POINT('Ctrl Pts',(12.1552276380997,5.,-0.768862132919535));
#11649=CARTESIAN_POINT('Ctrl Pts',(12.1552276380997,3.,-0.768862132919535));
#11650=CARTESIAN_POINT('Ctrl Pts',(12.2543258595349,5.,-0.688950046896934));
#11651=CARTESIAN_POINT('Ctrl Pts',(12.2543258595349,3.,-0.688950046896934));
#11652=CARTESIAN_POINT('',(11.5326328205944,5.,-0.963165685534477));
#11653=CARTESIAN_POINT('Ctrl Pts',(11.5326328205944,5.,-0.963165685534477));
#11654=CARTESIAN_POINT('Ctrl Pts',(11.6752187274355,5.,-0.954517392331669));
#11655=CARTESIAN_POINT('Ctrl Pts',(11.9453136239027,5.,-0.938135269378705));
#11656=CARTESIAN_POINT('Ctrl Pts',(12.1552276380997,5.,-0.768862132919535));
#11657=CARTESIAN_POINT('Ctrl Pts',(12.2543258595349,5.,-0.688950046896934));
#11658=CARTESIAN_POINT('',(11.5326328205944,3.,-0.963165685534477));
#11659=CARTESIAN_POINT('',(11.5326328205944,5.,-0.963165685534477));
#11660=CARTESIAN_POINT('Ctrl Pts',(11.5326328205944,3.,-0.963165685534477));
#11661=CARTESIAN_POINT('Ctrl Pts',(11.6752187274355,3.,-0.954517392331669));
#11662=CARTESIAN_POINT('Ctrl Pts',(11.9453136239027,3.,-0.938135269378705));
#11663=CARTESIAN_POINT('Ctrl Pts',(12.1552276380997,3.,-0.768862132919535));
#11664=CARTESIAN_POINT('Ctrl Pts',(12.2543258595349,3.,-0.688950046896934));
#11665=CARTESIAN_POINT('Ctrl Pts',(10.9541864323498,5.,-0.839018449187278));
#11666=CARTESIAN_POINT('Ctrl Pts',(10.9541864323498,3.,-0.839018449187278));
#11667=CARTESIAN_POINT('Ctrl Pts',(11.0408117037095,5.,-0.875189789049883));
#11668=CARTESIAN_POINT('Ctrl Pts',(11.0408117037095,3.,-0.875189789049883));
#11669=CARTESIAN_POINT('Ctrl Pts',(11.2256574747206,5.,-0.952374184555507));
#11670=CARTESIAN_POINT('Ctrl Pts',(11.2256574747206,3.,-0.952374184555507));
#11671=CARTESIAN_POINT('Ctrl Pts',(11.4261161671556,5.,-0.959421167985061));
#11672=CARTESIAN_POINT('Ctrl Pts',(11.4261161671556,3.,-0.959421167985061));
#11673=CARTESIAN_POINT('Ctrl Pts',(11.5326328205944,5.,-0.963165685534477));
#11674=CARTESIAN_POINT('Ctrl Pts',(11.5326328205944,3.,-0.963165685534477));
#11675=CARTESIAN_POINT('',(10.9541864323498,5.,-0.839018449187278));
#11676=CARTESIAN_POINT('Ctrl Pts',(10.9541864323498,5.,-0.839018449187278));
#11677=CARTESIAN_POINT('Ctrl Pts',(11.0408117037095,5.,-0.875189789049883));
#11678=CARTESIAN_POINT('Ctrl Pts',(11.2256574747206,5.,-0.952374184555507));
#11679=CARTESIAN_POINT('Ctrl Pts',(11.4261161671556,5.,-0.959421167985061));
#11680=CARTESIAN_POINT('Ctrl Pts',(11.5326328205944,5.,-0.963165685534477));
#11681=CARTESIAN_POINT('',(10.9541864323498,3.,-0.839018449187278));
#11682=CARTESIAN_POINT('',(10.9541864323498,5.,-0.839018449187278));
#11683=CARTESIAN_POINT('Ctrl Pts',(10.9541864323498,3.,-0.839018449187278));
#11684=CARTESIAN_POINT('Ctrl Pts',(11.0408117037095,3.,-0.875189789049883));
#11685=CARTESIAN_POINT('Ctrl Pts',(11.2256574747206,3.,-0.952374184555507));
#11686=CARTESIAN_POINT('Ctrl Pts',(11.4261161671556,3.,-0.959421167985061));
#11687=CARTESIAN_POINT('Ctrl Pts',(11.5326328205944,3.,-0.963165685534477));
#11688=CARTESIAN_POINT('Ctrl Pts',(10.4848833012463,5.,-0.425648614764213));
#11689=CARTESIAN_POINT('Ctrl Pts',(10.4848833012463,3.,-0.425648614764213));
#11690=CARTESIAN_POINT('Ctrl Pts',(10.5585388726737,5.,-0.513043603356002));
#11691=CARTESIAN_POINT('Ctrl Pts',(10.5585388726737,3.,-0.513043603356002));
#11692=CARTESIAN_POINT('Ctrl Pts',(10.6945487779046,5.,-0.674424255025362));
#11693=CARTESIAN_POINT('Ctrl Pts',(10.6945487779046,3.,-0.674424255025362));
#11694=CARTESIAN_POINT('Ctrl Pts',(10.8725712528596,5.,-0.787279479628779));
#11695=CARTESIAN_POINT('Ctrl Pts',(10.8725712528596,3.,-0.787279479628779));
#11696=CARTESIAN_POINT('Ctrl Pts',(10.9541864323498,5.,-0.839018449187278));
#11697=CARTESIAN_POINT('Ctrl Pts',(10.9541864323498,3.,-0.839018449187278));
#11698=CARTESIAN_POINT('',(10.4848833012463,5.,-0.425648614764213));
#11699=CARTESIAN_POINT('Ctrl Pts',(10.4848833012463,5.,-0.425648614764213));
#11700=CARTESIAN_POINT('Ctrl Pts',(10.5585388726737,5.,-0.513043603356002));
#11701=CARTESIAN_POINT('Ctrl Pts',(10.6945487779046,5.,-0.674424255025362));
#11702=CARTESIAN_POINT('Ctrl Pts',(10.8725712528596,5.,-0.787279479628779));
#11703=CARTESIAN_POINT('Ctrl Pts',(10.9541864323498,5.,-0.839018449187278));
#11704=CARTESIAN_POINT('',(10.4848833012463,3.,-0.425648614764213));
#11705=CARTESIAN_POINT('',(10.4848833012463,5.,-0.425648614764213));
#11706=CARTESIAN_POINT('Ctrl Pts',(10.4848833012463,3.,-0.425648614764213));
#11707=CARTESIAN_POINT('Ctrl Pts',(10.5585388726737,3.,-0.513043603356002));
#11708=CARTESIAN_POINT('Ctrl Pts',(10.6945487779046,3.,-0.674424255025362));
#11709=CARTESIAN_POINT('Ctrl Pts',(10.8725712528596,3.,-0.787279479628779));
#11710=CARTESIAN_POINT('Ctrl Pts',(10.9541864323498,3.,-0.839018449187278));
#11711=CARTESIAN_POINT('Origin',(10.4848833012463,5.,-0.897681340575218));
#11712=CARTESIAN_POINT('',(10.4848833012463,5.,-0.897681340575218));
#11713=CARTESIAN_POINT('',(10.4848833012463,5.,-0.44884067028761));
#11714=CARTESIAN_POINT('',(10.4848833012463,3.,-0.897681340575218));
#11715=CARTESIAN_POINT('',(10.4848833012463,5.,-0.897681340575218));
#11716=CARTESIAN_POINT('',(10.4848833012463,3.,-0.897681340575218));
#11717=CARTESIAN_POINT('Origin',(9.45077609299434,5.,-0.897681340575218));
#11718=CARTESIAN_POINT('',(9.45077609299434,5.,-0.897681340575218));
#11719=CARTESIAN_POINT('',(4.72538804649717,5.,-0.897681340575218));
#11720=CARTESIAN_POINT('',(9.45077609299434,3.,-0.897681340575218));
#11721=CARTESIAN_POINT('',(9.45077609299434,5.,-0.897681340575218));
#11722=CARTESIAN_POINT('',(9.45077609299434,3.,-0.897681340575218));
#11723=CARTESIAN_POINT('Origin',(9.45077609299434,5.,1.99999935925007));
#11724=CARTESIAN_POINT('',(9.45077609299434,5.,0.999999679625033));
#11725=CARTESIAN_POINT('',(9.45077609299434,3.,1.99999935925007));
#11726=CARTESIAN_POINT('Origin',(-3.3213912320255,3.,0.0327413529157641));
#11727=CARTESIAN_POINT('Origin',(-9.92439318419682,5.,1.99999935925007));
#11728=CARTESIAN_POINT('',(-9.92439318419682,5.,1.99999935925007));
#11729=CARTESIAN_POINT('',(-11.037626750481,5.,1.99999935925007));
#11730=CARTESIAN_POINT('',(-4.96219659209841,5.,1.99999935925007));
#11731=CARTESIAN_POINT('',(-9.92439318419682,3.,1.99999935925007));
#11732=CARTESIAN_POINT('',(-9.92439318419682,5.,1.99999935925007));
#11733=CARTESIAN_POINT('',(-11.037626750481,3.,1.99999935925007));
#11734=CARTESIAN_POINT('',(-9.92439318419682,3.,1.99999935925007));
#11735=CARTESIAN_POINT('',(-11.037626750481,5.,1.99999935925007));
#11736=CARTESIAN_POINT('Origin',(-9.92439318419682,5.,0.521145537495613));
#11737=CARTESIAN_POINT('',(-9.92439318419682,5.,0.521145537495613));
#11738=CARTESIAN_POINT('',(-9.92439318419682,5.,0.260572768747805));
#11739=CARTESIAN_POINT('',(-9.92439318419682,3.,0.521145537495613));
#11740=CARTESIAN_POINT('',(-9.92439318419682,5.,0.521145537495613));
#11741=CARTESIAN_POINT('',(-9.92439318419682,3.,0.521145537495613));
#11742=CARTESIAN_POINT('Ctrl Pts',(-9.80118323088872,5.,0.0463841110467916));
#11743=CARTESIAN_POINT('Ctrl Pts',(-9.80118323088872,3.,0.0463841110467916));
#11744=CARTESIAN_POINT('Ctrl Pts',(-9.83692604763819,5.,0.108632376869144));
#11745=CARTESIAN_POINT('Ctrl Pts',(-9.83692604763819,3.,0.108632376869144));
#11746=CARTESIAN_POINT('Ctrl Pts',(-9.92075211809107,5.,0.254620521926899));
#11747=CARTESIAN_POINT('Ctrl Pts',(-9.92075211809107,3.,0.254620521926899));
#11748=CARTESIAN_POINT('Ctrl Pts',(-9.92306595197549,5.,0.423992511931537));
#11749=CARTESIAN_POINT('Ctrl Pts',(-9.92306595197549,3.,0.423992511931537));
#11750=CARTESIAN_POINT('Ctrl Pts',(-9.92439318419682,5.,0.521145537495613));
#11751=CARTESIAN_POINT('Ctrl Pts',(-9.92439318419682,3.,0.521145537495613));
#11752=CARTESIAN_POINT('',(-9.80118323088872,5.,0.0463841110467916));
#11753=CARTESIAN_POINT('Ctrl Pts',(-9.80118323088872,5.,0.0463841110467916));
#11754=CARTESIAN_POINT('Ctrl Pts',(-9.83692604763819,5.,0.108632376869144));
#11755=CARTESIAN_POINT('Ctrl Pts',(-9.92075211809107,5.,0.254620521926899));
#11756=CARTESIAN_POINT('Ctrl Pts',(-9.92306595197549,5.,0.423992511931537));
#11757=CARTESIAN_POINT('Ctrl Pts',(-9.92439318419682,5.,0.521145537495613));
#11758=CARTESIAN_POINT('',(-9.80118323088872,3.,0.0463841110467916));
#11759=CARTESIAN_POINT('',(-9.80118323088872,5.,0.0463841110467916));
#11760=CARTESIAN_POINT('Ctrl Pts',(-9.80118323088872,3.,0.0463841110467916));
#11761=CARTESIAN_POINT('Ctrl Pts',(-9.83692604763819,3.,0.108632376869144));
#11762=CARTESIAN_POINT('Ctrl Pts',(-9.92075211809107,3.,0.254620521926899));
#11763=CARTESIAN_POINT('Ctrl Pts',(-9.92306595197549,3.,0.423992511931537));
#11764=CARTESIAN_POINT('Ctrl Pts',(-9.92439318419682,3.,0.521145537495613));
#11765=CARTESIAN_POINT('Ctrl Pts',(-9.48629546881902,5.,-0.0982271879911417));
#11766=CARTESIAN_POINT('Ctrl Pts',(-9.48629546881902,3.,-0.0982271879911417));
#11767=CARTESIAN_POINT('Ctrl Pts',(-9.54728273934228,5.,-0.0922637070567461));
#11768=CARTESIAN_POINT('Ctrl Pts',(-9.54728273934228,3.,-0.0922637070567461));
#11769=CARTESIAN_POINT('Ctrl Pts',(-9.66894537913666,5.,-0.0803672436371339));
#11770=CARTESIAN_POINT('Ctrl Pts',(-9.66894537913666,3.,-0.0803672436371339));
#11771=CARTESIAN_POINT('Ctrl Pts',(-9.75717934750863,5.,0.00420593168376615));
#11772=CARTESIAN_POINT('Ctrl Pts',(-9.75717934750863,3.,0.00420593168376615));
#11773=CARTESIAN_POINT('Ctrl Pts',(-9.80118323088872,5.,0.0463841110467916));
#11774=CARTESIAN_POINT('Ctrl Pts',(-9.80118323088872,3.,0.0463841110467916));
#11775=CARTESIAN_POINT('',(-9.48629546881902,5.,-0.0982271879911417));
#11776=CARTESIAN_POINT('Ctrl Pts',(-9.48629546881902,5.,-0.0982271879911417));
#11777=CARTESIAN_POINT('Ctrl Pts',(-9.54728273934228,5.,-0.0922637070567461));
#11778=CARTESIAN_POINT('Ctrl Pts',(-9.66894537913666,5.,-0.0803672436371339));
#11779=CARTESIAN_POINT('Ctrl Pts',(-9.75717934750863,5.,0.00420593168376615));
#11780=CARTESIAN_POINT('Ctrl Pts',(-9.80118323088872,5.,0.0463841110467916));
#11781=CARTESIAN_POINT('',(-9.48629546881902,3.,-0.0982271879911417));
#11782=CARTESIAN_POINT('',(-9.48629546881902,5.,-0.0982271879911417));
#11783=CARTESIAN_POINT('Ctrl Pts',(-9.48629546881902,3.,-0.0982271879911417));
#11784=CARTESIAN_POINT('Ctrl Pts',(-9.54728273934228,3.,-0.0922637070567461));
#11785=CARTESIAN_POINT('Ctrl Pts',(-9.66894537913666,3.,-0.0803672436371339));
#11786=CARTESIAN_POINT('Ctrl Pts',(-9.75717934750863,3.,0.00420593168376615));
#11787=CARTESIAN_POINT('Ctrl Pts',(-9.80118323088872,3.,0.0463841110467916));
#11788=CARTESIAN_POINT('Ctrl Pts',(-9.28097534896123,5.,-0.031378492712974));
#11789=CARTESIAN_POINT('Ctrl Pts',(-9.28097534896123,3.,-0.031378492712974));
#11790=CARTESIAN_POINT('Ctrl Pts',(-9.31177183027299,5.,-0.0508742510921645));
#11791=CARTESIAN_POINT('Ctrl Pts',(-9.31177183027299,3.,-0.0508742510921645));
#11792=CARTESIAN_POINT('Ctrl Pts',(-9.37448325075046,5.,-0.0905738092614133));
#11793=CARTESIAN_POINT('Ctrl Pts',(-9.37448325075046,3.,-0.0905738092614133));
#11794=CARTESIAN_POINT('Ctrl Pts',(-9.44858419945288,5.,-0.0956459081290351));
#11795=CARTESIAN_POINT('Ctrl Pts',(-9.44858419945288,3.,-0.0956459081290351));
#11796=CARTESIAN_POINT('Ctrl Pts',(-9.48629546881902,5.,-0.0982271879911417));
#11797=CARTESIAN_POINT('Ctrl Pts',(-9.48629546881902,3.,-0.0982271879911417));
#11798=CARTESIAN_POINT('',(-9.28097534896123,5.,-0.031378492712974));
#11799=CARTESIAN_POINT('Ctrl Pts',(-9.28097534896123,5.,-0.031378492712974));
#11800=CARTESIAN_POINT('Ctrl Pts',(-9.31177183027299,5.,-0.0508742510921645));
#11801=CARTESIAN_POINT('Ctrl Pts',(-9.37448325075046,5.,-0.0905738092614133));
#11802=CARTESIAN_POINT('Ctrl Pts',(-9.44858419945288,5.,-0.0956459081290351));
#11803=CARTESIAN_POINT('Ctrl Pts',(-9.48629546881902,5.,-0.0982271879911417));
#11804=CARTESIAN_POINT('',(-9.28097534896123,3.,-0.031378492712974));
#11805=CARTESIAN_POINT('',(-9.28097534896123,5.,-0.031378492712974));
#11806=CARTESIAN_POINT('Ctrl Pts',(-9.28097534896123,3.,-0.031378492712974));
#11807=CARTESIAN_POINT('Ctrl Pts',(-9.31177183027299,3.,-0.0508742510921645));
#11808=CARTESIAN_POINT('Ctrl Pts',(-9.37448325075046,3.,-0.0905738092614133));
#11809=CARTESIAN_POINT('Ctrl Pts',(-9.44858419945288,3.,-0.0956459081290351));
#11810=CARTESIAN_POINT('Ctrl Pts',(-9.48629546881902,3.,-0.0982271879911417));
#11811=CARTESIAN_POINT('Ctrl Pts',(-9.15776658774602,5.,0.144610479474068));
#11812=CARTESIAN_POINT('Ctrl Pts',(-9.15776658774602,3.,0.144610479474068));
#11813=CARTESIAN_POINT('Ctrl Pts',(-9.1716372030634,5.,0.110117623075415));
#11814=CARTESIAN_POINT('Ctrl Pts',(-9.1716372030634,3.,0.110117623075415));
#11815=CARTESIAN_POINT('Ctrl Pts',(-9.1990781389212,5.,0.0418786705611107));
#11816=CARTESIAN_POINT('Ctrl Pts',(-9.1990781389212,3.,0.0418786705611107));
#11817=CARTESIAN_POINT('Ctrl Pts',(-9.25387616963307,5.,-0.00713824077195501));
#11818=CARTESIAN_POINT('Ctrl Pts',(-9.25387616963307,3.,-0.00713824077195501));
#11819=CARTESIAN_POINT('Ctrl Pts',(-9.28097534896123,5.,-0.031378492712974));
#11820=CARTESIAN_POINT('Ctrl Pts',(-9.28097534896123,3.,-0.031378492712974));
#11821=CARTESIAN_POINT('',(-9.15776658774602,5.,0.144610479474068));
#11822=CARTESIAN_POINT('Ctrl Pts',(-9.15776658774602,5.,0.144610479474068));
#11823=CARTESIAN_POINT('Ctrl Pts',(-9.1716372030634,5.,0.110117623075415));
#11824=CARTESIAN_POINT('Ctrl Pts',(-9.1990781389212,5.,0.0418786705611107));
#11825=CARTESIAN_POINT('Ctrl Pts',(-9.25387616963307,5.,-0.00713824077195502));
#11826=CARTESIAN_POINT('Ctrl Pts',(-9.28097534896123,5.,-0.031378492712974));
#11827=CARTESIAN_POINT('',(-9.15776658774602,3.,0.144610479474068));
#11828=CARTESIAN_POINT('',(-9.15776658774602,5.,0.144610479474068));
#11829=CARTESIAN_POINT('Ctrl Pts',(-9.15776658774602,3.,0.144610479474068));
#11830=CARTESIAN_POINT('Ctrl Pts',(-9.1716372030634,3.,0.110117623075415));
#11831=CARTESIAN_POINT('Ctrl Pts',(-9.1990781389212,3.,0.0418786705611107));
#11832=CARTESIAN_POINT('Ctrl Pts',(-9.25387616963307,3.,-0.00713824077195502));
#11833=CARTESIAN_POINT('Ctrl Pts',(-9.28097534896123,3.,-0.031378492712974));
#11834=CARTESIAN_POINT('Ctrl Pts',(-9.1358523440479,5.,0.403819158673287));
#11835=CARTESIAN_POINT('Ctrl Pts',(-9.1358523440479,3.,0.403819158673287));
#11836=CARTESIAN_POINT('Ctrl Pts',(-9.13554413102789,5.,0.350172878736943));
#11837=CARTESIAN_POINT('Ctrl Pts',(-9.13554413102789,3.,0.350172878736943));
#11838=CARTESIAN_POINT('Ctrl Pts',(-9.13504324898977,5.,0.262991428608176));
#11839=CARTESIAN_POINT('Ctrl Pts',(-9.13504324898977,3.,0.262991428608176));
#11840=CARTESIAN_POINT('Ctrl Pts',(-9.15145402672084,5.,0.17749679841002));
#11841=CARTESIAN_POINT('Ctrl Pts',(-9.15145402672084,3.,0.17749679841002));
#11842=CARTESIAN_POINT('Ctrl Pts',(-9.15776658774602,5.,0.144610479474068));
#11843=CARTESIAN_POINT('Ctrl Pts',(-9.15776658774602,3.,0.144610479474068));
#11844=CARTESIAN_POINT('',(-9.1358523440479,5.,0.403819158673287));
#11845=CARTESIAN_POINT('Ctrl Pts',(-9.1358523440479,5.,0.403819158673287));
#11846=CARTESIAN_POINT('Ctrl Pts',(-9.13554413102789,5.,0.350172878736943));
#11847=CARTESIAN_POINT('Ctrl Pts',(-9.13504324898977,5.,0.262991428608176));
#11848=CARTESIAN_POINT('Ctrl Pts',(-9.15145402672084,5.,0.17749679841002));
#11849=CARTESIAN_POINT('Ctrl Pts',(-9.15776658774602,5.,0.144610479474068));
#11850=CARTESIAN_POINT('',(-9.1358523440479,3.,0.403819158673287));
#11851=CARTESIAN_POINT('',(-9.1358523440479,5.,0.403819158673287));
#11852=CARTESIAN_POINT('Ctrl Pts',(-9.1358523440479,3.,0.403819158673287));
#11853=CARTESIAN_POINT('Ctrl Pts',(-9.13554413102789,3.,0.350172878736943));
#11854=CARTESIAN_POINT('Ctrl Pts',(-9.13504324898977,3.,0.262991428608176));
#11855=CARTESIAN_POINT('Ctrl Pts',(-9.15145402672084,3.,0.17749679841002));
#11856=CARTESIAN_POINT('Ctrl Pts',(-9.15776658774602,3.,0.144610479474068));
#11857=CARTESIAN_POINT('Origin',(-9.1358523440479,5.,1.99999935925007));
#11858=CARTESIAN_POINT('',(-9.1358523440479,5.,1.99999935925007));
#11859=CARTESIAN_POINT('',(-9.1358523440479,5.,0.999999679625033));
#11860=CARTESIAN_POINT('',(-9.1358523440479,3.,1.99999935925007));
#11861=CARTESIAN_POINT('',(-9.1358523440479,5.,1.99999935925007));
#11862=CARTESIAN_POINT('',(-9.1358523440479,3.,1.99999935925007));
#11863=CARTESIAN_POINT('Origin',(-8.02261996985661,5.,1.99999935925007));
#11864=CARTESIAN_POINT('',(-8.02261996985661,5.,1.99999935925007));
#11865=CARTESIAN_POINT('',(-4.01130998492831,5.,1.99999935925007));
#11866=CARTESIAN_POINT('',(-8.02261996985661,3.,1.99999935925007));
#11867=CARTESIAN_POINT('',(-8.02261996985661,5.,1.99999935925007));
#11868=CARTESIAN_POINT('',(-8.02261996985661,3.,1.99999935925007));
#11869=CARTESIAN_POINT('Origin',(-8.02261996985661,5.,0.504773929715157));
#11870=CARTESIAN_POINT('',(-8.02261996985661,5.,0.504773929715157));
#11871=CARTESIAN_POINT('',(-8.02261996985661,5.,0.252386964857577));
#11872=CARTESIAN_POINT('',(-8.02261996985661,3.,0.504773929715157));
#11873=CARTESIAN_POINT('',(-8.02261996985661,5.,0.504773929715157));
#11874=CARTESIAN_POINT('',(-8.02261996985661,3.,0.504773929715157));
#11875=CARTESIAN_POINT('Ctrl Pts',(-7.90296960593449,5.,0.0491125136613851));
#11876=CARTESIAN_POINT('Ctrl Pts',(-7.90296960593449,3.,0.0491125136613851));
#11877=CARTESIAN_POINT('Ctrl Pts',(-7.93769621765724,5.,0.109342083069742));
#11878=CARTESIAN_POINT('Ctrl Pts',(-7.93769621765724,3.,0.109342083069742));
#11879=CARTESIAN_POINT('Ctrl Pts',(-8.01846622854079,5.,0.249428971346215));
#11880=CARTESIAN_POINT('Ctrl Pts',(-8.01846622854079,3.,0.249428971346215));
#11881=CARTESIAN_POINT('Ctrl Pts',(-8.02111182991031,5.,0.41206330993316));
#11882=CARTESIAN_POINT('Ctrl Pts',(-8.02111182991031,3.,0.41206330993316));
#11883=CARTESIAN_POINT('Ctrl Pts',(-8.02261996985661,5.,0.504773929715157));
#11884=CARTESIAN_POINT('Ctrl Pts',(-8.02261996985661,3.,0.504773929715157));
#11885=CARTESIAN_POINT('',(-7.90296960593449,5.,0.0491125136613851));
#11886=CARTESIAN_POINT('Ctrl Pts',(-7.90296960593449,5.,0.0491125136613851));
#11887=CARTESIAN_POINT('Ctrl Pts',(-7.93769621765724,5.,0.109342083069742));
#11888=CARTESIAN_POINT('Ctrl Pts',(-8.01846622854079,5.,0.249428971346215));
#11889=CARTESIAN_POINT('Ctrl Pts',(-8.02111182991031,5.,0.41206330993316));
#11890=CARTESIAN_POINT('Ctrl Pts',(-8.02261996985661,5.,0.504773929715157));
#11891=CARTESIAN_POINT('',(-7.90296960593449,3.,0.0491125136613851));
#11892=CARTESIAN_POINT('',(-7.90296960593449,5.,0.0491125136613851));
#11893=CARTESIAN_POINT('Ctrl Pts',(-7.90296960593449,3.,0.0491125136613851));
#11894=CARTESIAN_POINT('Ctrl Pts',(-7.93769621765724,3.,0.109342083069742));
#11895=CARTESIAN_POINT('Ctrl Pts',(-8.01846622854079,3.,0.249428971346215));
#11896=CARTESIAN_POINT('Ctrl Pts',(-8.02111182991031,3.,0.41206330993316));
#11897=CARTESIAN_POINT('Ctrl Pts',(-8.02261996985661,3.,0.504773929715157));
#11898=CARTESIAN_POINT('Ctrl Pts',(-7.5875489783405,5.,-0.0927700847387308));
#11899=CARTESIAN_POINT('Ctrl Pts',(-7.5875489783405,3.,-0.0927700847387308));
#11900=CARTESIAN_POINT('Ctrl Pts',(-7.64931641346229,5.,-0.0872308088002638));
#11901=CARTESIAN_POINT('Ctrl Pts',(-7.64931641346229,3.,-0.0872308088002638));
#11902=CARTESIAN_POINT('Ctrl Pts',(-7.77097926291585,5.,-0.0763201389099794));
#11903=CARTESIAN_POINT('Ctrl Pts',(-7.77097926291585,3.,-0.0763201389099794));
#11904=CARTESIAN_POINT('Ctrl Pts',(-7.85942646932331,5.,0.00773273540255636));
#11905=CARTESIAN_POINT('Ctrl Pts',(-7.85942646932331,3.,0.00773273540255636));
#11906=CARTESIAN_POINT('Ctrl Pts',(-7.90296960593449,5.,0.0491125136613851));
#11907=CARTESIAN_POINT('Ctrl Pts',(-7.90296960593449,3.,0.0491125136613851));
#11908=CARTESIAN_POINT('',(-7.5875489783405,5.,-0.0927700847387308));
#11909=CARTESIAN_POINT('Ctrl Pts',(-7.5875489783405,5.,-0.0927700847387308));
#11910=CARTESIAN_POINT('Ctrl Pts',(-7.64931641346229,5.,-0.0872308088002638));
#11911=CARTESIAN_POINT('Ctrl Pts',(-7.77097926291585,5.,-0.0763201389099794));
#11912=CARTESIAN_POINT('Ctrl Pts',(-7.85942646932331,5.,0.00773273540255637));
#11913=CARTESIAN_POINT('Ctrl Pts',(-7.90296960593449,5.,0.0491125136613851));
#11914=CARTESIAN_POINT('',(-7.5875489783405,3.,-0.0927700847387308));
#11915=CARTESIAN_POINT('',(-7.5875489783405,5.,-0.0927700847387308));
#11916=CARTESIAN_POINT('Ctrl Pts',(-7.5875489783405,3.,-0.0927700847387308));
#11917=CARTESIAN_POINT('Ctrl Pts',(-7.64931641346229,3.,-0.0872308088002638));
#11918=CARTESIAN_POINT('Ctrl Pts',(-7.77097926291585,3.,-0.0763201389099794));
#11919=CARTESIAN_POINT('Ctrl Pts',(-7.85942646932331,3.,0.00773273540255637));
#11920=CARTESIAN_POINT('Ctrl Pts',(-7.90296960593449,3.,0.0491125136613851));
#11921=CARTESIAN_POINT('Ctrl Pts',(-7.31022167922246,5.,0.0572980195283895));
#11922=CARTESIAN_POINT('Ctrl Pts',(-7.31022167922246,3.,0.0572980195283895));
#11923=CARTESIAN_POINT('Ctrl Pts',(-7.34860917315035,5.,0.0135443594328));
#11924=CARTESIAN_POINT('Ctrl Pts',(-7.34860917315035,3.,0.0135443594328));
#11925=CARTESIAN_POINT('Ctrl Pts',(-7.42277135359219,5.,-0.0709849104667953));
#11926=CARTESIAN_POINT('Ctrl Pts',(-7.42277135359219,3.,-0.0709849104667953));
#11927=CARTESIAN_POINT('Ctrl Pts',(-7.53392849566607,5.,-0.0856809452916013));
#11928=CARTESIAN_POINT('Ctrl Pts',(-7.53392849566607,3.,-0.0856809452916013));
#11929=CARTESIAN_POINT('Ctrl Pts',(-7.5875489783405,5.,-0.0927700847387308));
#11930=CARTESIAN_POINT('Ctrl Pts',(-7.5875489783405,3.,-0.0927700847387308));
#11931=CARTESIAN_POINT('',(-7.31022167922246,5.,0.0572980195283895));
#11932=CARTESIAN_POINT('Ctrl Pts',(-7.31022167922246,5.,0.0572980195283895));
#11933=CARTESIAN_POINT('Ctrl Pts',(-7.34860917315035,5.,0.0135443594328));
#11934=CARTESIAN_POINT('Ctrl Pts',(-7.42277135359219,5.,-0.0709849104667953));
#11935=CARTESIAN_POINT('Ctrl Pts',(-7.53392849566607,5.,-0.0856809452916013));
#11936=CARTESIAN_POINT('Ctrl Pts',(-7.5875489783405,5.,-0.0927700847387308));
#11937=CARTESIAN_POINT('',(-7.31022167922246,3.,0.0572980195283895));
#11938=CARTESIAN_POINT('',(-7.31022167922246,5.,0.0572980195283895));
#11939=CARTESIAN_POINT('Ctrl Pts',(-7.31022167922246,3.,0.0572980195283895));
#11940=CARTESIAN_POINT('Ctrl Pts',(-7.34860917315035,3.,0.0135443594328));
#11941=CARTESIAN_POINT('Ctrl Pts',(-7.42277135359219,3.,-0.0709849104667953));
#11942=CARTESIAN_POINT('Ctrl Pts',(-7.53392849566607,3.,-0.0856809452916013));
#11943=CARTESIAN_POINT('Ctrl Pts',(-7.5875489783405,3.,-0.0927700847387308));
#11944=CARTESIAN_POINT('Ctrl Pts',(-7.23407912970769,5.,0.34924902021885));
#11945=CARTESIAN_POINT('Ctrl Pts',(-7.23407912970769,3.,0.34924902021885));
#11946=CARTESIAN_POINT('Ctrl Pts',(-7.23529625457959,5.,0.290723710483643));
#11947=CARTESIAN_POINT('Ctrl Pts',(-7.23529625457959,3.,0.290723710483643));
#11948=CARTESIAN_POINT('Ctrl Pts',(-7.23745702183585,5.,0.18682346503079));
#11949=CARTESIAN_POINT('Ctrl Pts',(-7.23745702183585,3.,0.18682346503079));
#11950=CARTESIAN_POINT('Ctrl Pts',(-7.28810352384295,5.,0.0966696599939143));
#11951=CARTESIAN_POINT('Ctrl Pts',(-7.28810352384295,3.,0.0966696599939143));
#11952=CARTESIAN_POINT('Ctrl Pts',(-7.31022167922246,5.,0.0572980195283895));
#11953=CARTESIAN_POINT('Ctrl Pts',(-7.31022167922246,3.,0.0572980195283895));
#11954=CARTESIAN_POINT('',(-7.23407912970769,5.,0.349249020218849));
#11955=CARTESIAN_POINT('Ctrl Pts',(-7.23407912970769,5.,0.34924902021885));
#11956=CARTESIAN_POINT('Ctrl Pts',(-7.23529625457959,5.,0.290723710483643));
#11957=CARTESIAN_POINT('Ctrl Pts',(-7.23745702183585,5.,0.18682346503079));
#11958=CARTESIAN_POINT('Ctrl Pts',(-7.28810352384295,5.,0.0966696599939143));
#11959=CARTESIAN_POINT('Ctrl Pts',(-7.31022167922246,5.,0.0572980195283895));
#11960=CARTESIAN_POINT('',(-7.23407912970769,3.,0.349249020218849));
#11961=CARTESIAN_POINT('',(-7.23407912970769,5.,0.349249020218849));
#11962=CARTESIAN_POINT('Ctrl Pts',(-7.23407912970769,3.,0.34924902021885));
#11963=CARTESIAN_POINT('Ctrl Pts',(-7.23529625457959,3.,0.290723710483643));
#11964=CARTESIAN_POINT('Ctrl Pts',(-7.23745702183585,3.,0.18682346503079));
#11965=CARTESIAN_POINT('Ctrl Pts',(-7.28810352384295,3.,0.0966696599939143));
#11966=CARTESIAN_POINT('Ctrl Pts',(-7.31022167922246,3.,0.0572980195283895));
#11967=CARTESIAN_POINT('Origin',(-7.23407912970769,5.,1.99999935925007));
#11968=CARTESIAN_POINT('',(-7.23407912970769,5.,1.99999935925007));
#11969=CARTESIAN_POINT('',(-7.23407912970769,5.,0.999999679625033));
#11970=CARTESIAN_POINT('',(-7.23407912970769,3.,1.99999935925007));
#11971=CARTESIAN_POINT('',(-7.23407912970769,5.,1.99999935925007));
#11972=CARTESIAN_POINT('',(-7.23407912970769,3.,1.99999935925007));
#11973=CARTESIAN_POINT('Origin',(-6.12084556342351,5.,1.99999935925007));
#11974=CARTESIAN_POINT('',(-6.12084556342351,5.,1.99999935925007));
#11975=CARTESIAN_POINT('',(-3.06042278171176,5.,1.99999935925007));
#11976=CARTESIAN_POINT('',(-6.12084556342351,3.,1.99999935925007));
#11977=CARTESIAN_POINT('',(-6.12084556342351,5.,1.99999935925007));
#11978=CARTESIAN_POINT('',(-6.12084556342351,3.,1.99999935925007));
#11979=CARTESIAN_POINT('Origin',(-6.12084556342351,5.,0.180081203579903));
#11980=CARTESIAN_POINT('',(-6.12084556342351,5.,0.180081203579903));
#11981=CARTESIAN_POINT('',(-6.12084556342351,5.,0.0900406017899505));
#11982=CARTESIAN_POINT('',(-6.12084556342351,3.,0.180081203579903));
#11983=CARTESIAN_POINT('',(-6.12084556342351,5.,0.180081203579903));
#11984=CARTESIAN_POINT('',(-6.12084556342351,3.,0.180081203579903));
#11985=CARTESIAN_POINT('Ctrl Pts',(-6.38242054702031,5.,-0.68622164428234));
#11986=CARTESIAN_POINT('Ctrl Pts',(-6.38242054702031,3.,-0.68622164428234));
#11987=CARTESIAN_POINT('Ctrl Pts',(-6.30640493295142,5.,-0.571345521316736));
#11988=CARTESIAN_POINT('Ctrl Pts',(-6.30640493295142,3.,-0.571345521316736));
#11989=CARTESIAN_POINT('Ctrl Pts',(-6.13380167663961,5.,-0.310504467288403));
#11990=CARTESIAN_POINT('Ctrl Pts',(-6.13380167663961,3.,-0.310504467288403));
#11991=CARTESIAN_POINT('Ctrl Pts',(-6.12549431059473,5.,0.00405551503791794));
#11992=CARTESIAN_POINT('Ctrl Pts',(-6.12549431059473,3.,0.00405551503791794));
#11993=CARTESIAN_POINT('Ctrl Pts',(-6.12084556342351,5.,0.180081203579903));
#11994=CARTESIAN_POINT('Ctrl Pts',(-6.12084556342351,3.,0.180081203579903));
#11995=CARTESIAN_POINT('',(-6.38242054702031,5.,-0.68622164428234));
#11996=CARTESIAN_POINT('Ctrl Pts',(-6.38242054702031,5.,-0.68622164428234));
#11997=CARTESIAN_POINT('Ctrl Pts',(-6.30640493295142,5.,-0.571345521316736));
#11998=CARTESIAN_POINT('Ctrl Pts',(-6.13380167663961,5.,-0.310504467288403));
#11999=CARTESIAN_POINT('Ctrl Pts',(-6.12549431059473,5.,0.0040555150379179));
#12000=CARTESIAN_POINT('Ctrl Pts',(-6.12084556342351,5.,0.180081203579903));
#12001=CARTESIAN_POINT('',(-6.38242054702031,3.,-0.68622164428234));
#12002=CARTESIAN_POINT('',(-6.38242054702031,5.,-0.68622164428234));
#12003=CARTESIAN_POINT('Ctrl Pts',(-6.38242054702031,3.,-0.68622164428234));
#12004=CARTESIAN_POINT('Ctrl Pts',(-6.30640493295142,3.,-0.571345521316736));
#12005=CARTESIAN_POINT('Ctrl Pts',(-6.13380167663961,3.,-0.310504467288403));
#12006=CARTESIAN_POINT('Ctrl Pts',(-6.12549431059473,3.,0.0040555150379179));
#12007=CARTESIAN_POINT('Ctrl Pts',(-6.12084556342351,3.,0.180081203579903));
#12008=CARTESIAN_POINT('Ctrl Pts',(-7.10993219138371,5.,-0.963165685534477));
#12009=CARTESIAN_POINT('Ctrl Pts',(-7.10993219138371,3.,-0.963165685534477));
#12010=CARTESIAN_POINT('Ctrl Pts',(-6.96596821869165,5.,-0.95448511060878));
#12011=CARTESIAN_POINT('Ctrl Pts',(-6.96596821869165,3.,-0.95448511060878));
#12012=CARTESIAN_POINT('Ctrl Pts',(-6.69351688804988,5.,-0.938057151967348));
#12013=CARTESIAN_POINT('Ctrl Pts',(-6.69351688804988,3.,-0.938057151967348));
#12014=CARTESIAN_POINT('Ctrl Pts',(-6.4821164558066,5.,-0.766926450131943));
#12015=CARTESIAN_POINT('Ctrl Pts',(-6.4821164558066,3.,-0.766926450131943));
#12016=CARTESIAN_POINT('Ctrl Pts',(-6.38242054702031,5.,-0.68622164428234));
#12017=CARTESIAN_POINT('Ctrl Pts',(-6.38242054702031,3.,-0.68622164428234));
#12018=CARTESIAN_POINT('',(-7.10993219138371,5.,-0.963165685534477));
#12019=CARTESIAN_POINT('Ctrl Pts',(-7.10993219138371,5.,-0.963165685534477));
#12020=CARTESIAN_POINT('Ctrl Pts',(-6.96596821869165,5.,-0.95448511060878));
#12021=CARTESIAN_POINT('Ctrl Pts',(-6.69351688804988,5.,-0.938057151967348));
#12022=CARTESIAN_POINT('Ctrl Pts',(-6.4821164558066,5.,-0.766926450131943));
#12023=CARTESIAN_POINT('Ctrl Pts',(-6.38242054702031,5.,-0.68622164428234));
#12024=CARTESIAN_POINT('',(-7.10993219138371,3.,-0.963165685534477));
#12025=CARTESIAN_POINT('',(-7.10993219138371,5.,-0.963165685534477));
#12026=CARTESIAN_POINT('Ctrl Pts',(-7.10993219138371,3.,-0.963165685534477));
#12027=CARTESIAN_POINT('Ctrl Pts',(-6.96596821869165,3.,-0.95448511060878));
#12028=CARTESIAN_POINT('Ctrl Pts',(-6.69351688804988,3.,-0.938057151967348));
#12029=CARTESIAN_POINT('Ctrl Pts',(-6.4821164558066,3.,-0.766926450131943));
#12030=CARTESIAN_POINT('Ctrl Pts',(-6.38242054702031,3.,-0.68622164428234));
#12031=CARTESIAN_POINT('Ctrl Pts',(-7.64126706839787,5.,-0.860846564173698));
#12032=CARTESIAN_POINT('Ctrl Pts',(-7.64126706839787,3.,-0.860846564173698));
#12033=CARTESIAN_POINT('Ctrl Pts',(-7.56196182552293,5.,-0.890647681394962));
#12034=CARTESIAN_POINT('Ctrl Pts',(-7.56196182552293,3.,-0.890647681394962));
#12035=CARTESIAN_POINT('Ctrl Pts',(-7.39091308110148,5.,-0.954923932223573));
#12036=CARTESIAN_POINT('Ctrl Pts',(-7.39091308110148,3.,-0.954923932223573));
#12037=CARTESIAN_POINT('Ctrl Pts',(-7.20802553730955,5.,-0.960288403882426));
#12038=CARTESIAN_POINT('Ctrl Pts',(-7.20802553730955,3.,-0.960288403882426));
#12039=CARTESIAN_POINT('Ctrl Pts',(-7.10993219138371,5.,-0.963165685534477));
#12040=CARTESIAN_POINT('Ctrl Pts',(-7.10993219138371,3.,-0.963165685534477));
#12041=CARTESIAN_POINT('',(-7.64126706839787,5.,-0.860846564173698));
#12042=CARTESIAN_POINT('Ctrl Pts',(-7.64126706839787,5.,-0.860846564173698));
#12043=CARTESIAN_POINT('Ctrl Pts',(-7.56196182552293,5.,-0.890647681394962));
#12044=CARTESIAN_POINT('Ctrl Pts',(-7.39091308110148,5.,-0.954923932223573));
#12045=CARTESIAN_POINT('Ctrl Pts',(-7.20802553730955,5.,-0.960288403882426));
#12046=CARTESIAN_POINT('Ctrl Pts',(-7.10993219138371,5.,-0.963165685534477));
#12047=CARTESIAN_POINT('',(-7.64126706839787,3.,-0.860846564173698));
#12048=CARTESIAN_POINT('',(-7.64126706839787,5.,-0.860846564173698));
#12049=CARTESIAN_POINT('Ctrl Pts',(-7.64126706839787,3.,-0.860846564173698));
#12050=CARTESIAN_POINT('Ctrl Pts',(-7.56196182552293,3.,-0.890647681394962));
#12051=CARTESIAN_POINT('Ctrl Pts',(-7.39091308110148,3.,-0.954923932223573));
#12052=CARTESIAN_POINT('Ctrl Pts',(-7.20802553730955,3.,-0.960288403882426));
#12053=CARTESIAN_POINT('Ctrl Pts',(-7.10993219138371,3.,-0.963165685534477));
#12054=CARTESIAN_POINT('Ctrl Pts',(-8.11811733962285,5.,-0.474761649966239));
#12055=CARTESIAN_POINT('Ctrl Pts',(-8.11811733962285,3.,-0.474761649966239));
#12056=CARTESIAN_POINT('Ctrl Pts',(-8.03847125112613,5.,-0.55889480013137));
#12057=CARTESIAN_POINT('Ctrl Pts',(-8.03847125112613,3.,-0.55889480013137));
#12058=CARTESIAN_POINT('Ctrl Pts',(-7.89642061879635,5.,-0.708948210241331));
#12059=CARTESIAN_POINT('Ctrl Pts',(-7.89642061879635,3.,-0.708948210241331));
#12060=CARTESIAN_POINT('Ctrl Pts',(-7.71914595226296,5.,-0.814483602550305));
#12061=CARTESIAN_POINT('Ctrl Pts',(-7.71914595226296,3.,-0.814483602550305));
#12062=CARTESIAN_POINT('Ctrl Pts',(-7.64126706839787,5.,-0.860846564173698));
#12063=CARTESIAN_POINT('Ctrl Pts',(-7.64126706839787,3.,-0.860846564173698));
#12064=CARTESIAN_POINT('',(-8.11811733962285,5.,-0.474761649966239));
#12065=CARTESIAN_POINT('Ctrl Pts',(-8.11811733962285,5.,-0.474761649966239));
#12066=CARTESIAN_POINT('Ctrl Pts',(-8.03847125112613,5.,-0.55889480013137));
#12067=CARTESIAN_POINT('Ctrl Pts',(-7.89642061879635,5.,-0.708948210241331));
#12068=CARTESIAN_POINT('Ctrl Pts',(-7.71914595226296,5.,-0.814483602550305));
#12069=CARTESIAN_POINT('Ctrl Pts',(-7.64126706839787,5.,-0.860846564173698));
#12070=CARTESIAN_POINT('',(-8.11811733962285,3.,-0.474761649966239));
#12071=CARTESIAN_POINT('',(-8.11811733962285,5.,-0.474761649966239));
#12072=CARTESIAN_POINT('Ctrl Pts',(-8.11811733962285,3.,-0.474761649966239));
#12073=CARTESIAN_POINT('Ctrl Pts',(-8.03847125112613,3.,-0.55889480013137));
#12074=CARTESIAN_POINT('Ctrl Pts',(-7.89642061879635,3.,-0.708948210241331));
#12075=CARTESIAN_POINT('Ctrl Pts',(-7.71914595226296,3.,-0.814483602550305));
#12076=CARTESIAN_POINT('Ctrl Pts',(-7.64126706839787,3.,-0.860846564173698));
#12077=CARTESIAN_POINT('Ctrl Pts',(-8.44873595954167,5.,-0.840382501482963));
#12078=CARTESIAN_POINT('Ctrl Pts',(-8.44873595954167,3.,-0.840382501482963));
#12079=CARTESIAN_POINT('Ctrl Pts',(-8.38363847273507,5.,-0.792964849463741));
#12080=CARTESIAN_POINT('Ctrl Pts',(-8.38363847273507,3.,-0.792964849463741));
#12081=CARTESIAN_POINT('Ctrl Pts',(-8.24810695705135,5.,-0.694242355499868));
#12082=CARTESIAN_POINT('Ctrl Pts',(-8.24810695705135,3.,-0.694242355499868));
#12083=CARTESIAN_POINT('Ctrl Pts',(-8.16256988379574,5.,-0.549817457890264));
#12084=CARTESIAN_POINT('Ctrl Pts',(-8.16256988379574,3.,-0.549817457890264));
#12085=CARTESIAN_POINT('Ctrl Pts',(-8.11811733962285,5.,-0.474761649966239));
#12086=CARTESIAN_POINT('Ctrl Pts',(-8.11811733962285,3.,-0.474761649966239));
#12087=CARTESIAN_POINT('',(-8.44873595954167,5.,-0.840382501482963));
#12088=CARTESIAN_POINT('Ctrl Pts',(-8.44873595954167,5.,-0.840382501482963));
#12089=CARTESIAN_POINT('Ctrl Pts',(-8.38363847273507,5.,-0.792964849463741));
#12090=CARTESIAN_POINT('Ctrl Pts',(-8.24810695705135,5.,-0.694242355499868));
#12091=CARTESIAN_POINT('Ctrl Pts',(-8.16256988379574,5.,-0.549817457890264));
#12092=CARTESIAN_POINT('Ctrl Pts',(-8.11811733962285,5.,-0.474761649966239));
#12093=CARTESIAN_POINT('',(-8.44873595954167,3.,-0.840382501482963));
#12094=CARTESIAN_POINT('',(-8.44873595954167,5.,-0.840382501482963));
#12095=CARTESIAN_POINT('Ctrl Pts',(-8.44873595954167,3.,-0.840382501482963));
#12096=CARTESIAN_POINT('Ctrl Pts',(-8.38363847273507,3.,-0.792964849463741));
#12097=CARTESIAN_POINT('Ctrl Pts',(-8.24810695705135,3.,-0.694242355499868));
#12098=CARTESIAN_POINT('Ctrl Pts',(-8.16256988379574,3.,-0.549817457890264));
#12099=CARTESIAN_POINT('Ctrl Pts',(-8.11811733962285,3.,-0.474761649966239));
#12100=CARTESIAN_POINT('Ctrl Pts',(-8.99797726393926,5.,-0.963165685534477));
#12101=CARTESIAN_POINT('Ctrl Pts',(-8.99797726393926,3.,-0.963165685534477));
#12102=CARTESIAN_POINT('Ctrl Pts',(-8.89258417567159,5.,-0.960435468138069));
#12103=CARTESIAN_POINT('Ctrl Pts',(-8.89258417567159,3.,-0.960435468138069));
#12104=CARTESIAN_POINT('Ctrl Pts',(-8.70094965833798,5.,-0.955471158793156));
#12105=CARTESIAN_POINT('Ctrl Pts',(-8.70094965833798,3.,-0.955471158793156));
#12106=CARTESIAN_POINT('Ctrl Pts',(-8.52701286726266,5.,-0.876101355181224));
#12107=CARTESIAN_POINT('Ctrl Pts',(-8.52701286726266,3.,-0.876101355181224));
#12108=CARTESIAN_POINT('Ctrl Pts',(-8.44873595954167,5.,-0.840382501482963));
#12109=CARTESIAN_POINT('Ctrl Pts',(-8.44873595954167,3.,-0.840382501482963));
#12110=CARTESIAN_POINT('',(-8.99797726393926,5.,-0.963165685534477));
#12111=CARTESIAN_POINT('Ctrl Pts',(-8.99797726393926,5.,-0.963165685534477));
#12112=CARTESIAN_POINT('Ctrl Pts',(-8.89258417567159,5.,-0.960435468138069));
#12113=CARTESIAN_POINT('Ctrl Pts',(-8.70094965833798,5.,-0.955471158793156));
#12114=CARTESIAN_POINT('Ctrl Pts',(-8.52701286726266,5.,-0.876101355181224));
#12115=CARTESIAN_POINT('Ctrl Pts',(-8.44873595954167,5.,-0.840382501482963));
#12116=CARTESIAN_POINT('',(-8.99797726393926,3.,-0.963165685534477));
#12117=CARTESIAN_POINT('',(-8.99797726393926,5.,-0.963165685534477));
#12118=CARTESIAN_POINT('Ctrl Pts',(-8.99797726393926,3.,-0.963165685534477));
#12119=CARTESIAN_POINT('Ctrl Pts',(-8.89258417567159,3.,-0.960435468138069));
#12120=CARTESIAN_POINT('Ctrl Pts',(-8.70094965833798,3.,-0.955471158793156));
#12121=CARTESIAN_POINT('Ctrl Pts',(-8.52701286726266,3.,-0.876101355181224));
#12122=CARTESIAN_POINT('Ctrl Pts',(-8.44873595954167,3.,-0.840382501482963));
#12123=CARTESIAN_POINT('Ctrl Pts',(-9.54856205703008,5.,-0.851296707987785));
#12124=CARTESIAN_POINT('Ctrl Pts',(-9.54856205703008,3.,-0.851296707987785));
#12125=CARTESIAN_POINT('Ctrl Pts',(-9.46562900875768,5.,-0.883891773185913));
#12126=CARTESIAN_POINT('Ctrl Pts',(-9.46562900875768,3.,-0.883891773185913));
#12127=CARTESIAN_POINT('Ctrl Pts',(-9.28887608914657,5.,-0.953360737111622));
#12128=CARTESIAN_POINT('Ctrl Pts',(-9.28887608914657,3.,-0.953360737111622));
#12129=CARTESIAN_POINT('Ctrl Pts',(-9.09884509421046,5.,-0.959765864745823));
#12130=CARTESIAN_POINT('Ctrl Pts',(-9.09884509421046,3.,-0.959765864745823));
#12131=CARTESIAN_POINT('Ctrl Pts',(-8.99797726393926,5.,-0.963165685534477));
#12132=CARTESIAN_POINT('Ctrl Pts',(-8.99797726393926,3.,-0.963165685534477));
#12133=CARTESIAN_POINT('',(-9.54856205703008,5.,-0.851296707987785));
#12134=CARTESIAN_POINT('Ctrl Pts',(-9.54856205703008,5.,-0.851296707987785));
#12135=CARTESIAN_POINT('Ctrl Pts',(-9.46562900875768,5.,-0.883891773185913));
#12136=CARTESIAN_POINT('Ctrl Pts',(-9.28887608914657,5.,-0.953360737111622));
#12137=CARTESIAN_POINT('Ctrl Pts',(-9.09884509421046,5.,-0.959765864745823));
#12138=CARTESIAN_POINT('Ctrl Pts',(-8.99797726393926,5.,-0.963165685534477));
#12139=CARTESIAN_POINT('',(-9.54856205703008,3.,-0.851296707987785));
#12140=CARTESIAN_POINT('',(-9.54856205703008,5.,-0.851296707987785));
#12141=CARTESIAN_POINT('Ctrl Pts',(-9.54856205703008,3.,-0.851296707987785));
#12142=CARTESIAN_POINT('Ctrl Pts',(-9.46562900875768,3.,-0.883891773185913));
#12143=CARTESIAN_POINT('Ctrl Pts',(-9.28887608914657,3.,-0.953360737111622));
#12144=CARTESIAN_POINT('Ctrl Pts',(-9.09884509421046,3.,-0.959765864745823));
#12145=CARTESIAN_POINT('Ctrl Pts',(-8.99797726393926,3.,-0.963165685534477));
#12146=CARTESIAN_POINT('Ctrl Pts',(-10.0007920336841,5.,-0.474761649966239));
#12147=CARTESIAN_POINT('Ctrl Pts',(-10.0007920336841,3.,-0.474761649966239));
#12148=CARTESIAN_POINT('Ctrl Pts',(-9.92947583653958,5.,-0.554789061743935));
#12149=CARTESIAN_POINT('Ctrl Pts',(-9.92947583653958,3.,-0.554789061743935));
#12150=CARTESIAN_POINT('Ctrl Pts',(-9.79735765438043,5.,-0.703045370833729));
#12151=CARTESIAN_POINT('Ctrl Pts',(-9.79735765438043,3.,-0.703045370833729));
#12152=CARTESIAN_POINT('Ctrl Pts',(-9.62697410903795,5.,-0.804572844370575));
#12153=CARTESIAN_POINT('Ctrl Pts',(-9.62697410903795,3.,-0.804572844370575));
#12154=CARTESIAN_POINT('Ctrl Pts',(-9.54856205703008,5.,-0.851296707987785));
#12155=CARTESIAN_POINT('Ctrl Pts',(-9.54856205703008,3.,-0.851296707987785));
#12156=CARTESIAN_POINT('',(-10.0007920336841,5.,-0.474761649966239));
#12157=CARTESIAN_POINT('Ctrl Pts',(-10.0007920336841,5.,-0.474761649966239));
#12158=CARTESIAN_POINT('Ctrl Pts',(-9.92947583653958,5.,-0.554789061743935));
#12159=CARTESIAN_POINT('Ctrl Pts',(-9.79735765438043,5.,-0.703045370833729));
#12160=CARTESIAN_POINT('Ctrl Pts',(-9.62697410903795,5.,-0.804572844370575));
#12161=CARTESIAN_POINT('Ctrl Pts',(-9.54856205703008,5.,-0.851296707987785));
#12162=CARTESIAN_POINT('',(-10.0007920336841,3.,-0.474761649966239));
#12163=CARTESIAN_POINT('',(-10.0007920336841,5.,-0.474761649966239));
#12164=CARTESIAN_POINT('Ctrl Pts',(-10.0007920336841,3.,-0.474761649966239));
#12165=CARTESIAN_POINT('Ctrl Pts',(-9.92947583653958,3.,-0.554789061743935));
#12166=CARTESIAN_POINT('Ctrl Pts',(-9.79735765438043,3.,-0.703045370833729));
#12167=CARTESIAN_POINT('Ctrl Pts',(-9.62697410903795,3.,-0.804572844370575));
#12168=CARTESIAN_POINT('Ctrl Pts',(-9.54856205703008,3.,-0.851296707987785));
#12169=CARTESIAN_POINT('Origin',(-10.0007920336841,5.,-0.897681340575218));
#12170=CARTESIAN_POINT('',(-10.0007920336841,5.,-0.897681340575218));
#12171=CARTESIAN_POINT('',(-10.0007920336841,5.,-0.44884067028761));
#12172=CARTESIAN_POINT('',(-10.0007920336841,3.,-0.897681340575218));
#12173=CARTESIAN_POINT('',(-10.0007920336841,5.,-0.897681340575218));
#12174=CARTESIAN_POINT('',(-10.0007920336841,3.,-0.897681340575218));
#12175=CARTESIAN_POINT('Origin',(-11.037626750481,5.,-0.897681340575218));
#12176=CARTESIAN_POINT('',(-11.037626750481,5.,-0.897681340575218));
#12177=CARTESIAN_POINT('',(-5.5188133752405,5.,-0.897681340575218));
#12178=CARTESIAN_POINT('',(-11.037626750481,3.,-0.897681340575218));
#12179=CARTESIAN_POINT('',(-11.037626750481,5.,-0.897681340575218));
#12180=CARTESIAN_POINT('',(-11.037626750481,3.,-0.897681340575218));
#12181=CARTESIAN_POINT('Origin',(-11.037626750481,5.,1.99999935925007));
#12182=CARTESIAN_POINT('',(-11.037626750481,5.,0.999999679625033));
#12183=CARTESIAN_POINT('',(-11.037626750481,3.,1.99999935925007));
#12184=CARTESIAN_POINT('Origin',(-3.3213912320255,3.,0.0327413529157641));
#12185=CARTESIAN_POINT('Origin',(-17.9216640067218,5.,1.99999935925007));
#12186=CARTESIAN_POINT('',(-17.9216640067218,5.,1.99999935925007));
#12187=CARTESIAN_POINT('',(-19.1576807570575,5.,1.99999935925007));
#12188=CARTESIAN_POINT('',(-8.96083200336093,5.,1.99999935925007));
#12189=CARTESIAN_POINT('',(-17.9216640067218,3.,1.99999935925007));
#12190=CARTESIAN_POINT('',(-17.9216640067218,5.,1.99999935925007));
#12191=CARTESIAN_POINT('',(-19.1576807570575,3.,1.99999935925007));
#12192=CARTESIAN_POINT('',(-17.9216640067218,3.,1.99999935925007));
#12193=CARTESIAN_POINT('',(-19.1576807570575,5.,1.99999935925007));
#12194=CARTESIAN_POINT('Origin',(-17.9216640067218,5.,1.02391667664051));
#12195=CARTESIAN_POINT('',(-17.9216640067218,5.,1.02391667664051));
#12196=CARTESIAN_POINT('',(-17.9216640067218,5.,0.511958338320254));
#12197=CARTESIAN_POINT('',(-17.9216640067218,3.,1.02391667664051));
#12198=CARTESIAN_POINT('',(-17.9216640067218,5.,1.02391667664051));
#12199=CARTESIAN_POINT('',(-17.9216640067218,3.,1.02391667664051));
#12200=CARTESIAN_POINT('Origin',(-17.2831069302677,5.,0.355004444718361));
#12201=CARTESIAN_POINT('',(-17.2831069302677,5.,0.355004444718361));
#12202=CARTESIAN_POINT('',(-13.0741951987214,5.,-4.05398677020245));
#12203=CARTESIAN_POINT('',(-17.2831069302677,3.,0.355004444718361));
#12204=CARTESIAN_POINT('',(-17.2831069302677,5.,0.355004444718361));
#12205=CARTESIAN_POINT('',(-17.2831069302677,3.,0.355004444718361));
#12206=CARTESIAN_POINT('Origin',(-16.4396982264637,5.,1.99999935925007));
#12207=CARTESIAN_POINT('',(-16.4396982264637,5.,1.99999935925007));
#12208=CARTESIAN_POINT('',(-15.1346826487259,5.,4.54531811050411));
#12209=CARTESIAN_POINT('',(-16.4396982264637,3.,1.99999935925007));
#12210=CARTESIAN_POINT('',(-16.4396982264637,5.,1.99999935925007));
#12211=CARTESIAN_POINT('',(-16.4396982264637,3.,1.99999935925007));
#12212=CARTESIAN_POINT('Origin',(-14.9175720286487,5.,1.99999935925007));
#12213=CARTESIAN_POINT('',(-14.9175720286487,5.,1.99999935925007));
#12214=CARTESIAN_POINT('',(-7.45878601432437,5.,1.99999935925007));
#12215=CARTESIAN_POINT('',(-14.9175720286487,3.,1.99999935925007));
#12216=CARTESIAN_POINT('',(-14.9175720286487,5.,1.99999935925007));
#12217=CARTESIAN_POINT('',(-14.9175720286487,3.,1.99999935925007));
#12218=CARTESIAN_POINT('Origin',(-16.4427249503254,5.,-0.490237697958946));
#12219=CARTESIAN_POINT('',(-16.4427249503254,5.,-0.490237697958946));
#12220=CARTESIAN_POINT('',(-14.0909335359912,5.,3.34971700269016));
#12221=CARTESIAN_POINT('',(-16.4427249503254,3.,-0.490237697958946));
#12222=CARTESIAN_POINT('',(-16.4427249503254,5.,-0.490237697958946));
#12223=CARTESIAN_POINT('',(-16.4427249503254,3.,-0.490237697958946));
#12224=CARTESIAN_POINT('Origin',(-14.9830560755848,5.,-2.00000070035458));
#12225=CARTESIAN_POINT('',(-14.9830560755848,5.,-2.00000070035458));
#12226=CARTESIAN_POINT('',(-11.8633533639894,5.,-5.22676795828973));
#12227=CARTESIAN_POINT('',(-14.9830560755848,3.,-2.00000070035458));
#12228=CARTESIAN_POINT('',(-14.9830560755848,5.,-2.00000070035458));
#12229=CARTESIAN_POINT('',(-14.9830560755848,3.,-2.00000070035458));
#12230=CARTESIAN_POINT('Origin',(-16.6269426417469,5.,-2.00000070035458));
#12231=CARTESIAN_POINT('',(-16.6269426417469,5.,-2.00000070035458));
#12232=CARTESIAN_POINT('',(-8.31347132087344,5.,-2.00000070035458));
#12233=CARTESIAN_POINT('',(-16.6269426417469,3.,-2.00000070035458));
#12234=CARTESIAN_POINT('',(-16.6269426417469,5.,-2.00000070035458));
#12235=CARTESIAN_POINT('',(-16.6269426417469,3.,-2.00000070035458));
#12236=CARTESIAN_POINT('Origin',(-17.9216640067218,5.,-0.488404557108879));
#12237=CARTESIAN_POINT('',(-17.9216640067218,5.,-0.488404557108879));
#12238=CARTESIAN_POINT('',(-14.2502893209699,5.,-4.77475988075015));
#12239=CARTESIAN_POINT('',(-17.9216640067218,3.,-0.488404557108879));
#12240=CARTESIAN_POINT('',(-17.9216640067218,5.,-0.488404557108879));
#12241=CARTESIAN_POINT('',(-17.9216640067218,3.,-0.488404557108879));
#12242=CARTESIAN_POINT('Origin',(-17.9216640067218,5.,-2.00000070035458));
#12243=CARTESIAN_POINT('',(-17.9216640067218,5.,-2.00000070035458));
#12244=CARTESIAN_POINT('',(-17.9216640067218,5.,-1.00000035017729));
#12245=CARTESIAN_POINT('',(-17.9216640067218,3.,-2.00000070035458));
#12246=CARTESIAN_POINT('',(-17.9216640067218,5.,-2.00000070035458));
#12247=CARTESIAN_POINT('',(-17.9216640067218,3.,-2.00000070035458));
#12248=CARTESIAN_POINT('Origin',(-19.1576807570575,5.,-2.00000070035458));
#12249=CARTESIAN_POINT('',(-19.1576807570575,5.,-2.00000070035458));
#12250=CARTESIAN_POINT('',(-9.57884037852877,5.,-2.00000070035458));
#12251=CARTESIAN_POINT('',(-19.1576807570575,3.,-2.00000070035458));
#12252=CARTESIAN_POINT('',(-19.1576807570575,5.,-2.00000070035458));
#12253=CARTESIAN_POINT('',(-19.1576807570575,3.,-2.00000070035458));
#12254=CARTESIAN_POINT('Origin',(-19.1576807570575,5.,1.99999935925007));
#12255=CARTESIAN_POINT('',(-19.1576807570575,5.,0.999999679625033));
#12256=CARTESIAN_POINT('',(-19.1576807570575,3.,1.99999935925007));
#12257=CARTESIAN_POINT('Origin',(-3.3213912320255,3.,0.0327413529157641));
#12258=CARTESIAN_POINT('Origin',(-4.44089209850063E-15,5.,-2.22044604925031E-15));
#12259=CARTESIAN_POINT('Origin',(-4.44089209850063E-15,5.,-2.22044604925031E-15));
#12260=CARTESIAN_POINT('Origin',(-4.44089209850063E-15,5.,-2.22044604925031E-15));
#12261=CARTESIAN_POINT('Origin',(20.,0.,2.5));
#12262=CARTESIAN_POINT('',(25.,5.,2.5));
#12263=CARTESIAN_POINT('',(20.,5.,7.5));
#12264=CARTESIAN_POINT('Origin',(20.,5.,2.5));
#12265=CARTESIAN_POINT('',(20.,0.,7.5));
#12266=CARTESIAN_POINT('',(20.,0.,7.5));
#12267=CARTESIAN_POINT('',(25.,0.,2.5));
#12268=CARTESIAN_POINT('Origin',(20.,0.,2.5));
#12269=CARTESIAN_POINT('',(25.,0.,2.5));
#12270=CARTESIAN_POINT('Origin',(25.,0.,7.5));
#12271=CARTESIAN_POINT('',(25.,0.,-2.5));
#12272=CARTESIAN_POINT('',(25.,0.,7.5));
#12273=CARTESIAN_POINT('',(25.,5.,-2.5));
#12274=CARTESIAN_POINT('',(25.,0.,-2.5));
#12275=CARTESIAN_POINT('',(25.,5.,7.5));
#12276=CARTESIAN_POINT('Origin',(-4.44089209850063E-15,0.,-2.22044604925031E-15));
#12277=CARTESIAN_POINT('',(-20.,0.,7.5));
#12278=CARTESIAN_POINT('',(-25.,0.,7.5));
#12279=CARTESIAN_POINT('',(-25.,0.,2.5));
#12280=CARTESIAN_POINT('Origin',(-20.,0.,2.5));
#12281=CARTESIAN_POINT('',(-25.,0.,-2.5));
#12282=CARTESIAN_POINT('',(-25.,0.,-7.5));
#12283=CARTESIAN_POINT('',(-20.,0.,-7.5));
#12284=CARTESIAN_POINT('Origin',(-20.,0.,-2.5));
#12285=CARTESIAN_POINT('',(20.,0.,-7.5));
#12286=CARTESIAN_POINT('',(25.,0.,-7.5));
#12287=CARTESIAN_POINT('Origin',(20.,0.,-2.5));
#12288=CARTESIAN_POINT('',(17.5000002980232,0.,3.06161699786838E-16));
#12289=CARTESIAN_POINT('Origin',(20.0000002980232,0.,0.));
#12290=CARTESIAN_POINT('Origin',(-20.,0.,-2.5));
#12291=CARTESIAN_POINT('',(-20.8629639291247,5.,-7.42496632039547));
#12292=CARTESIAN_POINT('',(-20.,5.,-7.5));
#12293=CARTESIAN_POINT('Origin',(-20.,5.,-2.5));
#12294=CARTESIAN_POINT('',(-20.,0.,-7.5));
#12295=CARTESIAN_POINT('',(-25.,5.,-2.5));
#12296=CARTESIAN_POINT('',(-25.,0.,-2.5));
#12297=CARTESIAN_POINT('',(-20.8841598077414,5.,-7.42120528268988));
#12298=CARTESIAN_POINT('Origin',(-20.,5.,-2.5));
#12299=CARTESIAN_POINT('',(-20.8841598077414,3.,-7.42120528268988));
#12300=CARTESIAN_POINT('',(-20.8841598077414,0.,-7.42120528268988));
#12301=CARTESIAN_POINT('',(-20.8629639291247,3.,-7.42496632039547));
#12302=CARTESIAN_POINT('Origin',(-20.,3.,-2.5));
#12303=CARTESIAN_POINT('',(-20.8629639291247,0.,-7.42496632039547));
#12304=CARTESIAN_POINT('Origin',(-18.9392041414976,5.,-4.51909981667995));
#12305=CARTESIAN_POINT('',(-18.9392041414976,5.,-4.51909981667995));
#12306=CARTESIAN_POINT('',(-14.9592132662656,5.,1.41952052009468));
#12307=CARTESIAN_POINT('',(-18.9392041414976,3.,-4.51909981667995));
#12308=CARTESIAN_POINT('',(-18.9392041414976,5.,-4.51909981667995));
#12309=CARTESIAN_POINT('',(-18.9392041414976,3.,-4.51909981667995));
#12310=CARTESIAN_POINT('Origin',(-4.44089209850063E-15,5.,-2.22044604925031E-15));
#12311=CARTESIAN_POINT('',(20.,5.,-7.5));
#12312=CARTESIAN_POINT('Origin',(20.,5.,-2.5));
#12313=CARTESIAN_POINT('',(5.21738787935074,5.,-7.5));
#12314=CARTESIAN_POINT('',(25.,5.,-7.5));
#12315=CARTESIAN_POINT('',(6.94156117737293,5.,-6.84004120528698));
#12316=CARTESIAN_POINT('Ctrl Pts',(5.21738787935074,5.,-7.5));
#12317=CARTESIAN_POINT('Ctrl Pts',(5.53183937581604,5.,-7.48195663790502));
#12318=CARTESIAN_POINT('Ctrl Pts',(6.1635976080647,5.,-7.41793179573519));
#12319=CARTESIAN_POINT('Ctrl Pts',(6.67881346028145,5.,-7.03521671138932));
#12320=CARTESIAN_POINT('Ctrl Pts',(6.94156117737293,5.,-6.84004120528698));
#12321=CARTESIAN_POINT('',(7.61686749756336,5.,-4.96248327195644));
#12322=CARTESIAN_POINT('Ctrl Pts',(6.94156117737293,5.,-6.84004120528698));
#12323=CARTESIAN_POINT('Ctrl Pts',(7.13829158317838,5.,-6.58234962767999));
#12324=CARTESIAN_POINT('Ctrl Pts',(7.55982068003598,5.,-6.03020062187807));
#12325=CARTESIAN_POINT('Ctrl Pts',(7.59702609487461,5.,-5.33384509047317));
#12326=CARTESIAN_POINT('Ctrl Pts',(7.61686749756336,5.,-4.96248327195644));
#12327=CARTESIAN_POINT('',(7.32184834778309,5.,-3.52489791810513));
#12328=CARTESIAN_POINT('Ctrl Pts',(7.61686749756336,5.,-4.96248327195644));
#12329=CARTESIAN_POINT('Ctrl Pts',(7.60926513641924,5.,-4.69293028335209));
#12330=CARTESIAN_POINT('Ctrl Pts',(7.59523694269808,5.,-4.1955398712714));
#12331=CARTESIAN_POINT('Ctrl Pts',(7.40773605095626,5.,-3.73558665231123));
#12332=CARTESIAN_POINT('Ctrl Pts',(7.32184834778309,5.,-3.52489791810513));
#12333=CARTESIAN_POINT('',(6.46918721497059,5.,-2.65177391469479));
#12334=CARTESIAN_POINT('Ctrl Pts',(7.32184834778309,5.,-3.52489791810513));
#12335=CARTESIAN_POINT('Ctrl Pts',(7.21236708531935,5.,-3.34814395852206));
#12336=CARTESIAN_POINT('Ctrl Pts',(6.992933104327,5.,-2.99387488877765));
#12337=CARTESIAN_POINT('Ctrl Pts',(6.64401905984068,5.,-2.76597079078723));
#12338=CARTESIAN_POINT('Ctrl Pts',(6.46918721497059,5.,-2.65177391469479));
#12339=CARTESIAN_POINT('',(5.07934994995594,5.,-2.33970008790493));
#12340=CARTESIAN_POINT('Ctrl Pts',(6.46918721497059,5.,-2.65177391469479));
#12341=CARTESIAN_POINT('Ctrl Pts',(6.26344186923507,5.,-2.56086809766818));
#12342=CARTESIAN_POINT('Ctrl Pts',(5.82150103530395,5.,-2.36560247723673));
#12343=CARTESIAN_POINT('Ctrl Pts',(5.33784183749993,5.,-2.34872191330203));
#12344=CARTESIAN_POINT('Ctrl Pts',(5.07934994995594,5.,-2.33970008790493));
#12345=CARTESIAN_POINT('',(3.67928452789783,5.,-2.60914109647274));
#12346=CARTESIAN_POINT('Ctrl Pts',(5.07934994995594,5.,-2.33970008790493));
#12347=CARTESIAN_POINT('Ctrl Pts',(4.81859926998372,5.,-2.3467777073831));
#12348=CARTESIAN_POINT('Ctrl Pts',(4.33641151261273,5.,-2.35986584760989));
#12349=CARTESIAN_POINT('Ctrl Pts',(3.88608831279088,5.,-2.53069192889311));
#12350=CARTESIAN_POINT('Ctrl Pts',(3.67928452789783,5.,-2.60914109647274));
#12351=CARTESIAN_POINT('',(2.78057999908924,5.,-3.46180103719234));
#12352=CARTESIAN_POINT('Ctrl Pts',(3.67928452789783,5.,-2.60914109647274));
#12353=CARTESIAN_POINT('Ctrl Pts',(3.50191754455941,5.,-2.71437266693538));
#12354=CARTESIAN_POINT('Ctrl Pts',(3.13801937040842,5.,-2.93027291868252));
#12355=CARTESIAN_POINT('Ctrl Pts',(2.90171014914923,5.,-3.28167515872915));
#12356=CARTESIAN_POINT('Ctrl Pts',(2.78057999908924,5.,-3.46180103719234));
#12357=CARTESIAN_POINT('',(2.43610329926014,5.,-4.92155514657497));
#12358=CARTESIAN_POINT('Ctrl Pts',(2.78057999908924,5.,-3.46180103719234));
#12359=CARTESIAN_POINT('Ctrl Pts',(2.68022925180802,5.,-3.67715501383536));
#12360=CARTESIAN_POINT('Ctrl Pts',(2.46498387752986,5.,-4.13907431748449));
#12361=CARTESIAN_POINT('Ctrl Pts',(2.44615425720204,5.,-4.64923781864328));
#12362=CARTESIAN_POINT('Ctrl Pts',(2.43610329926014,5.,-4.92155514657497));
#12363=CARTESIAN_POINT('',(3.11823315918446,5.,-6.82810388505459));
#12364=CARTESIAN_POINT('Ctrl Pts',(2.43610329926014,5.,-4.92155514657497));
#12365=CARTESIAN_POINT('Ctrl Pts',(2.45614901994359,5.,-5.29823840029335));
#12366=CARTESIAN_POINT('Ctrl Pts',(2.49373837398707,5.,-6.00458767103617));
#12367=CARTESIAN_POINT('Ctrl Pts',(2.91951533048113,5.,-6.56605629421682));
#12368=CARTESIAN_POINT('Ctrl Pts',(3.11823315918446,5.,-6.82810388505459));
#12369=CARTESIAN_POINT('',(4.83721929946108,5.,-7.5));
#12370=CARTESIAN_POINT('Ctrl Pts',(3.11823315918446,5.,-6.82810388505459));
#12371=CARTESIAN_POINT('Ctrl Pts',(3.37968201919216,5.,-7.02683225198612));
#12372=CARTESIAN_POINT('Ctrl Pts',(3.89104342966007,5.,-7.41552018893522));
#12373=CARTESIAN_POINT('Ctrl Pts',(4.52348237553862,5.,-7.48061705500749));
#12374=CARTESIAN_POINT('Ctrl Pts',(4.83721929946108,5.,-7.5));
#12375=CARTESIAN_POINT('',(-12.7428134254401,5.,-7.5));
#12376=CARTESIAN_POINT('',(25.,5.,-7.5));
#12377=CARTESIAN_POINT('',(-11.0186379402876,5.,-6.84004120528698));
#12378=CARTESIAN_POINT('Ctrl Pts',(-12.7428134254401,5.,-7.5));
#12379=CARTESIAN_POINT('Ctrl Pts',(-12.4283616131267,5.,-7.48195663776334));
#12380=CARTESIAN_POINT('Ctrl Pts',(-11.796602723392,5.,-7.41793179557136));
#12381=CARTESIAN_POINT('Ctrl Pts',(-11.2813860674138,5.,-7.03521671140074));
#12382=CARTESIAN_POINT('Ctrl Pts',(-11.0186379402876,5.,-6.84004120528698));
#12383=CARTESIAN_POINT('',(-10.3433316200972,5.,-4.96248327195644));
#12384=CARTESIAN_POINT('Ctrl Pts',(-11.0186379402876,5.,-6.84004120528698));
#12385=CARTESIAN_POINT('Ctrl Pts',(-10.8219075344821,5.,-6.58234962767999));
#12386=CARTESIAN_POINT('Ctrl Pts',(-10.4003784376245,5.,-6.03020062187807));
#12387=CARTESIAN_POINT('Ctrl Pts',(-10.3631730227859,5.,-5.33384509047317));
#12388=CARTESIAN_POINT('Ctrl Pts',(-10.3433316200972,5.,-4.96248327195644));
#12389=CARTESIAN_POINT('',(-10.6383519619703,5.,-3.52489791810513));
#12390=CARTESIAN_POINT('Ctrl Pts',(-10.3433316200972,5.,-4.96248327195644));
#12391=CARTESIAN_POINT('Ctrl Pts',(-10.3509338719336,5.,-4.69293024497524));
#12392=CARTESIAN_POINT('Ctrl Pts',(-10.3649618676527,5.,-4.19553963099627));
#12393=CARTESIAN_POINT('Ctrl Pts',(-10.5524637693786,5.,-3.73558662188055));
#12394=CARTESIAN_POINT('Ctrl Pts',(-10.6383519619703,5.,-3.52489791810513));
#12395=CARTESIAN_POINT('',(-11.4910119026899,5.,-2.65177391469479));
#12396=CARTESIAN_POINT('Ctrl Pts',(-10.6383519619703,5.,-3.52489791810513));
#12397=CARTESIAN_POINT('Ctrl Pts',(-10.7478337244442,5.,-3.34814406673106));
#12398=CARTESIAN_POINT('Ctrl Pts',(-10.9672682453566,5.,-2.99387596015975));
#12399=CARTESIAN_POINT('Ctrl Pts',(-11.3161810471937,5.,-2.76597098885159));
#12400=CARTESIAN_POINT('Ctrl Pts',(-11.4910119026899,5.,-2.65177391469479));
#12401=CARTESIAN_POINT('',(-12.8808479756117,5.,-2.33970008790493));
#12402=CARTESIAN_POINT('Ctrl Pts',(-11.4910119026899,5.,-2.65177391469479));
#12403=CARTESIAN_POINT('Ctrl Pts',(-11.6967576460885,5.,-2.56086808998241));
#12404=CARTESIAN_POINT('Ctrl Pts',(-12.138698209818,5.,-2.36560294983383));
#12405=CARTESIAN_POINT('Ctrl Pts',(-12.6223569210073,5.,-2.34872206487761));
#12406=CARTESIAN_POINT('Ctrl Pts',(-12.8808479756117,5.,-2.33970008790493));
#12407=CARTESIAN_POINT('',(-14.2809157818556,5.,-2.60914109647274));
#12408=CARTESIAN_POINT('Ctrl Pts',(-12.8808479756117,5.,-2.33970008790493));
#12409=CARTESIAN_POINT('Ctrl Pts',(-13.1415994658075,5.,-2.34677762011139));
#12410=CARTESIAN_POINT('Ctrl Pts',(-13.6237880435729,5.,-2.3598655805528));
#12411=CARTESIAN_POINT('Ctrl Pts',(-14.0741119944223,5.,-2.53069193384669));
#12412=CARTESIAN_POINT('Ctrl Pts',(-14.2809157818556,5.,-2.60914109647274));
#12413=CARTESIAN_POINT('',(-15.1796203106642,5.,-3.46180103719234));
#12414=CARTESIAN_POINT('Ctrl Pts',(-14.2809157818556,5.,-2.60914109647274));
#12415=CARTESIAN_POINT('Ctrl Pts',(-14.4582832813587,5.,-2.71437254449681));
#12416=CARTESIAN_POINT('Ctrl Pts',(-14.8221820011763,5.,-2.93027224048274));
#12417=CARTESIAN_POINT('Ctrl Pts',(-15.0584906278567,5.,-3.28167508863159));
#12418=CARTESIAN_POINT('Ctrl Pts',(-15.1796203106642,5.,-3.46180103719234));
#12419=CARTESIAN_POINT('',(-15.5240952223539,5.,-4.92155514657497));
#12420=CARTESIAN_POINT('Ctrl Pts',(-15.1796203106642,5.,-3.46180103719234));
#12421=CARTESIAN_POINT('Ctrl Pts',(-15.2799691768198,5.,-3.67715515365241));
#12422=CARTESIAN_POINT('Ctrl Pts',(-15.4952108011546,5.,-4.13907536869654));
#12423=CARTESIAN_POINT('Ctrl Pts',(-15.5140429194259,5.,-4.64923797919824));
#12424=CARTESIAN_POINT('Ctrl Pts',(-15.5240952223539,5.,-4.92155514657497));
#12425=CARTESIAN_POINT('',(-14.841967150569,5.,-6.82810388505459));
#12426=CARTESIAN_POINT('Ctrl Pts',(-15.5240952223539,5.,-4.92155514657497));
#12427=CARTESIAN_POINT('Ctrl Pts',(-15.5040502392924,5.,-5.29823841953163));
#12428=CARTESIAN_POINT('Ctrl Pts',(-15.4664622640195,5.,-6.00458780911061));
#12429=CARTESIAN_POINT('Ctrl Pts',(-15.0406851018627,5.,-6.566056314234));
#12430=CARTESIAN_POINT('Ctrl Pts',(-14.841967150569,5.,-6.82810388505459));
#12431=CARTESIAN_POINT('',(-13.1229827706415,5.,-7.5));
#12432=CARTESIAN_POINT('Ctrl Pts',(-14.841967150569,5.,-6.82810388505459));
#12433=CARTESIAN_POINT('Ctrl Pts',(-14.580518697178,5.,-7.02683224847271));
#12434=CARTESIAN_POINT('Ctrl Pts',(-14.0691579657246,5.,-7.41552026693294));
#12435=CARTESIAN_POINT('Ctrl Pts',(-13.4367195376131,5.,-7.48061710767609));
#12436=CARTESIAN_POINT('Ctrl Pts',(-13.1229827706415,5.,-7.5));
#12437=CARTESIAN_POINT('',(25.,5.,-7.5));
#12438=CARTESIAN_POINT('',(-19.1705416887999,5.,-7.42496632039547));
#12439=CARTESIAN_POINT('',(-10.4433402046561,5.,-7.42496632039547));
#12440=CARTESIAN_POINT('',(-18.1630700081587,5.,-5.73824428021908));
#12441=CARTESIAN_POINT('',(-15.0157152681672,5.,-0.468902510911196));
#12442=CARTESIAN_POINT('',(-17.1536802500486,5.,-7.42496632039547));
#12443=CARTESIAN_POINT('',(-17.0325978694027,5.,-7.62729878758326));
#12444=CARTESIAN_POINT('',(-15.4467075318098,5.,-7.42496632039547));
#12445=CARTESIAN_POINT('',(-8.57684012502432,5.,-7.42496632039547));
#12446=CARTESIAN_POINT('',(-17.3907732218504,5.,-4.51909981667995));
#12447=CARTESIAN_POINT('',(-14.7744723493931,5.,-8.42978097723092));
#12448=CARTESIAN_POINT('',(-17.3907732218504,5.,-2.42496632039547));
#12449=CARTESIAN_POINT('',(-17.3907732218504,5.,-2.25954990833998));
#12450=CARTESIAN_POINT('',(-18.9392041414976,5.,-2.42496632039547));
#12451=CARTESIAN_POINT('',(-8.6953866109252,5.,-2.42496632039547));
#12452=CARTESIAN_POINT('',(-18.9392041414976,5.,-1.21248316019774));
#12453=CARTESIAN_POINT('',(-25.,5.,2.5));
#12454=CARTESIAN_POINT('',(-25.,5.,-7.5));
#12455=CARTESIAN_POINT('',(-22.1837811917067,5.,6.99789947717245));
#12456=CARTESIAN_POINT('Origin',(-20.,5.,2.5));
#12457=CARTESIAN_POINT('',(-22.1837811917067,5.,2.42496527731419));
#12458=CARTESIAN_POINT('',(-22.1837811917067,5.,3.71248263865709));
#12459=CARTESIAN_POINT('',(-20.6353502720594,5.,2.42496527731419));
#12460=CARTESIAN_POINT('',(-11.0918905958533,5.,2.42496527731419));
#12461=CARTESIAN_POINT('',(-20.6353502720594,5.,7.42496527731419));
#12462=CARTESIAN_POINT('',(-20.6353502720594,5.,1.21248263865709));
#12463=CARTESIAN_POINT('',(-20.8629698820061,5.,7.42496527731419));
#12464=CARTESIAN_POINT('',(-10.3176751360297,5.,7.42496527731419));
#12465=CARTESIAN_POINT('',(-20.,5.,7.5));
#12466=CARTESIAN_POINT('Origin',(-20.,5.,2.5));
#12467=CARTESIAN_POINT('',(-11.4773911367911,5.,7.5));
#12468=CARTESIAN_POINT('',(-25.,5.,7.5));
#12469=CARTESIAN_POINT('',(-12.6438086479902,5.,7.20668472349644));
#12470=CARTESIAN_POINT('Ctrl Pts',(-11.4773911367911,5.,7.5));
#12471=CARTESIAN_POINT('Ctrl Pts',(-11.6545543230418,5.,7.49082733177715));
#12472=CARTESIAN_POINT('Ctrl Pts',(-12.05632600237,5.,7.45189600731048));
#12473=CARTESIAN_POINT('Ctrl Pts',(-12.4321133528357,5.,7.29504490824272));
#12474=CARTESIAN_POINT('Ctrl Pts',(-12.6438086479902,5.,7.20668472349644));
#12475=CARTESIAN_POINT('',(-13.5135214775801,5.,6.30286492407322));
#12476=CARTESIAN_POINT('Ctrl Pts',(-12.6438086479902,5.,7.20668472349644));
#12477=CARTESIAN_POINT('Ctrl Pts',(-12.8210589995509,5.,7.09166685116546));
#12478=CARTESIAN_POINT('Ctrl Pts',(-13.1809986437354,5.,6.85810177398985));
#12479=CARTESIAN_POINT('Ctrl Pts',(-13.4015695392008,5.,6.48979897876368));
#12480=CARTESIAN_POINT('Ctrl Pts',(-13.5135214775801,5.,6.30286492407322));
#12481=CARTESIAN_POINT('',(-13.8221841305494,5.,4.92496527731419));
#12482=CARTESIAN_POINT('Ctrl Pts',(-13.5135214775801,5.,6.30286492407322));
#12483=CARTESIAN_POINT('Ctrl Pts',(-13.6035145360413,5.,6.09092749598182));
#12484=CARTESIAN_POINT('Ctrl Pts',(-13.7903876741728,5.,5.65083341592518));
#12485=CARTESIAN_POINT('Ctrl Pts',(-13.811328066076,5.,5.17279387867261));
#12486=CARTESIAN_POINT('Ctrl Pts',(-13.8221841305494,5.,4.92496527731419));
#12487=CARTESIAN_POINT('',(-13.4845309704542,5.,3.50102223455906));
#12488=CARTESIAN_POINT('Ctrl Pts',(-13.8221841305494,5.,4.92496527731419));
#12489=CARTESIAN_POINT('Ctrl Pts',(-13.8107315306719,5.,4.66582227846432));
#12490=CARTESIAN_POINT('Ctrl Pts',(-13.7887815982845,5.,4.16915153433427));
#12491=CARTESIAN_POINT('Ctrl Pts',(-13.5829620714044,5.,3.71717528910799));
#12492=CARTESIAN_POINT('Ctrl Pts',(-13.4845309704542,5.,3.50102223455906));
#12493=CARTESIAN_POINT('',(-12.4954455345869,5.,2.58185543119907));
#12494=CARTESIAN_POINT('Ctrl Pts',(-13.4845309704542,5.,3.50102223455906));
#12495=CARTESIAN_POINT('Ctrl Pts',(-13.357700813532,5.,3.31080104312985));
#12496=CARTESIAN_POINT('Ctrl Pts',(-13.1011354747201,5.,2.92600167354342));
#12497=CARTESIAN_POINT('Ctrl Pts',(-12.6988604676271,5.,2.6974335186065));
#12498=CARTESIAN_POINT('Ctrl Pts',(-12.4954455345869,5.,2.58185543119907));
#12499=CARTESIAN_POINT('',(-11.1277788132429,5.,2.33969964087009));
#12500=CARTESIAN_POINT('Ctrl Pts',(-12.4954455345869,5.,2.58185543119907));
#12501=CARTESIAN_POINT('Ctrl Pts',(-12.2986449514052,5.,2.51143943353692));
#12502=CARTESIAN_POINT('Ctrl Pts',(-11.8573612746314,5.,2.35354645451379));
#12503=CARTESIAN_POINT('Ctrl Pts',(-11.387882663267,5.,2.34463617612128));
#12504=CARTESIAN_POINT('Ctrl Pts',(-11.1277788132429,5.,2.33969964087009));
#12505=CARTESIAN_POINT('',(-9.88800935447216,5.,2.48976744711399));
#12506=CARTESIAN_POINT('Ctrl Pts',(-11.1277788132429,5.,2.33969964087009));
#12507=CARTESIAN_POINT('Ctrl Pts',(-10.8848165981455,5.,2.34089611637121));
#12508=CARTESIAN_POINT('Ctrl Pts',(-10.4651261724759,5.,2.34296289581741));
#12509=CARTESIAN_POINT('Ctrl Pts',(-10.0590181331039,5.,2.44626695253189));
#12510=CARTESIAN_POINT('Ctrl Pts',(-9.88800935447216,5.,2.48976744711399));
#12511=CARTESIAN_POINT('',(-9.20588187873363,5.,2.95532025396824));
#12512=CARTESIAN_POINT('Ctrl Pts',(-9.88800935447216,5.,2.48976744711399));
#12513=CARTESIAN_POINT('Ctrl Pts',(-9.75745849861396,5.,2.54596942797266));
#12514=CARTESIAN_POINT('Ctrl Pts',(-9.49976998856289,5.,2.6569040106239));
#12515=CARTESIAN_POINT('Ctrl Pts',(-9.30297570537684,5.,2.85673043685851));
#12516=CARTESIAN_POINT('Ctrl Pts',(-9.20588187873363,5.,2.95532025396824));
#12517=CARTESIAN_POINT('',(-8.7983100861311,5.,3.75511564314365));
#12518=CARTESIAN_POINT('Ctrl Pts',(-9.20588187873363,5.,2.95532025396824));
#12519=CARTESIAN_POINT('Ctrl Pts',(-9.12012662263126,5.,3.07114235610934));
#12520=CARTESIAN_POINT('Ctrl Pts',(-8.93975570380074,5.,3.31475353440415));
#12521=CARTESIAN_POINT('Ctrl Pts',(-8.84697780940671,5.,3.60359860357544));
#12522=CARTESIAN_POINT('Ctrl Pts',(-8.7983100861311,5.,3.75511564314365));
#12523=CARTESIAN_POINT('',(-10.2887599915266,5.,4.02114547789097));
#12524=CARTESIAN_POINT('',(-4.21020094051331,5.,2.93618579290662));
#12525=CARTESIAN_POINT('',(-10.6008344143629,5.,3.58799375593662));
#12526=CARTESIAN_POINT('Ctrl Pts',(-10.2887599915266,5.,4.02114547789097));
#12527=CARTESIAN_POINT('Ctrl Pts',(-10.3236195490452,5.,3.93313904407047));
#12528=CARTESIAN_POINT('Ctrl Pts',(-10.3912961884593,5.,3.76228261008899));
#12529=CARTESIAN_POINT('Ctrl Pts',(-10.5324079193529,5.,3.64490926792743));
#12530=CARTESIAN_POINT('Ctrl Pts',(-10.6008344143629,5.,3.58799375593662));
#12531=CARTESIAN_POINT('',(-11.1618845909834,5.,3.43792594969273));
#12532=CARTESIAN_POINT('Ctrl Pts',(-10.6008344143629,5.,3.58799375593662));
#12533=CARTESIAN_POINT('Ctrl Pts',(-10.682527355319,5.,3.5442744826116));
#12534=CARTESIAN_POINT('Ctrl Pts',(-10.8574196386687,5.,3.4506781026953));
#12535=CARTESIAN_POINT('Ctrl Pts',(-11.0560404294623,5.,3.44235910671749));
#12536=CARTESIAN_POINT('Ctrl Pts',(-11.1618845909834,5.,3.43792594969273));
#12537=CARTESIAN_POINT('',(-11.9719117134809,5.,3.7909273058176));
#12538=CARTESIAN_POINT('Ctrl Pts',(-11.1618845909834,5.,3.43792594969273));
#12539=CARTESIAN_POINT('Ctrl Pts',(-11.3212998309135,5.,3.45105158790025));
#12540=CARTESIAN_POINT('Ctrl Pts',(-11.6320889811244,5.,3.47664077213558));
#12541=CARTESIAN_POINT('Ctrl Pts',(-11.8606083658175,5.,3.68798792009207));
#12542=CARTESIAN_POINT('Ctrl Pts',(-11.9719117134809,5.,3.7909273058176));
#12543=CARTESIAN_POINT('',(-12.2737532109022,5.,4.90791238844395));
#12544=CARTESIAN_POINT('Ctrl Pts',(-11.9719117134809,5.,3.7909273058176));
#12545=CARTESIAN_POINT('Ctrl Pts',(-12.0595543434578,5.,3.93924304292301));
#12546=CARTESIAN_POINT('Ctrl Pts',(-12.2618200278446,5.,4.28153290892615));
#12547=CARTESIAN_POINT('Ctrl Pts',(-12.2694368129889,5.,4.68134223819296));
#12548=CARTESIAN_POINT('Ctrl Pts',(-12.2737532109022,5.,4.90791238844395));
#12549=CARTESIAN_POINT('',(-11.9685011357069,5.,6.06753028929234));
#12550=CARTESIAN_POINT('Ctrl Pts',(-12.2737532109022,5.,4.90791238844395));
#12551=CARTESIAN_POINT('Ctrl Pts',(-12.2706918422169,5.,5.14636421217433));
#12552=CARTESIAN_POINT('Ctrl Pts',(-12.2653680757824,5.,5.56103553925923));
#12553=CARTESIAN_POINT('Ctrl Pts',(-12.0570348242456,5.,5.91647996204978));
#12554=CARTESIAN_POINT('Ctrl Pts',(-11.9685011357069,5.,6.06753028929234));
#12555=CARTESIAN_POINT('',(-11.1175458878279,5.,6.41541518270969));
#12556=CARTESIAN_POINT('Ctrl Pts',(-11.9685011357069,5.,6.06753028929234));
#12557=CARTESIAN_POINT('Ctrl Pts',(-11.85279305531,5.,6.16893522217532));
#12558=CARTESIAN_POINT('Ctrl Pts',(-11.6099454339629,5.,6.38176345905422));
#12559=CARTESIAN_POINT('Ctrl Pts',(-11.2867502782478,5.,6.40385136338371));
#12560=CARTESIAN_POINT('Ctrl Pts',(-11.1175458878279,5.,6.41541518270969));
#12561=CARTESIAN_POINT('',(-10.6230037659407,5.,6.34038127958775));
#12562=CARTESIAN_POINT('Ctrl Pts',(-11.1175458878279,5.,6.41541518270969));
#12563=CARTESIAN_POINT('Ctrl Pts',(-11.0326313336151,5.,6.41244492981908));
#12564=CARTESIAN_POINT('Ctrl Pts',(-10.8648608521118,5.,6.40657643339624));
#12565=CARTESIAN_POINT('Ctrl Pts',(-10.702960595881,5.,6.36226509014601));
#12566=CARTESIAN_POINT('Ctrl Pts',(-10.6230037659407,5.,6.34038127958775));
#12567=CARTESIAN_POINT('',(-10.084121748805,5.,6.08458317816257));
#12568=CARTESIAN_POINT('Ctrl Pts',(-10.6230037659407,5.,6.34038127958775));
#12569=CARTESIAN_POINT('Ctrl Pts',(-10.5378949394255,5.,6.3086487202389));
#12570=CARTESIAN_POINT('Ctrl Pts',(-10.3509710681689,5.,6.23895474041046));
#12571=CARTESIAN_POINT('Ctrl Pts',(-10.178218089426,5.,6.13901764004573));
#12572=CARTESIAN_POINT('Ctrl Pts',(-10.084121748805,5.,6.08458317816257));
#12573=CARTESIAN_POINT('',(-10.084121748805,5.,5.6139151006937));
#12574=CARTESIAN_POINT('',(-10.084121748805,5.,3.04229158908129));
#12575=CARTESIAN_POINT('',(-11.1175458878279,5.,5.6139151006937));
#12576=CARTESIAN_POINT('',(-5.04206087440252,5.,5.6139151006937));
#12577=CARTESIAN_POINT('',(-11.1175458878279,5.,4.57366980612278));
#12578=CARTESIAN_POINT('',(-11.1175458878279,5.,2.80695755034685));
#12579=CARTESIAN_POINT('',(-8.73009733855724,5.,4.57366980612278));
#12580=CARTESIAN_POINT('',(-5.55877294391394,5.,4.57366980612278));
#12581=CARTESIAN_POINT('',(-8.73009733855724,5.,6.70532025396824));
#12582=CARTESIAN_POINT('',(-8.73009733855724,5.,2.28683490306139));
#12583=CARTESIAN_POINT('',(-9.94258098304272,5.,7.34140433371067));
#12584=CARTESIAN_POINT('Ctrl Pts',(-8.73009733855724,5.,6.70532025396824));
#12585=CARTESIAN_POINT('Ctrl Pts',(-8.94093350856515,5.,6.84485536412654));
#12586=CARTESIAN_POINT('Ctrl Pts',(-9.32377885020653,5.,7.0982291894883));
#12587=CARTESIAN_POINT('Ctrl Pts',(-9.75074755693259,5.,7.26601816649241));
#12588=CARTESIAN_POINT('Ctrl Pts',(-9.94258098304272,5.,7.34140433371067));
#12589=CARTESIAN_POINT('',(-10.8654825108347,5.,7.5));
#12590=CARTESIAN_POINT('Ctrl Pts',(-9.94258098304272,5.,7.34140433371067));
#12591=CARTESIAN_POINT('Ctrl Pts',(-10.1335925284248,5.,7.39058477107054));
#12592=CARTESIAN_POINT('Ctrl Pts',(-10.4376574935339,5.,7.46887348361912));
#12593=CARTESIAN_POINT('Ctrl Pts',(-10.7491648522101,5.,7.49414507175869));
#12594=CARTESIAN_POINT('Ctrl Pts',(-10.8654825108347,5.,7.5));
#12595=CARTESIAN_POINT('',(-25.,5.,7.5));
#12596=CARTESIAN_POINT('',(-0.17068438231945,5.,-2.42496632039547));
#12597=CARTESIAN_POINT('',(-2.83780626952648,5.,-2.42496632039547));
#12598=CARTESIAN_POINT('',(-0.0853421911597274,5.,-2.42496632039547));
#12599=CARTESIAN_POINT('',(-2.83780626952648,5.,-7.42496632039547));
#12600=CARTESIAN_POINT('',(-2.83780626952648,5.,-1.21248316019774));
#12601=CARTESIAN_POINT('',(0.0544209033250809,5.,-7.42496632039547));
#12602=CARTESIAN_POINT('',(-1.41890313476324,5.,-7.42496632039547));
#12603=CARTESIAN_POINT('',(1.16458363831043,5.,-7.06684909760952));
#12604=CARTESIAN_POINT('Ctrl Pts',(0.0544209033250809,5.,-7.42496632039547));
#12605=CARTESIAN_POINT('Ctrl Pts',(0.274549631760115,5.,-7.41596036580763));
#12606=CARTESIAN_POINT('Ctrl Pts',(0.679663178941992,5.,-7.39938627193638));
#12607=CARTESIAN_POINT('Ctrl Pts',(1.0125701292716,5.,-7.17109329225769));
#12608=CARTESIAN_POINT('Ctrl Pts',(1.16458363831043,5.,-7.06684909760952));
#12609=CARTESIAN_POINT('',(1.55168958008289,5.,-6.18008218705654));
#12610=CARTESIAN_POINT('Ctrl Pts',(1.16458363831043,5.,-7.06684909760952));
#12611=CARTESIAN_POINT('Ctrl Pts',(1.27748952226342,5.,-6.94030955221396));
#12612=CARTESIAN_POINT('Ctrl Pts',(1.50345914238627,5.,-6.68705354816497));
#12613=CARTESIAN_POINT('Ctrl Pts',(1.53560528223469,5.,-6.34915132186034));
#12614=CARTESIAN_POINT('Ctrl Pts',(1.55168958008289,5.,-6.18008218705654));
#12615=CARTESIAN_POINT('',(1.27542920410633,5.,-5.41950933635235));
#12616=CARTESIAN_POINT('Ctrl Pts',(1.55168958008289,5.,-6.18008218705654));
#12617=CARTESIAN_POINT('Ctrl Pts',(1.54086129812938,5.,-6.03833747995768));
#12618=CARTESIAN_POINT('Ctrl Pts',(1.51951435510108,5.,-5.75890107444189));
#12619=CARTESIAN_POINT('Ctrl Pts',(1.35600037320751,5.,-5.53154068692699));
#12620=CARTESIAN_POINT('Ctrl Pts',(1.27542920410633,5.,-5.41950933635235));
#12621=CARTESIAN_POINT('',(0.736545994877815,5.,-5.08526645600796));
#12622=CARTESIAN_POINT('Ctrl Pts',(1.27542920410633,5.,-5.41950933635235));
#12623=CARTESIAN_POINT('Ctrl Pts',(1.20299257826963,5.,-5.35142010490418));
#12624=CARTESIAN_POINT('Ctrl Pts',(1.04618376308424,5.,-5.20402240951265));
#12625=CARTESIAN_POINT('Ctrl Pts',(0.844866368031103,5.,-5.12681077171697));
#12626=CARTESIAN_POINT('Ctrl Pts',(0.736545994877815,5.,-5.08526645600796));
#12627=CARTESIAN_POINT('',(1.52952142059803,5.,-4.64017771184444));
#12628=CARTESIAN_POINT('Ctrl Pts',(0.736545994877815,5.,-5.08526645600796));
#12629=CARTESIAN_POINT('Ctrl Pts',(0.899903048865234,5.,-5.03944125459334));
#12630=CARTESIAN_POINT('Ctrl Pts',(1.20124486639634,5.,-4.95490833026627));
#12631=CARTESIAN_POINT('Ctrl Pts',(1.42641552020466,5.,-4.73902907170674));
#12632=CARTESIAN_POINT('Ctrl Pts',(1.52952142059803,5.,-4.64017771184444));
#12633=CARTESIAN_POINT('',(1.78361363708973,5.,-3.84720407426357));
#12634=CARTESIAN_POINT('Ctrl Pts',(1.52952142059803,5.,-4.64017771184444));
#12635=CARTESIAN_POINT('Ctrl Pts',(1.60359055554534,5.,-4.52498659209341));
#12636=CARTESIAN_POINT('Ctrl Pts',(1.7586620811191,5.,-4.28382186558419));
#12637=CARTESIAN_POINT('Ctrl Pts',(1.77505218432103,5.,-3.9970176811892));
#12638=CARTESIAN_POINT('Ctrl Pts',(1.78361363708973,5.,-3.84720407426357));
#12639=CARTESIAN_POINT('',(1.60284943878651,5.,-3.14802251756191));
#12640=CARTESIAN_POINT('Ctrl Pts',(1.78361363708973,5.,-3.84720407426357));
#12641=CARTESIAN_POINT('Ctrl Pts',(1.77673144671213,5.,-3.72199707639986));
#12642=CARTESIAN_POINT('Ctrl Pts',(1.76324853245685,5.,-3.4767037724177));
#12643=CARTESIAN_POINT('Ctrl Pts',(1.65556648738786,5.,-3.25604747761685));
#12644=CARTESIAN_POINT('Ctrl Pts',(1.60284943878651,5.,-3.14802251756191));
#12645=CARTESIAN_POINT('',(1.1083073168993,5.,-2.65688978135586));
#12646=CARTESIAN_POINT('Ctrl Pts',(1.60284943878651,5.,-3.14802251756191));
#12647=CARTESIAN_POINT('Ctrl Pts',(1.53693988411619,5.,-3.0499020831131));
#12648=CARTESIAN_POINT('Ctrl Pts',(1.40483679799309,5.,-2.85323845418608));
#12649=CARTESIAN_POINT('Ctrl Pts',(1.20729202865793,5.,-2.72243306802199));
#12650=CARTESIAN_POINT('Ctrl Pts',(1.1083073168993,5.,-2.65688978135586));
#12651=CARTESIAN_POINT('',(0.521678403019905,5.,-2.49317906796932));
#12652=CARTESIAN_POINT('Ctrl Pts',(1.1083073168993,5.,-2.65688978135586));
#12653=CARTESIAN_POINT('Ctrl Pts',(1.02801175704584,5.,-2.62111255176616));
#12654=CARTESIAN_POINT('Ctrl Pts',(0.840919138274447,5.,-2.53774984044641));
#12655=CARTESIAN_POINT('Ctrl Pts',(0.637687824922848,5.,-2.50937571513189));
#12656=CARTESIAN_POINT('Ctrl Pts',(0.521678403019905,5.,-2.49317906796932));
#12657=CARTESIAN_POINT('Ctrl Pts',(0.521678403019905,5.,-2.49317906796932));
#12658=CARTESIAN_POINT('Ctrl Pts',(0.37722435594691,5.,-2.47378416780721));
#12659=CARTESIAN_POINT('Ctrl Pts',(0.147185428307068,5.,-2.44289834546179));
#12660=CARTESIAN_POINT('Ctrl Pts',(-0.0844904733971452,5.,-2.4298287869893));
#12661=CARTESIAN_POINT('Ctrl Pts',(-0.17068438231945,5.,-2.42496632039547));
#12662=CARTESIAN_POINT('',(11.5145821124315,5.,-3.73276077210903));
#12663=CARTESIAN_POINT('',(11.7413897067308,5.,-4.37510691583157));
#12664=CARTESIAN_POINT('Ctrl Pts',(11.5145821124315,5.,-3.73276077210903));
#12665=CARTESIAN_POINT('Ctrl Pts',(11.5806424015624,5.,-3.82059895652823));
#12666=CARTESIAN_POINT('Ctrl Pts',(11.7230820240259,5.,-4.00999621759328));
#12667=CARTESIAN_POINT('Ctrl Pts',(11.7349993618232,5.,-4.24766406417096));
#12668=CARTESIAN_POINT('Ctrl Pts',(11.7413897067308,5.,-4.37510691583157));
#12669=CARTESIAN_POINT('',(11.7413897067308,5.,-7.42496632039547));
#12670=CARTESIAN_POINT('',(11.7413897067308,5.,-2.18755345791578));
#12671=CARTESIAN_POINT('',(13.28299947083,5.,-7.42496632039547));
#12672=CARTESIAN_POINT('',(5.87069485336542,5.,-7.42496632039547));
#12673=CARTESIAN_POINT('',(13.28299947083,5.,-4.44603763520718));
#12674=CARTESIAN_POINT('',(13.28299947083,5.,-3.71248316019774));
#12675=CARTESIAN_POINT('',(13.1448692828417,5.,-3.60931120812893));
#12676=CARTESIAN_POINT('Ctrl Pts',(13.28299947083,5.,-4.44603763520718));
#12677=CARTESIAN_POINT('Ctrl Pts',(13.2776059512199,5.,-4.30144844520402));
#12678=CARTESIAN_POINT('Ctrl Pts',(13.2669821019331,5.,-4.01664485234291));
#12679=CARTESIAN_POINT('Ctrl Pts',(13.1851545794236,5.,-3.74369150322864));
#12680=CARTESIAN_POINT('Ctrl Pts',(13.1448692828417,5.,-3.60931120812893));
#12681=CARTESIAN_POINT('',(12.7117199450731,5.,-2.92081497609615));
#12682=CARTESIAN_POINT('Ctrl Pts',(13.1448692828417,5.,-3.60931120812893));
#12683=CARTESIAN_POINT('Ctrl Pts',(13.09229201667,5.,-3.48221149445797));
#12684=CARTESIAN_POINT('Ctrl Pts',(12.9871442622699,5.,-3.22802845204279));
#12685=CARTESIAN_POINT('Ctrl Pts',(12.803524105351,5.,-3.02321506724413));
#12686=CARTESIAN_POINT('Ctrl Pts',(12.7117199450731,5.,-2.92081497609615));
#12687=CARTESIAN_POINT('',(12.0926851779222,5.,-2.50671528279781));
#12688=CARTESIAN_POINT('Ctrl Pts',(12.7117199450731,5.,-2.92081497609615));
#12689=CARTESIAN_POINT('Ctrl Pts',(12.6150688236874,5.,-2.83095830954554));
#12690=CARTESIAN_POINT('Ctrl Pts',(12.4307579771159,5.,-2.65960428856173));
#12691=CARTESIAN_POINT('Ctrl Pts',(12.2016505283961,5.,-2.55599343867548));
#12692=CARTESIAN_POINT('Ctrl Pts',(12.0926851779222,5.,-2.50671528279781));
#12693=CARTESIAN_POINT('',(11.0115141421556,5.,-2.33970008790493));
#12694=CARTESIAN_POINT('Ctrl Pts',(12.0926851779222,5.,-2.50671528279781));
#12695=CARTESIAN_POINT('Ctrl Pts',(11.9286636014015,5.,-2.45806552024668));
#12696=CARTESIAN_POINT('Ctrl Pts',(11.5761336497367,5.,-2.35350306691304));
#12697=CARTESIAN_POINT('Ctrl Pts',(11.2082386636448,5.,-2.34450931678214));
#12698=CARTESIAN_POINT('Ctrl Pts',(11.0115141421556,5.,-2.33970008790493));
#12699=CARTESIAN_POINT('',(10.2151293307543,5.,-2.39083312451839));
#12700=CARTESIAN_POINT('Ctrl Pts',(11.0115141421556,5.,-2.33970008790493));
#12701=CARTESIAN_POINT('Ctrl Pts',(10.8842136315223,5.,-2.34217870187247));
#12702=CARTESIAN_POINT('Ctrl Pts',(10.6180057112531,5.,-2.34736192278939));
#12703=CARTESIAN_POINT('Ctrl Pts',(10.3532690413193,5.,-2.37592756163252));
#12704=CARTESIAN_POINT('Ctrl Pts',(10.2151293307543,5.,-2.39083312451839));
#12705=CARTESIAN_POINT('',(9.49377961456776,5.,-2.59363315999508));
#12706=CARTESIAN_POINT('Ctrl Pts',(10.2151293307543,5.,-2.39083312451839));
#12707=CARTESIAN_POINT('Ctrl Pts',(10.0813076262775,5.,-2.41000503976739));
#12708=CARTESIAN_POINT('Ctrl Pts',(9.83168183215049,5.,-2.44576758357653));
#12709=CARTESIAN_POINT('Ctrl Pts',(9.60086023505091,5.,-2.54677481800412));
#12710=CARTESIAN_POINT('Ctrl Pts',(9.49377961456776,5.,-2.59363315999508));
#12711=CARTESIAN_POINT('',(8.96342225372791,5.,-3.02478633821011));
#12712=CARTESIAN_POINT('Ctrl Pts',(9.49377961456776,5.,-2.59363315999508));
#12713=CARTESIAN_POINT('Ctrl Pts',(9.39805377499501,5.,-2.65086647429267));
#12714=CARTESIAN_POINT('Ctrl Pts',(9.20055281547472,5.,-2.76894989399157));
#12715=CARTESIAN_POINT('Ctrl Pts',(9.04406348442006,5.,-2.93778377908947));
#12716=CARTESIAN_POINT('Ctrl Pts',(8.96342225372791,5.,-3.02478633821011));
#12717=CARTESIAN_POINT('',(8.63429494202137,5.,-3.60078476369381));
#12718=CARTESIAN_POINT('Ctrl Pts',(8.96342225372791,5.,-3.02478633821011));
#12719=CARTESIAN_POINT('Ctrl Pts',(8.89035210234427,5.,-3.11622108766124));
#12720=CARTESIAN_POINT('Ctrl Pts',(8.7505191229714,5.,-3.29119805420448));
#12721=CARTESIAN_POINT('Ctrl Pts',(8.67185356966262,5.,-3.50073973133184));
#12722=CARTESIAN_POINT('Ctrl Pts',(8.63429494202137,5.,-3.60078476369381));
#12723=CARTESIAN_POINT('',(8.49104829132557,5.,-4.44603763520718));
#12724=CARTESIAN_POINT('Ctrl Pts',(8.63429494202137,5.,-3.60078476369381));
#12725=CARTESIAN_POINT('Ctrl Pts',(8.59258926305857,5.,-3.74978558968197));
#12726=CARTESIAN_POINT('Ctrl Pts',(8.51509059232273,5.,-4.02666313345543));
#12727=CARTESIAN_POINT('Ctrl Pts',(8.49864413609242,5.,-4.31354184726827));
#12728=CARTESIAN_POINT('Ctrl Pts',(8.49104829132557,5.,-4.44603763520718));
#12729=CARTESIAN_POINT('',(8.49104829132557,5.,-7.42496632039547));
#12730=CARTESIAN_POINT('',(8.49104829132557,5.,-2.22301881760359));
#12731=CARTESIAN_POINT('',(10.0326580554247,5.,-7.42496632039547));
#12732=CARTESIAN_POINT('',(4.24552414566278,5.,-7.42496632039547));
#12733=CARTESIAN_POINT('',(10.0326580554247,5.,-4.37510691583157));
#12734=CARTESIAN_POINT('',(10.0326580554247,5.,-3.71248316019774));
#12735=CARTESIAN_POINT('',(10.259465649724,5.,-3.73614452779293));
#12736=CARTESIAN_POINT('Ctrl Pts',(10.0326580554247,5.,-4.37510691583157));
#12737=CARTESIAN_POINT('Ctrl Pts',(10.0393611136003,5.,-4.24918723999657));
#12738=CARTESIAN_POINT('Ctrl Pts',(10.0519404591767,5.,-4.01287911380838));
#12739=CARTESIAN_POINT('Ctrl Pts',(10.1933894731944,5.,-3.82425702781853));
#12740=CARTESIAN_POINT('Ctrl Pts',(10.259465649724,5.,-3.73614452779293));
#12741=CARTESIAN_POINT('',(10.8887285739183,5.,-3.50613974034786));
#12742=CARTESIAN_POINT('Ctrl Pts',(10.259465649724,5.,-3.73614452779293));
#12743=CARTESIAN_POINT('Ctrl Pts',(10.3460894610381,5.,-3.66912822547602));
#12744=CARTESIAN_POINT('Ctrl Pts',(10.53070212843,5.,-3.5263030814216));
#12745=CARTESIAN_POINT('Ctrl Pts',(10.7645869861155,5.,-3.51313114896543));
#12746=CARTESIAN_POINT('Ctrl Pts',(10.8887285739183,5.,-3.50613974034786));
#12747=CARTESIAN_POINT('Ctrl Pts',(10.8887285739183,5.,-3.50613974034786));
#12748=CARTESIAN_POINT('Ctrl Pts',(11.011898615646,5.,-3.51304723794165));
#12749=CARTESIAN_POINT('Ctrl Pts',(11.2440454019538,5.,-3.52606625900664));
#12750=CARTESIAN_POINT('Ctrl Pts',(11.4281553276227,5.,-3.66672928169309));
#12751=CARTESIAN_POINT('Ctrl Pts',(11.5145821124315,5.,-3.73276077210903));
#12752=CARTESIAN_POINT('',(3.57526250183582,5.,7.42496527731419));
#12753=CARTESIAN_POINT('',(1.95739217102528,5.,7.42496527731419));
#12754=CARTESIAN_POINT('',(1.78763125091791,5.,7.42496527731419));
#12755=CARTESIAN_POINT('',(1.70729584991932,5.,6.59958995878696));
#12756=CARTESIAN_POINT('',(0.844771938353316,5.,3.75306288834467));
#12757=CARTESIAN_POINT('',(-0.0468402355909348,5.,6.59958995878696));
#12758=CARTESIAN_POINT('',(0.853647924959657,5.,6.59958995878696));
#12759=CARTESIAN_POINT('',(-0.290542170405388,5.,7.42496527731419));
#12760=CARTESIAN_POINT('',(0.851213471099404,5.,3.55804100769456));
#12761=CARTESIAN_POINT('',(-1.86812452971935,5.,7.42496527731419));
#12762=CARTESIAN_POINT('',(-0.145271085202696,5.,7.42496527731419));
#12763=CARTESIAN_POINT('',(0.0110859423875809,5.,2.42496527731419));
#12764=CARTESIAN_POINT('',(-0.529907133791533,5.,3.86438114958889));
#12765=CARTESIAN_POINT('',(1.69637151062489,5.,2.42496527731419));
#12766=CARTESIAN_POINT('',(0.00554297119378822,5.,2.42496527731419));
#12767=CARTESIAN_POINT('',(1.19217281332805,5.,1.08321980177736));
#12768=CARTESIAN_POINT('',(6.77549786865711,5.,7.42496527731419));
#12769=CARTESIAN_POINT('',(4.10837598145008,5.,7.42496527731419));
#12770=CARTESIAN_POINT('',(3.38774893432855,5.,7.42496527731419));
#12771=CARTESIAN_POINT('',(4.10837598145008,5.,2.42496527731419));
#12772=CARTESIAN_POINT('',(4.10837598145008,5.,3.71248263865709));
#12773=CARTESIAN_POINT('',(7.00060315430164,5.,2.42496527731419));
#12774=CARTESIAN_POINT('',(2.05418799072504,5.,2.42496527731419));
#12775=CARTESIAN_POINT('',(8.11076588928699,5.,2.78308190405369));
#12776=CARTESIAN_POINT('Ctrl Pts',(7.00060315430164,5.,2.42496527731419));
#12777=CARTESIAN_POINT('Ctrl Pts',(7.22073189681725,5.,2.43397091141135));
#12778=CARTESIAN_POINT('Ctrl Pts',(7.62584552472019,5.,2.45054441771033));
#12779=CARTESIAN_POINT('Ctrl Pts',(7.95875239316546,5.,2.6788376000726));
#12780=CARTESIAN_POINT('Ctrl Pts',(8.11076588928699,5.,2.78308190405369));
#12781=CARTESIAN_POINT('',(8.49787183105946,5.,3.66984881460667));
#12782=CARTESIAN_POINT('Ctrl Pts',(8.11076588928699,5.,2.78308190405369));
#12783=CARTESIAN_POINT('Ctrl Pts',(8.22367177323999,5.,2.90962144944925));
#12784=CARTESIAN_POINT('Ctrl Pts',(8.44964139336283,5.,3.16287745349824));
#12785=CARTESIAN_POINT('Ctrl Pts',(8.48178753321125,5.,3.50077967980287));
#12786=CARTESIAN_POINT('Ctrl Pts',(8.49787183105946,5.,3.66984881460667));
#12787=CARTESIAN_POINT('',(8.22161145508289,5.,4.43042196333408));
#12788=CARTESIAN_POINT('Ctrl Pts',(8.49787183105946,5.,3.66984881460667));
#12789=CARTESIAN_POINT('Ctrl Pts',(8.48704366234407,5.,3.81159396506899));
#12790=CARTESIAN_POINT('Ctrl Pts',(8.46569699209924,5.,4.09103059606858));
#12791=CARTESIAN_POINT('Ctrl Pts',(8.30218262264504,5.,4.31839091448394));
#12792=CARTESIAN_POINT('Ctrl Pts',(8.22161145508289,5.,4.43042196333408));
#12793=CARTESIAN_POINT('',(7.68272824585438,5.,4.76466454565525));
#12794=CARTESIAN_POINT('Ctrl Pts',(8.22161145508289,5.,4.43042196333408));
#12795=CARTESIAN_POINT('Ctrl Pts',(8.14917488255903,5.,4.49851148199079));
#12796=CARTESIAN_POINT('Ctrl Pts',(7.99236638420926,5.,4.64590960978594));
#12797=CARTESIAN_POINT('Ctrl Pts',(7.7910486708285,5.,4.72312061573278));
#12798=CARTESIAN_POINT('Ctrl Pts',(7.68272824585438,5.,4.76466454565525));
#12799=CARTESIAN_POINT('',(8.47570367157459,5.,5.20975388586521));
#12800=CARTESIAN_POINT('Ctrl Pts',(7.68272824585438,5.,4.76466454565525));
#12801=CARTESIAN_POINT('Ctrl Pts',(7.84608532807809,5.,4.81048971451088));
#12802=CARTESIAN_POINT('Ctrl Pts',(8.14742732186838,5.,4.89502261360993));
#12803=CARTESIAN_POINT('Ctrl Pts',(8.37259780090906,5.,5.11090228756825));
#12804=CARTESIAN_POINT('Ctrl Pts',(8.47570367157459,5.,5.20975388586521));
#12805=CARTESIAN_POINT('',(8.72979588806629,5.,6.00272811949253));
#12806=CARTESIAN_POINT('Ctrl Pts',(8.47570367157459,5.,5.20975388586521));
#12807=CARTESIAN_POINT('Ctrl Pts',(8.5497728030064,5.,5.32494480628909));
#12808=CARTESIAN_POINT('Ctrl Pts',(8.7048446430373,5.,5.56610961596998));
#12809=CARTESIAN_POINT('Ctrl Pts',(8.72123453131692,5.,5.85291408144798));
#12810=CARTESIAN_POINT('Ctrl Pts',(8.72979588806629,5.,6.00272811949253));
#12811=CARTESIAN_POINT('',(8.54903168976307,5.,6.70190967619419));
#12812=CARTESIAN_POINT('Ctrl Pts',(8.72979588806629,5.,6.00272811949253));
#12813=CARTESIAN_POINT('Ctrl Pts',(8.72291369768869,5.,6.12793511735624));
#12814=CARTESIAN_POINT('Ctrl Pts',(8.70943078343341,5.,6.3732284213384));
#12815=CARTESIAN_POINT('Ctrl Pts',(8.60174873836442,5.,6.59388471613925));
#12816=CARTESIAN_POINT('Ctrl Pts',(8.54903168976307,5.,6.70190967619419));
#12817=CARTESIAN_POINT('',(8.05448956787586,5.,7.19304122030735));
#12818=CARTESIAN_POINT('Ctrl Pts',(8.54903168976307,5.,6.70190967619419));
#12819=CARTESIAN_POINT('Ctrl Pts',(8.48312313121187,5.,6.80003032098373));
#12820=CARTESIAN_POINT('Ctrl Pts',(8.35102154603703,5.,6.99669510929049));
#12821=CARTESIAN_POINT('Ctrl Pts',(8.15347535950761,5.,7.12749862569971));
#12822=CARTESIAN_POINT('Ctrl Pts',(8.05448956787586,5.,7.19304122030735));
#12823=CARTESIAN_POINT('',(7.46786065399647,5.,7.35675252974033));
#12824=CARTESIAN_POINT('Ctrl Pts',(8.05448956787586,5.,7.19304122030735));
#12825=CARTESIAN_POINT('Ctrl Pts',(7.97419404614638,5.,7.22881896127612));
#12826=CARTESIAN_POINT('Ctrl Pts',(7.7871017305011,5.,7.31218276864955));
#12827=CARTESIAN_POINT('Ctrl Pts',(7.58387013630713,5.,7.34055625898638));
#12828=CARTESIAN_POINT('Ctrl Pts',(7.46786065399647,5.,7.35675252974033));
#12829=CARTESIAN_POINT('Ctrl Pts',(7.46786065399647,5.,7.35675252974033));
#12830=CARTESIAN_POINT('Ctrl Pts',(7.32340741879505,5.,7.37614782686286));
#12831=CARTESIAN_POINT('Ctrl Pts',(7.0933685605902,5.,7.40703444562491));
#12832=CARTESIAN_POINT('Ctrl Pts',(6.86169258048517,5.,7.42010310250689));
#12833=CARTESIAN_POINT('Ctrl Pts',(6.77549786865711,5.,7.42496527731419));
#12834=CARTESIAN_POINT('',(-3.84735636413097,5.,7.42496527731419));
#12835=CARTESIAN_POINT('',(-5.39919666945934,5.,7.42496527731419));
#12836=CARTESIAN_POINT('',(-1.92367818206549,5.,7.42496527731419));
#12837=CARTESIAN_POINT('',(-5.39919666945934,5.,2.42496527731419));
#12838=CARTESIAN_POINT('',(-5.39919666945934,5.,3.71248263865709));
#12839=CARTESIAN_POINT('',(-1.57928042113781,5.,2.42496527731419));
#12840=CARTESIAN_POINT('',(-2.69959833472967,5.,2.42496527731419));
#12841=CARTESIAN_POINT('',(-1.57928042113781,5.,3.49931754171848));
#12842=CARTESIAN_POINT('',(-1.57928042113781,5.,1.21248263865709));
#12843=CARTESIAN_POINT('',(-3.84735636413097,5.,3.49931754171848));
#12844=CARTESIAN_POINT('',(-0.789640210568907,5.,3.49931754171848));
#12845=CARTESIAN_POINT('',(-3.84735636413097,5.,4.37244094908237));
#12846=CARTESIAN_POINT('',(-3.84735636413097,5.,1.74965877085924));
#12847=CARTESIAN_POINT('',(-1.91011004149914,5.,4.37244094908237));
#12848=CARTESIAN_POINT('',(-1.92367818206549,5.,4.37244094908237));
#12849=CARTESIAN_POINT('',(-1.91011004149914,5.,5.38199104368687));
#12850=CARTESIAN_POINT('',(-1.91011004149914,5.,2.18622047454119));
#12851=CARTESIAN_POINT('',(-3.84735636413097,5.,5.38199104368687));
#12852=CARTESIAN_POINT('',(-0.955055020749571,5.,5.38199104368687));
#12853=CARTESIAN_POINT('',(-3.84735636413097,5.,2.69099552184343));
#12854=CARTESIAN_POINT('',(-18.0251526087523,5.,7.42496527731419));
#12855=CARTESIAN_POINT('',(-19.4780855625868,5.,7.42496527731419));
#12856=CARTESIAN_POINT('',(-9.01257630437613,5.,7.42496527731419));
#12857=CARTESIAN_POINT('',(-19.4780855625868,5.,2.42496527731419));
#12858=CARTESIAN_POINT('',(-19.4780855625868,5.,3.71248263865709));
#12859=CARTESIAN_POINT('',(-18.0353843420744,5.,2.42496527731419));
#12860=CARTESIAN_POINT('',(-9.73904278129339,5.,2.42496527731419));
#12861=CARTESIAN_POINT('',(-16.1527102440596,5.,5.1912084966898));
#12862=CARTESIAN_POINT('',(-15.7446515307215,5.,5.79077570275529));
#12863=CARTESIAN_POINT('',(-16.1527102440596,5.,2.42496527731419));
#12864=CARTESIAN_POINT('',(-16.1527102440596,5.,2.5956042483449));
#12865=CARTESIAN_POINT('',(-14.696366712451,5.,2.42496527731419));
#12866=CARTESIAN_POINT('',(-8.07635512202978,5.,2.42496527731419));
#12867=CARTESIAN_POINT('',(-14.696366712451,5.,7.42496527731419));
#12868=CARTESIAN_POINT('',(-14.696366712451,5.,1.21248263865709));
#12869=CARTESIAN_POINT('',(-16.1527102440596,5.,7.42496527731419));
#12870=CARTESIAN_POINT('',(-7.34818335622549,5.,7.42496527731419));
#12871=CARTESIAN_POINT('',(-18.0251526087523,5.,4.67961229383945));
#12872=CARTESIAN_POINT('',(-15.3167099715648,5.,8.65069904918166));
#12873=CARTESIAN_POINT('',(-18.0251526087523,5.,2.33980614691973));
#12874=CARTESIAN_POINT('',(10.8249802142382,5.,7.42496527731419));
#12875=CARTESIAN_POINT('',(9.55963559448719,5.,7.42496527731419));
#12876=CARTESIAN_POINT('',(5.41249010711908,5.,7.42496527731419));
#12877=CARTESIAN_POINT('',(9.55963559448719,5.,2.42496527731419));
#12878=CARTESIAN_POINT('',(9.55963559448719,5.,3.71248263865709));
#12879=CARTESIAN_POINT('',(11.5915245562792,5.,2.42496527731419));
#12880=CARTESIAN_POINT('',(4.77981779724359,5.,2.42496527731419));
#12881=CARTESIAN_POINT('',(12.3751205950975,5.,5.46725787222385));
#12882=CARTESIAN_POINT('',(10.9380813259238,5.,-0.112012198863153));
#12883=CARTESIAN_POINT('',(13.1531185656786,5.,2.42496527731419));
#12884=CARTESIAN_POINT('',(12.6514674189608,5.,4.38662793788357));
#12885=CARTESIAN_POINT('',(15.183782055974,5.,2.42496527731419));
#12886=CARTESIAN_POINT('',(6.5765592828393,5.,2.42496527731419));
#12887=CARTESIAN_POINT('',(15.183782055974,5.,7.42496527731419));
#12888=CARTESIAN_POINT('',(15.183782055974,5.,1.21248263865709));
#12889=CARTESIAN_POINT('',(13.9184326678514,5.,7.42496527731419));
#12890=CARTESIAN_POINT('',(7.591891027987,5.,7.42496527731419));
#12891=CARTESIAN_POINT('',(13.9184326678514,5.,3.61186780035496));
#12892=CARTESIAN_POINT('',(13.9184326678514,5.,3.71248263865709));
#12893=CARTESIAN_POINT('',(12.943472340703,5.,7.42496527731419));
#12894=CARTESIAN_POINT('',(13.9248048716728,5.,3.58694593057511));
#12895=CARTESIAN_POINT('',(11.7981857806444,5.,7.42496527731419));
#12896=CARTESIAN_POINT('',(6.4717361703515,5.,7.42496527731419));
#12897=CARTESIAN_POINT('',(10.8249802142382,5.,3.61186780035496));
#12898=CARTESIAN_POINT('',(10.5478367613029,5.,2.5259975200959));
#12899=CARTESIAN_POINT('',(10.8249802142382,5.,1.80593390017748));
#12900=CARTESIAN_POINT('',(-8.22426490485668,5.,-2.42496632039547));
#12901=CARTESIAN_POINT('',(-9.48961310088634,5.,-2.42496632039547));
#12902=CARTESIAN_POINT('',(-4.11213245242834,5.,-2.42496632039547));
#12903=CARTESIAN_POINT('',(-9.48961310088634,5.,-7.42496632039547));
#12904=CARTESIAN_POINT('',(-9.48961310088634,5.,-1.21248316019774));
#12905=CARTESIAN_POINT('',(-7.45772294700146,5.,-7.42496632039547));
#12906=CARTESIAN_POINT('',(-4.74480655044317,5.,-7.42496632039547));
#12907=CARTESIAN_POINT('',(-6.67412810027599,5.,-4.38267432153225));
#12908=CARTESIAN_POINT('',(-6.3290124396057,5.,-3.04276937253061));
#12909=CARTESIAN_POINT('',(-5.89612893760204,5.,-7.42496632039547));
#12910=CARTESIAN_POINT('',(-6.99527878670263,5.,-3.12684499597466));
#12911=CARTESIAN_POINT('',(-3.86546663939953,5.,-7.42496632039547));
#12912=CARTESIAN_POINT('',(-2.94806446880102,5.,-7.42496632039547));
#12913=CARTESIAN_POINT('',(-3.86546663939953,5.,-2.42496632039547));
#12914=CARTESIAN_POINT('',(-3.86546663939953,5.,-3.71248316019774));
#12915=CARTESIAN_POINT('',(-5.1308136433363,5.,-2.42496632039547));
#12916=CARTESIAN_POINT('',(-1.93273331969977,5.,-2.42496632039547));
#12917=CARTESIAN_POINT('',(-5.1308136433363,5.,-6.23806320130825));
#12918=CARTESIAN_POINT('',(-5.1308136433363,5.,-1.21248316019774));
#12919=CARTESIAN_POINT('',(-6.10577754676342,5.,-2.42496632039547));
#12920=CARTESIAN_POINT('',(-5.72194964718025,5.,-3.92612237505886));
#12921=CARTESIAN_POINT('',(-7.25105933845043,5.,-2.42496632039547));
#12922=CARTESIAN_POINT('',(-3.05288877338171,5.,-2.42496632039547));
#12923=CARTESIAN_POINT('',(-8.22426490485668,5.,-6.23806320130825));
#12924=CARTESIAN_POINT('',(-6.73879971811476,5.,-0.417892349649048));
#12925=CARTESIAN_POINT('',(-8.22426490485668,5.,-3.11903160065413));
#12926=CARTESIAN_POINT('',(17.5000002980232,5.,3.06161699786838E-16));
#12927=CARTESIAN_POINT('Origin',(20.0000002980232,5.,0.));
#12928=CARTESIAN_POINT('Origin',(-25.,0.,-7.5));
#12929=CARTESIAN_POINT('',(-25.,0.,2.5));
#12930=CARTESIAN_POINT('Origin',(20.,0.,-2.5));
#12931=CARTESIAN_POINT('',(20.,0.,-7.5));
#12932=CARTESIAN_POINT('Origin',(-20.,0.,2.5));
#12933=CARTESIAN_POINT('',(-20.,0.,7.5));
#12934=CARTESIAN_POINT('',(-20.8629698820061,3.,7.42496527731419));
#12935=CARTESIAN_POINT('',(-20.8629698820061,0.,7.42496527731419));
#12936=CARTESIAN_POINT('',(-22.1837811917067,3.,6.99789947717245));
#12937=CARTESIAN_POINT('Origin',(-20.,3.,2.5));
#12938=CARTESIAN_POINT('',(-22.1837811917067,0.,6.99789947717245));
#12939=CARTESIAN_POINT('Origin',(-22.1837811917067,5.,7.42496527731419));
#12940=CARTESIAN_POINT('',(-22.1837811917067,3.,2.42496527731419));
#12941=CARTESIAN_POINT('',(-22.1837811917067,3.,7.42496527731419));
#12942=CARTESIAN_POINT('',(-22.1837811917067,5.,2.42496527731419));
#12943=CARTESIAN_POINT('Ctrl Pts',(-12.9456501454115,5.,-6.34038232266903));
#12944=CARTESIAN_POINT('Ctrl Pts',(-12.9456501454115,3.,-6.34038232266903));
#12945=CARTESIAN_POINT('Ctrl Pts',(-13.0927249187159,5.,-6.32775168827817));
#12946=CARTESIAN_POINT('Ctrl Pts',(-13.0927249187159,3.,-6.32775168827817));
#12947=CARTESIAN_POINT('Ctrl Pts',(-13.3810225075609,5.,-6.30299297977465));
#12948=CARTESIAN_POINT('Ctrl Pts',(-13.3810225075609,3.,-6.30299297977465));
#12949=CARTESIAN_POINT('Ctrl Pts',(-13.5924322978463,5.,-6.10603167857839));
#12950=CARTESIAN_POINT('Ctrl Pts',(-13.5924322978463,3.,-6.10603167857839));
#12951=CARTESIAN_POINT('Ctrl Pts',(-13.6959915608168,5.,-6.00955002009869));
#12952=CARTESIAN_POINT('Ctrl Pts',(-13.6959915608168,3.,-6.00955002009869));
#12953=CARTESIAN_POINT('',(-12.9456501454115,5.,-6.34038232266903));
#12954=CARTESIAN_POINT('',(-13.6959915608168,5.,-6.00955002009869));
#12955=CARTESIAN_POINT('Ctrl Pts',(-12.9456501454115,5.,-6.34038232266903));
#12956=CARTESIAN_POINT('Ctrl Pts',(-13.0927249187159,5.,-6.32775168827817));
#12957=CARTESIAN_POINT('Ctrl Pts',(-13.3810225075609,5.,-6.30299297977465));
#12958=CARTESIAN_POINT('Ctrl Pts',(-13.5924322978463,5.,-6.10603167857839));
#12959=CARTESIAN_POINT('Ctrl Pts',(-13.6959915608168,5.,-6.00955002009869));
#12960=CARTESIAN_POINT('',(-12.9456501454115,3.,-6.34038232266903));
#12961=CARTESIAN_POINT('',(-12.9456501454115,5.,-6.34038232266903));
#12962=CARTESIAN_POINT('',(-13.6959915608168,3.,-6.00955002009869));
#12963=CARTESIAN_POINT('Ctrl Pts',(-12.9456501454115,3.,-6.34038232266903));
#12964=CARTESIAN_POINT('Ctrl Pts',(-13.0927249187159,3.,-6.32775168827817));
#12965=CARTESIAN_POINT('Ctrl Pts',(-13.3810225075609,3.,-6.30299297977465));
#12966=CARTESIAN_POINT('Ctrl Pts',(-13.5924322978463,3.,-6.10603167857839));
#12967=CARTESIAN_POINT('Ctrl Pts',(-13.6959915608168,3.,-6.00955002009869));
#12968=CARTESIAN_POINT('',(-13.6959915608168,5.,-6.00955002009869));
#12969=CARTESIAN_POINT('Ctrl Pts',(-12.1731405705214,5.,-6.01466588675976));
#12970=CARTESIAN_POINT('Ctrl Pts',(-12.1731405705214,3.,-6.01466588675976));
#12971=CARTESIAN_POINT('Ctrl Pts',(-12.2791477431659,5.,-6.109635756789));
#12972=CARTESIAN_POINT('Ctrl Pts',(-12.2791477431659,3.,-6.109635756789));
#12973=CARTESIAN_POINT('Ctrl Pts',(-12.4986914304534,5.,-6.30632089541966));
#12974=CARTESIAN_POINT('Ctrl Pts',(-12.4986914304534,3.,-6.30632089541966));
#12975=CARTESIAN_POINT('Ctrl Pts',(-12.7932960445327,5.,-6.32877185854884));
#12976=CARTESIAN_POINT('Ctrl Pts',(-12.7932960445327,3.,-6.32877185854884));
#12977=CARTESIAN_POINT('Ctrl Pts',(-12.9456501454115,5.,-6.34038232266903));
#12978=CARTESIAN_POINT('Ctrl Pts',(-12.9456501454115,3.,-6.34038232266903));
#12979=CARTESIAN_POINT('',(-12.1731405705214,5.,-6.01466588675976));
#12980=CARTESIAN_POINT('Ctrl Pts',(-12.1731405705214,5.,-6.01466588675976));
#12981=CARTESIAN_POINT('Ctrl Pts',(-12.2791477431659,5.,-6.109635756789));
#12982=CARTESIAN_POINT('Ctrl Pts',(-12.4986914304534,5.,-6.30632089541966));
#12983=CARTESIAN_POINT('Ctrl Pts',(-12.7932960445327,5.,-6.32877185854884));
#12984=CARTESIAN_POINT('Ctrl Pts',(-12.9456501454115,5.,-6.34038232266903));
#12985=CARTESIAN_POINT('',(-12.1731405705214,3.,-6.01466588675976));
#12986=CARTESIAN_POINT('',(-12.1731405705214,5.,-6.01466588675976));
#12987=CARTESIAN_POINT('Ctrl Pts',(-12.1731405705214,3.,-6.01466588675976));
#12988=CARTESIAN_POINT('Ctrl Pts',(-12.2791477431659,3.,-6.109635756789));
#12989=CARTESIAN_POINT('Ctrl Pts',(-12.4986914304534,3.,-6.30632089541966));
#12990=CARTESIAN_POINT('Ctrl Pts',(-12.7932960445327,3.,-6.32877185854884));
#12991=CARTESIAN_POINT('Ctrl Pts',(-12.9456501454115,3.,-6.34038232266903));
#12992=CARTESIAN_POINT('Ctrl Pts',(-11.8883519619703,5.,-4.98294703662395));
#12993=CARTESIAN_POINT('Ctrl Pts',(-11.8883519619703,3.,-4.98294703662395));
#12994=CARTESIAN_POINT('Ctrl Pts',(-11.8925432451476,5.,-5.19248298976307));
#12995=CARTESIAN_POINT('Ctrl Pts',(-11.8925432451476,3.,-5.19248298976307));
#12996=CARTESIAN_POINT('Ctrl Pts',(-11.8999501855902,5.,-5.56278016603068));
#12997=CARTESIAN_POINT('Ctrl Pts',(-11.8999501855902,3.,-5.56278016603068));
#12998=CARTESIAN_POINT('Ctrl Pts',(-12.0904407761514,5.,-5.8778717012967));
#12999=CARTESIAN_POINT('Ctrl Pts',(-12.0904407761514,3.,-5.8778717012967));
#13000=CARTESIAN_POINT('Ctrl Pts',(-12.1731405705214,5.,-6.01466588675976));
#13001=CARTESIAN_POINT('Ctrl Pts',(-12.1731405705214,3.,-6.01466588675976));
#13002=CARTESIAN_POINT('',(-11.8883519619703,5.,-4.98294703662395));
#13003=CARTESIAN_POINT('Ctrl Pts',(-11.8883519619703,5.,-4.98294703662395));
#13004=CARTESIAN_POINT('Ctrl Pts',(-11.8925432451476,5.,-5.19248298976307));
#13005=CARTESIAN_POINT('Ctrl Pts',(-11.8999501855902,5.,-5.56278016603068));
#13006=CARTESIAN_POINT('Ctrl Pts',(-12.0904407761514,5.,-5.8778717012967));
#13007=CARTESIAN_POINT('Ctrl Pts',(-12.1731405705214,5.,-6.01466588675976));
#13008=CARTESIAN_POINT('',(-11.8883519619703,3.,-4.98294703662395));
#13009=CARTESIAN_POINT('',(-11.8883519619703,5.,-4.98294703662395));
#13010=CARTESIAN_POINT('Ctrl Pts',(-11.8883519619703,3.,-4.98294703662395));
#13011=CARTESIAN_POINT('Ctrl Pts',(-11.8925432451476,3.,-5.19248298976307));
#13012=CARTESIAN_POINT('Ctrl Pts',(-11.8999501855902,3.,-5.56278016603068));
#13013=CARTESIAN_POINT('Ctrl Pts',(-12.0904407761514,3.,-5.8778717012967));
#13014=CARTESIAN_POINT('Ctrl Pts',(-12.1731405705214,3.,-6.01466588675976));
#13015=CARTESIAN_POINT('Ctrl Pts',(-12.1612029522657,5.,-3.81991825997829));
#13016=CARTESIAN_POINT('Ctrl Pts',(-12.1612029522657,3.,-3.81991825997829));
#13017=CARTESIAN_POINT('Ctrl Pts',(-12.0822394031389,5.,-3.9679778742769));
#13018=CARTESIAN_POINT('Ctrl Pts',(-12.0822394031389,3.,-3.9679778742769));
#13019=CARTESIAN_POINT('Ctrl Pts',(-11.8898776299303,5.,-4.32866340908398));
#13020=CARTESIAN_POINT('Ctrl Pts',(-11.8898776299303,3.,-4.32866340908398));
#13021=CARTESIAN_POINT('Ctrl Pts',(-11.8889177915057,5.,-4.74029069810245));
#13022=CARTESIAN_POINT('Ctrl Pts',(-11.8889177915057,3.,-4.74029069810245));
#13023=CARTESIAN_POINT('Ctrl Pts',(-11.8883519619703,5.,-4.98294703662395));
#13024=CARTESIAN_POINT('Ctrl Pts',(-11.8883519619703,3.,-4.98294703662395));
#13025=CARTESIAN_POINT('',(-12.1612029522657,5.,-3.81991825997829));
#13026=CARTESIAN_POINT('Ctrl Pts',(-12.1612029522657,5.,-3.81991825997829));
#13027=CARTESIAN_POINT('Ctrl Pts',(-12.0822394031389,5.,-3.9679778742769));
#13028=CARTESIAN_POINT('Ctrl Pts',(-11.8898776299303,5.,-4.32866340908398));
#13029=CARTESIAN_POINT('Ctrl Pts',(-11.8889177915057,5.,-4.74029069810245));
#13030=CARTESIAN_POINT('Ctrl Pts',(-11.8883519619703,5.,-4.98294703662395));
#13031=CARTESIAN_POINT('',(-12.1612029522657,3.,-3.81991825997829));
#13032=CARTESIAN_POINT('',(-12.1612029522657,5.,-3.81991825997829));
#13033=CARTESIAN_POINT('Ctrl Pts',(-12.1612029522657,3.,-3.81991825997829));
#13034=CARTESIAN_POINT('Ctrl Pts',(-12.0822394031389,3.,-3.9679778742769));
#13035=CARTESIAN_POINT('Ctrl Pts',(-11.8898776299303,3.,-4.32866340908398));
#13036=CARTESIAN_POINT('Ctrl Pts',(-11.8889177915057,3.,-4.74029069810245));
#13037=CARTESIAN_POINT('Ctrl Pts',(-11.8883519619703,3.,-4.98294703662395));
#13038=CARTESIAN_POINT('Ctrl Pts',(-12.9320078343153,5.,-3.49590741097927));
#13039=CARTESIAN_POINT('Ctrl Pts',(-12.9320078343153,3.,-3.49590741097927));
#13040=CARTESIAN_POINT('Ctrl Pts',(-12.7777675756476,5.,-3.50671155463346));
#13041=CARTESIAN_POINT('Ctrl Pts',(-12.7777675756476,3.,-3.50671155463346));
#13042=CARTESIAN_POINT('Ctrl Pts',(-12.4830009891955,5.,-3.52735921544521));
#13043=CARTESIAN_POINT('Ctrl Pts',(-12.4830009891955,3.,-3.52735921544521));
#13044=CARTESIAN_POINT('Ctrl Pts',(-12.2650895420516,5.,-3.72547094222109));
#13045=CARTESIAN_POINT('Ctrl Pts',(-12.2650895420516,3.,-3.72547094222109));
#13046=CARTESIAN_POINT('Ctrl Pts',(-12.1612029522657,5.,-3.81991825997829));
#13047=CARTESIAN_POINT('Ctrl Pts',(-12.1612029522657,3.,-3.81991825997829));
#13048=CARTESIAN_POINT('',(-12.9320078343153,5.,-3.49590741097927));
#13049=CARTESIAN_POINT('Ctrl Pts',(-12.9320078343153,5.,-3.49590741097927));
#13050=CARTESIAN_POINT('Ctrl Pts',(-12.7777675756476,5.,-3.50671155463346));
#13051=CARTESIAN_POINT('Ctrl Pts',(-12.4830009891955,5.,-3.52735921544521));
#13052=CARTESIAN_POINT('Ctrl Pts',(-12.2650895420516,5.,-3.72547094222109));
#13053=CARTESIAN_POINT('Ctrl Pts',(-12.1612029522657,5.,-3.81991825997829));
#13054=CARTESIAN_POINT('',(-12.9320078343153,3.,-3.49590741097927));
#13055=CARTESIAN_POINT('',(-12.9320078343153,5.,-3.49590741097927));
#13056=CARTESIAN_POINT('Ctrl Pts',(-12.9320078343153,3.,-3.49590741097927));
#13057=CARTESIAN_POINT('Ctrl Pts',(-12.7777675756476,3.,-3.50671155463346));
#13058=CARTESIAN_POINT('Ctrl Pts',(-12.4830009891955,3.,-3.52735921544521));
#13059=CARTESIAN_POINT('Ctrl Pts',(-12.2650895420516,3.,-3.72547094222109));
#13060=CARTESIAN_POINT('Ctrl Pts',(-12.1612029522657,3.,-3.81991825997829));
#13061=CARTESIAN_POINT('Ctrl Pts',(-13.6976962536573,5.,-3.82673941552639));
#13062=CARTESIAN_POINT('Ctrl Pts',(-13.6976962536573,3.,-3.82673941552639));
#13063=CARTESIAN_POINT('Ctrl Pts',(-13.5930559193195,5.,-3.73027301806441));
#13064=CARTESIAN_POINT('Ctrl Pts',(-13.5930559193195,3.,-3.73027301806441));
#13065=CARTESIAN_POINT('Ctrl Pts',(-13.3770021751034,5.,-3.5310962236229));
#13066=CARTESIAN_POINT('Ctrl Pts',(-13.3770021751034,3.,-3.5310962236229));
#13067=CARTESIAN_POINT('Ctrl Pts',(-13.0834072533527,5.,-3.50787962119081));
#13068=CARTESIAN_POINT('Ctrl Pts',(-13.0834072533527,3.,-3.50787962119081));
#13069=CARTESIAN_POINT('Ctrl Pts',(-12.9320078343153,5.,-3.49590741097927));
#13070=CARTESIAN_POINT('Ctrl Pts',(-12.9320078343153,3.,-3.49590741097927));
#13071=CARTESIAN_POINT('',(-13.6976962536573,5.,-3.82673941552639));
#13072=CARTESIAN_POINT('Ctrl Pts',(-13.6976962536573,5.,-3.82673941552639));
#13073=CARTESIAN_POINT('Ctrl Pts',(-13.5930559193195,5.,-3.73027301806441));
#13074=CARTESIAN_POINT('Ctrl Pts',(-13.3770021751034,5.,-3.5310962236229));
#13075=CARTESIAN_POINT('Ctrl Pts',(-13.0834072533527,5.,-3.50787962119081));
#13076=CARTESIAN_POINT('Ctrl Pts',(-12.9320078343153,5.,-3.49590741097927));
#13077=CARTESIAN_POINT('',(-13.6976962536573,3.,-3.82673941552639));
#13078=CARTESIAN_POINT('',(-13.6976962536573,5.,-3.82673941552639));
#13079=CARTESIAN_POINT('Ctrl Pts',(-13.6976962536573,3.,-3.82673941552639));
#13080=CARTESIAN_POINT('Ctrl Pts',(-13.5930559193195,3.,-3.73027301806441));
#13081=CARTESIAN_POINT('Ctrl Pts',(-13.3770021751034,3.,-3.5310962236229));
#13082=CARTESIAN_POINT('Ctrl Pts',(-13.0834072533527,3.,-3.50787962119081));
#13083=CARTESIAN_POINT('Ctrl Pts',(-12.9320078343153,3.,-3.49590741097927));
#13084=CARTESIAN_POINT('Ctrl Pts',(-13.9790754765272,5.,-4.91473399102688));
#13085=CARTESIAN_POINT('Ctrl Pts',(-13.9790754765272,3.,-4.91473399102688));
#13086=CARTESIAN_POINT('Ctrl Pts',(-13.9760992736068,5.,-4.69201788087148));
#13087=CARTESIAN_POINT('Ctrl Pts',(-13.9760992736068,3.,-4.69201788087148));
#13088=CARTESIAN_POINT('Ctrl Pts',(-13.9709141949849,5.,-4.30400652129674));
#13089=CARTESIAN_POINT('Ctrl Pts',(-13.9709141949849,3.,-4.30400652129674));
#13090=CARTESIAN_POINT('Ctrl Pts',(-13.7793175952851,5.,-3.96931856423994));
#13091=CARTESIAN_POINT('Ctrl Pts',(-13.7793175952851,3.,-3.96931856423994));
#13092=CARTESIAN_POINT('Ctrl Pts',(-13.6976962536573,5.,-3.82673941552639));
#13093=CARTESIAN_POINT('Ctrl Pts',(-13.6976962536573,3.,-3.82673941552639));
#13094=CARTESIAN_POINT('',(-13.9790754765272,5.,-4.91473399102688));
#13095=CARTESIAN_POINT('Ctrl Pts',(-13.9790754765272,5.,-4.91473399102688));
#13096=CARTESIAN_POINT('Ctrl Pts',(-13.9760992736068,5.,-4.69201788087148));
#13097=CARTESIAN_POINT('Ctrl Pts',(-13.9709141949849,5.,-4.30400652129674));
#13098=CARTESIAN_POINT('Ctrl Pts',(-13.7793175952851,5.,-3.96931856423994));
#13099=CARTESIAN_POINT('Ctrl Pts',(-13.6976962536573,5.,-3.82673941552639));
#13100=CARTESIAN_POINT('',(-13.9790754765272,3.,-4.91473399102688));
#13101=CARTESIAN_POINT('',(-13.9790754765272,5.,-4.91473399102688));
#13102=CARTESIAN_POINT('Ctrl Pts',(-13.9790754765272,3.,-4.91473399102688));
#13103=CARTESIAN_POINT('Ctrl Pts',(-13.9760992736068,3.,-4.69201788087148));
#13104=CARTESIAN_POINT('Ctrl Pts',(-13.9709141949849,3.,-4.30400652129674));
#13105=CARTESIAN_POINT('Ctrl Pts',(-13.7793175952851,3.,-3.96931856423994));
#13106=CARTESIAN_POINT('Ctrl Pts',(-13.6976962536573,3.,-3.82673941552639));
#13107=CARTESIAN_POINT('Ctrl Pts',(-13.6959915608168,5.,-6.00955002009869));
#13108=CARTESIAN_POINT('Ctrl Pts',(-13.6959915608168,3.,-6.00955002009869));
#13109=CARTESIAN_POINT('Ctrl Pts',(-13.7780978465174,5.,-5.8664230837232));
#13110=CARTESIAN_POINT('Ctrl Pts',(-13.7780978465174,3.,-5.8664230837232));
#13111=CARTESIAN_POINT('Ctrl Pts',(-13.9712221685479,5.,-5.52977050815027));
#13112=CARTESIAN_POINT('Ctrl Pts',(-13.9712221685479,3.,-5.52977050815027));
#13113=CARTESIAN_POINT('Ctrl Pts',(-13.9762088622376,5.,-5.13923460570722));
#13114=CARTESIAN_POINT('Ctrl Pts',(-13.9762088622376,3.,-5.13923460570722));
#13115=CARTESIAN_POINT('Ctrl Pts',(-13.9790754765272,5.,-4.91473399102688));
#13116=CARTESIAN_POINT('Ctrl Pts',(-13.9790754765272,3.,-4.91473399102688));
#13117=CARTESIAN_POINT('Ctrl Pts',(-13.6959915608168,5.,-6.00955002009869));
#13118=CARTESIAN_POINT('Ctrl Pts',(-13.7780978465174,5.,-5.8664230837232));
#13119=CARTESIAN_POINT('Ctrl Pts',(-13.9712221685479,5.,-5.52977050815027));
#13120=CARTESIAN_POINT('Ctrl Pts',(-13.9762088622376,5.,-5.13923460570722));
#13121=CARTESIAN_POINT('Ctrl Pts',(-13.9790754765272,5.,-4.91473399102688));
#13122=CARTESIAN_POINT('Ctrl Pts',(-13.6959915608168,3.,-6.00955002009869));
#13123=CARTESIAN_POINT('Ctrl Pts',(-13.7780978465174,3.,-5.8664230837232));
#13124=CARTESIAN_POINT('Ctrl Pts',(-13.9712221685479,3.,-5.52977050815027));
#13125=CARTESIAN_POINT('Ctrl Pts',(-13.9762088622376,3.,-5.13923460570722));
#13126=CARTESIAN_POINT('Ctrl Pts',(-13.9790754765272,3.,-4.91473399102688));
#13127=CARTESIAN_POINT('Ctrl Pts',(-14.2809157818556,5.,-2.60914109647274));
#13128=CARTESIAN_POINT('Ctrl Pts',(-14.2809157818556,3.,-2.60914109647274));
#13129=CARTESIAN_POINT('Ctrl Pts',(-14.4582832813587,5.,-2.71437254449681));
#13130=CARTESIAN_POINT('Ctrl Pts',(-14.4582832813587,3.,-2.71437254449681));
#13131=CARTESIAN_POINT('Ctrl Pts',(-14.8221820011763,5.,-2.93027224048274));
#13132=CARTESIAN_POINT('Ctrl Pts',(-14.8221820011763,3.,-2.93027224048274));
#13133=CARTESIAN_POINT('Ctrl Pts',(-15.0584906278567,5.,-3.28167508863159));
#13134=CARTESIAN_POINT('Ctrl Pts',(-15.0584906278567,3.,-3.28167508863159));
#13135=CARTESIAN_POINT('Ctrl Pts',(-15.1796203106642,5.,-3.46180103719234));
#13136=CARTESIAN_POINT('Ctrl Pts',(-15.1796203106642,3.,-3.46180103719234));
#13137=CARTESIAN_POINT('',(-14.2809157818556,3.,-2.60914109647274));
#13138=CARTESIAN_POINT('',(-14.2809157818556,5.,-2.60914109647274));
#13139=CARTESIAN_POINT('',(-15.1796203106642,3.,-3.46180103719234));
#13140=CARTESIAN_POINT('Ctrl Pts',(-14.2809157818556,3.,-2.60914109647274));
#13141=CARTESIAN_POINT('Ctrl Pts',(-14.4582832813587,3.,-2.71437254449681));
#13142=CARTESIAN_POINT('Ctrl Pts',(-14.8221820011763,3.,-2.93027224048274));
#13143=CARTESIAN_POINT('Ctrl Pts',(-15.0584906278567,3.,-3.28167508863159));
#13144=CARTESIAN_POINT('Ctrl Pts',(-15.1796203106642,3.,-3.46180103719234));
#13145=CARTESIAN_POINT('',(-15.1796203106642,5.,-3.46180103719234));
#13146=CARTESIAN_POINT('Ctrl Pts',(-12.8808479756117,5.,-2.33970008790493));
#13147=CARTESIAN_POINT('Ctrl Pts',(-12.8808479756117,3.,-2.33970008790493));
#13148=CARTESIAN_POINT('Ctrl Pts',(-13.1415994658075,5.,-2.34677762011139));
#13149=CARTESIAN_POINT('Ctrl Pts',(-13.1415994658075,3.,-2.34677762011139));
#13150=CARTESIAN_POINT('Ctrl Pts',(-13.6237880435729,5.,-2.3598655805528));
#13151=CARTESIAN_POINT('Ctrl Pts',(-13.6237880435729,3.,-2.3598655805528));
#13152=CARTESIAN_POINT('Ctrl Pts',(-14.0741119944223,5.,-2.53069193384669));
#13153=CARTESIAN_POINT('Ctrl Pts',(-14.0741119944223,3.,-2.53069193384669));
#13154=CARTESIAN_POINT('Ctrl Pts',(-14.2809157818556,5.,-2.60914109647274));
#13155=CARTESIAN_POINT('Ctrl Pts',(-14.2809157818556,3.,-2.60914109647274));
#13156=CARTESIAN_POINT('',(-12.8808479756117,3.,-2.33970008790493));
#13157=CARTESIAN_POINT('',(-12.8808479756117,5.,-2.33970008790493));
#13158=CARTESIAN_POINT('Ctrl Pts',(-12.8808479756117,3.,-2.33970008790493));
#13159=CARTESIAN_POINT('Ctrl Pts',(-13.1415994658075,3.,-2.34677762011139));
#13160=CARTESIAN_POINT('Ctrl Pts',(-13.6237880435729,3.,-2.3598655805528));
#13161=CARTESIAN_POINT('Ctrl Pts',(-14.0741119944223,3.,-2.53069193384669));
#13162=CARTESIAN_POINT('Ctrl Pts',(-14.2809157818556,3.,-2.60914109647274));
#13163=CARTESIAN_POINT('Ctrl Pts',(-11.4910119026899,5.,-2.65177391469479));
#13164=CARTESIAN_POINT('Ctrl Pts',(-11.4910119026899,3.,-2.65177391469479));
#13165=CARTESIAN_POINT('Ctrl Pts',(-11.6967576460885,5.,-2.56086808998241));
#13166=CARTESIAN_POINT('Ctrl Pts',(-11.6967576460885,3.,-2.56086808998241));
#13167=CARTESIAN_POINT('Ctrl Pts',(-12.138698209818,5.,-2.36560294983383));
#13168=CARTESIAN_POINT('Ctrl Pts',(-12.138698209818,3.,-2.36560294983383));
#13169=CARTESIAN_POINT('Ctrl Pts',(-12.6223569210073,5.,-2.34872206487761));
#13170=CARTESIAN_POINT('Ctrl Pts',(-12.6223569210073,3.,-2.34872206487761));
#13171=CARTESIAN_POINT('Ctrl Pts',(-12.8808479756117,5.,-2.33970008790493));
#13172=CARTESIAN_POINT('Ctrl Pts',(-12.8808479756117,3.,-2.33970008790493));
#13173=CARTESIAN_POINT('',(-11.4910119026899,3.,-2.65177391469479));
#13174=CARTESIAN_POINT('',(-11.4910119026899,5.,-2.65177391469479));
#13175=CARTESIAN_POINT('Ctrl Pts',(-11.4910119026899,3.,-2.65177391469479));
#13176=CARTESIAN_POINT('Ctrl Pts',(-11.6967576460885,3.,-2.56086808998241));
#13177=CARTESIAN_POINT('Ctrl Pts',(-12.138698209818,3.,-2.36560294983383));
#13178=CARTESIAN_POINT('Ctrl Pts',(-12.6223569210073,3.,-2.34872206487761));
#13179=CARTESIAN_POINT('Ctrl Pts',(-12.8808479756117,3.,-2.33970008790493));
#13180=CARTESIAN_POINT('Ctrl Pts',(-10.6383519619703,5.,-3.52489791810513));
#13181=CARTESIAN_POINT('Ctrl Pts',(-10.6383519619703,3.,-3.52489791810513));
#13182=CARTESIAN_POINT('Ctrl Pts',(-10.7478337244442,5.,-3.34814406673106));
#13183=CARTESIAN_POINT('Ctrl Pts',(-10.7478337244442,3.,-3.34814406673106));
#13184=CARTESIAN_POINT('Ctrl Pts',(-10.9672682453566,5.,-2.99387596015975));
#13185=CARTESIAN_POINT('Ctrl Pts',(-10.9672682453566,3.,-2.99387596015975));
#13186=CARTESIAN_POINT('Ctrl Pts',(-11.3161810471937,5.,-2.76597098885159));
#13187=CARTESIAN_POINT('Ctrl Pts',(-11.3161810471937,3.,-2.76597098885159));
#13188=CARTESIAN_POINT('Ctrl Pts',(-11.4910119026899,5.,-2.65177391469479));
#13189=CARTESIAN_POINT('Ctrl Pts',(-11.4910119026899,3.,-2.65177391469479));
#13190=CARTESIAN_POINT('',(-10.6383519619703,3.,-3.52489791810513));
#13191=CARTESIAN_POINT('',(-10.6383519619703,5.,-3.52489791810513));
#13192=CARTESIAN_POINT('Ctrl Pts',(-10.6383519619703,3.,-3.52489791810513));
#13193=CARTESIAN_POINT('Ctrl Pts',(-10.7478337244442,3.,-3.34814406673106));
#13194=CARTESIAN_POINT('Ctrl Pts',(-10.9672682453566,3.,-2.99387596015975));
#13195=CARTESIAN_POINT('Ctrl Pts',(-11.3161810471937,3.,-2.76597098885159));
#13196=CARTESIAN_POINT('Ctrl Pts',(-11.4910119026899,3.,-2.65177391469479));
#13197=CARTESIAN_POINT('Ctrl Pts',(-10.3433316200972,5.,-4.96248327195644));
#13198=CARTESIAN_POINT('Ctrl Pts',(-10.3433316200972,3.,-4.96248327195644));
#13199=CARTESIAN_POINT('Ctrl Pts',(-10.3509338719336,5.,-4.69293024497524));
#13200=CARTESIAN_POINT('Ctrl Pts',(-10.3509338719336,3.,-4.69293024497524));
#13201=CARTESIAN_POINT('Ctrl Pts',(-10.3649618676527,5.,-4.19553963099627));
#13202=CARTESIAN_POINT('Ctrl Pts',(-10.3649618676527,3.,-4.19553963099627));
#13203=CARTESIAN_POINT('Ctrl Pts',(-10.5524637693786,5.,-3.73558662188055));
#13204=CARTESIAN_POINT('Ctrl Pts',(-10.5524637693786,3.,-3.73558662188055));
#13205=CARTESIAN_POINT('Ctrl Pts',(-10.6383519619703,5.,-3.52489791810513));
#13206=CARTESIAN_POINT('Ctrl Pts',(-10.6383519619703,3.,-3.52489791810513));
#13207=CARTESIAN_POINT('',(-10.3433316200972,3.,-4.96248327195644));
#13208=CARTESIAN_POINT('',(-10.3433316200972,5.,-4.96248327195644));
#13209=CARTESIAN_POINT('Ctrl Pts',(-10.3433316200972,3.,-4.96248327195644));
#13210=CARTESIAN_POINT('Ctrl Pts',(-10.3509338719336,3.,-4.69293024497524));
#13211=CARTESIAN_POINT('Ctrl Pts',(-10.3649618676527,3.,-4.19553963099627));
#13212=CARTESIAN_POINT('Ctrl Pts',(-10.5524637693786,3.,-3.73558662188055));
#13213=CARTESIAN_POINT('Ctrl Pts',(-10.6383519619703,3.,-3.52489791810513));
#13214=CARTESIAN_POINT('Ctrl Pts',(-11.0186379402876,5.,-6.84004120528698));
#13215=CARTESIAN_POINT('Ctrl Pts',(-11.0186379402876,3.,-6.84004120528698));
#13216=CARTESIAN_POINT('Ctrl Pts',(-10.8219075344821,5.,-6.58234962767999));
#13217=CARTESIAN_POINT('Ctrl Pts',(-10.8219075344821,3.,-6.58234962767999));
#13218=CARTESIAN_POINT('Ctrl Pts',(-10.4003784376245,5.,-6.03020062187807));
#13219=CARTESIAN_POINT('Ctrl Pts',(-10.4003784376245,3.,-6.03020062187807));
#13220=CARTESIAN_POINT('Ctrl Pts',(-10.3631730227859,5.,-5.33384509047317));
#13221=CARTESIAN_POINT('Ctrl Pts',(-10.3631730227859,3.,-5.33384509047317));
#13222=CARTESIAN_POINT('Ctrl Pts',(-10.3433316200972,5.,-4.96248327195644));
#13223=CARTESIAN_POINT('Ctrl Pts',(-10.3433316200972,3.,-4.96248327195644));
#13224=CARTESIAN_POINT('',(-11.0186379402876,3.,-6.84004120528698));
#13225=CARTESIAN_POINT('',(-11.0186379402876,5.,-6.84004120528698));
#13226=CARTESIAN_POINT('Ctrl Pts',(-11.0186379402876,3.,-6.84004120528698));
#13227=CARTESIAN_POINT('Ctrl Pts',(-10.8219075344821,3.,-6.58234962767999));
#13228=CARTESIAN_POINT('Ctrl Pts',(-10.4003784376245,3.,-6.03020062187807));
#13229=CARTESIAN_POINT('Ctrl Pts',(-10.3631730227859,3.,-5.33384509047317));
#13230=CARTESIAN_POINT('Ctrl Pts',(-10.3433316200972,3.,-4.96248327195644));
#13231=CARTESIAN_POINT('Ctrl Pts',(-12.9422395676374,5.,-7.51023195683956));
#13232=CARTESIAN_POINT('Ctrl Pts',(-12.9422395676374,3.,-7.51023195683956));
#13233=CARTESIAN_POINT('Ctrl Pts',(-12.5602117782314,5.,-7.49178757504632));
#13234=CARTESIAN_POINT('Ctrl Pts',(-12.5602117782314,3.,-7.49178757504632));
#13235=CARTESIAN_POINT('Ctrl Pts',(-11.8498586832087,5.,-7.45749157863995));
#13236=CARTESIAN_POINT('Ctrl Pts',(-11.8498586832087,3.,-7.45749157863995));
#13237=CARTESIAN_POINT('Ctrl Pts',(-11.2813860674138,5.,-7.03521671140074));
#13238=CARTESIAN_POINT('Ctrl Pts',(-11.2813860674138,3.,-7.03521671140074));
#13239=CARTESIAN_POINT('Ctrl Pts',(-11.0186379402876,5.,-6.84004120528698));
#13240=CARTESIAN_POINT('Ctrl Pts',(-11.0186379402876,3.,-6.84004120528698));
#13241=CARTESIAN_POINT('',(-12.7428134254401,3.,-7.5));
#13242=CARTESIAN_POINT('Ctrl Pts',(-12.7428134254401,3.,-7.5));
#13243=CARTESIAN_POINT('Ctrl Pts',(-12.7428134254401,3.33333333333333,-7.5));
#13244=CARTESIAN_POINT('Ctrl Pts',(-12.7428134254401,3.66666666666667,-7.5));
#13245=CARTESIAN_POINT('Ctrl Pts',(-12.7428134254401,4.33333333333333,-7.5));
#13246=CARTESIAN_POINT('Ctrl Pts',(-12.7428134254401,4.66666666666667,-7.5));
#13247=CARTESIAN_POINT('Ctrl Pts',(-12.7428134254401,5.,-7.5));
#13248=CARTESIAN_POINT('Ctrl Pts',(-12.7428134254401,3.,-7.5));
#13249=CARTESIAN_POINT('Ctrl Pts',(-12.4283616131267,3.,-7.48195663776334));
#13250=CARTESIAN_POINT('Ctrl Pts',(-11.796602723392,3.,-7.41793179557137));
#13251=CARTESIAN_POINT('Ctrl Pts',(-11.2813860674138,3.,-7.03521671140074));
#13252=CARTESIAN_POINT('Ctrl Pts',(-11.0186379402876,3.,-6.84004120528698));
#13253=CARTESIAN_POINT('Ctrl Pts',(-14.841967150569,5.,-6.82810388505459));
#13254=CARTESIAN_POINT('Ctrl Pts',(-14.841967150569,3.,-6.82810388505459));
#13255=CARTESIAN_POINT('Ctrl Pts',(-14.580518697178,5.,-7.02683224847271));
#13256=CARTESIAN_POINT('Ctrl Pts',(-14.580518697178,3.,-7.02683224847271));
#13257=CARTESIAN_POINT('Ctrl Pts',(-14.021257367914,5.,-7.45192976672604));
#13258=CARTESIAN_POINT('Ctrl Pts',(-14.021257367914,3.,-7.45192976672604));
#13259=CARTESIAN_POINT('Ctrl Pts',(-13.3171725574445,5.,-7.48997333418666));
#13260=CARTESIAN_POINT('Ctrl Pts',(-13.3171725574445,3.,-7.48997333418666));
#13261=CARTESIAN_POINT('Ctrl Pts',(-12.9422395676374,5.,-7.51023195683956));
#13262=CARTESIAN_POINT('Ctrl Pts',(-12.9422395676374,3.,-7.51023195683956));
#13263=CARTESIAN_POINT('',(-13.1229827706415,3.,-7.5));
#13264=CARTESIAN_POINT('Ctrl Pts',(-13.1229827706415,5.,-7.5));
#13265=CARTESIAN_POINT('Ctrl Pts',(-13.1229827706415,4.66666666666667,-7.5));
#13266=CARTESIAN_POINT('Ctrl Pts',(-13.1229827706415,4.33333333333333,-7.5));
#13267=CARTESIAN_POINT('Ctrl Pts',(-13.1229827706415,3.66666666666667,-7.5));
#13268=CARTESIAN_POINT('Ctrl Pts',(-13.1229827706415,3.33333333333333,-7.5));
#13269=CARTESIAN_POINT('Ctrl Pts',(-13.1229827706415,3.,-7.5));
#13270=CARTESIAN_POINT('',(-14.841967150569,3.,-6.82810388505459));
#13271=CARTESIAN_POINT('',(-14.841967150569,5.,-6.82810388505459));
#13272=CARTESIAN_POINT('Ctrl Pts',(-14.841967150569,3.,-6.82810388505459));
#13273=CARTESIAN_POINT('Ctrl Pts',(-14.580518697178,3.,-7.02683224847271));
#13274=CARTESIAN_POINT('Ctrl Pts',(-14.0691579657246,3.,-7.41552026693295));
#13275=CARTESIAN_POINT('Ctrl Pts',(-13.4367195376131,3.,-7.48061710767609));
#13276=CARTESIAN_POINT('Ctrl Pts',(-13.1229827706415,3.,-7.5));
#13277=CARTESIAN_POINT('Ctrl Pts',(-15.5240952223539,5.,-4.92155514657497));
#13278=CARTESIAN_POINT('Ctrl Pts',(-15.5240952223539,3.,-4.92155514657497));
#13279=CARTESIAN_POINT('Ctrl Pts',(-15.5040502392924,5.,-5.29823841953163));
#13280=CARTESIAN_POINT('Ctrl Pts',(-15.5040502392924,3.,-5.29823841953163));
#13281=CARTESIAN_POINT('Ctrl Pts',(-15.4664622640195,5.,-6.00458780911061));
#13282=CARTESIAN_POINT('Ctrl Pts',(-15.4664622640195,3.,-6.00458780911061));
#13283=CARTESIAN_POINT('Ctrl Pts',(-15.0406851018627,5.,-6.566056314234));
#13284=CARTESIAN_POINT('Ctrl Pts',(-15.0406851018627,3.,-6.566056314234));
#13285=CARTESIAN_POINT('Ctrl Pts',(-14.841967150569,5.,-6.82810388505459));
#13286=CARTESIAN_POINT('Ctrl Pts',(-14.841967150569,3.,-6.82810388505459));
#13287=CARTESIAN_POINT('',(-15.5240952223539,3.,-4.92155514657497));
#13288=CARTESIAN_POINT('',(-15.5240952223539,5.,-4.92155514657497));
#13289=CARTESIAN_POINT('Ctrl Pts',(-15.5240952223539,3.,-4.92155514657497));
#13290=CARTESIAN_POINT('Ctrl Pts',(-15.5040502392924,3.,-5.29823841953163));
#13291=CARTESIAN_POINT('Ctrl Pts',(-15.4664622640195,3.,-6.00458780911061));
#13292=CARTESIAN_POINT('Ctrl Pts',(-15.0406851018627,3.,-6.566056314234));
#13293=CARTESIAN_POINT('Ctrl Pts',(-14.841967150569,3.,-6.82810388505459));
#13294=CARTESIAN_POINT('Ctrl Pts',(-15.1796203106642,5.,-3.46180103719234));
#13295=CARTESIAN_POINT('Ctrl Pts',(-15.1796203106642,3.,-3.46180103719234));
#13296=CARTESIAN_POINT('Ctrl Pts',(-15.2799691768198,5.,-3.67715515365241));
#13297=CARTESIAN_POINT('Ctrl Pts',(-15.2799691768198,3.,-3.67715515365241));
#13298=CARTESIAN_POINT('Ctrl Pts',(-15.4952108011546,5.,-4.13907536869654));
#13299=CARTESIAN_POINT('Ctrl Pts',(-15.4952108011546,3.,-4.13907536869654));
#13300=CARTESIAN_POINT('Ctrl Pts',(-15.5140429194259,5.,-4.64923797919824));
#13301=CARTESIAN_POINT('Ctrl Pts',(-15.5140429194259,3.,-4.64923797919824));
#13302=CARTESIAN_POINT('Ctrl Pts',(-15.5240952223539,5.,-4.92155514657497));
#13303=CARTESIAN_POINT('Ctrl Pts',(-15.5240952223539,3.,-4.92155514657497));
#13304=CARTESIAN_POINT('Ctrl Pts',(-15.1796203106642,3.,-3.46180103719234));
#13305=CARTESIAN_POINT('Ctrl Pts',(-15.2799691768198,3.,-3.67715515365241));
#13306=CARTESIAN_POINT('Ctrl Pts',(-15.4952108011546,3.,-4.13907536869654));
#13307=CARTESIAN_POINT('Ctrl Pts',(-15.5140429194259,3.,-4.64923797919824));
#13308=CARTESIAN_POINT('Ctrl Pts',(-15.5240952223539,3.,-4.92155514657497));
#13309=CARTESIAN_POINT('Origin',(-3.49999956786633,3.,-5.21540641784668E-7));
#13310=CARTESIAN_POINT('',(10.7500002160668,3.,-7.5));
#13311=CARTESIAN_POINT('Origin',(-0.5970149487257,5.,-6.41200594604015));
#13312=CARTESIAN_POINT('',(-0.5970149487257,5.,-6.41200594604015));
#13313=CARTESIAN_POINT('',(-1.27914242446423,5.,-6.41200594604015));
#13314=CARTESIAN_POINT('',(-0.298507474362852,5.,-6.41200594604015));
#13315=CARTESIAN_POINT('',(-0.5970149487257,3.,-6.41200594604015));
#13316=CARTESIAN_POINT('',(-0.5970149487257,5.,-6.41200594604015));
#13317=CARTESIAN_POINT('',(-1.27914242446423,3.,-6.41200594604015));
#13318=CARTESIAN_POINT('',(-0.5970149487257,3.,-6.41200594604015));
#13319=CARTESIAN_POINT('',(-1.27914242446423,5.,-6.41200594604015));
#13320=CARTESIAN_POINT('Ctrl Pts',(-0.104175135493279,5.,-6.28922276198864));
#13321=CARTESIAN_POINT('Ctrl Pts',(-0.104175135493279,3.,-6.28922276198864));
#13322=CARTESIAN_POINT('Ctrl Pts',(-0.167472519150982,5.,-6.32479175186791));
#13323=CARTESIAN_POINT('Ctrl Pts',(-0.167472519150982,3.,-6.32479175186791));
#13324=CARTESIAN_POINT('Ctrl Pts',(-0.31932945414499,5.,-6.41012541768117));
#13325=CARTESIAN_POINT('Ctrl Pts',(-0.31932945414499,3.,-6.41012541768117));
#13326=CARTESIAN_POINT('Ctrl Pts',(-0.49472702667829,5.,-6.4113132366911));
#13327=CARTESIAN_POINT('Ctrl Pts',(-0.49472702667829,3.,-6.4113132366911));
#13328=CARTESIAN_POINT('Ctrl Pts',(-0.5970149487257,5.,-6.41200594604015));
#13329=CARTESIAN_POINT('Ctrl Pts',(-0.5970149487257,3.,-6.41200594604015));
#13330=CARTESIAN_POINT('',(-0.104175135493279,5.,-6.28922276198864));
#13331=CARTESIAN_POINT('Ctrl Pts',(-0.104175135493279,5.,-6.28922276198864));
#13332=CARTESIAN_POINT('Ctrl Pts',(-0.167472519150982,5.,-6.32479175186791));
#13333=CARTESIAN_POINT('Ctrl Pts',(-0.31932945414499,5.,-6.41012541768117));
#13334=CARTESIAN_POINT('Ctrl Pts',(-0.49472702667829,5.,-6.4113132366911));
#13335=CARTESIAN_POINT('Ctrl Pts',(-0.5970149487257,5.,-6.41200594604015));
#13336=CARTESIAN_POINT('',(-0.104175135493279,3.,-6.28922276198864));
#13337=CARTESIAN_POINT('',(-0.104175135493279,5.,-6.28922276198864));
#13338=CARTESIAN_POINT('Ctrl Pts',(-0.104175135493279,3.,-6.28922276198864));
#13339=CARTESIAN_POINT('Ctrl Pts',(-0.167472519150982,3.,-6.32479175186791));
#13340=CARTESIAN_POINT('Ctrl Pts',(-0.31932945414499,3.,-6.41012541768117));
#13341=CARTESIAN_POINT('Ctrl Pts',(-0.49472702667829,3.,-6.4113132366911));
#13342=CARTESIAN_POINT('Ctrl Pts',(-0.5970149487257,3.,-6.41200594604015));
#13343=CARTESIAN_POINT('Ctrl Pts',(0.0373644381761551,5.,-5.94815872609615));
#13344=CARTESIAN_POINT('Ctrl Pts',(0.0373644381761551,3.,-5.94815872609615));
#13345=CARTESIAN_POINT('Ctrl Pts',(0.032568618831581,5.,-6.01594755448758));
#13346=CARTESIAN_POINT('Ctrl Pts',(0.032568618831581,3.,-6.01594755448758));
#13347=CARTESIAN_POINT('Ctrl Pts',(0.023378825263185,5.,-6.14584513702794));
#13348=CARTESIAN_POINT('Ctrl Pts',(0.023378825263185,3.,-6.14584513702794));
#13349=CARTESIAN_POINT('Ctrl Pts',(-0.0629149472831125,5.,-6.24284405484445));
#13350=CARTESIAN_POINT('Ctrl Pts',(-0.0629149472831125,3.,-6.24284405484445));
#13351=CARTESIAN_POINT('Ctrl Pts',(-0.104175135493279,5.,-6.28922276198864));
#13352=CARTESIAN_POINT('Ctrl Pts',(-0.104175135493279,3.,-6.28922276198864));
#13353=CARTESIAN_POINT('',(0.0373644381761551,5.,-5.94815872609615));
#13354=CARTESIAN_POINT('Ctrl Pts',(0.0373644381761551,5.,-5.94815872609615));
#13355=CARTESIAN_POINT('Ctrl Pts',(0.032568618831581,5.,-6.01594755448758));
#13356=CARTESIAN_POINT('Ctrl Pts',(0.023378825263185,5.,-6.14584513702794));
#13357=CARTESIAN_POINT('Ctrl Pts',(-0.0629149472831125,5.,-6.24284405484445));
#13358=CARTESIAN_POINT('Ctrl Pts',(-0.104175135493279,5.,-6.28922276198864));
#13359=CARTESIAN_POINT('',(0.0373644381761551,3.,-5.94815872609615));
#13360=CARTESIAN_POINT('',(0.0373644381761551,5.,-5.94815872609615));
#13361=CARTESIAN_POINT('Ctrl Pts',(0.0373644381761551,3.,-5.94815872609615));
#13362=CARTESIAN_POINT('Ctrl Pts',(0.032568618831581,3.,-6.01594755448758));
#13363=CARTESIAN_POINT('Ctrl Pts',(0.023378825263185,3.,-6.14584513702794));
#13364=CARTESIAN_POINT('Ctrl Pts',(-0.0629149472831125,3.,-6.24284405484445));
#13365=CARTESIAN_POINT('Ctrl Pts',(-0.104175135493279,3.,-6.28922276198864));
#13366=CARTESIAN_POINT('Ctrl Pts',(-0.104175135493279,5.,-5.58833591639996));
#13367=CARTESIAN_POINT('Ctrl Pts',(-0.104175135493279,3.,-5.58833591639996));
#13368=CARTESIAN_POINT('Ctrl Pts',(-0.0629376969998185,5.,-5.6366708377909));
#13369=CARTESIAN_POINT('Ctrl Pts',(-0.0629376969998185,3.,-5.6366708377909));
#13370=CARTESIAN_POINT('Ctrl Pts',(0.0251049223409705,5.,-5.73986670155837));
#13371=CARTESIAN_POINT('Ctrl Pts',(0.0251049223409705,3.,-5.73986670155837));
#13372=CARTESIAN_POINT('Ctrl Pts',(0.0331092048318515,5.,-5.87586132217894));
#13373=CARTESIAN_POINT('Ctrl Pts',(0.0331092048318515,3.,-5.87586132217894));
#13374=CARTESIAN_POINT('Ctrl Pts',(0.0373644381761551,5.,-5.94815872609615));
#13375=CARTESIAN_POINT('Ctrl Pts',(0.0373644381761551,3.,-5.94815872609615));
#13376=CARTESIAN_POINT('',(-0.104175135493279,5.,-5.58833591639996));
#13377=CARTESIAN_POINT('Ctrl Pts',(-0.104175135493279,5.,-5.58833591639996));
#13378=CARTESIAN_POINT('Ctrl Pts',(-0.0629376969998185,5.,-5.6366708377909));
#13379=CARTESIAN_POINT('Ctrl Pts',(0.0251049223409705,5.,-5.73986670155837));
#13380=CARTESIAN_POINT('Ctrl Pts',(0.0331092048318515,5.,-5.87586132217894));
#13381=CARTESIAN_POINT('Ctrl Pts',(0.0373644381761551,5.,-5.94815872609615));
#13382=CARTESIAN_POINT('',(-0.104175135493279,3.,-5.58833591639996));
#13383=CARTESIAN_POINT('',(-0.104175135493279,5.,-5.58833591639996));
#13384=CARTESIAN_POINT('Ctrl Pts',(-0.104175135493279,3.,-5.58833591639996));
#13385=CARTESIAN_POINT('Ctrl Pts',(-0.0629376969998185,3.,-5.6366708377909));
#13386=CARTESIAN_POINT('Ctrl Pts',(0.0251049223409705,3.,-5.73986670155837));
#13387=CARTESIAN_POINT('Ctrl Pts',(0.0331092048318515,3.,-5.87586132217894));
#13388=CARTESIAN_POINT('Ctrl Pts',(0.0373644381761551,3.,-5.94815872609615));
#13389=CARTESIAN_POINT('Ctrl Pts',(-0.607247874140739,5.,-5.46384774148464));
#13390=CARTESIAN_POINT('Ctrl Pts',(-0.607247874140739,3.,-5.46384774148464));
#13391=CARTESIAN_POINT('Ctrl Pts',(-0.502312805576346,5.,-5.46434752339061));
#13392=CARTESIAN_POINT('Ctrl Pts',(-0.502312805576346,3.,-5.46434752339061));
#13393=CARTESIAN_POINT('Ctrl Pts',(-0.323271276980686,5.,-5.46520025753976));
#13394=CARTESIAN_POINT('Ctrl Pts',(-0.323271276980686,3.,-5.46520025753976));
#13395=CARTESIAN_POINT('Ctrl Pts',(-0.168313268844473,5.,-5.552289223589));
#13396=CARTESIAN_POINT('Ctrl Pts',(-0.168313268844473,3.,-5.552289223589));
#13397=CARTESIAN_POINT('Ctrl Pts',(-0.104175135493279,5.,-5.58833591639996));
#13398=CARTESIAN_POINT('Ctrl Pts',(-0.104175135493279,3.,-5.58833591639996));
#13399=CARTESIAN_POINT('',(-0.607247874140739,5.,-5.46384774148464));
#13400=CARTESIAN_POINT('Ctrl Pts',(-0.607247874140739,5.,-5.46384774148464));
#13401=CARTESIAN_POINT('Ctrl Pts',(-0.502312805576346,5.,-5.46434752339061));
#13402=CARTESIAN_POINT('Ctrl Pts',(-0.323271276980686,5.,-5.46520025753976));
#13403=CARTESIAN_POINT('Ctrl Pts',(-0.168313268844473,5.,-5.552289223589));
#13404=CARTESIAN_POINT('Ctrl Pts',(-0.104175135493279,5.,-5.58833591639996));
#13405=CARTESIAN_POINT('',(-0.607247874140739,3.,-5.46384774148464));
#13406=CARTESIAN_POINT('',(-0.607247874140739,5.,-5.46384774148464));
#13407=CARTESIAN_POINT('Ctrl Pts',(-0.607247874140739,3.,-5.46384774148464));
#13408=CARTESIAN_POINT('Ctrl Pts',(-0.502312805576346,3.,-5.46434752339061));
#13409=CARTESIAN_POINT('Ctrl Pts',(-0.323271276980686,3.,-5.46520025753976));
#13410=CARTESIAN_POINT('Ctrl Pts',(-0.168313268844473,3.,-5.552289223589));
#13411=CARTESIAN_POINT('Ctrl Pts',(-0.104175135493279,3.,-5.58833591639996));
#13412=CARTESIAN_POINT('Origin',(-1.27914242446423,5.,-5.46384774148464));
#13413=CARTESIAN_POINT('',(-1.27914242446423,5.,-5.46384774148464));
#13414=CARTESIAN_POINT('',(-0.639571212232115,5.,-5.46384774148464));
#13415=CARTESIAN_POINT('',(-1.27914242446423,3.,-5.46384774148464));
#13416=CARTESIAN_POINT('',(-1.27914242446423,5.,-5.46384774148464));
#13417=CARTESIAN_POINT('',(-1.27914242446423,3.,-5.46384774148464));
#13418=CARTESIAN_POINT('Origin',(-1.27914242446423,5.,-6.41200594604015));
#13419=CARTESIAN_POINT('',(-1.27914242446423,5.,-3.20600297302008));
#13420=CARTESIAN_POINT('',(-1.27914242446423,3.,-6.41200594604015));
#13421=CARTESIAN_POINT('Origin',(-0.494695231318474,5.,-4.51227866113186));
#13422=CARTESIAN_POINT('',(-0.494695231318474,5.,-4.51227866113186));
#13423=CARTESIAN_POINT('',(-1.27914242446423,5.,-4.51227866113186));
#13424=CARTESIAN_POINT('',(-0.247347615659239,5.,-4.51227866113186));
#13425=CARTESIAN_POINT('',(-0.494695231318474,3.,-4.51227866113186));
#13426=CARTESIAN_POINT('',(-0.494695231318474,5.,-4.51227866113186));
#13427=CARTESIAN_POINT('',(-1.27914242446423,3.,-4.51227866113186));
#13428=CARTESIAN_POINT('',(-0.494695231318474,3.,-4.51227866113186));
#13429=CARTESIAN_POINT('',(-1.27914242446423,5.,-4.51227866113186));
#13430=CARTESIAN_POINT('Ctrl Pts',(0.0731749087572098,5.,-4.37755845487118));
#13431=CARTESIAN_POINT('Ctrl Pts',(0.0731749087572098,3.,-4.37755845487118));
#13432=CARTESIAN_POINT('Ctrl Pts',(0.000277764896563504,5.,-4.41656820000197));
#13433=CARTESIAN_POINT('Ctrl Pts',(0.000277764896563504,3.,-4.41656820000197));
#13434=CARTESIAN_POINT('Ctrl Pts',(-0.17581577472142,5.,-4.51080185218469));
#13435=CARTESIAN_POINT('Ctrl Pts',(-0.17581577472142,3.,-4.51080185218469));
#13436=CARTESIAN_POINT('Ctrl Pts',(-0.376870682583297,5.,-4.51173298675815));
#13437=CARTESIAN_POINT('Ctrl Pts',(-0.376870682583297,3.,-4.51173298675815));
#13438=CARTESIAN_POINT('Ctrl Pts',(-0.494695231318474,5.,-4.51227866113186));
#13439=CARTESIAN_POINT('Ctrl Pts',(-0.494695231318474,3.,-4.51227866113186));
#13440=CARTESIAN_POINT('',(0.0731749087572098,5.,-4.37755845487118));
#13441=CARTESIAN_POINT('Ctrl Pts',(0.0731749087572098,5.,-4.37755845487118));
#13442=CARTESIAN_POINT('Ctrl Pts',(0.000277764896563504,5.,-4.41656820000197));
#13443=CARTESIAN_POINT('Ctrl Pts',(-0.17581577472142,5.,-4.51080185218469));
#13444=CARTESIAN_POINT('Ctrl Pts',(-0.376870682583297,5.,-4.51173298675815));
#13445=CARTESIAN_POINT('Ctrl Pts',(-0.494695231318474,5.,-4.51227866113186));
#13446=CARTESIAN_POINT('',(0.0731749087572098,3.,-4.37755845487118));
#13447=CARTESIAN_POINT('',(0.0731749087572098,5.,-4.37755845487118));
#13448=CARTESIAN_POINT('Ctrl Pts',(0.0731749087572098,3.,-4.37755845487118));
#13449=CARTESIAN_POINT('Ctrl Pts',(0.000277764896563504,3.,-4.41656820000197));
#13450=CARTESIAN_POINT('Ctrl Pts',(-0.17581577472142,3.,-4.51080185218469));
#13451=CARTESIAN_POINT('Ctrl Pts',(-0.376870682583297,3.,-4.51173298675815));
#13452=CARTESIAN_POINT('Ctrl Pts',(-0.494695231318474,3.,-4.51227866113186));
#13453=CARTESIAN_POINT('Ctrl Pts',(0.235180333256721,5.,-4.02114652097225));
#13454=CARTESIAN_POINT('Ctrl Pts',(0.235180333256721,3.,-4.02114652097225));
#13455=CARTESIAN_POINT('Ctrl Pts',(0.228835172271631,5.,-4.0910784065869));
#13456=CARTESIAN_POINT('Ctrl Pts',(0.228835172271631,3.,-4.0910784065869));
#13457=CARTESIAN_POINT('Ctrl Pts',(0.216328639255075,5.,-4.22891658569759));
#13458=CARTESIAN_POINT('Ctrl Pts',(0.216328639255075,3.,-4.22891658569759));
#13459=CARTESIAN_POINT('Ctrl Pts',(0.120423027333993,5.,-4.32849896731354));
#13460=CARTESIAN_POINT('Ctrl Pts',(0.120423027333993,3.,-4.32849896731354));
#13461=CARTESIAN_POINT('Ctrl Pts',(0.0731749087572098,5.,-4.37755845487118));
#13462=CARTESIAN_POINT('Ctrl Pts',(0.0731749087572098,3.,-4.37755845487118));
#13463=CARTESIAN_POINT('',(0.235180333256721,5.,-4.02114652097225));
#13464=CARTESIAN_POINT('Ctrl Pts',(0.235180333256721,5.,-4.02114652097225));
#13465=CARTESIAN_POINT('Ctrl Pts',(0.228835172271631,5.,-4.0910784065869));
#13466=CARTESIAN_POINT('Ctrl Pts',(0.216328639255075,5.,-4.22891658569759));
#13467=CARTESIAN_POINT('Ctrl Pts',(0.120423027333993,5.,-4.32849896731354));
#13468=CARTESIAN_POINT('Ctrl Pts',(0.0731749087572098,5.,-4.37755845487118));
#13469=CARTESIAN_POINT('',(0.235180333256721,3.,-4.02114652097225));
#13470=CARTESIAN_POINT('',(0.235180333256721,5.,-4.02114652097225));
#13471=CARTESIAN_POINT('Ctrl Pts',(0.235180333256721,3.,-4.02114652097225));
#13472=CARTESIAN_POINT('Ctrl Pts',(0.228835172271631,3.,-4.0910784065869));
#13473=CARTESIAN_POINT('Ctrl Pts',(0.216328639255075,3.,-4.22891658569759));
#13474=CARTESIAN_POINT('Ctrl Pts',(0.120423027333993,3.,-4.32849896731354));
#13475=CARTESIAN_POINT('Ctrl Pts',(0.0731749087572098,3.,-4.37755845487118));
#13476=CARTESIAN_POINT('Ctrl Pts',(0.0714726001024246,5.,-3.64085994660854));
#13477=CARTESIAN_POINT('Ctrl Pts',(0.0714726001024246,3.,-3.64085994660854));
#13478=CARTESIAN_POINT('Ctrl Pts',(0.119210149210858,5.,-3.69315673805712));
#13479=CARTESIAN_POINT('Ctrl Pts',(0.119210149210858,3.,-3.69315673805712));
#13480=CARTESIAN_POINT('Ctrl Pts',(0.217454179961085,5.,-3.8007837043168));
#13481=CARTESIAN_POINT('Ctrl Pts',(0.217454179961085,3.,-3.8007837043168));
#13482=CARTESIAN_POINT('Ctrl Pts',(0.229161627024328,5.,-3.94632492624314));
#13483=CARTESIAN_POINT('Ctrl Pts',(0.229161627024328,3.,-3.94632492624314));
#13484=CARTESIAN_POINT('Ctrl Pts',(0.235180333256721,5.,-4.02114652097225));
#13485=CARTESIAN_POINT('Ctrl Pts',(0.235180333256721,3.,-4.02114652097225));
#13486=CARTESIAN_POINT('',(0.0714726001024246,5.,-3.64085994660854));
#13487=CARTESIAN_POINT('Ctrl Pts',(0.0714726001024246,5.,-3.64085994660854));
#13488=CARTESIAN_POINT('Ctrl Pts',(0.119210149210858,5.,-3.69315673805712));
#13489=CARTESIAN_POINT('Ctrl Pts',(0.217454179961085,5.,-3.8007837043168));
#13490=CARTESIAN_POINT('Ctrl Pts',(0.229161627024328,5.,-3.94632492624314));
#13491=CARTESIAN_POINT('Ctrl Pts',(0.235180333256721,5.,-4.02114652097225));
#13492=CARTESIAN_POINT('',(0.0714726001024246,3.,-3.64085994660854));
#13493=CARTESIAN_POINT('',(0.0714726001024246,5.,-3.64085994660854));
#13494=CARTESIAN_POINT('Ctrl Pts',(0.0714726001024246,3.,-3.64085994660854));
#13495=CARTESIAN_POINT('Ctrl Pts',(0.119210149210858,3.,-3.69315673805712));
#13496=CARTESIAN_POINT('Ctrl Pts',(0.217454179961085,3.,-3.8007837043168));
#13497=CARTESIAN_POINT('Ctrl Pts',(0.229161627024328,3.,-3.94632492624314));
#13498=CARTESIAN_POINT('Ctrl Pts',(0.235180333256721,3.,-4.02114652097225));
#13499=CARTESIAN_POINT('Ctrl Pts',(-0.491285845637321,5.,-3.49931798875332));
#13500=CARTESIAN_POINT('Ctrl Pts',(-0.491285845637321,3.,-3.49931798875332));
#13501=CARTESIAN_POINT('Ctrl Pts',(-0.374831437324432,5.,-3.50027748129812));
#13502=CARTESIAN_POINT('Ctrl Pts',(-0.374831437324432,3.,-3.50027748129812));
#13503=CARTESIAN_POINT('Ctrl Pts',(-0.174430517638289,5.,-3.50192862693697));
#13504=CARTESIAN_POINT('Ctrl Pts',(-0.174430517638289,3.,-3.50192862693697));
#13505=CARTESIAN_POINT('Ctrl Pts',(-0.00112418332280484,5.,-3.5998439277071));
#13506=CARTESIAN_POINT('Ctrl Pts',(-0.00112418332280484,3.,-3.5998439277071));
#13507=CARTESIAN_POINT('Ctrl Pts',(0.0714726001024246,5.,-3.64085994660854));
#13508=CARTESIAN_POINT('Ctrl Pts',(0.0714726001024246,3.,-3.64085994660854));
#13509=CARTESIAN_POINT('',(-0.491285845637321,5.,-3.49931798875332));
#13510=CARTESIAN_POINT('Ctrl Pts',(-0.491285845637321,5.,-3.49931798875332));
#13511=CARTESIAN_POINT('Ctrl Pts',(-0.374831437324432,5.,-3.50027748129812));
#13512=CARTESIAN_POINT('Ctrl Pts',(-0.174430517638289,5.,-3.50192862693697));
#13513=CARTESIAN_POINT('Ctrl Pts',(-0.00112418332280484,5.,-3.5998439277071));
#13514=CARTESIAN_POINT('Ctrl Pts',(0.0714726001024246,5.,-3.64085994660854));
#13515=CARTESIAN_POINT('',(-0.491285845637321,3.,-3.49931798875332));
#13516=CARTESIAN_POINT('',(-0.491285845637321,5.,-3.49931798875332));
#13517=CARTESIAN_POINT('Ctrl Pts',(-0.491285845637321,3.,-3.49931798875332));
#13518=CARTESIAN_POINT('Ctrl Pts',(-0.374831437324432,3.,-3.50027748129812));
#13519=CARTESIAN_POINT('Ctrl Pts',(-0.174430517638289,3.,-3.50192862693697));
#13520=CARTESIAN_POINT('Ctrl Pts',(-0.00112418332280484,3.,-3.5998439277071));
#13521=CARTESIAN_POINT('Ctrl Pts',(0.0714726001024246,3.,-3.64085994660854));
#13522=CARTESIAN_POINT('Origin',(-1.27914242446423,5.,-3.49931798875332));
#13523=CARTESIAN_POINT('',(-1.27914242446423,5.,-3.49931798875332));
#13524=CARTESIAN_POINT('',(-0.639571212232115,5.,-3.49931798875332));
#13525=CARTESIAN_POINT('',(-1.27914242446423,3.,-3.49931798875332));
#13526=CARTESIAN_POINT('',(-1.27914242446423,5.,-3.49931798875332));
#13527=CARTESIAN_POINT('',(-1.27914242446423,3.,-3.49931798875332));
#13528=CARTESIAN_POINT('Origin',(-1.27914242446423,5.,-4.51227866113186));
#13529=CARTESIAN_POINT('',(-1.27914242446423,5.,-2.25613933056593));
#13530=CARTESIAN_POINT('',(-1.27914242446423,3.,-4.51227866113186));
#13531=CARTESIAN_POINT('Origin',(-0.17068438231945,5.,-2.42496632039547));
#13532=CARTESIAN_POINT('',(-0.17068438231945,3.,-2.42496632039547));
#13533=CARTESIAN_POINT('',(-0.17068438231945,5.,-2.42496632039547));
#13534=CARTESIAN_POINT('',(-2.83780626952648,3.,-2.42496632039547));
#13535=CARTESIAN_POINT('',(-0.17068438231945,3.,-2.42496632039547));
#13536=CARTESIAN_POINT('',(-2.83780626952648,5.,-2.42496632039547));
#13537=CARTESIAN_POINT('Ctrl Pts',(0.521678403019905,5.,-2.49317906796932));
#13538=CARTESIAN_POINT('Ctrl Pts',(0.521678403019905,3.,-2.49317906796932));
#13539=CARTESIAN_POINT('Ctrl Pts',(0.37722435594691,5.,-2.47378416780721));
#13540=CARTESIAN_POINT('Ctrl Pts',(0.37722435594691,3.,-2.47378416780721));
#13541=CARTESIAN_POINT('Ctrl Pts',(0.147185428307068,5.,-2.44289834546179));
#13542=CARTESIAN_POINT('Ctrl Pts',(0.147185428307068,3.,-2.44289834546179));
#13543=CARTESIAN_POINT('Ctrl Pts',(-0.0844904733971452,5.,-2.4298287869893));
#13544=CARTESIAN_POINT('Ctrl Pts',(-0.0844904733971452,3.,-2.4298287869893));
#13545=CARTESIAN_POINT('Ctrl Pts',(-0.17068438231945,5.,-2.42496632039547));
#13546=CARTESIAN_POINT('Ctrl Pts',(-0.17068438231945,3.,-2.42496632039547));
#13547=CARTESIAN_POINT('',(0.521678403019905,3.,-2.49317906796932));
#13548=CARTESIAN_POINT('',(0.521678403019905,5.,-2.49317906796932));
#13549=CARTESIAN_POINT('Ctrl Pts',(0.521678403019905,3.,-2.49317906796932));
#13550=CARTESIAN_POINT('Ctrl Pts',(0.37722435594691,3.,-2.47378416780721));
#13551=CARTESIAN_POINT('Ctrl Pts',(0.147185428307068,3.,-2.44289834546179));
#13552=CARTESIAN_POINT('Ctrl Pts',(-0.0844904733971452,3.,-2.4298287869893));
#13553=CARTESIAN_POINT('Ctrl Pts',(-0.17068438231945,3.,-2.42496632039547));
#13554=CARTESIAN_POINT('Ctrl Pts',(1.1083073168993,5.,-2.65688978135586));
#13555=CARTESIAN_POINT('Ctrl Pts',(1.1083073168993,3.,-2.65688978135586));
#13556=CARTESIAN_POINT('Ctrl Pts',(1.02801175704584,5.,-2.62111255176616));
#13557=CARTESIAN_POINT('Ctrl Pts',(1.02801175704584,3.,-2.62111255176616));
#13558=CARTESIAN_POINT('Ctrl Pts',(0.840919138274447,5.,-2.53774984044641));
#13559=CARTESIAN_POINT('Ctrl Pts',(0.840919138274447,3.,-2.53774984044641));
#13560=CARTESIAN_POINT('Ctrl Pts',(0.637687824922848,5.,-2.50937571513189));
#13561=CARTESIAN_POINT('Ctrl Pts',(0.637687824922848,3.,-2.50937571513189));
#13562=CARTESIAN_POINT('Ctrl Pts',(0.521678403019905,5.,-2.49317906796932));
#13563=CARTESIAN_POINT('Ctrl Pts',(0.521678403019905,3.,-2.49317906796932));
#13564=CARTESIAN_POINT('',(1.1083073168993,3.,-2.65688978135586));
#13565=CARTESIAN_POINT('',(1.1083073168993,5.,-2.65688978135586));
#13566=CARTESIAN_POINT('Ctrl Pts',(1.1083073168993,3.,-2.65688978135586));
#13567=CARTESIAN_POINT('Ctrl Pts',(1.02801175704584,3.,-2.62111255176616));
#13568=CARTESIAN_POINT('Ctrl Pts',(0.840919138274447,3.,-2.53774984044641));
#13569=CARTESIAN_POINT('Ctrl Pts',(0.637687824922848,3.,-2.50937571513189));
#13570=CARTESIAN_POINT('Ctrl Pts',(0.521678403019905,3.,-2.49317906796932));
#13571=CARTESIAN_POINT('Ctrl Pts',(1.60284943878651,5.,-3.14802251756191));
#13572=CARTESIAN_POINT('Ctrl Pts',(1.60284943878651,3.,-3.14802251756191));
#13573=CARTESIAN_POINT('Ctrl Pts',(1.53693988411619,5.,-3.0499020831131));
#13574=CARTESIAN_POINT('Ctrl Pts',(1.53693988411619,3.,-3.0499020831131));
#13575=CARTESIAN_POINT('Ctrl Pts',(1.40483679799309,5.,-2.85323845418608));
#13576=CARTESIAN_POINT('Ctrl Pts',(1.40483679799309,3.,-2.85323845418608));
#13577=CARTESIAN_POINT('Ctrl Pts',(1.20729202865793,5.,-2.72243306802199));
#13578=CARTESIAN_POINT('Ctrl Pts',(1.20729202865793,3.,-2.72243306802199));
#13579=CARTESIAN_POINT('Ctrl Pts',(1.1083073168993,5.,-2.65688978135586));
#13580=CARTESIAN_POINT('Ctrl Pts',(1.1083073168993,3.,-2.65688978135586));
#13581=CARTESIAN_POINT('',(1.60284943878651,3.,-3.14802251756191));
#13582=CARTESIAN_POINT('',(1.60284943878651,5.,-3.14802251756191));
#13583=CARTESIAN_POINT('Ctrl Pts',(1.60284943878651,3.,-3.14802251756191));
#13584=CARTESIAN_POINT('Ctrl Pts',(1.53693988411619,3.,-3.0499020831131));
#13585=CARTESIAN_POINT('Ctrl Pts',(1.40483679799309,3.,-2.85323845418608));
#13586=CARTESIAN_POINT('Ctrl Pts',(1.20729202865793,3.,-2.72243306802199));
#13587=CARTESIAN_POINT('Ctrl Pts',(1.1083073168993,3.,-2.65688978135586));
#13588=CARTESIAN_POINT('Ctrl Pts',(1.78361363708973,5.,-3.84720407426357));
#13589=CARTESIAN_POINT('Ctrl Pts',(1.78361363708973,3.,-3.84720407426357));
#13590=CARTESIAN_POINT('Ctrl Pts',(1.77673144671213,5.,-3.72199707639986));
#13591=CARTESIAN_POINT('Ctrl Pts',(1.77673144671213,3.,-3.72199707639986));
#13592=CARTESIAN_POINT('Ctrl Pts',(1.76324853245685,5.,-3.4767037724177));
#13593=CARTESIAN_POINT('Ctrl Pts',(1.76324853245685,3.,-3.4767037724177));
#13594=CARTESIAN_POINT('Ctrl Pts',(1.65556648738786,5.,-3.25604747761685));
#13595=CARTESIAN_POINT('Ctrl Pts',(1.65556648738786,3.,-3.25604747761685));
#13596=CARTESIAN_POINT('Ctrl Pts',(1.60284943878651,5.,-3.14802251756191));
#13597=CARTESIAN_POINT('Ctrl Pts',(1.60284943878651,3.,-3.14802251756191));
#13598=CARTESIAN_POINT('',(1.78361363708973,3.,-3.84720407426357));
#13599=CARTESIAN_POINT('',(1.78361363708973,5.,-3.84720407426357));
#13600=CARTESIAN_POINT('Ctrl Pts',(1.78361363708973,3.,-3.84720407426357));
#13601=CARTESIAN_POINT('Ctrl Pts',(1.77673144671213,3.,-3.72199707639986));
#13602=CARTESIAN_POINT('Ctrl Pts',(1.76324853245685,3.,-3.4767037724177));
#13603=CARTESIAN_POINT('Ctrl Pts',(1.65556648738786,3.,-3.25604747761685));
#13604=CARTESIAN_POINT('Ctrl Pts',(1.60284943878651,3.,-3.14802251756191));
#13605=CARTESIAN_POINT('Ctrl Pts',(1.52952142059803,5.,-4.64017771184444));
#13606=CARTESIAN_POINT('Ctrl Pts',(1.52952142059803,3.,-4.64017771184444));
#13607=CARTESIAN_POINT('Ctrl Pts',(1.60359055554534,5.,-4.52498659209341));
#13608=CARTESIAN_POINT('Ctrl Pts',(1.60359055554534,3.,-4.52498659209341));
#13609=CARTESIAN_POINT('Ctrl Pts',(1.7586620811191,5.,-4.28382186558419));
#13610=CARTESIAN_POINT('Ctrl Pts',(1.7586620811191,3.,-4.28382186558419));
#13611=CARTESIAN_POINT('Ctrl Pts',(1.77505218432103,5.,-3.9970176811892));
#13612=CARTESIAN_POINT('Ctrl Pts',(1.77505218432103,3.,-3.9970176811892));
#13613=CARTESIAN_POINT('Ctrl Pts',(1.78361363708973,5.,-3.84720407426357));
#13614=CARTESIAN_POINT('Ctrl Pts',(1.78361363708973,3.,-3.84720407426357));
#13615=CARTESIAN_POINT('',(1.52952142059803,3.,-4.64017771184444));
#13616=CARTESIAN_POINT('',(1.52952142059803,5.,-4.64017771184444));
#13617=CARTESIAN_POINT('Ctrl Pts',(1.52952142059803,3.,-4.64017771184444));
#13618=CARTESIAN_POINT('Ctrl Pts',(1.60359055554534,3.,-4.52498659209341));
#13619=CARTESIAN_POINT('Ctrl Pts',(1.7586620811191,3.,-4.28382186558419));
#13620=CARTESIAN_POINT('Ctrl Pts',(1.77505218432103,3.,-3.9970176811892));
#13621=CARTESIAN_POINT('Ctrl Pts',(1.78361363708973,3.,-3.84720407426357));
#13622=CARTESIAN_POINT('Ctrl Pts',(0.736545994877815,5.,-5.08526645600796));
#13623=CARTESIAN_POINT('Ctrl Pts',(0.736545994877815,3.,-5.08526645600796));
#13624=CARTESIAN_POINT('Ctrl Pts',(0.899903048865234,5.,-5.03944125459334));
#13625=CARTESIAN_POINT('Ctrl Pts',(0.899903048865234,3.,-5.03944125459334));
#13626=CARTESIAN_POINT('Ctrl Pts',(1.20124486639634,5.,-4.95490833026627));
#13627=CARTESIAN_POINT('Ctrl Pts',(1.20124486639634,3.,-4.95490833026627));
#13628=CARTESIAN_POINT('Ctrl Pts',(1.42641552020466,5.,-4.73902907170674));
#13629=CARTESIAN_POINT('Ctrl Pts',(1.42641552020466,3.,-4.73902907170674));
#13630=CARTESIAN_POINT('Ctrl Pts',(1.52952142059803,5.,-4.64017771184444));
#13631=CARTESIAN_POINT('Ctrl Pts',(1.52952142059803,3.,-4.64017771184444));
#13632=CARTESIAN_POINT('',(0.736545994877815,3.,-5.08526645600796));
#13633=CARTESIAN_POINT('',(0.736545994877815,5.,-5.08526645600796));
#13634=CARTESIAN_POINT('Ctrl Pts',(0.736545994877815,3.,-5.08526645600796));
#13635=CARTESIAN_POINT('Ctrl Pts',(0.899903048865234,3.,-5.03944125459334));
#13636=CARTESIAN_POINT('Ctrl Pts',(1.20124486639634,3.,-4.95490833026627));
#13637=CARTESIAN_POINT('Ctrl Pts',(1.42641552020466,3.,-4.73902907170674));
#13638=CARTESIAN_POINT('Ctrl Pts',(1.52952142059803,3.,-4.64017771184444));
#13639=CARTESIAN_POINT('Ctrl Pts',(1.27542920410633,5.,-5.41950933635235));
#13640=CARTESIAN_POINT('Ctrl Pts',(1.27542920410633,3.,-5.41950933635235));
#13641=CARTESIAN_POINT('Ctrl Pts',(1.20299257826963,5.,-5.35142010490418));
#13642=CARTESIAN_POINT('Ctrl Pts',(1.20299257826963,3.,-5.35142010490418));
#13643=CARTESIAN_POINT('Ctrl Pts',(1.04618376308424,5.,-5.20402240951265));
#13644=CARTESIAN_POINT('Ctrl Pts',(1.04618376308424,3.,-5.20402240951265));
#13645=CARTESIAN_POINT('Ctrl Pts',(0.844866368031103,5.,-5.12681077171697));
#13646=CARTESIAN_POINT('Ctrl Pts',(0.844866368031103,3.,-5.12681077171697));
#13647=CARTESIAN_POINT('Ctrl Pts',(0.736545994877815,5.,-5.08526645600796));
#13648=CARTESIAN_POINT('Ctrl Pts',(0.736545994877815,3.,-5.08526645600796));
#13649=CARTESIAN_POINT('',(1.27542920410633,3.,-5.41950933635235));
#13650=CARTESIAN_POINT('',(1.27542920410633,5.,-5.41950933635235));
#13651=CARTESIAN_POINT('Ctrl Pts',(1.27542920410633,3.,-5.41950933635235));
#13652=CARTESIAN_POINT('Ctrl Pts',(1.20299257826963,3.,-5.35142010490418));
#13653=CARTESIAN_POINT('Ctrl Pts',(1.04618376308424,3.,-5.20402240951265));
#13654=CARTESIAN_POINT('Ctrl Pts',(0.844866368031103,3.,-5.12681077171697));
#13655=CARTESIAN_POINT('Ctrl Pts',(0.736545994877815,3.,-5.08526645600796));
#13656=CARTESIAN_POINT('Ctrl Pts',(1.55168958008289,5.,-6.18008218705654));
#13657=CARTESIAN_POINT('Ctrl Pts',(1.55168958008289,3.,-6.18008218705654));
#13658=CARTESIAN_POINT('Ctrl Pts',(1.54086129812938,5.,-6.03833747995768));
#13659=CARTESIAN_POINT('Ctrl Pts',(1.54086129812938,3.,-6.03833747995768));
#13660=CARTESIAN_POINT('Ctrl Pts',(1.51951435510108,5.,-5.75890107444189));
#13661=CARTESIAN_POINT('Ctrl Pts',(1.51951435510108,3.,-5.75890107444189));
#13662=CARTESIAN_POINT('Ctrl Pts',(1.35600037320751,5.,-5.53154068692699));
#13663=CARTESIAN_POINT('Ctrl Pts',(1.35600037320751,3.,-5.53154068692699));
#13664=CARTESIAN_POINT('Ctrl Pts',(1.27542920410633,5.,-5.41950933635235));
#13665=CARTESIAN_POINT('Ctrl Pts',(1.27542920410633,3.,-5.41950933635235));
#13666=CARTESIAN_POINT('',(1.55168958008289,3.,-6.18008218705654));
#13667=CARTESIAN_POINT('',(1.55168958008289,5.,-6.18008218705654));
#13668=CARTESIAN_POINT('Ctrl Pts',(1.55168958008289,3.,-6.18008218705654));
#13669=CARTESIAN_POINT('Ctrl Pts',(1.54086129812938,3.,-6.03833747995768));
#13670=CARTESIAN_POINT('Ctrl Pts',(1.51951435510108,3.,-5.75890107444189));
#13671=CARTESIAN_POINT('Ctrl Pts',(1.35600037320751,3.,-5.53154068692699));
#13672=CARTESIAN_POINT('Ctrl Pts',(1.27542920410633,3.,-5.41950933635235));
#13673=CARTESIAN_POINT('Ctrl Pts',(1.16458363831043,5.,-7.06684909760952));
#13674=CARTESIAN_POINT('Ctrl Pts',(1.16458363831043,3.,-7.06684909760952));
#13675=CARTESIAN_POINT('Ctrl Pts',(1.27748952226342,5.,-6.94030955221396));
#13676=CARTESIAN_POINT('Ctrl Pts',(1.27748952226342,3.,-6.94030955221396));
#13677=CARTESIAN_POINT('Ctrl Pts',(1.50345914238627,5.,-6.68705354816497));
#13678=CARTESIAN_POINT('Ctrl Pts',(1.50345914238627,3.,-6.68705354816497));
#13679=CARTESIAN_POINT('Ctrl Pts',(1.53560528223469,5.,-6.34915132186034));
#13680=CARTESIAN_POINT('Ctrl Pts',(1.53560528223469,3.,-6.34915132186034));
#13681=CARTESIAN_POINT('Ctrl Pts',(1.55168958008289,5.,-6.18008218705654));
#13682=CARTESIAN_POINT('Ctrl Pts',(1.55168958008289,3.,-6.18008218705654));
#13683=CARTESIAN_POINT('',(1.16458363831043,3.,-7.06684909760952));
#13684=CARTESIAN_POINT('',(1.16458363831043,5.,-7.06684909760952));
#13685=CARTESIAN_POINT('Ctrl Pts',(1.16458363831043,3.,-7.06684909760952));
#13686=CARTESIAN_POINT('Ctrl Pts',(1.27748952226342,3.,-6.94030955221396));
#13687=CARTESIAN_POINT('Ctrl Pts',(1.50345914238627,3.,-6.68705354816497));
#13688=CARTESIAN_POINT('Ctrl Pts',(1.53560528223469,3.,-6.34915132186034));
#13689=CARTESIAN_POINT('Ctrl Pts',(1.55168958008289,3.,-6.18008218705654));
#13690=CARTESIAN_POINT('Ctrl Pts',(0.0544209033250809,5.,-7.42496632039547));
#13691=CARTESIAN_POINT('Ctrl Pts',(0.0544209033250809,3.,-7.42496632039547));
#13692=CARTESIAN_POINT('Ctrl Pts',(0.274549631760115,5.,-7.41596036580763));
#13693=CARTESIAN_POINT('Ctrl Pts',(0.274549631760115,3.,-7.41596036580763));
#13694=CARTESIAN_POINT('Ctrl Pts',(0.679663178941992,5.,-7.39938627193638));
#13695=CARTESIAN_POINT('Ctrl Pts',(0.679663178941992,3.,-7.39938627193638));
#13696=CARTESIAN_POINT('Ctrl Pts',(1.0125701292716,5.,-7.17109329225769));
#13697=CARTESIAN_POINT('Ctrl Pts',(1.0125701292716,3.,-7.17109329225769));
#13698=CARTESIAN_POINT('Ctrl Pts',(1.16458363831043,5.,-7.06684909760952));
#13699=CARTESIAN_POINT('Ctrl Pts',(1.16458363831043,3.,-7.06684909760952));
#13700=CARTESIAN_POINT('',(0.0544209033250809,3.,-7.42496632039547));
#13701=CARTESIAN_POINT('',(0.0544209033250809,5.,-7.42496632039547));
#13702=CARTESIAN_POINT('Ctrl Pts',(0.0544209033250809,3.,-7.42496632039547));
#13703=CARTESIAN_POINT('Ctrl Pts',(0.274549631760115,3.,-7.41596036580763));
#13704=CARTESIAN_POINT('Ctrl Pts',(0.679663178941992,3.,-7.39938627193638));
#13705=CARTESIAN_POINT('Ctrl Pts',(1.0125701292716,3.,-7.17109329225769));
#13706=CARTESIAN_POINT('Ctrl Pts',(1.16458363831043,3.,-7.06684909760952));
#13707=CARTESIAN_POINT('Origin',(-2.83780626952648,5.,-7.42496632039547));
#13708=CARTESIAN_POINT('',(-2.83780626952648,3.,-7.42496632039547));
#13709=CARTESIAN_POINT('',(-2.83780626952648,5.,-7.42496632039547));
#13710=CARTESIAN_POINT('',(-2.83780626952648,3.,-7.42496632039547));
#13711=CARTESIAN_POINT('Origin',(-2.83780626952648,5.,-2.42496632039547));
#13712=CARTESIAN_POINT('',(-2.83780626952648,3.,-2.42496632039547));
#13713=CARTESIAN_POINT('Origin',(-3.49999956786633,3.,-5.21540641784668E-7));
#13714=CARTESIAN_POINT('Ctrl Pts',(11.5145821124315,5.,-3.73276077210903));
#13715=CARTESIAN_POINT('Ctrl Pts',(11.5145821124315,3.,-3.73276077210903));
#13716=CARTESIAN_POINT('Ctrl Pts',(11.5806424015624,5.,-3.82059895652823));
#13717=CARTESIAN_POINT('Ctrl Pts',(11.5806424015624,3.,-3.82059895652823));
#13718=CARTESIAN_POINT('Ctrl Pts',(11.7230820240259,5.,-4.00999621759328));
#13719=CARTESIAN_POINT('Ctrl Pts',(11.7230820240259,3.,-4.00999621759328));
#13720=CARTESIAN_POINT('Ctrl Pts',(11.7349993618232,5.,-4.24766406417096));
#13721=CARTESIAN_POINT('Ctrl Pts',(11.7349993618232,3.,-4.24766406417096));
#13722=CARTESIAN_POINT('Ctrl Pts',(11.7413897067308,5.,-4.37510691583157));
#13723=CARTESIAN_POINT('Ctrl Pts',(11.7413897067308,3.,-4.37510691583157));
#13724=CARTESIAN_POINT('',(11.5145821124315,3.,-3.73276077210903));
#13725=CARTESIAN_POINT('',(11.5145821124315,5.,-3.73276077210903));
#13726=CARTESIAN_POINT('',(11.7413897067308,3.,-4.37510691583157));
#13727=CARTESIAN_POINT('Ctrl Pts',(11.5145821124315,3.,-3.73276077210903));
#13728=CARTESIAN_POINT('Ctrl Pts',(11.5806424015624,3.,-3.82059895652823));
#13729=CARTESIAN_POINT('Ctrl Pts',(11.7230820240259,3.,-4.00999621759328));
#13730=CARTESIAN_POINT('Ctrl Pts',(11.7349993618232,3.,-4.24766406417096));
#13731=CARTESIAN_POINT('Ctrl Pts',(11.7413897067308,3.,-4.37510691583157));
#13732=CARTESIAN_POINT('',(11.7413897067308,5.,-4.37510691583157));
#13733=CARTESIAN_POINT('Ctrl Pts',(10.8887285739183,5.,-3.50613974034786));
#13734=CARTESIAN_POINT('Ctrl Pts',(10.8887285739183,3.,-3.50613974034786));
#13735=CARTESIAN_POINT('Ctrl Pts',(11.011898615646,5.,-3.51304723794165));
#13736=CARTESIAN_POINT('Ctrl Pts',(11.011898615646,3.,-3.51304723794165));
#13737=CARTESIAN_POINT('Ctrl Pts',(11.2440454019538,5.,-3.52606625900664));
#13738=CARTESIAN_POINT('Ctrl Pts',(11.2440454019538,3.,-3.52606625900664));
#13739=CARTESIAN_POINT('Ctrl Pts',(11.4281553276227,5.,-3.66672928169309));
#13740=CARTESIAN_POINT('Ctrl Pts',(11.4281553276227,3.,-3.66672928169309));
#13741=CARTESIAN_POINT('Ctrl Pts',(11.5145821124315,5.,-3.73276077210903));
#13742=CARTESIAN_POINT('Ctrl Pts',(11.5145821124315,3.,-3.73276077210903));
#13743=CARTESIAN_POINT('',(10.8887285739183,3.,-3.50613974034786));
#13744=CARTESIAN_POINT('',(10.8887285739183,5.,-3.50613974034786));
#13745=CARTESIAN_POINT('Ctrl Pts',(10.8887285739183,3.,-3.50613974034786));
#13746=CARTESIAN_POINT('Ctrl Pts',(11.011898615646,3.,-3.51304723794165));
#13747=CARTESIAN_POINT('Ctrl Pts',(11.2440454019538,3.,-3.52606625900664));
#13748=CARTESIAN_POINT('Ctrl Pts',(11.4281553276227,3.,-3.66672928169309));
#13749=CARTESIAN_POINT('Ctrl Pts',(11.5145821124315,3.,-3.73276077210903));
#13750=CARTESIAN_POINT('Ctrl Pts',(10.259465649724,5.,-3.73614452779293));
#13751=CARTESIAN_POINT('Ctrl Pts',(10.259465649724,3.,-3.73614452779293));
#13752=CARTESIAN_POINT('Ctrl Pts',(10.3460894610381,5.,-3.66912822547602));
#13753=CARTESIAN_POINT('Ctrl Pts',(10.3460894610381,3.,-3.66912822547602));
#13754=CARTESIAN_POINT('Ctrl Pts',(10.53070212843,5.,-3.5263030814216));
#13755=CARTESIAN_POINT('Ctrl Pts',(10.53070212843,3.,-3.5263030814216));
#13756=CARTESIAN_POINT('Ctrl Pts',(10.7645869861155,5.,-3.51313114896543));
#13757=CARTESIAN_POINT('Ctrl Pts',(10.7645869861155,3.,-3.51313114896543));
#13758=CARTESIAN_POINT('Ctrl Pts',(10.8887285739183,5.,-3.50613974034786));
#13759=CARTESIAN_POINT('Ctrl Pts',(10.8887285739183,3.,-3.50613974034786));
#13760=CARTESIAN_POINT('',(10.259465649724,3.,-3.73614452779293));
#13761=CARTESIAN_POINT('',(10.259465649724,5.,-3.73614452779293));
#13762=CARTESIAN_POINT('Ctrl Pts',(10.259465649724,3.,-3.73614452779293));
#13763=CARTESIAN_POINT('Ctrl Pts',(10.3460894610381,3.,-3.66912822547602));
#13764=CARTESIAN_POINT('Ctrl Pts',(10.53070212843,3.,-3.5263030814216));
#13765=CARTESIAN_POINT('Ctrl Pts',(10.7645869861155,3.,-3.51313114896543));
#13766=CARTESIAN_POINT('Ctrl Pts',(10.8887285739183,3.,-3.50613974034786));
#13767=CARTESIAN_POINT('Ctrl Pts',(10.0326580554247,5.,-4.37510691583157));
#13768=CARTESIAN_POINT('Ctrl Pts',(10.0326580554247,3.,-4.37510691583157));
#13769=CARTESIAN_POINT('Ctrl Pts',(10.0393611136003,5.,-4.24918723999657));
#13770=CARTESIAN_POINT('Ctrl Pts',(10.0393611136003,3.,-4.24918723999657));
#13771=CARTESIAN_POINT('Ctrl Pts',(10.0519404591767,5.,-4.01287911380838));
#13772=CARTESIAN_POINT('Ctrl Pts',(10.0519404591767,3.,-4.01287911380838));
#13773=CARTESIAN_POINT('Ctrl Pts',(10.1933894731944,5.,-3.82425702781853));
#13774=CARTESIAN_POINT('Ctrl Pts',(10.1933894731944,3.,-3.82425702781853));
#13775=CARTESIAN_POINT('Ctrl Pts',(10.259465649724,5.,-3.73614452779293));
#13776=CARTESIAN_POINT('Ctrl Pts',(10.259465649724,3.,-3.73614452779293));
#13777=CARTESIAN_POINT('',(10.0326580554247,3.,-4.37510691583157));
#13778=CARTESIAN_POINT('',(10.0326580554247,5.,-4.37510691583157));
#13779=CARTESIAN_POINT('Ctrl Pts',(10.0326580554247,3.,-4.37510691583157));
#13780=CARTESIAN_POINT('Ctrl Pts',(10.0393611136003,3.,-4.24918723999657));
#13781=CARTESIAN_POINT('Ctrl Pts',(10.0519404591767,3.,-4.01287911380838));
#13782=CARTESIAN_POINT('Ctrl Pts',(10.1933894731944,3.,-3.82425702781853));
#13783=CARTESIAN_POINT('Ctrl Pts',(10.259465649724,3.,-3.73614452779293));
#13784=CARTESIAN_POINT('Origin',(10.0326580554247,5.,-7.42496632039547));
#13785=CARTESIAN_POINT('',(10.0326580554247,3.,-7.42496632039547));
#13786=CARTESIAN_POINT('',(10.0326580554247,5.,-7.42496632039547));
#13787=CARTESIAN_POINT('',(10.0326580554247,3.,-7.42496632039547));
#13788=CARTESIAN_POINT('Origin',(8.49104829132557,5.,-7.42496632039547));
#13789=CARTESIAN_POINT('',(8.49104829132557,3.,-7.42496632039547));
#13790=CARTESIAN_POINT('',(8.49104829132557,5.,-7.42496632039547));
#13791=CARTESIAN_POINT('',(8.49104829132557,3.,-7.42496632039547));
#13792=CARTESIAN_POINT('Origin',(8.49104829132557,5.,-4.44603763520718));
#13793=CARTESIAN_POINT('',(8.49104829132557,3.,-4.44603763520718));
#13794=CARTESIAN_POINT('',(8.49104829132557,5.,-4.44603763520718));
#13795=CARTESIAN_POINT('',(8.49104829132557,3.,-4.44603763520718));
#13796=CARTESIAN_POINT('Ctrl Pts',(8.63429494202137,5.,-3.60078476369381));
#13797=CARTESIAN_POINT('Ctrl Pts',(8.63429494202137,3.,-3.60078476369381));
#13798=CARTESIAN_POINT('Ctrl Pts',(8.59258926305857,5.,-3.74978558968197));
#13799=CARTESIAN_POINT('Ctrl Pts',(8.59258926305857,3.,-3.74978558968197));
#13800=CARTESIAN_POINT('Ctrl Pts',(8.51509059232273,5.,-4.02666313345543));
#13801=CARTESIAN_POINT('Ctrl Pts',(8.51509059232273,3.,-4.02666313345543));
#13802=CARTESIAN_POINT('Ctrl Pts',(8.49864413609242,5.,-4.31354184726827));
#13803=CARTESIAN_POINT('Ctrl Pts',(8.49864413609242,3.,-4.31354184726827));
#13804=CARTESIAN_POINT('Ctrl Pts',(8.49104829132557,5.,-4.44603763520718));
#13805=CARTESIAN_POINT('Ctrl Pts',(8.49104829132557,3.,-4.44603763520718));
#13806=CARTESIAN_POINT('',(8.63429494202137,3.,-3.60078476369381));
#13807=CARTESIAN_POINT('',(8.63429494202137,5.,-3.60078476369381));
#13808=CARTESIAN_POINT('Ctrl Pts',(8.63429494202137,3.,-3.60078476369381));
#13809=CARTESIAN_POINT('Ctrl Pts',(8.59258926305857,3.,-3.74978558968197));
#13810=CARTESIAN_POINT('Ctrl Pts',(8.51509059232273,3.,-4.02666313345543));
#13811=CARTESIAN_POINT('Ctrl Pts',(8.49864413609242,3.,-4.31354184726827));
#13812=CARTESIAN_POINT('Ctrl Pts',(8.49104829132557,3.,-4.44603763520718));
#13813=CARTESIAN_POINT('Ctrl Pts',(8.96342225372791,5.,-3.02478633821011));
#13814=CARTESIAN_POINT('Ctrl Pts',(8.96342225372791,3.,-3.02478633821011));
#13815=CARTESIAN_POINT('Ctrl Pts',(8.89035210234427,5.,-3.11622108766124));
#13816=CARTESIAN_POINT('Ctrl Pts',(8.89035210234427,3.,-3.11622108766124));
#13817=CARTESIAN_POINT('Ctrl Pts',(8.7505191229714,5.,-3.29119805420448));
#13818=CARTESIAN_POINT('Ctrl Pts',(8.7505191229714,3.,-3.29119805420448));
#13819=CARTESIAN_POINT('Ctrl Pts',(8.67185356966262,5.,-3.50073973133184));
#13820=CARTESIAN_POINT('Ctrl Pts',(8.67185356966262,3.,-3.50073973133184));
#13821=CARTESIAN_POINT('Ctrl Pts',(8.63429494202137,5.,-3.60078476369381));
#13822=CARTESIAN_POINT('Ctrl Pts',(8.63429494202137,3.,-3.60078476369381));
#13823=CARTESIAN_POINT('',(8.96342225372791,3.,-3.02478633821011));
#13824=CARTESIAN_POINT('',(8.96342225372791,5.,-3.02478633821011));
#13825=CARTESIAN_POINT('Ctrl Pts',(8.96342225372791,3.,-3.02478633821011));
#13826=CARTESIAN_POINT('Ctrl Pts',(8.89035210234427,3.,-3.11622108766124));
#13827=CARTESIAN_POINT('Ctrl Pts',(8.7505191229714,3.,-3.29119805420448));
#13828=CARTESIAN_POINT('Ctrl Pts',(8.67185356966262,3.,-3.50073973133184));
#13829=CARTESIAN_POINT('Ctrl Pts',(8.63429494202137,3.,-3.60078476369381));
#13830=CARTESIAN_POINT('Ctrl Pts',(9.49377961456776,5.,-2.59363315999508));
#13831=CARTESIAN_POINT('Ctrl Pts',(9.49377961456776,3.,-2.59363315999508));
#13832=CARTESIAN_POINT('Ctrl Pts',(9.39805377499501,5.,-2.65086647429267));
#13833=CARTESIAN_POINT('Ctrl Pts',(9.39805377499501,3.,-2.65086647429267));
#13834=CARTESIAN_POINT('Ctrl Pts',(9.20055281547472,5.,-2.76894989399157));
#13835=CARTESIAN_POINT('Ctrl Pts',(9.20055281547472,3.,-2.76894989399157));
#13836=CARTESIAN_POINT('Ctrl Pts',(9.04406348442006,5.,-2.93778377908947));
#13837=CARTESIAN_POINT('Ctrl Pts',(9.04406348442006,3.,-2.93778377908947));
#13838=CARTESIAN_POINT('Ctrl Pts',(8.96342225372791,5.,-3.02478633821011));
#13839=CARTESIAN_POINT('Ctrl Pts',(8.96342225372791,3.,-3.02478633821011));
#13840=CARTESIAN_POINT('',(9.49377961456776,3.,-2.59363315999508));
#13841=CARTESIAN_POINT('',(9.49377961456776,5.,-2.59363315999508));
#13842=CARTESIAN_POINT('Ctrl Pts',(9.49377961456776,3.,-2.59363315999508));
#13843=CARTESIAN_POINT('Ctrl Pts',(9.39805377499501,3.,-2.65086647429267));
#13844=CARTESIAN_POINT('Ctrl Pts',(9.20055281547472,3.,-2.76894989399157));
#13845=CARTESIAN_POINT('Ctrl Pts',(9.04406348442006,3.,-2.93778377908947));
#13846=CARTESIAN_POINT('Ctrl Pts',(8.96342225372791,3.,-3.02478633821011));
#13847=CARTESIAN_POINT('Ctrl Pts',(10.2151293307543,5.,-2.39083312451839));
#13848=CARTESIAN_POINT('Ctrl Pts',(10.2151293307543,3.,-2.39083312451839));
#13849=CARTESIAN_POINT('Ctrl Pts',(10.0813076262775,5.,-2.41000503976739));
#13850=CARTESIAN_POINT('Ctrl Pts',(10.0813076262775,3.,-2.41000503976739));
#13851=CARTESIAN_POINT('Ctrl Pts',(9.83168183215049,5.,-2.44576758357653));
#13852=CARTESIAN_POINT('Ctrl Pts',(9.83168183215049,3.,-2.44576758357653));
#13853=CARTESIAN_POINT('Ctrl Pts',(9.60086023505091,5.,-2.54677481800412));
#13854=CARTESIAN_POINT('Ctrl Pts',(9.60086023505091,3.,-2.54677481800412));
#13855=CARTESIAN_POINT('Ctrl Pts',(9.49377961456776,5.,-2.59363315999508));
#13856=CARTESIAN_POINT('Ctrl Pts',(9.49377961456776,3.,-2.59363315999508));
#13857=CARTESIAN_POINT('',(10.2151293307543,3.,-2.39083312451839));
#13858=CARTESIAN_POINT('',(10.2151293307543,5.,-2.39083312451839));
#13859=CARTESIAN_POINT('Ctrl Pts',(10.2151293307543,3.,-2.39083312451839));
#13860=CARTESIAN_POINT('Ctrl Pts',(10.0813076262775,3.,-2.41000503976739));
#13861=CARTESIAN_POINT('Ctrl Pts',(9.83168183215049,3.,-2.44576758357653));
#13862=CARTESIAN_POINT('Ctrl Pts',(9.60086023505091,3.,-2.54677481800412));
#13863=CARTESIAN_POINT('Ctrl Pts',(9.49377961456776,3.,-2.59363315999508));
#13864=CARTESIAN_POINT('Ctrl Pts',(11.0115141421556,5.,-2.33970008790493));
#13865=CARTESIAN_POINT('Ctrl Pts',(11.0115141421556,3.,-2.33970008790493));
#13866=CARTESIAN_POINT('Ctrl Pts',(10.8842136315223,5.,-2.34217870187247));
#13867=CARTESIAN_POINT('Ctrl Pts',(10.8842136315223,3.,-2.34217870187247));
#13868=CARTESIAN_POINT('Ctrl Pts',(10.6180057112531,5.,-2.34736192278939));
#13869=CARTESIAN_POINT('Ctrl Pts',(10.6180057112531,3.,-2.34736192278939));
#13870=CARTESIAN_POINT('Ctrl Pts',(10.3532690413193,5.,-2.37592756163252));
#13871=CARTESIAN_POINT('Ctrl Pts',(10.3532690413193,3.,-2.37592756163252));
#13872=CARTESIAN_POINT('Ctrl Pts',(10.2151293307543,5.,-2.39083312451839));
#13873=CARTESIAN_POINT('Ctrl Pts',(10.2151293307543,3.,-2.39083312451839));
#13874=CARTESIAN_POINT('',(11.0115141421556,3.,-2.33970008790493));
#13875=CARTESIAN_POINT('',(11.0115141421556,5.,-2.33970008790493));
#13876=CARTESIAN_POINT('Ctrl Pts',(11.0115141421556,3.,-2.33970008790493));
#13877=CARTESIAN_POINT('Ctrl Pts',(10.8842136315223,3.,-2.34217870187247));
#13878=CARTESIAN_POINT('Ctrl Pts',(10.6180057112531,3.,-2.34736192278939));
#13879=CARTESIAN_POINT('Ctrl Pts',(10.3532690413193,3.,-2.37592756163252));
#13880=CARTESIAN_POINT('Ctrl Pts',(10.2151293307543,3.,-2.39083312451839));
#13881=CARTESIAN_POINT('Ctrl Pts',(12.0926851779222,5.,-2.50671528279781));
#13882=CARTESIAN_POINT('Ctrl Pts',(12.0926851779222,3.,-2.50671528279781));
#13883=CARTESIAN_POINT('Ctrl Pts',(11.9286636014015,5.,-2.45806552024668));
#13884=CARTESIAN_POINT('Ctrl Pts',(11.9286636014015,3.,-2.45806552024668));
#13885=CARTESIAN_POINT('Ctrl Pts',(11.5761336497367,5.,-2.35350306691304));
#13886=CARTESIAN_POINT('Ctrl Pts',(11.5761336497367,3.,-2.35350306691304));
#13887=CARTESIAN_POINT('Ctrl Pts',(11.2082386636448,5.,-2.34450931678214));
#13888=CARTESIAN_POINT('Ctrl Pts',(11.2082386636448,3.,-2.34450931678214));
#13889=CARTESIAN_POINT('Ctrl Pts',(11.0115141421556,5.,-2.33970008790493));
#13890=CARTESIAN_POINT('Ctrl Pts',(11.0115141421556,3.,-2.33970008790493));
#13891=CARTESIAN_POINT('',(12.0926851779222,3.,-2.50671528279781));
#13892=CARTESIAN_POINT('',(12.0926851779222,5.,-2.50671528279781));
#13893=CARTESIAN_POINT('Ctrl Pts',(12.0926851779222,3.,-2.50671528279781));
#13894=CARTESIAN_POINT('Ctrl Pts',(11.9286636014015,3.,-2.45806552024668));
#13895=CARTESIAN_POINT('Ctrl Pts',(11.5761336497367,3.,-2.35350306691304));
#13896=CARTESIAN_POINT('Ctrl Pts',(11.2082386636448,3.,-2.34450931678214));
#13897=CARTESIAN_POINT('Ctrl Pts',(11.0115141421556,3.,-2.33970008790493));
#13898=CARTESIAN_POINT('Ctrl Pts',(12.7117199450731,5.,-2.92081497609615));
#13899=CARTESIAN_POINT('Ctrl Pts',(12.7117199450731,3.,-2.92081497609615));
#13900=CARTESIAN_POINT('Ctrl Pts',(12.6150688236874,5.,-2.83095830954554));
#13901=CARTESIAN_POINT('Ctrl Pts',(12.6150688236874,3.,-2.83095830954554));
#13902=CARTESIAN_POINT('Ctrl Pts',(12.4307579771159,5.,-2.65960428856173));
#13903=CARTESIAN_POINT('Ctrl Pts',(12.4307579771159,3.,-2.65960428856173));
#13904=CARTESIAN_POINT('Ctrl Pts',(12.2016505283961,5.,-2.55599343867548));
#13905=CARTESIAN_POINT('Ctrl Pts',(12.2016505283961,3.,-2.55599343867548));
#13906=CARTESIAN_POINT('Ctrl Pts',(12.0926851779222,5.,-2.50671528279781));
#13907=CARTESIAN_POINT('Ctrl Pts',(12.0926851779222,3.,-2.50671528279781));
#13908=CARTESIAN_POINT('',(12.7117199450731,3.,-2.92081497609615));
#13909=CARTESIAN_POINT('',(12.7117199450731,5.,-2.92081497609615));
#13910=CARTESIAN_POINT('Ctrl Pts',(12.7117199450731,3.,-2.92081497609615));
#13911=CARTESIAN_POINT('Ctrl Pts',(12.6150688236874,3.,-2.83095830954554));
#13912=CARTESIAN_POINT('Ctrl Pts',(12.4307579771159,3.,-2.65960428856173));
#13913=CARTESIAN_POINT('Ctrl Pts',(12.2016505283961,3.,-2.55599343867548));
#13914=CARTESIAN_POINT('Ctrl Pts',(12.0926851779222,3.,-2.50671528279781));
#13915=CARTESIAN_POINT('Ctrl Pts',(13.1448692828417,5.,-3.60931120812893));
#13916=CARTESIAN_POINT('Ctrl Pts',(13.1448692828417,3.,-3.60931120812893));
#13917=CARTESIAN_POINT('Ctrl Pts',(13.09229201667,5.,-3.48221149445797));
#13918=CARTESIAN_POINT('Ctrl Pts',(13.09229201667,3.,-3.48221149445797));
#13919=CARTESIAN_POINT('Ctrl Pts',(12.9871442622699,5.,-3.22802845204279));
#13920=CARTESIAN_POINT('Ctrl Pts',(12.9871442622699,3.,-3.22802845204279));
#13921=CARTESIAN_POINT('Ctrl Pts',(12.803524105351,5.,-3.02321506724413));
#13922=CARTESIAN_POINT('Ctrl Pts',(12.803524105351,3.,-3.02321506724413));
#13923=CARTESIAN_POINT('Ctrl Pts',(12.7117199450731,5.,-2.92081497609615));
#13924=CARTESIAN_POINT('Ctrl Pts',(12.7117199450731,3.,-2.92081497609615));
#13925=CARTESIAN_POINT('',(13.1448692828417,3.,-3.60931120812893));
#13926=CARTESIAN_POINT('',(13.1448692828417,5.,-3.60931120812893));
#13927=CARTESIAN_POINT('Ctrl Pts',(13.1448692828417,3.,-3.60931120812893));
#13928=CARTESIAN_POINT('Ctrl Pts',(13.09229201667,3.,-3.48221149445797));
#13929=CARTESIAN_POINT('Ctrl Pts',(12.9871442622699,3.,-3.22802845204279));
#13930=CARTESIAN_POINT('Ctrl Pts',(12.803524105351,3.,-3.02321506724413));
#13931=CARTESIAN_POINT('Ctrl Pts',(12.7117199450731,3.,-2.92081497609615));
#13932=CARTESIAN_POINT('Ctrl Pts',(13.28299947083,5.,-4.44603763520718));
#13933=CARTESIAN_POINT('Ctrl Pts',(13.28299947083,3.,-4.44603763520718));
#13934=CARTESIAN_POINT('Ctrl Pts',(13.2776059512199,5.,-4.30144844520402));
#13935=CARTESIAN_POINT('Ctrl Pts',(13.2776059512199,3.,-4.30144844520402));
#13936=CARTESIAN_POINT('Ctrl Pts',(13.2669821019331,5.,-4.01664485234291));
#13937=CARTESIAN_POINT('Ctrl Pts',(13.2669821019331,3.,-4.01664485234291));
#13938=CARTESIAN_POINT('Ctrl Pts',(13.1851545794236,5.,-3.74369150322864));
#13939=CARTESIAN_POINT('Ctrl Pts',(13.1851545794236,3.,-3.74369150322864));
#13940=CARTESIAN_POINT('Ctrl Pts',(13.1448692828417,5.,-3.60931120812893));
#13941=CARTESIAN_POINT('Ctrl Pts',(13.1448692828417,3.,-3.60931120812893));
#13942=CARTESIAN_POINT('',(13.28299947083,3.,-4.44603763520718));
#13943=CARTESIAN_POINT('',(13.28299947083,5.,-4.44603763520718));
#13944=CARTESIAN_POINT('Ctrl Pts',(13.28299947083,3.,-4.44603763520718));
#13945=CARTESIAN_POINT('Ctrl Pts',(13.2776059512199,3.,-4.30144844520402));
#13946=CARTESIAN_POINT('Ctrl Pts',(13.2669821019331,3.,-4.01664485234291));
#13947=CARTESIAN_POINT('Ctrl Pts',(13.1851545794236,3.,-3.74369150322864));
#13948=CARTESIAN_POINT('Ctrl Pts',(13.1448692828417,3.,-3.60931120812893));
#13949=CARTESIAN_POINT('Origin',(13.28299947083,5.,-7.42496632039547));
#13950=CARTESIAN_POINT('',(13.28299947083,3.,-7.42496632039547));
#13951=CARTESIAN_POINT('',(13.28299947083,5.,-7.42496632039547));
#13952=CARTESIAN_POINT('',(13.28299947083,3.,-7.42496632039547));
#13953=CARTESIAN_POINT('Origin',(11.7413897067308,5.,-7.42496632039547));
#13954=CARTESIAN_POINT('',(11.7413897067308,3.,-7.42496632039547));
#13955=CARTESIAN_POINT('',(11.7413897067308,5.,-7.42496632039547));
#13956=CARTESIAN_POINT('',(11.7413897067308,3.,-7.42496632039547));
#13957=CARTESIAN_POINT('Origin',(11.7413897067308,5.,-4.37510691583157));
#13958=CARTESIAN_POINT('',(11.7413897067308,3.,-4.37510691583157));
#13959=CARTESIAN_POINT('Origin',(-3.49999956786633,3.,-5.21540641784668E-7));
#13960=CARTESIAN_POINT('Origin',(-20.6353502720594,5.,7.42496527731419));
#13961=CARTESIAN_POINT('',(-20.6353502720594,3.,7.42496527731419));
#13962=CARTESIAN_POINT('',(-20.6353502720594,5.,7.42496527731419));
#13963=CARTESIAN_POINT('',(-20.6353502720594,3.,7.42496527731419));
#13964=CARTESIAN_POINT('Origin',(-20.6353502720594,5.,2.42496527731419));
#13965=CARTESIAN_POINT('',(-20.6353502720594,3.,2.42496527731419));
#13966=CARTESIAN_POINT('',(-20.6353502720594,5.,2.42496527731419));
#13967=CARTESIAN_POINT('',(-20.6353502720594,3.,2.42496527731419));
#13968=CARTESIAN_POINT('Origin',(-22.1837811917067,5.,2.42496527731419));
#13969=CARTESIAN_POINT('',(-22.1837811917067,3.,2.42496527731419));
#13970=CARTESIAN_POINT('Origin',(-3.49999956786633,3.,-5.21540641784668E-7));
#13971=CARTESIAN_POINT('Origin',(-10.084121748805,5.,6.08458317816257));
#13972=CARTESIAN_POINT('',(-10.084121748805,3.,6.08458317816257));
#13973=CARTESIAN_POINT('',(-10.084121748805,5.,6.08458317816257));
#13974=CARTESIAN_POINT('',(-10.084121748805,3.,5.6139151006937));
#13975=CARTESIAN_POINT('',(-10.084121748805,3.,6.08458317816257));
#13976=CARTESIAN_POINT('',(-10.084121748805,5.,5.6139151006937));
#13977=CARTESIAN_POINT('Ctrl Pts',(-10.6230037659407,5.,6.34038127958775));
#13978=CARTESIAN_POINT('Ctrl Pts',(-10.6230037659407,3.,6.34038127958775));
#13979=CARTESIAN_POINT('Ctrl Pts',(-10.5378949394255,5.,6.3086487202389));
#13980=CARTESIAN_POINT('Ctrl Pts',(-10.5378949394255,3.,6.3086487202389));
#13981=CARTESIAN_POINT('Ctrl Pts',(-10.3509710681689,5.,6.23895474041046));
#13982=CARTESIAN_POINT('Ctrl Pts',(-10.3509710681689,3.,6.23895474041046));
#13983=CARTESIAN_POINT('Ctrl Pts',(-10.178218089426,5.,6.13901764004573));
#13984=CARTESIAN_POINT('Ctrl Pts',(-10.178218089426,3.,6.13901764004573));
#13985=CARTESIAN_POINT('Ctrl Pts',(-10.084121748805,5.,6.08458317816257));
#13986=CARTESIAN_POINT('Ctrl Pts',(-10.084121748805,3.,6.08458317816257));
#13987=CARTESIAN_POINT('',(-10.6230037659407,3.,6.34038127958775));
#13988=CARTESIAN_POINT('',(-10.6230037659407,5.,6.34038127958775));
#13989=CARTESIAN_POINT('Ctrl Pts',(-10.6230037659407,3.,6.34038127958775));
#13990=CARTESIAN_POINT('Ctrl Pts',(-10.5378949394255,3.,6.3086487202389));
#13991=CARTESIAN_POINT('Ctrl Pts',(-10.3509710681689,3.,6.23895474041046));
#13992=CARTESIAN_POINT('Ctrl Pts',(-10.178218089426,3.,6.13901764004573));
#13993=CARTESIAN_POINT('Ctrl Pts',(-10.084121748805,3.,6.08458317816257));
#13994=CARTESIAN_POINT('Ctrl Pts',(-11.1175458878279,5.,6.41541518270969));
#13995=CARTESIAN_POINT('Ctrl Pts',(-11.1175458878279,3.,6.41541518270969));
#13996=CARTESIAN_POINT('Ctrl Pts',(-11.0326313336151,5.,6.41244492981908));
#13997=CARTESIAN_POINT('Ctrl Pts',(-11.0326313336151,3.,6.41244492981908));
#13998=CARTESIAN_POINT('Ctrl Pts',(-10.8648608521118,5.,6.40657643339624));
#13999=CARTESIAN_POINT('Ctrl Pts',(-10.8648608521118,3.,6.40657643339624));
#14000=CARTESIAN_POINT('Ctrl Pts',(-10.702960595881,5.,6.36226509014601));
#14001=CARTESIAN_POINT('Ctrl Pts',(-10.702960595881,3.,6.36226509014601));
#14002=CARTESIAN_POINT('Ctrl Pts',(-10.6230037659407,5.,6.34038127958775));
#14003=CARTESIAN_POINT('Ctrl Pts',(-10.6230037659407,3.,6.34038127958775));
#14004=CARTESIAN_POINT('',(-11.1175458878279,3.,6.41541518270969));
#14005=CARTESIAN_POINT('',(-11.1175458878279,5.,6.41541518270969));
#14006=CARTESIAN_POINT('Ctrl Pts',(-11.1175458878279,3.,6.41541518270969));
#14007=CARTESIAN_POINT('Ctrl Pts',(-11.0326313336151,3.,6.41244492981908));
#14008=CARTESIAN_POINT('Ctrl Pts',(-10.8648608521118,3.,6.40657643339624));
#14009=CARTESIAN_POINT('Ctrl Pts',(-10.702960595881,3.,6.36226509014601));
#14010=CARTESIAN_POINT('Ctrl Pts',(-10.6230037659407,3.,6.34038127958775));
#14011=CARTESIAN_POINT('Ctrl Pts',(-11.9685011357069,5.,6.06753028929234));
#14012=CARTESIAN_POINT('Ctrl Pts',(-11.9685011357069,3.,6.06753028929234));
#14013=CARTESIAN_POINT('Ctrl Pts',(-11.85279305531,5.,6.16893522217532));
#14014=CARTESIAN_POINT('Ctrl Pts',(-11.85279305531,3.,6.16893522217532));
#14015=CARTESIAN_POINT('Ctrl Pts',(-11.6099454339629,5.,6.38176345905422));
#14016=CARTESIAN_POINT('Ctrl Pts',(-11.6099454339629,3.,6.38176345905422));
#14017=CARTESIAN_POINT('Ctrl Pts',(-11.2867502782478,5.,6.40385136338371));
#14018=CARTESIAN_POINT('Ctrl Pts',(-11.2867502782478,3.,6.40385136338371));
#14019=CARTESIAN_POINT('Ctrl Pts',(-11.1175458878279,5.,6.41541518270969));
#14020=CARTESIAN_POINT('Ctrl Pts',(-11.1175458878279,3.,6.41541518270969));
#14021=CARTESIAN_POINT('',(-11.9685011357069,3.,6.06753028929234));
#14022=CARTESIAN_POINT('',(-11.9685011357069,5.,6.06753028929234));
#14023=CARTESIAN_POINT('Ctrl Pts',(-11.9685011357069,3.,6.06753028929234));
#14024=CARTESIAN_POINT('Ctrl Pts',(-11.85279305531,3.,6.16893522217532));
#14025=CARTESIAN_POINT('Ctrl Pts',(-11.6099454339629,3.,6.38176345905422));
#14026=CARTESIAN_POINT('Ctrl Pts',(-11.2867502782478,3.,6.40385136338371));
#14027=CARTESIAN_POINT('Ctrl Pts',(-11.1175458878279,3.,6.41541518270969));
#14028=CARTESIAN_POINT('Ctrl Pts',(-12.2737532109022,5.,4.90791238844395));
#14029=CARTESIAN_POINT('Ctrl Pts',(-12.2737532109022,3.,4.90791238844395));
#14030=CARTESIAN_POINT('Ctrl Pts',(-12.2706918422169,5.,5.14636421217433));
#14031=CARTESIAN_POINT('Ctrl Pts',(-12.2706918422169,3.,5.14636421217433));
#14032=CARTESIAN_POINT('Ctrl Pts',(-12.2653680757824,5.,5.56103553925923));
#14033=CARTESIAN_POINT('Ctrl Pts',(-12.2653680757824,3.,5.56103553925923));
#14034=CARTESIAN_POINT('Ctrl Pts',(-12.0570348242456,5.,5.91647996204978));
#14035=CARTESIAN_POINT('Ctrl Pts',(-12.0570348242456,3.,5.91647996204978));
#14036=CARTESIAN_POINT('Ctrl Pts',(-11.9685011357069,5.,6.06753028929234));
#14037=CARTESIAN_POINT('Ctrl Pts',(-11.9685011357069,3.,6.06753028929234));
#14038=CARTESIAN_POINT('',(-12.2737532109022,3.,4.90791238844395));
#14039=CARTESIAN_POINT('',(-12.2737532109022,5.,4.90791238844395));
#14040=CARTESIAN_POINT('Ctrl Pts',(-12.2737532109022,3.,4.90791238844395));
#14041=CARTESIAN_POINT('Ctrl Pts',(-12.2706918422169,3.,5.14636421217433));
#14042=CARTESIAN_POINT('Ctrl Pts',(-12.2653680757824,3.,5.56103553925923));
#14043=CARTESIAN_POINT('Ctrl Pts',(-12.0570348242456,3.,5.91647996204978));
#14044=CARTESIAN_POINT('Ctrl Pts',(-11.9685011357069,3.,6.06753028929234));
#14045=CARTESIAN_POINT('Ctrl Pts',(-11.9719117134809,5.,3.7909273058176));
#14046=CARTESIAN_POINT('Ctrl Pts',(-11.9719117134809,3.,3.7909273058176));
#14047=CARTESIAN_POINT('Ctrl Pts',(-12.0595543434578,5.,3.93924304292301));
#14048=CARTESIAN_POINT('Ctrl Pts',(-12.0595543434578,3.,3.93924304292301));
#14049=CARTESIAN_POINT('Ctrl Pts',(-12.2618200278446,5.,4.28153290892615));
#14050=CARTESIAN_POINT('Ctrl Pts',(-12.2618200278446,3.,4.28153290892615));
#14051=CARTESIAN_POINT('Ctrl Pts',(-12.2694368129889,5.,4.68134223819296));
#14052=CARTESIAN_POINT('Ctrl Pts',(-12.2694368129889,3.,4.68134223819296));
#14053=CARTESIAN_POINT('Ctrl Pts',(-12.2737532109022,5.,4.90791238844395));
#14054=CARTESIAN_POINT('Ctrl Pts',(-12.2737532109022,3.,4.90791238844395));
#14055=CARTESIAN_POINT('',(-11.9719117134809,3.,3.7909273058176));
#14056=CARTESIAN_POINT('',(-11.9719117134809,5.,3.7909273058176));
#14057=CARTESIAN_POINT('Ctrl Pts',(-11.9719117134809,3.,3.7909273058176));
#14058=CARTESIAN_POINT('Ctrl Pts',(-12.0595543434578,3.,3.93924304292301));
#14059=CARTESIAN_POINT('Ctrl Pts',(-12.2618200278446,3.,4.28153290892615));
#14060=CARTESIAN_POINT('Ctrl Pts',(-12.2694368129889,3.,4.68134223819296));
#14061=CARTESIAN_POINT('Ctrl Pts',(-12.2737532109022,3.,4.90791238844395));
#14062=CARTESIAN_POINT('Ctrl Pts',(-11.1618845909834,5.,3.43792594969273));
#14063=CARTESIAN_POINT('Ctrl Pts',(-11.1618845909834,3.,3.43792594969273));
#14064=CARTESIAN_POINT('Ctrl Pts',(-11.3212998309135,5.,3.45105158790025));
#14065=CARTESIAN_POINT('Ctrl Pts',(-11.3212998309135,3.,3.45105158790025));
#14066=CARTESIAN_POINT('Ctrl Pts',(-11.6320889811244,5.,3.47664077213558));
#14067=CARTESIAN_POINT('Ctrl Pts',(-11.6320889811244,3.,3.47664077213558));
#14068=CARTESIAN_POINT('Ctrl Pts',(-11.8606083658175,5.,3.68798792009207));
#14069=CARTESIAN_POINT('Ctrl Pts',(-11.8606083658175,3.,3.68798792009207));
#14070=CARTESIAN_POINT('Ctrl Pts',(-11.9719117134809,5.,3.7909273058176));
#14071=CARTESIAN_POINT('Ctrl Pts',(-11.9719117134809,3.,3.7909273058176));
#14072=CARTESIAN_POINT('',(-11.1618845909834,3.,3.43792594969273));
#14073=CARTESIAN_POINT('',(-11.1618845909834,5.,3.43792594969273));
#14074=CARTESIAN_POINT('Ctrl Pts',(-11.1618845909834,3.,3.43792594969273));
#14075=CARTESIAN_POINT('Ctrl Pts',(-11.3212998309135,3.,3.45105158790025));
#14076=CARTESIAN_POINT('Ctrl Pts',(-11.6320889811244,3.,3.47664077213558));
#14077=CARTESIAN_POINT('Ctrl Pts',(-11.8606083658175,3.,3.68798792009207));
#14078=CARTESIAN_POINT('Ctrl Pts',(-11.9719117134809,3.,3.7909273058176));
#14079=CARTESIAN_POINT('Ctrl Pts',(-10.6008344143629,5.,3.58799375593662));
#14080=CARTESIAN_POINT('Ctrl Pts',(-10.6008344143629,3.,3.58799375593662));
#14081=CARTESIAN_POINT('Ctrl Pts',(-10.682527355319,5.,3.5442744826116));
#14082=CARTESIAN_POINT('Ctrl Pts',(-10.682527355319,3.,3.5442744826116));
#14083=CARTESIAN_POINT('Ctrl Pts',(-10.8574196386687,5.,3.4506781026953));
#14084=CARTESIAN_POINT('Ctrl Pts',(-10.8574196386687,3.,3.4506781026953));
#14085=CARTESIAN_POINT('Ctrl Pts',(-11.0560404294623,5.,3.44235910671749));
#14086=CARTESIAN_POINT('Ctrl Pts',(-11.0560404294623,3.,3.44235910671749));
#14087=CARTESIAN_POINT('Ctrl Pts',(-11.1618845909834,5.,3.43792594969273));
#14088=CARTESIAN_POINT('Ctrl Pts',(-11.1618845909834,3.,3.43792594969273));
#14089=CARTESIAN_POINT('',(-10.6008344143629,3.,3.58799375593662));
#14090=CARTESIAN_POINT('',(-10.6008344143629,5.,3.58799375593662));
#14091=CARTESIAN_POINT('Ctrl Pts',(-10.6008344143629,3.,3.58799375593662));
#14092=CARTESIAN_POINT('Ctrl Pts',(-10.682527355319,3.,3.5442744826116));
#14093=CARTESIAN_POINT('Ctrl Pts',(-10.8574196386687,3.,3.4506781026953));
#14094=CARTESIAN_POINT('Ctrl Pts',(-11.0560404294623,3.,3.44235910671749));
#14095=CARTESIAN_POINT('Ctrl Pts',(-11.1618845909834,3.,3.43792594969273));
#14096=CARTESIAN_POINT('Ctrl Pts',(-10.2887599915266,5.,4.02114547789097));
#14097=CARTESIAN_POINT('Ctrl Pts',(-10.2887599915266,3.,4.02114547789097));
#14098=CARTESIAN_POINT('Ctrl Pts',(-10.3236195490452,5.,3.93313904407047));
#14099=CARTESIAN_POINT('Ctrl Pts',(-10.3236195490452,3.,3.93313904407047));
#14100=CARTESIAN_POINT('Ctrl Pts',(-10.3912961884593,5.,3.76228261008899));
#14101=CARTESIAN_POINT('Ctrl Pts',(-10.3912961884593,3.,3.76228261008899));
#14102=CARTESIAN_POINT('Ctrl Pts',(-10.5324079193529,5.,3.64490926792743));
#14103=CARTESIAN_POINT('Ctrl Pts',(-10.5324079193529,3.,3.64490926792743));
#14104=CARTESIAN_POINT('Ctrl Pts',(-10.6008344143629,5.,3.58799375593662));
#14105=CARTESIAN_POINT('Ctrl Pts',(-10.6008344143629,3.,3.58799375593662));
#14106=CARTESIAN_POINT('',(-10.2887599915266,3.,4.02114547789097));
#14107=CARTESIAN_POINT('',(-10.2887599915266,5.,4.02114547789097));
#14108=CARTESIAN_POINT('Ctrl Pts',(-10.2887599915266,3.,4.02114547789097));
#14109=CARTESIAN_POINT('Ctrl Pts',(-10.3236195490452,3.,3.93313904407047));
#14110=CARTESIAN_POINT('Ctrl Pts',(-10.3912961884593,3.,3.76228261008899));
#14111=CARTESIAN_POINT('Ctrl Pts',(-10.5324079193529,3.,3.64490926792743));
#14112=CARTESIAN_POINT('Ctrl Pts',(-10.6008344143629,3.,3.58799375593662));
#14113=CARTESIAN_POINT('Origin',(-8.7983100861311,5.,3.75511564314365));
#14114=CARTESIAN_POINT('',(-8.7983100861311,3.,3.75511564314365));
#14115=CARTESIAN_POINT('',(-8.7983100861311,5.,3.75511564314365));
#14116=CARTESIAN_POINT('',(-8.7983100861311,3.,3.75511564314365));
#14117=CARTESIAN_POINT('Ctrl Pts',(-9.20588187873363,5.,2.95532025396824));
#14118=CARTESIAN_POINT('Ctrl Pts',(-9.20588187873363,3.,2.95532025396824));
#14119=CARTESIAN_POINT('Ctrl Pts',(-9.12012662263126,5.,3.07114235610934));
#14120=CARTESIAN_POINT('Ctrl Pts',(-9.12012662263126,3.,3.07114235610934));
#14121=CARTESIAN_POINT('Ctrl Pts',(-8.93975570380074,5.,3.31475353440415));
#14122=CARTESIAN_POINT('Ctrl Pts',(-8.93975570380074,3.,3.31475353440415));
#14123=CARTESIAN_POINT('Ctrl Pts',(-8.84697780940671,5.,3.60359860357544));
#14124=CARTESIAN_POINT('Ctrl Pts',(-8.84697780940671,3.,3.60359860357544));
#14125=CARTESIAN_POINT('Ctrl Pts',(-8.7983100861311,5.,3.75511564314365));
#14126=CARTESIAN_POINT('Ctrl Pts',(-8.7983100861311,3.,3.75511564314365));
#14127=CARTESIAN_POINT('',(-9.20588187873363,3.,2.95532025396824));
#14128=CARTESIAN_POINT('',(-9.20588187873363,5.,2.95532025396824));
#14129=CARTESIAN_POINT('Ctrl Pts',(-9.20588187873363,3.,2.95532025396824));
#14130=CARTESIAN_POINT('Ctrl Pts',(-9.12012662263126,3.,3.07114235610934));
#14131=CARTESIAN_POINT('Ctrl Pts',(-8.93975570380074,3.,3.31475353440415));
#14132=CARTESIAN_POINT('Ctrl Pts',(-8.84697780940671,3.,3.60359860357544));
#14133=CARTESIAN_POINT('Ctrl Pts',(-8.7983100861311,3.,3.75511564314365));
#14134=CARTESIAN_POINT('Ctrl Pts',(-9.88800935447216,5.,2.48976744711399));
#14135=CARTESIAN_POINT('Ctrl Pts',(-9.88800935447216,3.,2.48976744711399));
#14136=CARTESIAN_POINT('Ctrl Pts',(-9.75745849861396,5.,2.54596942797266));
#14137=CARTESIAN_POINT('Ctrl Pts',(-9.75745849861396,3.,2.54596942797266));
#14138=CARTESIAN_POINT('Ctrl Pts',(-9.49976998856289,5.,2.6569040106239));
#14139=CARTESIAN_POINT('Ctrl Pts',(-9.49976998856289,3.,2.6569040106239));
#14140=CARTESIAN_POINT('Ctrl Pts',(-9.30297570537684,5.,2.85673043685851));
#14141=CARTESIAN_POINT('Ctrl Pts',(-9.30297570537684,3.,2.85673043685851));
#14142=CARTESIAN_POINT('Ctrl Pts',(-9.20588187873363,5.,2.95532025396824));
#14143=CARTESIAN_POINT('Ctrl Pts',(-9.20588187873363,3.,2.95532025396824));
#14144=CARTESIAN_POINT('',(-9.88800935447216,3.,2.48976744711399));
#14145=CARTESIAN_POINT('',(-9.88800935447216,5.,2.48976744711399));
#14146=CARTESIAN_POINT('Ctrl Pts',(-9.88800935447216,3.,2.48976744711399));
#14147=CARTESIAN_POINT('Ctrl Pts',(-9.75745849861396,3.,2.54596942797266));
#14148=CARTESIAN_POINT('Ctrl Pts',(-9.49976998856289,3.,2.6569040106239));
#14149=CARTESIAN_POINT('Ctrl Pts',(-9.30297570537684,3.,2.85673043685851));
#14150=CARTESIAN_POINT('Ctrl Pts',(-9.20588187873363,3.,2.95532025396824));
#14151=CARTESIAN_POINT('Ctrl Pts',(-11.1277788132429,5.,2.33969964087009));
#14152=CARTESIAN_POINT('Ctrl Pts',(-11.1277788132429,3.,2.33969964087009));
#14153=CARTESIAN_POINT('Ctrl Pts',(-10.8848165981455,5.,2.34089611637121));
#14154=CARTESIAN_POINT('Ctrl Pts',(-10.8848165981455,3.,2.34089611637121));
#14155=CARTESIAN_POINT('Ctrl Pts',(-10.4651261724759,5.,2.34296289581741));
#14156=CARTESIAN_POINT('Ctrl Pts',(-10.4651261724759,3.,2.34296289581741));
#14157=CARTESIAN_POINT('Ctrl Pts',(-10.0590181331039,5.,2.44626695253189));
#14158=CARTESIAN_POINT('Ctrl Pts',(-10.0590181331039,3.,2.44626695253189));
#14159=CARTESIAN_POINT('Ctrl Pts',(-9.88800935447216,5.,2.48976744711399));
#14160=CARTESIAN_POINT('Ctrl Pts',(-9.88800935447216,3.,2.48976744711399));
#14161=CARTESIAN_POINT('',(-11.1277788132429,3.,2.33969964087009));
#14162=CARTESIAN_POINT('',(-11.1277788132429,5.,2.33969964087009));
#14163=CARTESIAN_POINT('Ctrl Pts',(-11.1277788132429,3.,2.33969964087009));
#14164=CARTESIAN_POINT('Ctrl Pts',(-10.8848165981455,3.,2.34089611637121));
#14165=CARTESIAN_POINT('Ctrl Pts',(-10.4651261724759,3.,2.34296289581741));
#14166=CARTESIAN_POINT('Ctrl Pts',(-10.0590181331039,3.,2.44626695253189));
#14167=CARTESIAN_POINT('Ctrl Pts',(-9.88800935447216,3.,2.48976744711399));
#14168=CARTESIAN_POINT('Ctrl Pts',(-12.4954455345869,5.,2.58185543119907));
#14169=CARTESIAN_POINT('Ctrl Pts',(-12.4954455345869,3.,2.58185543119907));
#14170=CARTESIAN_POINT('Ctrl Pts',(-12.2986449514052,5.,2.51143943353692));
#14171=CARTESIAN_POINT('Ctrl Pts',(-12.2986449514052,3.,2.51143943353692));
#14172=CARTESIAN_POINT('Ctrl Pts',(-11.8573612746314,5.,2.35354645451379));
#14173=CARTESIAN_POINT('Ctrl Pts',(-11.8573612746314,3.,2.35354645451379));
#14174=CARTESIAN_POINT('Ctrl Pts',(-11.387882663267,5.,2.34463617612128));
#14175=CARTESIAN_POINT('Ctrl Pts',(-11.387882663267,3.,2.34463617612128));
#14176=CARTESIAN_POINT('Ctrl Pts',(-11.1277788132429,5.,2.33969964087009));
#14177=CARTESIAN_POINT('Ctrl Pts',(-11.1277788132429,3.,2.33969964087009));
#14178=CARTESIAN_POINT('',(-12.4954455345869,3.,2.58185543119907));
#14179=CARTESIAN_POINT('',(-12.4954455345869,5.,2.58185543119907));
#14180=CARTESIAN_POINT('Ctrl Pts',(-12.4954455345869,3.,2.58185543119907));
#14181=CARTESIAN_POINT('Ctrl Pts',(-12.2986449514052,3.,2.51143943353692));
#14182=CARTESIAN_POINT('Ctrl Pts',(-11.8573612746314,3.,2.35354645451379));
#14183=CARTESIAN_POINT('Ctrl Pts',(-11.387882663267,3.,2.34463617612128));
#14184=CARTESIAN_POINT('Ctrl Pts',(-11.1277788132429,3.,2.33969964087009));
#14185=CARTESIAN_POINT('Ctrl Pts',(-13.4845309704542,5.,3.50102223455906));
#14186=CARTESIAN_POINT('Ctrl Pts',(-13.4845309704542,3.,3.50102223455906));
#14187=CARTESIAN_POINT('Ctrl Pts',(-13.357700813532,5.,3.31080104312985));
#14188=CARTESIAN_POINT('Ctrl Pts',(-13.357700813532,3.,3.31080104312985));
#14189=CARTESIAN_POINT('Ctrl Pts',(-13.1011354747201,5.,2.92600167354342));
#14190=CARTESIAN_POINT('Ctrl Pts',(-13.1011354747201,3.,2.92600167354342));
#14191=CARTESIAN_POINT('Ctrl Pts',(-12.6988604676271,5.,2.6974335186065));
#14192=CARTESIAN_POINT('Ctrl Pts',(-12.6988604676271,3.,2.6974335186065));
#14193=CARTESIAN_POINT('Ctrl Pts',(-12.4954455345869,5.,2.58185543119907));
#14194=CARTESIAN_POINT('Ctrl Pts',(-12.4954455345869,3.,2.58185543119907));
#14195=CARTESIAN_POINT('',(-13.4845309704542,3.,3.50102223455906));
#14196=CARTESIAN_POINT('',(-13.4845309704542,5.,3.50102223455906));
#14197=CARTESIAN_POINT('Ctrl Pts',(-13.4845309704542,3.,3.50102223455906));
#14198=CARTESIAN_POINT('Ctrl Pts',(-13.357700813532,3.,3.31080104312985));
#14199=CARTESIAN_POINT('Ctrl Pts',(-13.1011354747201,3.,2.92600167354342));
#14200=CARTESIAN_POINT('Ctrl Pts',(-12.6988604676271,3.,2.6974335186065));
#14201=CARTESIAN_POINT('Ctrl Pts',(-12.4954455345869,3.,2.58185543119907));
#14202=CARTESIAN_POINT('Ctrl Pts',(-13.8221841305494,5.,4.92496527731419));
#14203=CARTESIAN_POINT('Ctrl Pts',(-13.8221841305494,3.,4.92496527731419));
#14204=CARTESIAN_POINT('Ctrl Pts',(-13.8107315306719,5.,4.66582227846432));
#14205=CARTESIAN_POINT('Ctrl Pts',(-13.8107315306719,3.,4.66582227846432));
#14206=CARTESIAN_POINT('Ctrl Pts',(-13.7887815982845,5.,4.16915153433427));
#14207=CARTESIAN_POINT('Ctrl Pts',(-13.7887815982845,3.,4.16915153433427));
#14208=CARTESIAN_POINT('Ctrl Pts',(-13.5829620714044,5.,3.71717528910799));
#14209=CARTESIAN_POINT('Ctrl Pts',(-13.5829620714044,3.,3.71717528910799));
#14210=CARTESIAN_POINT('Ctrl Pts',(-13.4845309704542,5.,3.50102223455906));
#14211=CARTESIAN_POINT('Ctrl Pts',(-13.4845309704542,3.,3.50102223455906));
#14212=CARTESIAN_POINT('',(-13.8221841305494,3.,4.92496527731419));
#14213=CARTESIAN_POINT('',(-13.8221841305494,5.,4.92496527731419));
#14214=CARTESIAN_POINT('Ctrl Pts',(-13.8221841305494,3.,4.92496527731419));
#14215=CARTESIAN_POINT('Ctrl Pts',(-13.8107315306719,3.,4.66582227846432));
#14216=CARTESIAN_POINT('Ctrl Pts',(-13.7887815982845,3.,4.16915153433427));
#14217=CARTESIAN_POINT('Ctrl Pts',(-13.5829620714044,3.,3.71717528910799));
#14218=CARTESIAN_POINT('Ctrl Pts',(-13.4845309704542,3.,3.50102223455906));
#14219=CARTESIAN_POINT('Ctrl Pts',(-13.5135214775801,5.,6.30286492407322));
#14220=CARTESIAN_POINT('Ctrl Pts',(-13.5135214775801,3.,6.30286492407322));
#14221=CARTESIAN_POINT('Ctrl Pts',(-13.6035145360413,5.,6.09092749598182));
#14222=CARTESIAN_POINT('Ctrl Pts',(-13.6035145360413,3.,6.09092749598182));
#14223=CARTESIAN_POINT('Ctrl Pts',(-13.7903876741728,5.,5.65083341592518));
#14224=CARTESIAN_POINT('Ctrl Pts',(-13.7903876741728,3.,5.65083341592518));
#14225=CARTESIAN_POINT('Ctrl Pts',(-13.811328066076,5.,5.17279387867261));
#14226=CARTESIAN_POINT('Ctrl Pts',(-13.811328066076,3.,5.17279387867261));
#14227=CARTESIAN_POINT('Ctrl Pts',(-13.8221841305494,5.,4.92496527731419));
#14228=CARTESIAN_POINT('Ctrl Pts',(-13.8221841305494,3.,4.92496527731419));
#14229=CARTESIAN_POINT('',(-13.5135214775801,3.,6.30286492407322));
#14230=CARTESIAN_POINT('',(-13.5135214775801,5.,6.30286492407322));
#14231=CARTESIAN_POINT('Ctrl Pts',(-13.5135214775801,3.,6.30286492407322));
#14232=CARTESIAN_POINT('Ctrl Pts',(-13.6035145360413,3.,6.09092749598182));
#14233=CARTESIAN_POINT('Ctrl Pts',(-13.7903876741728,3.,5.65083341592518));
#14234=CARTESIAN_POINT('Ctrl Pts',(-13.811328066076,3.,5.17279387867261));
#14235=CARTESIAN_POINT('Ctrl Pts',(-13.8221841305494,3.,4.92496527731419));
#14236=CARTESIAN_POINT('Ctrl Pts',(-12.6438086479902,5.,7.20668472349644));
#14237=CARTESIAN_POINT('Ctrl Pts',(-12.6438086479902,3.,7.20668472349644));
#14238=CARTESIAN_POINT('Ctrl Pts',(-12.8210589995509,5.,7.09166685116546));
#14239=CARTESIAN_POINT('Ctrl Pts',(-12.8210589995509,3.,7.09166685116546));
#14240=CARTESIAN_POINT('Ctrl Pts',(-13.1809986437354,5.,6.85810177398985));
#14241=CARTESIAN_POINT('Ctrl Pts',(-13.1809986437354,3.,6.85810177398985));
#14242=CARTESIAN_POINT('Ctrl Pts',(-13.4015695392008,5.,6.48979897876368));
#14243=CARTESIAN_POINT('Ctrl Pts',(-13.4015695392008,3.,6.48979897876368));
#14244=CARTESIAN_POINT('Ctrl Pts',(-13.5135214775801,5.,6.30286492407322));
#14245=CARTESIAN_POINT('Ctrl Pts',(-13.5135214775801,3.,6.30286492407322));
#14246=CARTESIAN_POINT('',(-12.6438086479902,3.,7.20668472349644));
#14247=CARTESIAN_POINT('',(-12.6438086479902,5.,7.20668472349644));
#14248=CARTESIAN_POINT('Ctrl Pts',(-12.6438086479902,3.,7.20668472349644));
#14249=CARTESIAN_POINT('Ctrl Pts',(-12.8210589995509,3.,7.09166685116546));
#14250=CARTESIAN_POINT('Ctrl Pts',(-13.1809986437354,3.,6.85810177398985));
#14251=CARTESIAN_POINT('Ctrl Pts',(-13.4015695392008,3.,6.48979897876368));
#14252=CARTESIAN_POINT('Ctrl Pts',(-13.5135214775801,3.,6.30286492407322));
#14253=CARTESIAN_POINT('Ctrl Pts',(-11.1925809830427,5.,7.51023091375828));
#14254=CARTESIAN_POINT('Ctrl Pts',(-11.1925809830427,3.,7.51023091375828));
#14255=CARTESIAN_POINT('Ctrl Pts',(-11.46576590059,5.,7.50257185235546));
#14256=CARTESIAN_POINT('Ctrl Pts',(-11.46576590059,3.,7.50257185235546));
#14257=CARTESIAN_POINT('Ctrl Pts',(-11.9686974484887,5.,7.48847157316964));
#14258=CARTESIAN_POINT('Ctrl Pts',(-11.9686974484887,3.,7.48847157316964));
#14259=CARTESIAN_POINT('Ctrl Pts',(-12.4321133528357,5.,7.29504490824272));
#14260=CARTESIAN_POINT('Ctrl Pts',(-12.4321133528357,3.,7.29504490824272));
#14261=CARTESIAN_POINT('Ctrl Pts',(-12.6438086479902,5.,7.20668472349644));
#14262=CARTESIAN_POINT('Ctrl Pts',(-12.6438086479902,3.,7.20668472349644));
#14263=CARTESIAN_POINT('',(-11.4773911367911,3.,7.5));
#14264=CARTESIAN_POINT('Ctrl Pts',(-11.4773911367911,3.,7.5));
#14265=CARTESIAN_POINT('Ctrl Pts',(-11.4773911367911,3.33333333333333,7.5));
#14266=CARTESIAN_POINT('Ctrl Pts',(-11.4773911367911,3.66666666666667,7.5));
#14267=CARTESIAN_POINT('Ctrl Pts',(-11.4773911367911,4.33333333333333,7.5));
#14268=CARTESIAN_POINT('Ctrl Pts',(-11.4773911367911,4.66666666666667,7.5));
#14269=CARTESIAN_POINT('Ctrl Pts',(-11.4773911367911,5.,7.5));
#14270=CARTESIAN_POINT('Ctrl Pts',(-11.4773911367911,3.,7.5));
#14271=CARTESIAN_POINT('Ctrl Pts',(-11.6545543230418,3.,7.49082733177715));
#14272=CARTESIAN_POINT('Ctrl Pts',(-12.05632600237,3.,7.45189600731048));
#14273=CARTESIAN_POINT('Ctrl Pts',(-12.4321133528357,3.,7.29504490824272));
#14274=CARTESIAN_POINT('Ctrl Pts',(-12.6438086479902,3.,7.20668472349644));
#14275=CARTESIAN_POINT('Ctrl Pts',(-9.94258098304272,5.,7.34140433371067));
#14276=CARTESIAN_POINT('Ctrl Pts',(-9.94258098304272,3.,7.34140433371067));
#14277=CARTESIAN_POINT('Ctrl Pts',(-10.1335925284248,5.,7.39058477107054));
#14278=CARTESIAN_POINT('Ctrl Pts',(-10.1335925284248,3.,7.39058477107054));
#14279=CARTESIAN_POINT('Ctrl Pts',(-10.5433489942919,5.,7.49608625875323));
#14280=CARTESIAN_POINT('Ctrl Pts',(-10.5433489942919,3.,7.49608625875323));
#14281=CARTESIAN_POINT('Ctrl Pts',(-10.9666209408861,5.,7.50530797881882));
#14282=CARTESIAN_POINT('Ctrl Pts',(-10.9666209408861,3.,7.50530797881882));
#14283=CARTESIAN_POINT('Ctrl Pts',(-11.1925809830427,5.,7.51023091375828));
#14284=CARTESIAN_POINT('Ctrl Pts',(-11.1925809830427,3.,7.51023091375828));
#14285=CARTESIAN_POINT('',(-10.8654825108347,3.,7.5));
#14286=CARTESIAN_POINT('Ctrl Pts',(-10.8654825108347,5.,7.5));
#14287=CARTESIAN_POINT('Ctrl Pts',(-10.8654825108347,4.66666666666667,7.5));
#14288=CARTESIAN_POINT('Ctrl Pts',(-10.8654825108347,4.33333333333333,7.5));
#14289=CARTESIAN_POINT('Ctrl Pts',(-10.8654825108347,3.66666666666667,7.5));
#14290=CARTESIAN_POINT('Ctrl Pts',(-10.8654825108347,3.33333333333333,7.5));
#14291=CARTESIAN_POINT('Ctrl Pts',(-10.8654825108347,3.,7.5));
#14292=CARTESIAN_POINT('',(-9.94258098304272,3.,7.34140433371067));
#14293=CARTESIAN_POINT('',(-9.94258098304272,5.,7.34140433371067));
#14294=CARTESIAN_POINT('Ctrl Pts',(-9.94258098304272,3.,7.34140433371067));
#14295=CARTESIAN_POINT('Ctrl Pts',(-10.1335925284248,3.,7.39058477107054));
#14296=CARTESIAN_POINT('Ctrl Pts',(-10.4376574935339,3.,7.46887348361912));
#14297=CARTESIAN_POINT('Ctrl Pts',(-10.7491648522101,3.,7.49414507175869));
#14298=CARTESIAN_POINT('Ctrl Pts',(-10.8654825108347,3.,7.5));
#14299=CARTESIAN_POINT('Ctrl Pts',(-8.73009733855724,5.,6.70532025396824));
#14300=CARTESIAN_POINT('Ctrl Pts',(-8.73009733855724,3.,6.70532025396824));
#14301=CARTESIAN_POINT('Ctrl Pts',(-8.94093350856515,5.,6.84485536412654));
#14302=CARTESIAN_POINT('Ctrl Pts',(-8.94093350856515,3.,6.84485536412654));
#14303=CARTESIAN_POINT('Ctrl Pts',(-9.32377885020653,5.,7.0982291894883));
#14304=CARTESIAN_POINT('Ctrl Pts',(-9.32377885020653,3.,7.0982291894883));
#14305=CARTESIAN_POINT('Ctrl Pts',(-9.75074755693259,5.,7.26601816649241));
#14306=CARTESIAN_POINT('Ctrl Pts',(-9.75074755693259,3.,7.26601816649241));
#14307=CARTESIAN_POINT('Ctrl Pts',(-9.94258098304272,5.,7.34140433371067));
#14308=CARTESIAN_POINT('Ctrl Pts',(-9.94258098304272,3.,7.34140433371067));
#14309=CARTESIAN_POINT('',(-8.73009733855724,3.,6.70532025396824));
#14310=CARTESIAN_POINT('',(-8.73009733855724,5.,6.70532025396824));
#14311=CARTESIAN_POINT('Ctrl Pts',(-8.73009733855724,3.,6.70532025396824));
#14312=CARTESIAN_POINT('Ctrl Pts',(-8.94093350856515,3.,6.84485536412654));
#14313=CARTESIAN_POINT('Ctrl Pts',(-9.32377885020653,3.,7.0982291894883));
#14314=CARTESIAN_POINT('Ctrl Pts',(-9.75074755693259,3.,7.26601816649241));
#14315=CARTESIAN_POINT('Ctrl Pts',(-9.94258098304272,3.,7.34140433371067));
#14316=CARTESIAN_POINT('Origin',(-8.73009733855724,5.,4.57366980612278));
#14317=CARTESIAN_POINT('',(-8.73009733855724,3.,4.57366980612278));
#14318=CARTESIAN_POINT('',(-8.73009733855724,5.,4.57366980612278));
#14319=CARTESIAN_POINT('',(-8.73009733855724,3.,4.57366980612278));
#14320=CARTESIAN_POINT('Origin',(-11.1175458878279,5.,4.57366980612278));
#14321=CARTESIAN_POINT('',(-11.1175458878279,3.,4.57366980612278));
#14322=CARTESIAN_POINT('',(-11.1175458878279,5.,4.57366980612278));
#14323=CARTESIAN_POINT('',(-11.1175458878279,3.,4.57366980612278));
#14324=CARTESIAN_POINT('Origin',(-11.1175458878279,5.,5.6139151006937));
#14325=CARTESIAN_POINT('',(-11.1175458878279,3.,5.6139151006937));
#14326=CARTESIAN_POINT('',(-11.1175458878279,5.,5.6139151006937));
#14327=CARTESIAN_POINT('',(-11.1175458878279,3.,5.6139151006937));
#14328=CARTESIAN_POINT('Origin',(-10.084121748805,5.,5.6139151006937));
#14329=CARTESIAN_POINT('',(-10.084121748805,3.,5.6139151006937));
#14330=CARTESIAN_POINT('Origin',(-3.49999956786633,3.,-5.21540641784668E-7));
#14331=CARTESIAN_POINT('',(-14.2499997839332,3.,7.5));
#14332=CARTESIAN_POINT('Origin',(0.834807828068733,5.,3.72100867331028));
#14333=CARTESIAN_POINT('',(0.834807828068733,5.,3.72100867331028));
#14334=CARTESIAN_POINT('',(0.288733914494514,5.,5.51841653883457));
#14335=CARTESIAN_POINT('',(1.3170155404283,5.,2.13381706157665));
#14336=CARTESIAN_POINT('',(0.834807828068733,3.,3.72100867331028));
#14337=CARTESIAN_POINT('',(0.834807828068733,5.,3.72100867331028));
#14338=CARTESIAN_POINT('',(0.288733914494514,3.,5.51841653883457));
#14339=CARTESIAN_POINT('',(0.834807828068733,3.,3.72100867331028));
#14340=CARTESIAN_POINT('',(0.288733914494514,5.,5.51841653883457));
#14341=CARTESIAN_POINT('Origin',(1.38679929077625,5.,5.51841653883457));
#14342=CARTESIAN_POINT('',(1.38679929077625,5.,5.51841653883457));
#14343=CARTESIAN_POINT('',(0.552704303231488,5.,2.8024163966336));
#14344=CARTESIAN_POINT('',(1.38679929077625,3.,5.51841653883457));
#14345=CARTESIAN_POINT('',(1.38679929077625,5.,5.51841653883457));
#14346=CARTESIAN_POINT('',(1.38679929077625,3.,5.51841653883457));
#14347=CARTESIAN_POINT('Origin',(0.288733914494514,5.,5.51841653883457));
#14348=CARTESIAN_POINT('',(0.144366957247255,5.,5.51841653883457));
#14349=CARTESIAN_POINT('',(0.288733914494514,3.,5.51841653883457));
#14350=CARTESIAN_POINT('Origin',(3.57526250183582,5.,7.42496527731419));
#14351=CARTESIAN_POINT('',(3.57526250183582,3.,7.42496527731419));
#14352=CARTESIAN_POINT('',(3.57526250183582,5.,7.42496527731419));
#14353=CARTESIAN_POINT('',(1.95739217102528,3.,7.42496527731419));
#14354=CARTESIAN_POINT('',(3.57526250183582,3.,7.42496527731419));
#14355=CARTESIAN_POINT('',(1.95739217102528,5.,7.42496527731419));
#14356=CARTESIAN_POINT('Origin',(1.69637151062489,5.,2.42496527731419));
#14357=CARTESIAN_POINT('',(1.69637151062489,3.,2.42496527731419));
#14358=CARTESIAN_POINT('',(1.69637151062489,5.,2.42496527731419));
#14359=CARTESIAN_POINT('',(1.69637151062489,3.,2.42496527731419));
#14360=CARTESIAN_POINT('Origin',(0.0110859423875809,5.,2.42496527731419));
#14361=CARTESIAN_POINT('',(0.0110859423875809,3.,2.42496527731419));
#14362=CARTESIAN_POINT('',(0.0110859423875809,5.,2.42496527731419));
#14363=CARTESIAN_POINT('',(0.0110859423875809,3.,2.42496527731419));
#14364=CARTESIAN_POINT('Origin',(-1.86812452971935,5.,7.42496527731419));
#14365=CARTESIAN_POINT('',(-1.86812452971935,3.,7.42496527731419));
#14366=CARTESIAN_POINT('',(-1.86812452971935,5.,7.42496527731419));
#14367=CARTESIAN_POINT('',(-1.86812452971935,3.,7.42496527731419));
#14368=CARTESIAN_POINT('Origin',(-0.290542170405388,5.,7.42496527731419));
#14369=CARTESIAN_POINT('',(-0.290542170405388,3.,7.42496527731419));
#14370=CARTESIAN_POINT('',(-0.290542170405388,5.,7.42496527731419));
#14371=CARTESIAN_POINT('',(-0.290542170405388,3.,7.42496527731419));
#14372=CARTESIAN_POINT('Origin',(-0.0468402355909348,5.,6.59958995878696));
#14373=CARTESIAN_POINT('',(-0.0468402355909348,3.,6.59958995878696));
#14374=CARTESIAN_POINT('',(-0.0468402355909348,5.,6.59958995878696));
#14375=CARTESIAN_POINT('',(-0.0468402355909348,3.,6.59958995878696));
#14376=CARTESIAN_POINT('Origin',(1.70729584991932,5.,6.59958995878696));
#14377=CARTESIAN_POINT('',(1.70729584991932,3.,6.59958995878696));
#14378=CARTESIAN_POINT('',(1.70729584991932,5.,6.59958995878696));
#14379=CARTESIAN_POINT('',(1.70729584991932,3.,6.59958995878696));
#14380=CARTESIAN_POINT('Origin',(1.95739217102528,5.,7.42496527731419));
#14381=CARTESIAN_POINT('',(1.95739217102528,3.,7.42496527731419));
#14382=CARTESIAN_POINT('Origin',(-3.49999956786633,3.,-5.21540641784668E-7));
#14383=CARTESIAN_POINT('Origin',(6.34916730225086,5.,3.43792594969273));
#14384=CARTESIAN_POINT('',(6.34916730225086,5.,3.43792594969273));
#14385=CARTESIAN_POINT('',(5.66704221069813,5.,3.43792594969273));
#14386=CARTESIAN_POINT('',(3.17458365112543,5.,3.43792594969273));
#14387=CARTESIAN_POINT('',(6.34916730225086,3.,3.43792594969273));
#14388=CARTESIAN_POINT('',(6.34916730225086,5.,3.43792594969273));
#14389=CARTESIAN_POINT('',(5.66704221069813,3.,3.43792594969273));
#14390=CARTESIAN_POINT('',(6.34916730225086,3.,3.43792594969273));
#14391=CARTESIAN_POINT('',(5.66704221069813,5.,3.43792594969273));
#14392=CARTESIAN_POINT('Ctrl Pts',(6.84200711548328,5.,3.56070913374424));
#14393=CARTESIAN_POINT('Ctrl Pts',(6.84200711548328,3.,3.56070913374424));
#14394=CARTESIAN_POINT('Ctrl Pts',(6.77870975360606,5.,3.5251398723435));
#14395=CARTESIAN_POINT('Ctrl Pts',(6.77870975360606,3.,3.5251398723435));
#14396=CARTESIAN_POINT('Ctrl Pts',(6.6268529942387,5.,3.43980562445044));
#14397=CARTESIAN_POINT('Ctrl Pts',(6.6268529942387,3.,3.43980562445044));
#14398=CARTESIAN_POINT('Ctrl Pts',(6.45145525949764,5.,3.4386183443562));
#14399=CARTESIAN_POINT('Ctrl Pts',(6.45145525949764,3.,3.4386183443562));
#14400=CARTESIAN_POINT('Ctrl Pts',(6.34916730225086,5.,3.43792594969273));
#14401=CARTESIAN_POINT('Ctrl Pts',(6.34916730225086,3.,3.43792594969273));
#14402=CARTESIAN_POINT('',(6.84200711548328,5.,3.56070913374424));
#14403=CARTESIAN_POINT('Ctrl Pts',(6.84200711548328,5.,3.56070913374424));
#14404=CARTESIAN_POINT('Ctrl Pts',(6.77870975360606,5.,3.5251398723435));
#14405=CARTESIAN_POINT('Ctrl Pts',(6.6268529942387,5.,3.43980562445044));
#14406=CARTESIAN_POINT('Ctrl Pts',(6.45145525949764,5.,3.4386183443562));
#14407=CARTESIAN_POINT('Ctrl Pts',(6.34916730225086,5.,3.43792594969273));
#14408=CARTESIAN_POINT('',(6.84200711548328,3.,3.56070913374424));
#14409=CARTESIAN_POINT('',(6.84200711548328,5.,3.56070913374424));
#14410=CARTESIAN_POINT('Ctrl Pts',(6.84200711548328,3.,3.56070913374424));
#14411=CARTESIAN_POINT('Ctrl Pts',(6.77870975360606,3.,3.5251398723435));
#14412=CARTESIAN_POINT('Ctrl Pts',(6.6268529942387,3.,3.43980562445044));
#14413=CARTESIAN_POINT('Ctrl Pts',(6.45145525949764,3.,3.4386183443562));
#14414=CARTESIAN_POINT('Ctrl Pts',(6.34916730225086,3.,3.43792594969273));
#14415=CARTESIAN_POINT('Ctrl Pts',(6.98354668915272,5.,3.9017728716135));
#14416=CARTESIAN_POINT('Ctrl Pts',(6.98354668915272,3.,3.9017728716135));
#14417=CARTESIAN_POINT('Ctrl Pts',(6.97875194565889,5.,3.83398402647336));
#14418=CARTESIAN_POINT('Ctrl Pts',(6.97875194565889,3.,3.83398402647336));
#14419=CARTESIAN_POINT('Ctrl Pts',(6.96956416371438,5.,3.70408570590204));
#14420=CARTESIAN_POINT('Ctrl Pts',(6.96956416371438,3.,3.70408570590204));
#14421=CARTESIAN_POINT('Ctrl Pts',(6.88326846798108,5.,3.60708768644491));
#14422=CARTESIAN_POINT('Ctrl Pts',(6.88326846798108,3.,3.60708768644491));
#14423=CARTESIAN_POINT('Ctrl Pts',(6.84200711548328,5.,3.56070913374424));
#14424=CARTESIAN_POINT('Ctrl Pts',(6.84200711548328,3.,3.56070913374424));
#14425=CARTESIAN_POINT('',(6.98354668915272,5.,3.9017728716135));
#14426=CARTESIAN_POINT('Ctrl Pts',(6.98354668915272,5.,3.9017728716135));
#14427=CARTESIAN_POINT('Ctrl Pts',(6.97875194565889,5.,3.83398402647336));
#14428=CARTESIAN_POINT('Ctrl Pts',(6.96956416371438,5.,3.70408570590204));
#14429=CARTESIAN_POINT('Ctrl Pts',(6.88326846798108,5.,3.60708768644491));
#14430=CARTESIAN_POINT('Ctrl Pts',(6.84200711548328,5.,3.56070913374424));
#14431=CARTESIAN_POINT('',(6.98354668915272,3.,3.9017728716135));
#14432=CARTESIAN_POINT('',(6.98354668915272,5.,3.9017728716135));
#14433=CARTESIAN_POINT('Ctrl Pts',(6.98354668915272,3.,3.9017728716135));
#14434=CARTESIAN_POINT('Ctrl Pts',(6.97875194565889,3.,3.83398402647336));
#14435=CARTESIAN_POINT('Ctrl Pts',(6.96956416371438,3.,3.70408570590204));
#14436=CARTESIAN_POINT('Ctrl Pts',(6.88326846798108,3.,3.60708768644491));
#14437=CARTESIAN_POINT('Ctrl Pts',(6.84200711548328,3.,3.56070913374424));
#14438=CARTESIAN_POINT('Ctrl Pts',(6.84200711548328,5.,4.26159538328648));
#14439=CARTESIAN_POINT('Ctrl Pts',(6.84200711548328,3.,4.26159538328648));
#14440=CARTESIAN_POINT('Ctrl Pts',(6.88324454940727,5.,4.21326076584188));
#14441=CARTESIAN_POINT('Ctrl Pts',(6.88324454940727,3.,4.21326076584188));
#14442=CARTESIAN_POINT('Ctrl Pts',(6.97128747453867,5.,4.11006518115119));
#14443=CARTESIAN_POINT('Ctrl Pts',(6.97128747453867,3.,4.11006518115119));
#14444=CARTESIAN_POINT('Ctrl Pts',(6.97929155158858,5.,3.97407052350541));
#14445=CARTESIAN_POINT('Ctrl Pts',(6.97929155158858,3.,3.97407052350541));
#14446=CARTESIAN_POINT('Ctrl Pts',(6.98354668915272,5.,3.9017728716135));
#14447=CARTESIAN_POINT('Ctrl Pts',(6.98354668915272,3.,3.9017728716135));
#14448=CARTESIAN_POINT('',(6.84200711548328,5.,4.26159538328648));
#14449=CARTESIAN_POINT('Ctrl Pts',(6.84200711548328,5.,4.26159538328648));
#14450=CARTESIAN_POINT('Ctrl Pts',(6.88324454940727,5.,4.21326076584188));
#14451=CARTESIAN_POINT('Ctrl Pts',(6.97128747453867,5.,4.11006518115119));
#14452=CARTESIAN_POINT('Ctrl Pts',(6.97929155158858,5.,3.97407052350541));
#14453=CARTESIAN_POINT('Ctrl Pts',(6.98354668915272,5.,3.9017728716135));
#14454=CARTESIAN_POINT('',(6.84200711548328,3.,4.26159538328648));
#14455=CARTESIAN_POINT('',(6.84200711548328,5.,4.26159538328648));
#14456=CARTESIAN_POINT('Ctrl Pts',(6.84200711548328,3.,4.26159538328648));
#14457=CARTESIAN_POINT('Ctrl Pts',(6.88324454940727,3.,4.21326076584188));
#14458=CARTESIAN_POINT('Ctrl Pts',(6.97128747453867,3.,4.11006518115119));
#14459=CARTESIAN_POINT('Ctrl Pts',(6.97929155158858,3.,3.97407052350541));
#14460=CARTESIAN_POINT('Ctrl Pts',(6.98354668915272,3.,3.9017728716135));
#14461=CARTESIAN_POINT('Ctrl Pts',(6.33893437683582,5.,4.38608445227146));
#14462=CARTESIAN_POINT('Ctrl Pts',(6.33893437683582,3.,4.38608445227146));
#14463=CARTESIAN_POINT('Ctrl Pts',(6.44386949131876,5.,4.38558476405609));
#14464=CARTESIAN_POINT('Ctrl Pts',(6.44386949131876,3.,4.38558476405609));
#14465=CARTESIAN_POINT('Ctrl Pts',(6.6229112289209,5.,4.38473218914081));
#14466=CARTESIAN_POINT('Ctrl Pts',(6.6229112289209,3.,4.38473218914081));
#14467=CARTESIAN_POINT('Ctrl Pts',(6.77786900988315,5.,4.29764243821327));
#14468=CARTESIAN_POINT('Ctrl Pts',(6.77786900988315,3.,4.29764243821327));
#14469=CARTESIAN_POINT('Ctrl Pts',(6.84200711548328,5.,4.26159538328648));
#14470=CARTESIAN_POINT('Ctrl Pts',(6.84200711548328,3.,4.26159538328648));
#14471=CARTESIAN_POINT('',(6.33893437683582,5.,4.38608445227146));
#14472=CARTESIAN_POINT('Ctrl Pts',(6.33893437683582,5.,4.38608445227146));
#14473=CARTESIAN_POINT('Ctrl Pts',(6.44386949131876,5.,4.38558476405609));
#14474=CARTESIAN_POINT('Ctrl Pts',(6.6229112289209,5.,4.38473218914081));
#14475=CARTESIAN_POINT('Ctrl Pts',(6.77786900988315,5.,4.29764243821327));
#14476=CARTESIAN_POINT('Ctrl Pts',(6.84200711548328,5.,4.26159538328648));
#14477=CARTESIAN_POINT('',(6.33893437683582,3.,4.38608445227146));
#14478=CARTESIAN_POINT('',(6.33893437683582,5.,4.38608445227146));
#14479=CARTESIAN_POINT('Ctrl Pts',(6.33893437683582,3.,4.38608445227146));
#14480=CARTESIAN_POINT('Ctrl Pts',(6.44386949131876,3.,4.38558476405609));
#14481=CARTESIAN_POINT('Ctrl Pts',(6.6229112289209,3.,4.38473218914081));
#14482=CARTESIAN_POINT('Ctrl Pts',(6.77786900988315,3.,4.29764243821327));
#14483=CARTESIAN_POINT('Ctrl Pts',(6.84200711548328,3.,4.26159538328648));
#14484=CARTESIAN_POINT('Origin',(5.66704221069813,5.,4.38608445227146));
#14485=CARTESIAN_POINT('',(5.66704221069813,5.,4.38608445227146));
#14486=CARTESIAN_POINT('',(2.83352110534906,5.,4.38608445227146));
#14487=CARTESIAN_POINT('',(5.66704221069813,3.,4.38608445227146));
#14488=CARTESIAN_POINT('',(5.66704221069813,5.,4.38608445227146));
#14489=CARTESIAN_POINT('',(5.66704221069813,3.,4.38608445227146));
#14490=CARTESIAN_POINT('Origin',(5.66704221069813,5.,3.43792594969273));
#14491=CARTESIAN_POINT('',(5.66704221069813,5.,1.71896297484636));
#14492=CARTESIAN_POINT('',(5.66704221069813,3.,3.43792594969273));
#14493=CARTESIAN_POINT('Origin',(6.45148701965809,5.,5.33765234053135));
#14494=CARTESIAN_POINT('',(6.45148701965809,5.,5.33765234053135));
#14495=CARTESIAN_POINT('',(5.66704221069813,5.,5.33765234053135));
#14496=CARTESIAN_POINT('',(3.22574350982904,5.,5.33765234053135));
#14497=CARTESIAN_POINT('',(6.45148701965809,3.,5.33765234053135));
#14498=CARTESIAN_POINT('',(6.45148701965809,5.,5.33765234053135));
#14499=CARTESIAN_POINT('',(5.66704221069813,3.,5.33765234053135));
#14500=CARTESIAN_POINT('',(6.45148701965809,3.,5.33765234053135));
#14501=CARTESIAN_POINT('',(5.66704221069813,5.,5.33765234053135));
#14502=CARTESIAN_POINT('Ctrl Pts',(7.01936192810535,5.,5.47237314283848));
#14503=CARTESIAN_POINT('Ctrl Pts',(7.01936192810535,3.,5.47237314283848));
#14504=CARTESIAN_POINT('Ctrl Pts',(6.94646399466299,5.,5.43336315341298));
#14505=CARTESIAN_POINT('Ctrl Pts',(6.94646399466299,3.,5.43336315341298));
#14506=CARTESIAN_POINT('Ctrl Pts',(6.77036886026156,5.,5.33912907836458));
#14507=CARTESIAN_POINT('Ctrl Pts',(6.77036886026156,3.,5.33912907836458));
#14508=CARTESIAN_POINT('Ctrl Pts',(6.56931235612669,5.,5.33819798819741));
#14509=CARTESIAN_POINT('Ctrl Pts',(6.56931235612669,3.,5.33819798819741));
#14510=CARTESIAN_POINT('Ctrl Pts',(6.45148701965809,5.,5.33765234053135));
#14511=CARTESIAN_POINT('Ctrl Pts',(6.45148701965809,3.,5.33765234053135));
#14512=CARTESIAN_POINT('',(7.01936192810535,5.,5.47237314283848));
#14513=CARTESIAN_POINT('Ctrl Pts',(7.01936192810535,5.,5.47237314283848));
#14514=CARTESIAN_POINT('Ctrl Pts',(6.94646399466299,5.,5.43336315341298));
#14515=CARTESIAN_POINT('Ctrl Pts',(6.77036886026156,5.,5.33912907836458));
#14516=CARTESIAN_POINT('Ctrl Pts',(6.56931235612669,5.,5.33819798819741));
#14517=CARTESIAN_POINT('Ctrl Pts',(6.45148701965809,5.,5.33765234053135));
#14518=CARTESIAN_POINT('',(7.01936192810535,3.,5.47237314283848));
#14519=CARTESIAN_POINT('',(7.01936192810535,5.,5.47237314283848));
#14520=CARTESIAN_POINT('Ctrl Pts',(7.01936192810535,3.,5.47237314283848));
#14521=CARTESIAN_POINT('Ctrl Pts',(6.94646399466299,3.,5.43336315341298));
#14522=CARTESIAN_POINT('Ctrl Pts',(6.77036886026156,3.,5.33912907836458));
#14523=CARTESIAN_POINT('Ctrl Pts',(6.56931235612669,3.,5.33819798819741));
#14524=CARTESIAN_POINT('Ctrl Pts',(6.45148701965809,3.,5.33765234053135));
#14525=CARTESIAN_POINT('Ctrl Pts',(7.18136735260487,5.,5.8287850767374));
#14526=CARTESIAN_POINT('Ctrl Pts',(7.18136735260487,3.,5.8287850767374));
#14527=CARTESIAN_POINT('Ctrl Pts',(7.17502219161977,5.,5.75885319112276));
#14528=CARTESIAN_POINT('Ctrl Pts',(7.17502219161977,3.,5.75885319112276));
#14529=CARTESIAN_POINT('Ctrl Pts',(7.16251565860321,5.,5.62101501201206));
#14530=CARTESIAN_POINT('Ctrl Pts',(7.16251565860321,3.,5.62101501201206));
#14531=CARTESIAN_POINT('Ctrl Pts',(7.06661004668213,5.,5.52143263039611));
#14532=CARTESIAN_POINT('Ctrl Pts',(7.06661004668213,3.,5.52143263039611));
#14533=CARTESIAN_POINT('Ctrl Pts',(7.01936192810535,5.,5.47237314283848));
#14534=CARTESIAN_POINT('Ctrl Pts',(7.01936192810535,3.,5.47237314283848));
#14535=CARTESIAN_POINT('',(7.18136735260487,5.,5.8287850767374));
#14536=CARTESIAN_POINT('Ctrl Pts',(7.18136735260487,5.,5.8287850767374));
#14537=CARTESIAN_POINT('Ctrl Pts',(7.17502219161977,5.,5.75885319112276));
#14538=CARTESIAN_POINT('Ctrl Pts',(7.16251565860321,5.,5.62101501201206));
#14539=CARTESIAN_POINT('Ctrl Pts',(7.06661004668213,5.,5.52143263039611));
#14540=CARTESIAN_POINT('Ctrl Pts',(7.01936192810535,5.,5.47237314283848));
#14541=CARTESIAN_POINT('',(7.18136735260487,3.,5.8287850767374));
#14542=CARTESIAN_POINT('',(7.18136735260487,5.,5.8287850767374));
#14543=CARTESIAN_POINT('Ctrl Pts',(7.18136735260487,3.,5.8287850767374));
#14544=CARTESIAN_POINT('Ctrl Pts',(7.17502219161977,3.,5.75885319112276));
#14545=CARTESIAN_POINT('Ctrl Pts',(7.16251565860321,3.,5.62101501201206));
#14546=CARTESIAN_POINT('Ctrl Pts',(7.06661004668213,3.,5.52143263039611));
#14547=CARTESIAN_POINT('Ctrl Pts',(7.01936192810535,3.,5.47237314283848));
#14548=CARTESIAN_POINT('Ctrl Pts',(7.01765485107899,5.,6.20907105505466));
#14549=CARTESIAN_POINT('Ctrl Pts',(7.01765485107899,3.,6.20907105505466));
#14550=CARTESIAN_POINT('Ctrl Pts',(7.06539438002331,5.,6.15677471569114));
#14551=CARTESIAN_POINT('Ctrl Pts',(7.06539438002331,3.,6.15677471569114));
#14552=CARTESIAN_POINT('Ctrl Pts',(7.16364190803691,5.,6.04914931216823));
#14553=CARTESIAN_POINT('Ctrl Pts',(7.16364190803691,3.,6.04914931216823));
#14554=CARTESIAN_POINT('Ctrl Pts',(7.17534890908685,5.,5.90360687876592));
#14555=CARTESIAN_POINT('Ctrl Pts',(7.17534890908685,3.,5.90360687876592));
#14556=CARTESIAN_POINT('Ctrl Pts',(7.18136735260487,5.,5.8287850767374));
#14557=CARTESIAN_POINT('Ctrl Pts',(7.18136735260487,3.,5.8287850767374));
#14558=CARTESIAN_POINT('',(7.01765485107899,5.,6.20907105505466));
#14559=CARTESIAN_POINT('Ctrl Pts',(7.01765485107899,5.,6.20907105505466));
#14560=CARTESIAN_POINT('Ctrl Pts',(7.06539438002331,5.,6.15677471569114));
#14561=CARTESIAN_POINT('Ctrl Pts',(7.16364190803691,5.,6.04914931216823));
#14562=CARTESIAN_POINT('Ctrl Pts',(7.17534890908685,5.,5.90360687876592));
#14563=CARTESIAN_POINT('Ctrl Pts',(7.18136735260487,5.,5.8287850767374));
#14564=CARTESIAN_POINT('',(7.01765485107899,3.,6.20907105505466));
#14565=CARTESIAN_POINT('',(7.01765485107899,5.,6.20907105505466));
#14566=CARTESIAN_POINT('Ctrl Pts',(7.01765485107899,3.,6.20907105505466));
#14567=CARTESIAN_POINT('Ctrl Pts',(7.06539438002331,3.,6.15677471569114));
#14568=CARTESIAN_POINT('Ctrl Pts',(7.16364190803691,3.,6.04914931216823));
#14569=CARTESIAN_POINT('Ctrl Pts',(7.17534890908685,3.,5.90360687876592));
#14570=CARTESIAN_POINT('Ctrl Pts',(7.18136735260487,3.,5.8287850767374));
#14571=CARTESIAN_POINT('Ctrl Pts',(6.45489640533924,5.,6.35061301290989));
#14572=CARTESIAN_POINT('Ctrl Pts',(6.45489640533924,3.,6.35061301290989));
#14573=CARTESIAN_POINT('Ctrl Pts',(6.57134988097679,5.,6.3496529123923));
#14574=CARTESIAN_POINT('Ctrl Pts',(6.57134988097679,3.,6.3496529123923));
#14575=CARTESIAN_POINT('Ctrl Pts',(6.77175040779483,5.,6.34800071052825));
#14576=CARTESIAN_POINT('Ctrl Pts',(6.77175040779483,3.,6.34800071052825));
#14577=CARTESIAN_POINT('Ctrl Pts',(6.94505724700869,5.,6.25008682519282));
#14578=CARTESIAN_POINT('Ctrl Pts',(6.94505724700869,3.,6.25008682519282));
#14579=CARTESIAN_POINT('Ctrl Pts',(7.01765485107899,5.,6.20907105505466));
#14580=CARTESIAN_POINT('Ctrl Pts',(7.01765485107899,3.,6.20907105505466));
#14581=CARTESIAN_POINT('',(6.45489640533924,5.,6.35061301290989));
#14582=CARTESIAN_POINT('Ctrl Pts',(6.45489640533924,5.,6.35061301290989));
#14583=CARTESIAN_POINT('Ctrl Pts',(6.57134988097679,5.,6.3496529123923));
#14584=CARTESIAN_POINT('Ctrl Pts',(6.77175040779483,5.,6.34800071052825));
#14585=CARTESIAN_POINT('Ctrl Pts',(6.94505724700869,5.,6.25008682519282));
#14586=CARTESIAN_POINT('Ctrl Pts',(7.01765485107899,5.,6.20907105505466));
#14587=CARTESIAN_POINT('',(6.45489640533924,3.,6.35061301290989));
#14588=CARTESIAN_POINT('',(6.45489640533924,5.,6.35061301290989));
#14589=CARTESIAN_POINT('Ctrl Pts',(6.45489640533924,3.,6.35061301290989));
#14590=CARTESIAN_POINT('Ctrl Pts',(6.57134988097679,3.,6.3496529123923));
#14591=CARTESIAN_POINT('Ctrl Pts',(6.77175040779483,3.,6.34800071052825));
#14592=CARTESIAN_POINT('Ctrl Pts',(6.94505724700869,3.,6.25008682519282));
#14593=CARTESIAN_POINT('Ctrl Pts',(7.01765485107899,3.,6.20907105505466));
#14594=CARTESIAN_POINT('Origin',(5.66704221069813,5.,6.35061301290989));
#14595=CARTESIAN_POINT('',(5.66704221069813,5.,6.35061301290989));
#14596=CARTESIAN_POINT('',(2.83352110534906,5.,6.35061301290989));
#14597=CARTESIAN_POINT('',(5.66704221069813,3.,6.35061301290989));
#14598=CARTESIAN_POINT('',(5.66704221069813,5.,6.35061301290989));
#14599=CARTESIAN_POINT('',(5.66704221069813,3.,6.35061301290989));
#14600=CARTESIAN_POINT('Origin',(5.66704221069813,5.,5.33765234053135));
#14601=CARTESIAN_POINT('',(5.66704221069813,5.,2.66882617026567));
#14602=CARTESIAN_POINT('',(5.66704221069813,3.,5.33765234053135));
#14603=CARTESIAN_POINT('Origin',(6.77549786865711,5.,7.42496527731419));
#14604=CARTESIAN_POINT('',(6.77549786865711,3.,7.42496527731419));
#14605=CARTESIAN_POINT('',(6.77549786865711,5.,7.42496527731419));
#14606=CARTESIAN_POINT('',(4.10837598145008,3.,7.42496527731419));
#14607=CARTESIAN_POINT('',(6.77549786865711,3.,7.42496527731419));
#14608=CARTESIAN_POINT('',(4.10837598145008,5.,7.42496527731419));
#14609=CARTESIAN_POINT('Ctrl Pts',(7.46786065399647,5.,7.35675252974033));
#14610=CARTESIAN_POINT('Ctrl Pts',(7.46786065399647,3.,7.35675252974033));
#14611=CARTESIAN_POINT('Ctrl Pts',(7.32340741879505,5.,7.37614782686286));
#14612=CARTESIAN_POINT('Ctrl Pts',(7.32340741879505,3.,7.37614782686286));
#14613=CARTESIAN_POINT('Ctrl Pts',(7.0933685605902,5.,7.40703444562491));
#14614=CARTESIAN_POINT('Ctrl Pts',(7.0933685605902,3.,7.40703444562491));
#14615=CARTESIAN_POINT('Ctrl Pts',(6.86169258048517,5.,7.42010310250689));
#14616=CARTESIAN_POINT('Ctrl Pts',(6.86169258048517,3.,7.42010310250689));
#14617=CARTESIAN_POINT('Ctrl Pts',(6.77549786865711,5.,7.42496527731419));
#14618=CARTESIAN_POINT('Ctrl Pts',(6.77549786865711,3.,7.42496527731419));
#14619=CARTESIAN_POINT('',(7.46786065399647,3.,7.35675252974033));
#14620=CARTESIAN_POINT('',(7.46786065399647,5.,7.35675252974033));
#14621=CARTESIAN_POINT('Ctrl Pts',(7.46786065399647,3.,7.35675252974033));
#14622=CARTESIAN_POINT('Ctrl Pts',(7.32340741879505,3.,7.37614782686286));
#14623=CARTESIAN_POINT('Ctrl Pts',(7.0933685605902,3.,7.40703444562491));
#14624=CARTESIAN_POINT('Ctrl Pts',(6.86169258048517,3.,7.42010310250689));
#14625=CARTESIAN_POINT('Ctrl Pts',(6.77549786865711,3.,7.42496527731419));
#14626=CARTESIAN_POINT('Ctrl Pts',(8.05448956787586,5.,7.19304122030735));
#14627=CARTESIAN_POINT('Ctrl Pts',(8.05448956787586,3.,7.19304122030735));
#14628=CARTESIAN_POINT('Ctrl Pts',(7.97419404614638,5.,7.22881896127612));
#14629=CARTESIAN_POINT('Ctrl Pts',(7.97419404614638,3.,7.22881896127612));
#14630=CARTESIAN_POINT('Ctrl Pts',(7.7871017305011,5.,7.31218276864955));
#14631=CARTESIAN_POINT('Ctrl Pts',(7.7871017305011,3.,7.31218276864955));
#14632=CARTESIAN_POINT('Ctrl Pts',(7.58387013630713,5.,7.34055625898638));
#14633=CARTESIAN_POINT('Ctrl Pts',(7.58387013630713,3.,7.34055625898638));
#14634=CARTESIAN_POINT('Ctrl Pts',(7.46786065399647,5.,7.35675252974033));
#14635=CARTESIAN_POINT('Ctrl Pts',(7.46786065399647,3.,7.35675252974033));
#14636=CARTESIAN_POINT('',(8.05448956787586,3.,7.19304122030735));
#14637=CARTESIAN_POINT('',(8.05448956787586,5.,7.19304122030735));
#14638=CARTESIAN_POINT('Ctrl Pts',(8.05448956787586,3.,7.19304122030735));
#14639=CARTESIAN_POINT('Ctrl Pts',(7.97419404614638,3.,7.22881896127612));
#14640=CARTESIAN_POINT('Ctrl Pts',(7.7871017305011,3.,7.31218276864955));
#14641=CARTESIAN_POINT('Ctrl Pts',(7.58387013630713,3.,7.34055625898638));
#14642=CARTESIAN_POINT('Ctrl Pts',(7.46786065399647,3.,7.35675252974033));
#14643=CARTESIAN_POINT('Ctrl Pts',(8.54903168976307,5.,6.70190967619419));
#14644=CARTESIAN_POINT('Ctrl Pts',(8.54903168976307,3.,6.70190967619419));
#14645=CARTESIAN_POINT('Ctrl Pts',(8.48312313121187,5.,6.80003032098373));
#14646=CARTESIAN_POINT('Ctrl Pts',(8.48312313121187,3.,6.80003032098373));
#14647=CARTESIAN_POINT('Ctrl Pts',(8.35102154603703,5.,6.99669510929049));
#14648=CARTESIAN_POINT('Ctrl Pts',(8.35102154603703,3.,6.99669510929049));
#14649=CARTESIAN_POINT('Ctrl Pts',(8.15347535950761,5.,7.12749862569971));
#14650=CARTESIAN_POINT('Ctrl Pts',(8.15347535950761,3.,7.12749862569971));
#14651=CARTESIAN_POINT('Ctrl Pts',(8.05448956787586,5.,7.19304122030735));
#14652=CARTESIAN_POINT('Ctrl Pts',(8.05448956787586,3.,7.19304122030735));
#14653=CARTESIAN_POINT('',(8.54903168976307,3.,6.70190967619419));
#14654=CARTESIAN_POINT('',(8.54903168976307,5.,6.70190967619419));
#14655=CARTESIAN_POINT('Ctrl Pts',(8.54903168976307,3.,6.70190967619419));
#14656=CARTESIAN_POINT('Ctrl Pts',(8.48312313121187,3.,6.80003032098373));
#14657=CARTESIAN_POINT('Ctrl Pts',(8.35102154603703,3.,6.99669510929049));
#14658=CARTESIAN_POINT('Ctrl Pts',(8.15347535950761,3.,7.12749862569971));
#14659=CARTESIAN_POINT('Ctrl Pts',(8.05448956787586,3.,7.19304122030735));
#14660=CARTESIAN_POINT('Ctrl Pts',(8.72979588806629,5.,6.00272811949253));
#14661=CARTESIAN_POINT('Ctrl Pts',(8.72979588806629,3.,6.00272811949253));
#14662=CARTESIAN_POINT('Ctrl Pts',(8.72291369768869,5.,6.12793511735624));
#14663=CARTESIAN_POINT('Ctrl Pts',(8.72291369768869,3.,6.12793511735624));
#14664=CARTESIAN_POINT('Ctrl Pts',(8.70943078343341,5.,6.3732284213384));
#14665=CARTESIAN_POINT('Ctrl Pts',(8.70943078343341,3.,6.3732284213384));
#14666=CARTESIAN_POINT('Ctrl Pts',(8.60174873836442,5.,6.59388471613925));
#14667=CARTESIAN_POINT('Ctrl Pts',(8.60174873836442,3.,6.59388471613925));
#14668=CARTESIAN_POINT('Ctrl Pts',(8.54903168976307,5.,6.70190967619419));
#14669=CARTESIAN_POINT('Ctrl Pts',(8.54903168976307,3.,6.70190967619419));
#14670=CARTESIAN_POINT('',(8.72979588806629,3.,6.00272811949253));
#14671=CARTESIAN_POINT('',(8.72979588806629,5.,6.00272811949253));
#14672=CARTESIAN_POINT('Ctrl Pts',(8.72979588806629,3.,6.00272811949253));
#14673=CARTESIAN_POINT('Ctrl Pts',(8.72291369768869,3.,6.12793511735624));
#14674=CARTESIAN_POINT('Ctrl Pts',(8.70943078343341,3.,6.3732284213384));
#14675=CARTESIAN_POINT('Ctrl Pts',(8.60174873836442,3.,6.59388471613925));
#14676=CARTESIAN_POINT('Ctrl Pts',(8.54903168976307,3.,6.70190967619419));
#14677=CARTESIAN_POINT('Ctrl Pts',(8.47570367157459,5.,5.20975388586521));
#14678=CARTESIAN_POINT('Ctrl Pts',(8.47570367157459,3.,5.20975388586521));
#14679=CARTESIAN_POINT('Ctrl Pts',(8.5497728030064,5.,5.32494480628909));
#14680=CARTESIAN_POINT('Ctrl Pts',(8.5497728030064,3.,5.32494480628909));
#14681=CARTESIAN_POINT('Ctrl Pts',(8.7048446430373,5.,5.56610961596998));
#14682=CARTESIAN_POINT('Ctrl Pts',(8.7048446430373,3.,5.56610961596998));
#14683=CARTESIAN_POINT('Ctrl Pts',(8.72123453131692,5.,5.85291408144798));
#14684=CARTESIAN_POINT('Ctrl Pts',(8.72123453131692,3.,5.85291408144798));
#14685=CARTESIAN_POINT('Ctrl Pts',(8.72979588806629,5.,6.00272811949253));
#14686=CARTESIAN_POINT('Ctrl Pts',(8.72979588806629,3.,6.00272811949253));
#14687=CARTESIAN_POINT('',(8.47570367157459,3.,5.20975388586521));
#14688=CARTESIAN_POINT('',(8.47570367157459,5.,5.20975388586521));
#14689=CARTESIAN_POINT('Ctrl Pts',(8.47570367157459,3.,5.20975388586521));
#14690=CARTESIAN_POINT('Ctrl Pts',(8.5497728030064,3.,5.32494480628909));
#14691=CARTESIAN_POINT('Ctrl Pts',(8.7048446430373,3.,5.56610961596998));
#14692=CARTESIAN_POINT('Ctrl Pts',(8.72123453131692,3.,5.85291408144798));
#14693=CARTESIAN_POINT('Ctrl Pts',(8.72979588806629,3.,6.00272811949253));
#14694=CARTESIAN_POINT('Ctrl Pts',(7.68272824585438,5.,4.76466454565525));
#14695=CARTESIAN_POINT('Ctrl Pts',(7.68272824585438,3.,4.76466454565525));
#14696=CARTESIAN_POINT('Ctrl Pts',(7.84608532807809,5.,4.81048971451088));
#14697=CARTESIAN_POINT('Ctrl Pts',(7.84608532807809,3.,4.81048971451088));
#14698=CARTESIAN_POINT('Ctrl Pts',(8.14742732186838,5.,4.89502261360993));
#14699=CARTESIAN_POINT('Ctrl Pts',(8.14742732186838,3.,4.89502261360993));
#14700=CARTESIAN_POINT('Ctrl Pts',(8.37259780090906,5.,5.11090228756825));
#14701=CARTESIAN_POINT('Ctrl Pts',(8.37259780090906,3.,5.11090228756825));
#14702=CARTESIAN_POINT('Ctrl Pts',(8.47570367157459,5.,5.20975388586521));
#14703=CARTESIAN_POINT('Ctrl Pts',(8.47570367157459,3.,5.20975388586521));
#14704=CARTESIAN_POINT('',(7.68272824585438,3.,4.76466454565525));
#14705=CARTESIAN_POINT('',(7.68272824585438,5.,4.76466454565525));
#14706=CARTESIAN_POINT('Ctrl Pts',(7.68272824585438,3.,4.76466454565525));
#14707=CARTESIAN_POINT('Ctrl Pts',(7.84608532807809,3.,4.81048971451088));
#14708=CARTESIAN_POINT('Ctrl Pts',(8.14742732186838,3.,4.89502261360993));
#14709=CARTESIAN_POINT('Ctrl Pts',(8.37259780090906,3.,5.11090228756825));
#14710=CARTESIAN_POINT('Ctrl Pts',(8.47570367157459,3.,5.20975388586521));
#14711=CARTESIAN_POINT('Ctrl Pts',(8.22161145508289,5.,4.43042196333408));
#14712=CARTESIAN_POINT('Ctrl Pts',(8.22161145508289,3.,4.43042196333408));
#14713=CARTESIAN_POINT('Ctrl Pts',(8.14917488255903,5.,4.49851148199079));
#14714=CARTESIAN_POINT('Ctrl Pts',(8.14917488255903,3.,4.49851148199079));
#14715=CARTESIAN_POINT('Ctrl Pts',(7.99236638420926,5.,4.64590960978594));
#14716=CARTESIAN_POINT('Ctrl Pts',(7.99236638420926,3.,4.64590960978594));
#14717=CARTESIAN_POINT('Ctrl Pts',(7.7910486708285,5.,4.72312061573278));
#14718=CARTESIAN_POINT('Ctrl Pts',(7.7910486708285,3.,4.72312061573278));
#14719=CARTESIAN_POINT('Ctrl Pts',(7.68272824585438,5.,4.76466454565525));
#14720=CARTESIAN_POINT('Ctrl Pts',(7.68272824585438,3.,4.76466454565525));
#14721=CARTESIAN_POINT('',(8.22161145508289,3.,4.43042196333408));
#14722=CARTESIAN_POINT('',(8.22161145508289,5.,4.43042196333408));
#14723=CARTESIAN_POINT('Ctrl Pts',(8.22161145508289,3.,4.43042196333408));
#14724=CARTESIAN_POINT('Ctrl Pts',(8.14917488255903,3.,4.49851148199079));
#14725=CARTESIAN_POINT('Ctrl Pts',(7.99236638420926,3.,4.64590960978594));
#14726=CARTESIAN_POINT('Ctrl Pts',(7.7910486708285,3.,4.72312061573278));
#14727=CARTESIAN_POINT('Ctrl Pts',(7.68272824585438,3.,4.76466454565525));
#14728=CARTESIAN_POINT('Ctrl Pts',(8.49787183105946,5.,3.66984881460667));
#14729=CARTESIAN_POINT('Ctrl Pts',(8.49787183105946,3.,3.66984881460667));
#14730=CARTESIAN_POINT('Ctrl Pts',(8.48704366234407,5.,3.81159396506899));
#14731=CARTESIAN_POINT('Ctrl Pts',(8.48704366234407,3.,3.81159396506899));
#14732=CARTESIAN_POINT('Ctrl Pts',(8.46569699209924,5.,4.09103059606858));
#14733=CARTESIAN_POINT('Ctrl Pts',(8.46569699209924,3.,4.09103059606858));
#14734=CARTESIAN_POINT('Ctrl Pts',(8.30218262264504,5.,4.31839091448394));
#14735=CARTESIAN_POINT('Ctrl Pts',(8.30218262264504,3.,4.31839091448394));
#14736=CARTESIAN_POINT('Ctrl Pts',(8.22161145508289,5.,4.43042196333408));
#14737=CARTESIAN_POINT('Ctrl Pts',(8.22161145508289,3.,4.43042196333408));
#14738=CARTESIAN_POINT('',(8.49787183105946,3.,3.66984881460667));
#14739=CARTESIAN_POINT('',(8.49787183105946,5.,3.66984881460667));
#14740=CARTESIAN_POINT('Ctrl Pts',(8.49787183105946,3.,3.66984881460667));
#14741=CARTESIAN_POINT('Ctrl Pts',(8.48704366234407,3.,3.81159396506899));
#14742=CARTESIAN_POINT('Ctrl Pts',(8.46569699209924,3.,4.09103059606858));
#14743=CARTESIAN_POINT('Ctrl Pts',(8.30218262264504,3.,4.31839091448394));
#14744=CARTESIAN_POINT('Ctrl Pts',(8.22161145508289,3.,4.43042196333408));
#14745=CARTESIAN_POINT('Ctrl Pts',(8.11076588928699,5.,2.78308190405369));
#14746=CARTESIAN_POINT('Ctrl Pts',(8.11076588928699,3.,2.78308190405369));
#14747=CARTESIAN_POINT('Ctrl Pts',(8.22367177323999,5.,2.90962144944925));
#14748=CARTESIAN_POINT('Ctrl Pts',(8.22367177323999,3.,2.90962144944925));
#14749=CARTESIAN_POINT('Ctrl Pts',(8.44964139336283,5.,3.16287745349824));
#14750=CARTESIAN_POINT('Ctrl Pts',(8.44964139336283,3.,3.16287745349824));
#14751=CARTESIAN_POINT('Ctrl Pts',(8.48178753321125,5.,3.50077967980287));
#14752=CARTESIAN_POINT('Ctrl Pts',(8.48178753321125,3.,3.50077967980287));
#14753=CARTESIAN_POINT('Ctrl Pts',(8.49787183105946,5.,3.66984881460667));
#14754=CARTESIAN_POINT('Ctrl Pts',(8.49787183105946,3.,3.66984881460667));
#14755=CARTESIAN_POINT('',(8.11076588928699,3.,2.78308190405369));
#14756=CARTESIAN_POINT('',(8.11076588928699,5.,2.78308190405369));
#14757=CARTESIAN_POINT('Ctrl Pts',(8.11076588928699,3.,2.78308190405369));
#14758=CARTESIAN_POINT('Ctrl Pts',(8.22367177323999,3.,2.90962144944925));
#14759=CARTESIAN_POINT('Ctrl Pts',(8.44964139336283,3.,3.16287745349824));
#14760=CARTESIAN_POINT('Ctrl Pts',(8.48178753321125,3.,3.50077967980287));
#14761=CARTESIAN_POINT('Ctrl Pts',(8.49787183105946,3.,3.66984881460667));
#14762=CARTESIAN_POINT('Ctrl Pts',(7.00060315430164,5.,2.42496527731419));
#14763=CARTESIAN_POINT('Ctrl Pts',(7.00060315430164,3.,2.42496527731419));
#14764=CARTESIAN_POINT('Ctrl Pts',(7.22073189681725,5.,2.43397091141135));
#14765=CARTESIAN_POINT('Ctrl Pts',(7.22073189681725,3.,2.43397091141135));
#14766=CARTESIAN_POINT('Ctrl Pts',(7.62584552472019,5.,2.45054441771033));
#14767=CARTESIAN_POINT('Ctrl Pts',(7.62584552472019,3.,2.45054441771033));
#14768=CARTESIAN_POINT('Ctrl Pts',(7.95875239316546,5.,2.6788376000726));
#14769=CARTESIAN_POINT('Ctrl Pts',(7.95875239316546,3.,2.6788376000726));
#14770=CARTESIAN_POINT('Ctrl Pts',(8.11076588928699,5.,2.78308190405369));
#14771=CARTESIAN_POINT('Ctrl Pts',(8.11076588928699,3.,2.78308190405369));
#14772=CARTESIAN_POINT('',(7.00060315430164,3.,2.42496527731419));
#14773=CARTESIAN_POINT('',(7.00060315430164,5.,2.42496527731419));
#14774=CARTESIAN_POINT('Ctrl Pts',(7.00060315430164,3.,2.42496527731419));
#14775=CARTESIAN_POINT('Ctrl Pts',(7.22073189681725,3.,2.43397091141135));
#14776=CARTESIAN_POINT('Ctrl Pts',(7.62584552472019,3.,2.45054441771033));
#14777=CARTESIAN_POINT('Ctrl Pts',(7.95875239316546,3.,2.6788376000726));
#14778=CARTESIAN_POINT('Ctrl Pts',(8.11076588928699,3.,2.78308190405369));
#14779=CARTESIAN_POINT('Origin',(4.10837598145008,5.,2.42496527731419));
#14780=CARTESIAN_POINT('',(4.10837598145008,3.,2.42496527731419));
#14781=CARTESIAN_POINT('',(4.10837598145008,5.,2.42496527731419));
#14782=CARTESIAN_POINT('',(4.10837598145008,3.,2.42496527731419));
#14783=CARTESIAN_POINT('Origin',(4.10837598145008,5.,7.42496527731419));
#14784=CARTESIAN_POINT('',(4.10837598145008,3.,7.42496527731419));
#14785=CARTESIAN_POINT('Origin',(-3.49999956786633,3.,-5.21540641784668E-7));
#14786=CARTESIAN_POINT('Origin',(-3.84735636413097,5.,7.42496527731419));
#14787=CARTESIAN_POINT('',(-3.84735636413097,3.,7.42496527731419));
#14788=CARTESIAN_POINT('',(-3.84735636413097,5.,7.42496527731419));
#14789=CARTESIAN_POINT('',(-5.39919666945934,3.,7.42496527731419));
#14790=CARTESIAN_POINT('',(-3.84735636413097,3.,7.42496527731419));
#14791=CARTESIAN_POINT('',(-5.39919666945934,5.,7.42496527731419));
#14792=CARTESIAN_POINT('Origin',(-3.84735636413097,5.,5.38199104368687));
#14793=CARTESIAN_POINT('',(-3.84735636413097,3.,5.38199104368687));
#14794=CARTESIAN_POINT('',(-3.84735636413097,5.,5.38199104368687));
#14795=CARTESIAN_POINT('',(-3.84735636413097,3.,5.38199104368687));
#14796=CARTESIAN_POINT('Origin',(-1.91011004149914,5.,5.38199104368687));
#14797=CARTESIAN_POINT('',(-1.91011004149914,3.,5.38199104368687));
#14798=CARTESIAN_POINT('',(-1.91011004149914,5.,5.38199104368687));
#14799=CARTESIAN_POINT('',(-1.91011004149914,3.,5.38199104368687));
#14800=CARTESIAN_POINT('Origin',(-1.91011004149914,5.,4.37244094908237));
#14801=CARTESIAN_POINT('',(-1.91011004149914,3.,4.37244094908237));
#14802=CARTESIAN_POINT('',(-1.91011004149914,5.,4.37244094908237));
#14803=CARTESIAN_POINT('',(-1.91011004149914,3.,4.37244094908237));
#14804=CARTESIAN_POINT('Origin',(-3.84735636413097,5.,4.37244094908237));
#14805=CARTESIAN_POINT('',(-3.84735636413097,3.,4.37244094908237));
#14806=CARTESIAN_POINT('',(-3.84735636413097,5.,4.37244094908237));
#14807=CARTESIAN_POINT('',(-3.84735636413097,3.,4.37244094908237));
#14808=CARTESIAN_POINT('Origin',(-3.84735636413097,5.,3.49931754171848));
#14809=CARTESIAN_POINT('',(-3.84735636413097,3.,3.49931754171848));
#14810=CARTESIAN_POINT('',(-3.84735636413097,5.,3.49931754171848));
#14811=CARTESIAN_POINT('',(-3.84735636413097,3.,3.49931754171848));
#14812=CARTESIAN_POINT('Origin',(-1.57928042113781,5.,3.49931754171848));
#14813=CARTESIAN_POINT('',(-1.57928042113781,3.,3.49931754171848));
#14814=CARTESIAN_POINT('',(-1.57928042113781,5.,3.49931754171848));
#14815=CARTESIAN_POINT('',(-1.57928042113781,3.,3.49931754171848));
#14816=CARTESIAN_POINT('Origin',(-1.57928042113781,5.,2.42496527731419));
#14817=CARTESIAN_POINT('',(-1.57928042113781,3.,2.42496527731419));
#14818=CARTESIAN_POINT('',(-1.57928042113781,5.,2.42496527731419));
#14819=CARTESIAN_POINT('',(-1.57928042113781,3.,2.42496527731419));
#14820=CARTESIAN_POINT('Origin',(-5.39919666945934,5.,2.42496527731419));
#14821=CARTESIAN_POINT('',(-5.39919666945934,3.,2.42496527731419));
#14822=CARTESIAN_POINT('',(-5.39919666945934,5.,2.42496527731419));
#14823=CARTESIAN_POINT('',(-5.39919666945934,3.,2.42496527731419));
#14824=CARTESIAN_POINT('Origin',(-5.39919666945934,5.,7.42496527731419));
#14825=CARTESIAN_POINT('',(-5.39919666945934,3.,7.42496527731419));
#14826=CARTESIAN_POINT('Origin',(-3.49999956786633,3.,-5.21540641784668E-7));
#14827=CARTESIAN_POINT('Origin',(-18.0251526087523,5.,7.42496527731419));
#14828=CARTESIAN_POINT('',(-18.0251526087523,3.,7.42496527731419));
#14829=CARTESIAN_POINT('',(-18.0251526087523,5.,7.42496527731419));
#14830=CARTESIAN_POINT('',(-19.4780855625868,3.,7.42496527731419));
#14831=CARTESIAN_POINT('',(-18.0251526087523,3.,7.42496527731419));
#14832=CARTESIAN_POINT('',(-19.4780855625868,5.,7.42496527731419));
#14833=CARTESIAN_POINT('Origin',(-18.0251526087523,5.,4.67961229383945));
#14834=CARTESIAN_POINT('',(-18.0251526087523,3.,4.67961229383945));
#14835=CARTESIAN_POINT('',(-18.0251526087523,5.,4.67961229383945));
#14836=CARTESIAN_POINT('',(-18.0251526087523,3.,4.67961229383945));
#14837=CARTESIAN_POINT('Origin',(-16.1527102440596,5.,7.42496527731419));
#14838=CARTESIAN_POINT('',(-16.1527102440596,3.,7.42496527731419));
#14839=CARTESIAN_POINT('',(-16.1527102440596,5.,7.42496527731419));
#14840=CARTESIAN_POINT('',(-16.1527102440596,3.,7.42496527731419));
#14841=CARTESIAN_POINT('Origin',(-14.696366712451,5.,7.42496527731419));
#14842=CARTESIAN_POINT('',(-14.696366712451,3.,7.42496527731419));
#14843=CARTESIAN_POINT('',(-14.696366712451,5.,7.42496527731419));
#14844=CARTESIAN_POINT('',(-14.696366712451,3.,7.42496527731419));
#14845=CARTESIAN_POINT('Origin',(-14.696366712451,5.,2.42496527731419));
#14846=CARTESIAN_POINT('',(-14.696366712451,3.,2.42496527731419));
#14847=CARTESIAN_POINT('',(-14.696366712451,5.,2.42496527731419));
#14848=CARTESIAN_POINT('',(-14.696366712451,3.,2.42496527731419));
#14849=CARTESIAN_POINT('Origin',(-16.1527102440596,5.,2.42496527731419));
#14850=CARTESIAN_POINT('',(-16.1527102440596,3.,2.42496527731419));
#14851=CARTESIAN_POINT('',(-16.1527102440596,5.,2.42496527731419));
#14852=CARTESIAN_POINT('',(-16.1527102440596,3.,2.42496527731419));
#14853=CARTESIAN_POINT('Origin',(-16.1527102440596,5.,5.1912084966898));
#14854=CARTESIAN_POINT('',(-16.1527102440596,3.,5.1912084966898));
#14855=CARTESIAN_POINT('',(-16.1527102440596,5.,5.1912084966898));
#14856=CARTESIAN_POINT('',(-16.1527102440596,3.,5.1912084966898));
#14857=CARTESIAN_POINT('Origin',(-18.0353843420744,5.,2.42496527731419));
#14858=CARTESIAN_POINT('',(-18.0353843420744,3.,2.42496527731419));
#14859=CARTESIAN_POINT('',(-18.0353843420744,5.,2.42496527731419));
#14860=CARTESIAN_POINT('',(-18.0353843420744,3.,2.42496527731419));
#14861=CARTESIAN_POINT('Origin',(-19.4780855625868,5.,2.42496527731419));
#14862=CARTESIAN_POINT('',(-19.4780855625868,3.,2.42496527731419));
#14863=CARTESIAN_POINT('',(-19.4780855625868,5.,2.42496527731419));
#14864=CARTESIAN_POINT('',(-19.4780855625868,3.,2.42496527731419));
#14865=CARTESIAN_POINT('Origin',(-19.4780855625868,5.,7.42496527731419));
#14866=CARTESIAN_POINT('',(-19.4780855625868,3.,7.42496527731419));
#14867=CARTESIAN_POINT('Origin',(-3.49999956786633,3.,-5.21540641784668E-7));
#14868=CARTESIAN_POINT('Origin',(10.8249802142382,5.,7.42496527731419));
#14869=CARTESIAN_POINT('',(10.8249802142382,3.,7.42496527731419));
#14870=CARTESIAN_POINT('',(10.8249802142382,5.,7.42496527731419));
#14871=CARTESIAN_POINT('',(9.55963559448719,3.,7.42496527731419));
#14872=CARTESIAN_POINT('',(10.8249802142382,3.,7.42496527731419));
#14873=CARTESIAN_POINT('',(9.55963559448719,5.,7.42496527731419));
#14874=CARTESIAN_POINT('Origin',(10.8249802142382,5.,3.61186780035496));
#14875=CARTESIAN_POINT('',(10.8249802142382,3.,3.61186780035496));
#14876=CARTESIAN_POINT('',(10.8249802142382,5.,3.61186780035496));
#14877=CARTESIAN_POINT('',(10.8249802142382,3.,3.61186780035496));
#14878=CARTESIAN_POINT('Origin',(11.7981857806444,5.,7.42496527731419));
#14879=CARTESIAN_POINT('',(11.7981857806444,3.,7.42496527731419));
#14880=CARTESIAN_POINT('',(11.7981857806444,5.,7.42496527731419));
#14881=CARTESIAN_POINT('',(11.7981857806444,3.,7.42496527731419));
#14882=CARTESIAN_POINT('Origin',(12.943472340703,5.,7.42496527731419));
#14883=CARTESIAN_POINT('',(12.943472340703,3.,7.42496527731419));
#14884=CARTESIAN_POINT('',(12.943472340703,5.,7.42496527731419));
#14885=CARTESIAN_POINT('',(12.943472340703,3.,7.42496527731419));
#14886=CARTESIAN_POINT('Origin',(13.9184326678514,5.,3.61186780035496));
#14887=CARTESIAN_POINT('',(13.9184326678514,3.,3.61186780035496));
#14888=CARTESIAN_POINT('',(13.9184326678514,5.,3.61186780035496));
#14889=CARTESIAN_POINT('',(13.9184326678514,3.,3.61186780035496));
#14890=CARTESIAN_POINT('Origin',(13.9184326678514,5.,7.42496527731419));
#14891=CARTESIAN_POINT('',(13.9184326678514,3.,7.42496527731419));
#14892=CARTESIAN_POINT('',(13.9184326678514,5.,7.42496527731419));
#14893=CARTESIAN_POINT('',(13.9184326678514,3.,7.42496527731419));
#14894=CARTESIAN_POINT('Origin',(15.183782055974,5.,7.42496527731419));
#14895=CARTESIAN_POINT('',(15.183782055974,3.,7.42496527731419));
#14896=CARTESIAN_POINT('',(15.183782055974,5.,7.42496527731419));
#14897=CARTESIAN_POINT('',(15.183782055974,3.,7.42496527731419));
#14898=CARTESIAN_POINT('Origin',(15.183782055974,5.,2.42496527731419));
#14899=CARTESIAN_POINT('',(15.183782055974,3.,2.42496527731419));
#14900=CARTESIAN_POINT('',(15.183782055974,5.,2.42496527731419));
#14901=CARTESIAN_POINT('',(15.183782055974,3.,2.42496527731419));
#14902=CARTESIAN_POINT('Origin',(13.1531185656786,5.,2.42496527731419));
#14903=CARTESIAN_POINT('',(13.1531185656786,3.,2.42496527731419));
#14904=CARTESIAN_POINT('',(13.1531185656786,5.,2.42496527731419));
#14905=CARTESIAN_POINT('',(13.1531185656786,3.,2.42496527731419));
#14906=CARTESIAN_POINT('Origin',(12.3751205950975,5.,5.46725787222385));
#14907=CARTESIAN_POINT('',(12.3751205950975,3.,5.46725787222385));
#14908=CARTESIAN_POINT('',(12.3751205950975,5.,5.46725787222385));
#14909=CARTESIAN_POINT('',(12.3751205950975,3.,5.46725787222385));
#14910=CARTESIAN_POINT('Origin',(11.5915245562792,5.,2.42496527731419));
#14911=CARTESIAN_POINT('',(11.5915245562792,3.,2.42496527731419));
#14912=CARTESIAN_POINT('',(11.5915245562792,5.,2.42496527731419));
#14913=CARTESIAN_POINT('',(11.5915245562792,3.,2.42496527731419));
#14914=CARTESIAN_POINT('Origin',(9.55963559448719,5.,2.42496527731419));
#14915=CARTESIAN_POINT('',(9.55963559448719,3.,2.42496527731419));
#14916=CARTESIAN_POINT('',(9.55963559448719,5.,2.42496527731419));
#14917=CARTESIAN_POINT('',(9.55963559448719,3.,2.42496527731419));
#14918=CARTESIAN_POINT('Origin',(9.55963559448719,5.,7.42496527731419));
#14919=CARTESIAN_POINT('',(9.55963559448719,3.,7.42496527731419));
#14920=CARTESIAN_POINT('Origin',(-3.49999956786633,3.,-5.21540641784668E-7));
#14921=CARTESIAN_POINT('Ctrl Pts',(5.01454778015614,5.,-6.34038232266903));
#14922=CARTESIAN_POINT('Ctrl Pts',(5.01454778015614,3.,-6.34038232266903));
#14923=CARTESIAN_POINT('Ctrl Pts',(4.86747300685169,5.,-6.32775168827817));
#14924=CARTESIAN_POINT('Ctrl Pts',(4.86747300685169,3.,-6.32775168827817));
#14925=CARTESIAN_POINT('Ctrl Pts',(4.57917541800669,5.,-6.30299297977465));
#14926=CARTESIAN_POINT('Ctrl Pts',(4.57917541800669,3.,-6.30299297977465));
#14927=CARTESIAN_POINT('Ctrl Pts',(4.3677656277213,5.,-6.10603167857839));
#14928=CARTESIAN_POINT('Ctrl Pts',(4.3677656277213,3.,-6.10603167857839));
#14929=CARTESIAN_POINT('Ctrl Pts',(4.26420636475086,5.,-6.00955002009869));
#14930=CARTESIAN_POINT('Ctrl Pts',(4.26420636475086,3.,-6.00955002009869));
#14931=CARTESIAN_POINT('',(5.01454778015614,5.,-6.34038232266903));
#14932=CARTESIAN_POINT('',(4.26420636475086,5.,-6.00955002009869));
#14933=CARTESIAN_POINT('Ctrl Pts',(5.01454778015614,5.,-6.34038232266903));
#14934=CARTESIAN_POINT('Ctrl Pts',(4.86747300685169,5.,-6.32775168827817));
#14935=CARTESIAN_POINT('Ctrl Pts',(4.57917541800669,5.,-6.30299297977465));
#14936=CARTESIAN_POINT('Ctrl Pts',(4.3677656277213,5.,-6.10603167857839));
#14937=CARTESIAN_POINT('Ctrl Pts',(4.26420636475086,5.,-6.00955002009869));
#14938=CARTESIAN_POINT('',(5.01454778015614,3.,-6.34038232266903));
#14939=CARTESIAN_POINT('',(5.01454778015614,5.,-6.34038232266903));
#14940=CARTESIAN_POINT('',(4.26420636475086,3.,-6.00955002009869));
#14941=CARTESIAN_POINT('Ctrl Pts',(5.01454778015614,3.,-6.34038232266903));
#14942=CARTESIAN_POINT('Ctrl Pts',(4.86747300685169,3.,-6.32775168827817));
#14943=CARTESIAN_POINT('Ctrl Pts',(4.57917541800669,3.,-6.30299297977465));
#14944=CARTESIAN_POINT('Ctrl Pts',(4.3677656277213,3.,-6.10603167857839));
#14945=CARTESIAN_POINT('Ctrl Pts',(4.26420636475086,3.,-6.00955002009869));
#14946=CARTESIAN_POINT('',(4.26420636475086,5.,-6.00955002009869));
#14947=CARTESIAN_POINT('Ctrl Pts',(5.78705735504627,5.,-6.01466588675976));
#14948=CARTESIAN_POINT('Ctrl Pts',(5.78705735504627,3.,-6.01466588675976));
#14949=CARTESIAN_POINT('Ctrl Pts',(5.68105018240173,5.,-6.109635756789));
#14950=CARTESIAN_POINT('Ctrl Pts',(5.68105018240173,3.,-6.109635756789));
#14951=CARTESIAN_POINT('Ctrl Pts',(5.46150649511421,5.,-6.30632089541966));
#14952=CARTESIAN_POINT('Ctrl Pts',(5.46150649511421,3.,-6.30632089541966));
#14953=CARTESIAN_POINT('Ctrl Pts',(5.16690188103491,5.,-6.32877185854884));
#14954=CARTESIAN_POINT('Ctrl Pts',(5.16690188103491,3.,-6.32877185854884));
#14955=CARTESIAN_POINT('Ctrl Pts',(5.01454778015614,5.,-6.34038232266903));
#14956=CARTESIAN_POINT('Ctrl Pts',(5.01454778015614,3.,-6.34038232266903));
#14957=CARTESIAN_POINT('',(5.78705735504627,5.,-6.01466588675976));
#14958=CARTESIAN_POINT('Ctrl Pts',(5.78705735504627,5.,-6.01466588675976));
#14959=CARTESIAN_POINT('Ctrl Pts',(5.68105018240173,5.,-6.109635756789));
#14960=CARTESIAN_POINT('Ctrl Pts',(5.46150649511421,5.,-6.30632089541966));
#14961=CARTESIAN_POINT('Ctrl Pts',(5.16690188103491,5.,-6.32877185854884));
#14962=CARTESIAN_POINT('Ctrl Pts',(5.01454778015614,5.,-6.34038232266903));
#14963=CARTESIAN_POINT('',(5.78705735504627,3.,-6.01466588675976));
#14964=CARTESIAN_POINT('',(5.78705735504627,5.,-6.01466588675976));
#14965=CARTESIAN_POINT('Ctrl Pts',(5.78705735504627,3.,-6.01466588675976));
#14966=CARTESIAN_POINT('Ctrl Pts',(5.68105018240173,3.,-6.109635756789));
#14967=CARTESIAN_POINT('Ctrl Pts',(5.46150649511421,3.,-6.30632089541966));
#14968=CARTESIAN_POINT('Ctrl Pts',(5.16690188103491,3.,-6.32877185854884));
#14969=CARTESIAN_POINT('Ctrl Pts',(5.01454778015614,3.,-6.34038232266903));
#14970=CARTESIAN_POINT('Ctrl Pts',(6.07184834778309,5.,-4.98294703662395));
#14971=CARTESIAN_POINT('Ctrl Pts',(6.07184834778309,3.,-4.98294703662395));
#14972=CARTESIAN_POINT('Ctrl Pts',(6.06765727823412,5.,-5.19248310219942));
#14973=CARTESIAN_POINT('Ctrl Pts',(6.06765727823412,3.,-5.19248310219942));
#14974=CARTESIAN_POINT('Ctrl Pts',(6.06025070796744,5.,-5.56278084480503));
#14975=CARTESIAN_POINT('Ctrl Pts',(6.06025070796744,3.,-5.56278084480503));
#14976=CARTESIAN_POINT('Ctrl Pts',(5.86975812250318,5.,-5.87787178334416));
#14977=CARTESIAN_POINT('Ctrl Pts',(5.86975812250318,3.,-5.87787178334416));
#14978=CARTESIAN_POINT('Ctrl Pts',(5.78705735504627,5.,-6.01466588675976));
#14979=CARTESIAN_POINT('Ctrl Pts',(5.78705735504627,3.,-6.01466588675976));
#14980=CARTESIAN_POINT('',(6.07184834778309,5.,-4.98294703662395));
#14981=CARTESIAN_POINT('Ctrl Pts',(6.07184834778309,5.,-4.98294703662395));
#14982=CARTESIAN_POINT('Ctrl Pts',(6.06765727823412,5.,-5.19248310219942));
#14983=CARTESIAN_POINT('Ctrl Pts',(6.06025070796744,5.,-5.56278084480503));
#14984=CARTESIAN_POINT('Ctrl Pts',(5.86975812250318,5.,-5.87787178334416));
#14985=CARTESIAN_POINT('Ctrl Pts',(5.78705735504627,5.,-6.01466588675976));
#14986=CARTESIAN_POINT('',(6.07184834778309,3.,-4.98294703662395));
#14987=CARTESIAN_POINT('',(6.07184834778309,5.,-4.98294703662395));
#14988=CARTESIAN_POINT('Ctrl Pts',(6.07184834778309,3.,-4.98294703662395));
#14989=CARTESIAN_POINT('Ctrl Pts',(6.06765727823412,3.,-5.19248310219942));
#14990=CARTESIAN_POINT('Ctrl Pts',(6.06025070796744,3.,-5.56278084480503));
#14991=CARTESIAN_POINT('Ctrl Pts',(5.86975812250318,3.,-5.87787178334416));
#14992=CARTESIAN_POINT('Ctrl Pts',(5.78705735504627,3.,-6.01466588675976));
#14993=CARTESIAN_POINT('Ctrl Pts',(5.79899735748768,5.,-3.81991825997829));
#14994=CARTESIAN_POINT('Ctrl Pts',(5.79899735748768,3.,-3.81991825997829));
#14995=CARTESIAN_POINT('Ctrl Pts',(5.87796144587355,5.,-3.96797783349946));
#14996=CARTESIAN_POINT('Ctrl Pts',(5.87796144587355,3.,-3.96797783349946));
#14997=CARTESIAN_POINT('Ctrl Pts',(6.07032440259434,5.,-4.32866302490159));
#14998=CARTESIAN_POINT('Ctrl Pts',(6.07032440259434,3.,-4.32866302490159));
#14999=CARTESIAN_POINT('Ctrl Pts',(6.07128315734515,5.,-4.74029062755317));
#15000=CARTESIAN_POINT('Ctrl Pts',(6.07128315734515,3.,-4.74029062755317));
#15001=CARTESIAN_POINT('Ctrl Pts',(6.07184834778309,5.,-4.98294703662395));
#15002=CARTESIAN_POINT('Ctrl Pts',(6.07184834778309,3.,-4.98294703662395));
#15003=CARTESIAN_POINT('',(5.79899735748768,5.,-3.81991825997829));
#15004=CARTESIAN_POINT('Ctrl Pts',(5.79899735748768,5.,-3.81991825997829));
#15005=CARTESIAN_POINT('Ctrl Pts',(5.87796144587355,5.,-3.96797783349946));
#15006=CARTESIAN_POINT('Ctrl Pts',(6.07032440259434,5.,-4.32866302490159));
#15007=CARTESIAN_POINT('Ctrl Pts',(6.07128315734515,5.,-4.74029062755317));
#15008=CARTESIAN_POINT('Ctrl Pts',(6.07184834778309,5.,-4.98294703662395));
#15009=CARTESIAN_POINT('',(5.79899735748768,3.,-3.81991825997829));
#15010=CARTESIAN_POINT('',(5.79899735748768,5.,-3.81991825997829));
#15011=CARTESIAN_POINT('Ctrl Pts',(5.79899735748768,3.,-3.81991825997829));
#15012=CARTESIAN_POINT('Ctrl Pts',(5.87796144587355,3.,-3.96797783349946));
#15013=CARTESIAN_POINT('Ctrl Pts',(6.07032440259434,3.,-4.32866302490159));
#15014=CARTESIAN_POINT('Ctrl Pts',(6.07128315734515,3.,-4.74029062755317));
#15015=CARTESIAN_POINT('Ctrl Pts',(6.07184834778309,3.,-4.98294703662395));
#15016=CARTESIAN_POINT('Ctrl Pts',(5.02819009125233,5.,-3.49590741097927));
#15017=CARTESIAN_POINT('Ctrl Pts',(5.02819009125233,3.,-3.49590741097927));
#15018=CARTESIAN_POINT('Ctrl Pts',(5.18243120551019,5.,-3.50671139283043));
#15019=CARTESIAN_POINT('Ctrl Pts',(5.18243120551019,3.,-3.50671139283043));
#15020=CARTESIAN_POINT('Ctrl Pts',(5.47719869318898,5.,-3.52735869301699));
#15021=CARTESIAN_POINT('Ctrl Pts',(5.47719869318898,3.,-3.52735869301699));
#15022=CARTESIAN_POINT('Ctrl Pts',(5.6951107574071,5.,-3.72547094833736));
#15023=CARTESIAN_POINT('Ctrl Pts',(5.6951107574071,3.,-3.72547094833736));
#15024=CARTESIAN_POINT('Ctrl Pts',(5.79899735748768,5.,-3.81991825997829));
#15025=CARTESIAN_POINT('Ctrl Pts',(5.79899735748768,3.,-3.81991825997829));
#15026=CARTESIAN_POINT('',(5.02819009125233,5.,-3.49590741097927));
#15027=CARTESIAN_POINT('Ctrl Pts',(5.02819009125233,5.,-3.49590741097927));
#15028=CARTESIAN_POINT('Ctrl Pts',(5.18243120551019,5.,-3.50671139283043));
#15029=CARTESIAN_POINT('Ctrl Pts',(5.47719869318898,5.,-3.52735869301699));
#15030=CARTESIAN_POINT('Ctrl Pts',(5.6951107574071,5.,-3.72547094833736));
#15031=CARTESIAN_POINT('Ctrl Pts',(5.79899735748768,5.,-3.81991825997829));
#15032=CARTESIAN_POINT('',(5.02819009125233,3.,-3.49590741097927));
#15033=CARTESIAN_POINT('',(5.02819009125233,5.,-3.49590741097927));
#15034=CARTESIAN_POINT('Ctrl Pts',(5.02819009125233,3.,-3.49590741097927));
#15035=CARTESIAN_POINT('Ctrl Pts',(5.18243120551019,3.,-3.50671139283043));
#15036=CARTESIAN_POINT('Ctrl Pts',(5.47719869318898,3.,-3.52735869301699));
#15037=CARTESIAN_POINT('Ctrl Pts',(5.6951107574071,3.,-3.72547094833736));
#15038=CARTESIAN_POINT('Ctrl Pts',(5.79899735748768,3.,-3.81991825997829));
#15039=CARTESIAN_POINT('Ctrl Pts',(4.26250405609608,5.,-3.82673941552639));
#15040=CARTESIAN_POINT('Ctrl Pts',(4.26250405609608,3.,-3.82673941552639));
#15041=CARTESIAN_POINT('Ctrl Pts',(4.36714356910167,5.,-3.73027302186301));
#15042=CARTESIAN_POINT('Ctrl Pts',(4.36714356910167,3.,-3.73027302186301));
#15043=CARTESIAN_POINT('Ctrl Pts',(4.58319613079666,5.,-3.53109576205163));
#15044=CARTESIAN_POINT('Ctrl Pts',(4.58319613079666,3.,-3.53109576205163));
#15045=CARTESIAN_POINT('Ctrl Pts',(4.87679057872173,5.,-3.50787948177694));
#15046=CARTESIAN_POINT('Ctrl Pts',(4.87679057872173,3.,-3.50787948177694));
#15047=CARTESIAN_POINT('Ctrl Pts',(5.02819009125233,5.,-3.49590741097927));
#15048=CARTESIAN_POINT('Ctrl Pts',(5.02819009125233,3.,-3.49590741097927));
#15049=CARTESIAN_POINT('',(4.26250405609608,5.,-3.82673941552639));
#15050=CARTESIAN_POINT('Ctrl Pts',(4.26250405609608,5.,-3.82673941552639));
#15051=CARTESIAN_POINT('Ctrl Pts',(4.36714356910167,5.,-3.73027302186301));
#15052=CARTESIAN_POINT('Ctrl Pts',(4.58319613079666,5.,-3.53109576205163));
#15053=CARTESIAN_POINT('Ctrl Pts',(4.87679057872173,5.,-3.50787948177694));
#15054=CARTESIAN_POINT('Ctrl Pts',(5.02819009125233,5.,-3.49590741097927));
#15055=CARTESIAN_POINT('',(4.26250405609608,3.,-3.82673941552639));
#15056=CARTESIAN_POINT('',(4.26250405609608,5.,-3.82673941552639));
#15057=CARTESIAN_POINT('Ctrl Pts',(4.26250405609608,3.,-3.82673941552639));
#15058=CARTESIAN_POINT('Ctrl Pts',(4.36714356910167,3.,-3.73027302186301));
#15059=CARTESIAN_POINT('Ctrl Pts',(4.58319613079666,3.,-3.53109576205163));
#15060=CARTESIAN_POINT('Ctrl Pts',(4.87679057872173,3.,-3.50787948177694));
#15061=CARTESIAN_POINT('Ctrl Pts',(5.02819009125233,3.,-3.49590741097927));
#15062=CARTESIAN_POINT('Ctrl Pts',(3.98112721741199,5.,-4.91473399102688));
#15063=CARTESIAN_POINT('Ctrl Pts',(3.98112721741199,3.,-4.91473399102688));
#15064=CARTESIAN_POINT('Ctrl Pts',(3.98410241158921,5.,-4.69201785976552));
#15065=CARTESIAN_POINT('Ctrl Pts',(3.98410241158921,3.,-4.69201785976552));
#15066=CARTESIAN_POINT('Ctrl Pts',(3.9892857336646,5.,-4.30400639867937));
#15067=CARTESIAN_POINT('Ctrl Pts',(3.9892857336646,3.,-4.30400639867937));
#15068=CARTESIAN_POINT('Ctrl Pts',(4.18088258774914,5.,-3.96931855008729));
#15069=CARTESIAN_POINT('Ctrl Pts',(4.18088258774914,3.,-3.96931855008729));
#15070=CARTESIAN_POINT('Ctrl Pts',(4.26250405609608,5.,-3.82673941552639));
#15071=CARTESIAN_POINT('Ctrl Pts',(4.26250405609608,3.,-3.82673941552639));
#15072=CARTESIAN_POINT('',(3.98112721741199,5.,-4.91473399102688));
#15073=CARTESIAN_POINT('Ctrl Pts',(3.98112721741199,5.,-4.91473399102688));
#15074=CARTESIAN_POINT('Ctrl Pts',(3.98410241158921,5.,-4.69201785976552));
#15075=CARTESIAN_POINT('Ctrl Pts',(3.9892857336646,5.,-4.30400639867937));
#15076=CARTESIAN_POINT('Ctrl Pts',(4.18088258774914,5.,-3.96931855008729));
#15077=CARTESIAN_POINT('Ctrl Pts',(4.26250405609608,5.,-3.82673941552639));
#15078=CARTESIAN_POINT('',(3.98112721741199,3.,-4.91473399102688));
#15079=CARTESIAN_POINT('',(3.98112721741199,5.,-4.91473399102688));
#15080=CARTESIAN_POINT('Ctrl Pts',(3.98112721741199,3.,-4.91473399102688));
#15081=CARTESIAN_POINT('Ctrl Pts',(3.98410241158921,3.,-4.69201785976552));
#15082=CARTESIAN_POINT('Ctrl Pts',(3.9892857336646,3.,-4.30400639867937));
#15083=CARTESIAN_POINT('Ctrl Pts',(4.18088258774914,3.,-3.96931855008729));
#15084=CARTESIAN_POINT('Ctrl Pts',(4.26250405609608,3.,-3.82673941552639));
#15085=CARTESIAN_POINT('Ctrl Pts',(4.26420636475086,5.,-6.00955002009869));
#15086=CARTESIAN_POINT('Ctrl Pts',(4.26420636475086,3.,-6.00955002009869));
#15087=CARTESIAN_POINT('Ctrl Pts',(4.18210147049468,5.,-5.86642297512665));
#15088=CARTESIAN_POINT('Ctrl Pts',(4.18210147049468,3.,-5.86642297512665));
#15089=CARTESIAN_POINT('Ctrl Pts',(3.98898008853314,5.,-5.52976956400569));
#15090=CARTESIAN_POINT('Ctrl Pts',(3.98898008853314,3.,-5.52976956400569));
#15091=CARTESIAN_POINT('Ctrl Pts',(3.9839936745593,5.,-5.13923444274879));
#15092=CARTESIAN_POINT('Ctrl Pts',(3.9839936745593,3.,-5.13923444274879));
#15093=CARTESIAN_POINT('Ctrl Pts',(3.98112721741199,5.,-4.91473399102688));
#15094=CARTESIAN_POINT('Ctrl Pts',(3.98112721741199,3.,-4.91473399102688));
#15095=CARTESIAN_POINT('Ctrl Pts',(4.26420636475086,5.,-6.00955002009869));
#15096=CARTESIAN_POINT('Ctrl Pts',(4.18210147049468,5.,-5.86642297512665));
#15097=CARTESIAN_POINT('Ctrl Pts',(3.98898008853314,5.,-5.52976956400569));
#15098=CARTESIAN_POINT('Ctrl Pts',(3.9839936745593,5.,-5.13923444274879));
#15099=CARTESIAN_POINT('Ctrl Pts',(3.98112721741199,5.,-4.91473399102688));
#15100=CARTESIAN_POINT('Ctrl Pts',(4.26420636475086,3.,-6.00955002009869));
#15101=CARTESIAN_POINT('Ctrl Pts',(4.18210147049468,3.,-5.86642297512665));
#15102=CARTESIAN_POINT('Ctrl Pts',(3.98898008853314,3.,-5.52976956400569));
#15103=CARTESIAN_POINT('Ctrl Pts',(3.9839936745593,3.,-5.13923444274879));
#15104=CARTESIAN_POINT('Ctrl Pts',(3.98112721741199,3.,-4.91473399102688));
#15105=CARTESIAN_POINT('Ctrl Pts',(3.67928452789783,5.,-2.60914109647274));
#15106=CARTESIAN_POINT('Ctrl Pts',(3.67928452789783,3.,-2.60914109647274));
#15107=CARTESIAN_POINT('Ctrl Pts',(3.50191754455941,5.,-2.71437266693538));
#15108=CARTESIAN_POINT('Ctrl Pts',(3.50191754455941,3.,-2.71437266693538));
#15109=CARTESIAN_POINT('Ctrl Pts',(3.13801937040842,5.,-2.93027291868252));
#15110=CARTESIAN_POINT('Ctrl Pts',(3.13801937040842,3.,-2.93027291868252));
#15111=CARTESIAN_POINT('Ctrl Pts',(2.90171014914923,5.,-3.28167515872915));
#15112=CARTESIAN_POINT('Ctrl Pts',(2.90171014914923,3.,-3.28167515872915));
#15113=CARTESIAN_POINT('Ctrl Pts',(2.78057999908924,5.,-3.46180103719234));
#15114=CARTESIAN_POINT('Ctrl Pts',(2.78057999908924,3.,-3.46180103719234));
#15115=CARTESIAN_POINT('',(3.67928452789783,3.,-2.60914109647274));
#15116=CARTESIAN_POINT('',(3.67928452789783,5.,-2.60914109647274));
#15117=CARTESIAN_POINT('',(2.78057999908924,3.,-3.46180103719234));
#15118=CARTESIAN_POINT('Ctrl Pts',(3.67928452789783,3.,-2.60914109647274));
#15119=CARTESIAN_POINT('Ctrl Pts',(3.50191754455941,3.,-2.71437266693538));
#15120=CARTESIAN_POINT('Ctrl Pts',(3.13801937040842,3.,-2.93027291868252));
#15121=CARTESIAN_POINT('Ctrl Pts',(2.90171014914923,3.,-3.28167515872915));
#15122=CARTESIAN_POINT('Ctrl Pts',(2.78057999908924,3.,-3.46180103719234));
#15123=CARTESIAN_POINT('',(2.78057999908924,5.,-3.46180103719234));
#15124=CARTESIAN_POINT('Ctrl Pts',(5.07934994995594,5.,-2.33970008790493));
#15125=CARTESIAN_POINT('Ctrl Pts',(5.07934994995594,3.,-2.33970008790493));
#15126=CARTESIAN_POINT('Ctrl Pts',(4.81859926998372,5.,-2.3467777073831));
#15127=CARTESIAN_POINT('Ctrl Pts',(4.81859926998372,3.,-2.3467777073831));
#15128=CARTESIAN_POINT('Ctrl Pts',(4.33641151261273,5.,-2.35986584760989));
#15129=CARTESIAN_POINT('Ctrl Pts',(4.33641151261273,3.,-2.35986584760989));
#15130=CARTESIAN_POINT('Ctrl Pts',(3.88608831279088,5.,-2.53069192889311));
#15131=CARTESIAN_POINT('Ctrl Pts',(3.88608831279088,3.,-2.53069192889311));
#15132=CARTESIAN_POINT('Ctrl Pts',(3.67928452789783,5.,-2.60914109647274));
#15133=CARTESIAN_POINT('Ctrl Pts',(3.67928452789783,3.,-2.60914109647274));
#15134=CARTESIAN_POINT('',(5.07934994995594,3.,-2.33970008790493));
#15135=CARTESIAN_POINT('',(5.07934994995594,5.,-2.33970008790493));
#15136=CARTESIAN_POINT('Ctrl Pts',(5.07934994995594,3.,-2.33970008790493));
#15137=CARTESIAN_POINT('Ctrl Pts',(4.81859926998372,3.,-2.3467777073831));
#15138=CARTESIAN_POINT('Ctrl Pts',(4.33641151261273,3.,-2.35986584760989));
#15139=CARTESIAN_POINT('Ctrl Pts',(3.88608831279088,3.,-2.53069192889311));
#15140=CARTESIAN_POINT('Ctrl Pts',(3.67928452789783,3.,-2.60914109647274));
#15141=CARTESIAN_POINT('Ctrl Pts',(6.46918721497059,5.,-2.65177391469479));
#15142=CARTESIAN_POINT('Ctrl Pts',(6.46918721497059,3.,-2.65177391469479));
#15143=CARTESIAN_POINT('Ctrl Pts',(6.26344186923507,5.,-2.56086809766818));
#15144=CARTESIAN_POINT('Ctrl Pts',(6.26344186923507,3.,-2.56086809766818));
#15145=CARTESIAN_POINT('Ctrl Pts',(5.82150103530395,5.,-2.36560247723673));
#15146=CARTESIAN_POINT('Ctrl Pts',(5.82150103530395,3.,-2.36560247723673));
#15147=CARTESIAN_POINT('Ctrl Pts',(5.33784183749993,5.,-2.34872191330203));
#15148=CARTESIAN_POINT('Ctrl Pts',(5.33784183749993,3.,-2.34872191330203));
#15149=CARTESIAN_POINT('Ctrl Pts',(5.07934994995594,5.,-2.33970008790493));
#15150=CARTESIAN_POINT('Ctrl Pts',(5.07934994995594,3.,-2.33970008790493));
#15151=CARTESIAN_POINT('',(6.46918721497059,3.,-2.65177391469479));
#15152=CARTESIAN_POINT('',(6.46918721497059,5.,-2.65177391469479));
#15153=CARTESIAN_POINT('Ctrl Pts',(6.46918721497059,3.,-2.65177391469479));
#15154=CARTESIAN_POINT('Ctrl Pts',(6.26344186923507,3.,-2.56086809766818));
#15155=CARTESIAN_POINT('Ctrl Pts',(5.82150103530395,3.,-2.36560247723673));
#15156=CARTESIAN_POINT('Ctrl Pts',(5.33784183749993,3.,-2.34872191330203));
#15157=CARTESIAN_POINT('Ctrl Pts',(5.07934994995594,3.,-2.33970008790493));
#15158=CARTESIAN_POINT('Ctrl Pts',(7.32184834778309,5.,-3.52489791810513));
#15159=CARTESIAN_POINT('Ctrl Pts',(7.32184834778309,3.,-3.52489791810513));
#15160=CARTESIAN_POINT('Ctrl Pts',(7.21236708531935,5.,-3.34814395852206));
#15161=CARTESIAN_POINT('Ctrl Pts',(7.21236708531935,3.,-3.34814395852206));
#15162=CARTESIAN_POINT('Ctrl Pts',(6.992933104327,5.,-2.99387488877765));
#15163=CARTESIAN_POINT('Ctrl Pts',(6.992933104327,3.,-2.99387488877765));
#15164=CARTESIAN_POINT('Ctrl Pts',(6.64401905984068,5.,-2.76597079078723));
#15165=CARTESIAN_POINT('Ctrl Pts',(6.64401905984068,3.,-2.76597079078723));
#15166=CARTESIAN_POINT('Ctrl Pts',(6.46918721497059,5.,-2.65177391469479));
#15167=CARTESIAN_POINT('Ctrl Pts',(6.46918721497059,3.,-2.65177391469479));
#15168=CARTESIAN_POINT('',(7.32184834778309,3.,-3.52489791810513));
#15169=CARTESIAN_POINT('',(7.32184834778309,5.,-3.52489791810513));
#15170=CARTESIAN_POINT('Ctrl Pts',(7.32184834778309,3.,-3.52489791810513));
#15171=CARTESIAN_POINT('Ctrl Pts',(7.21236708531935,3.,-3.34814395852206));
#15172=CARTESIAN_POINT('Ctrl Pts',(6.992933104327,3.,-2.99387488877765));
#15173=CARTESIAN_POINT('Ctrl Pts',(6.64401905984068,3.,-2.76597079078723));
#15174=CARTESIAN_POINT('Ctrl Pts',(6.46918721497059,3.,-2.65177391469479));
#15175=CARTESIAN_POINT('Ctrl Pts',(7.61686749756336,5.,-4.96248327195644));
#15176=CARTESIAN_POINT('Ctrl Pts',(7.61686749756336,3.,-4.96248327195644));
#15177=CARTESIAN_POINT('Ctrl Pts',(7.60926513641924,5.,-4.69293028335209));
#15178=CARTESIAN_POINT('Ctrl Pts',(7.60926513641924,3.,-4.69293028335209));
#15179=CARTESIAN_POINT('Ctrl Pts',(7.59523694269808,5.,-4.1955398712714));
#15180=CARTESIAN_POINT('Ctrl Pts',(7.59523694269808,3.,-4.1955398712714));
#15181=CARTESIAN_POINT('Ctrl Pts',(7.40773605095626,5.,-3.73558665231123));
#15182=CARTESIAN_POINT('Ctrl Pts',(7.40773605095626,3.,-3.73558665231123));
#15183=CARTESIAN_POINT('Ctrl Pts',(7.32184834778309,5.,-3.52489791810513));
#15184=CARTESIAN_POINT('Ctrl Pts',(7.32184834778309,3.,-3.52489791810513));
#15185=CARTESIAN_POINT('',(7.61686749756336,3.,-4.96248327195644));
#15186=CARTESIAN_POINT('',(7.61686749756336,5.,-4.96248327195644));
#15187=CARTESIAN_POINT('Ctrl Pts',(7.61686749756336,3.,-4.96248327195644));
#15188=CARTESIAN_POINT('Ctrl Pts',(7.60926513641924,3.,-4.69293028335209));
#15189=CARTESIAN_POINT('Ctrl Pts',(7.59523694269808,3.,-4.1955398712714));
#15190=CARTESIAN_POINT('Ctrl Pts',(7.40773605095626,3.,-3.73558665231123));
#15191=CARTESIAN_POINT('Ctrl Pts',(7.32184834778309,3.,-3.52489791810513));
#15192=CARTESIAN_POINT('Ctrl Pts',(6.94156117737293,5.,-6.84004120528698));
#15193=CARTESIAN_POINT('Ctrl Pts',(6.94156117737293,3.,-6.84004120528698));
#15194=CARTESIAN_POINT('Ctrl Pts',(7.13829158317838,5.,-6.58234962767999));
#15195=CARTESIAN_POINT('Ctrl Pts',(7.13829158317838,3.,-6.58234962767999));
#15196=CARTESIAN_POINT('Ctrl Pts',(7.55982068003598,5.,-6.03020062187807));
#15197=CARTESIAN_POINT('Ctrl Pts',(7.55982068003598,3.,-6.03020062187807));
#15198=CARTESIAN_POINT('Ctrl Pts',(7.59702609487461,5.,-5.33384509047317));
#15199=CARTESIAN_POINT('Ctrl Pts',(7.59702609487461,3.,-5.33384509047317));
#15200=CARTESIAN_POINT('Ctrl Pts',(7.61686749756336,5.,-4.96248327195644));
#15201=CARTESIAN_POINT('Ctrl Pts',(7.61686749756336,3.,-4.96248327195644));
#15202=CARTESIAN_POINT('',(6.94156117737293,3.,-6.84004120528698));
#15203=CARTESIAN_POINT('',(6.94156117737293,5.,-6.84004120528698));
#15204=CARTESIAN_POINT('Ctrl Pts',(6.94156117737293,3.,-6.84004120528698));
#15205=CARTESIAN_POINT('Ctrl Pts',(7.13829158317838,3.,-6.58234962767999));
#15206=CARTESIAN_POINT('Ctrl Pts',(7.55982068003598,3.,-6.03020062187807));
#15207=CARTESIAN_POINT('Ctrl Pts',(7.59702609487461,3.,-5.33384509047317));
#15208=CARTESIAN_POINT('Ctrl Pts',(7.61686749756336,3.,-4.96248327195644));
#15209=CARTESIAN_POINT('Ctrl Pts',(5.01796193420887,5.,-7.51023195683956));
#15210=CARTESIAN_POINT('Ctrl Pts',(5.01796193420887,3.,-7.51023195683956));
#15211=CARTESIAN_POINT('Ctrl Pts',(5.39998934348794,5.,-7.49178757525781));
#15212=CARTESIAN_POINT('Ctrl Pts',(5.39998934348794,3.,-7.49178757525781));
#15213=CARTESIAN_POINT('Ctrl Pts',(6.11034173069588,5.,-7.45749157929276));
#15214=CARTESIAN_POINT('Ctrl Pts',(6.11034173069588,3.,-7.45749157929276));
#15215=CARTESIAN_POINT('Ctrl Pts',(6.67881346028145,5.,-7.03521671138932));
#15216=CARTESIAN_POINT('Ctrl Pts',(6.67881346028145,3.,-7.03521671138932));
#15217=CARTESIAN_POINT('Ctrl Pts',(6.94156117737293,5.,-6.84004120528698));
#15218=CARTESIAN_POINT('Ctrl Pts',(6.94156117737293,3.,-6.84004120528698));
#15219=CARTESIAN_POINT('',(5.21738787935074,3.,-7.5));
#15220=CARTESIAN_POINT('Ctrl Pts',(5.21738787935076,3.,-7.5));
#15221=CARTESIAN_POINT('Ctrl Pts',(5.21738787935076,3.33333333333333,-7.5));
#15222=CARTESIAN_POINT('Ctrl Pts',(5.21738787935076,3.66666666666667,-7.5));
#15223=CARTESIAN_POINT('Ctrl Pts',(5.21738787935076,4.33333333333333,-7.5));
#15224=CARTESIAN_POINT('Ctrl Pts',(5.21738787935076,4.66666666666667,-7.5));
#15225=CARTESIAN_POINT('Ctrl Pts',(5.21738787935076,5.,-7.5));
#15226=CARTESIAN_POINT('Ctrl Pts',(5.21738787935074,3.,-7.5));
#15227=CARTESIAN_POINT('Ctrl Pts',(5.53183937581607,3.,-7.48195663790502));
#15228=CARTESIAN_POINT('Ctrl Pts',(6.16359760806468,3.,-7.4179317957352));
#15229=CARTESIAN_POINT('Ctrl Pts',(6.67881346028145,3.,-7.03521671138932));
#15230=CARTESIAN_POINT('Ctrl Pts',(6.94156117737293,3.,-6.84004120528698));
#15231=CARTESIAN_POINT('Ctrl Pts',(3.11823315918446,5.,-6.82810388505459));
#15232=CARTESIAN_POINT('Ctrl Pts',(3.11823315918446,3.,-6.82810388505459));
#15233=CARTESIAN_POINT('Ctrl Pts',(3.37968201919216,5.,-7.02683225198612));
#15234=CARTESIAN_POINT('Ctrl Pts',(3.37968201919216,3.,-7.02683225198612));
#15235=CARTESIAN_POINT('Ctrl Pts',(3.9389439059319,5.,-7.45192954036427));
#15236=CARTESIAN_POINT('Ctrl Pts',(3.9389439059319,3.,-7.45192954036427));
#15237=CARTESIAN_POINT('Ctrl Pts',(4.6430289851182,5.,-7.4899732620121));
#15238=CARTESIAN_POINT('Ctrl Pts',(4.6430289851182,3.,-7.4899732620121));
#15239=CARTESIAN_POINT('Ctrl Pts',(5.01796193420887,5.,-7.51023195683956));
#15240=CARTESIAN_POINT('Ctrl Pts',(5.01796193420887,3.,-7.51023195683956));
#15241=CARTESIAN_POINT('',(4.83721929946108,3.,-7.5));
#15242=CARTESIAN_POINT('Ctrl Pts',(4.83721929946108,5.,-7.5));
#15243=CARTESIAN_POINT('Ctrl Pts',(4.83721929946108,4.66666666666667,-7.5));
#15244=CARTESIAN_POINT('Ctrl Pts',(4.83721929946108,4.33333333333333,-7.5));
#15245=CARTESIAN_POINT('Ctrl Pts',(4.83721929946108,3.66666666666667,-7.5));
#15246=CARTESIAN_POINT('Ctrl Pts',(4.83721929946108,3.33333333333333,-7.5));
#15247=CARTESIAN_POINT('Ctrl Pts',(4.83721929946108,3.,-7.5));
#15248=CARTESIAN_POINT('',(3.11823315918446,3.,-6.82810388505459));
#15249=CARTESIAN_POINT('',(3.11823315918446,5.,-6.82810388505459));
#15250=CARTESIAN_POINT('Ctrl Pts',(3.11823315918446,3.,-6.82810388505459));
#15251=CARTESIAN_POINT('Ctrl Pts',(3.37968201919216,3.,-7.02683225198612));
#15252=CARTESIAN_POINT('Ctrl Pts',(3.89104342966009,3.,-7.41552018893523));
#15253=CARTESIAN_POINT('Ctrl Pts',(4.52348237553861,3.,-7.48061705500749));
#15254=CARTESIAN_POINT('Ctrl Pts',(4.83721929946108,3.,-7.5));
#15255=CARTESIAN_POINT('Ctrl Pts',(2.43610329926014,5.,-4.92155514657497));
#15256=CARTESIAN_POINT('Ctrl Pts',(2.43610329926014,3.,-4.92155514657497));
#15257=CARTESIAN_POINT('Ctrl Pts',(2.45614901994359,5.,-5.29823840029335));
#15258=CARTESIAN_POINT('Ctrl Pts',(2.45614901994359,3.,-5.29823840029335));
#15259=CARTESIAN_POINT('Ctrl Pts',(2.49373837398707,5.,-6.00458767103617));
#15260=CARTESIAN_POINT('Ctrl Pts',(2.49373837398707,3.,-6.00458767103617));
#15261=CARTESIAN_POINT('Ctrl Pts',(2.91951533048113,5.,-6.56605629421682));
#15262=CARTESIAN_POINT('Ctrl Pts',(2.91951533048113,3.,-6.56605629421682));
#15263=CARTESIAN_POINT('Ctrl Pts',(3.11823315918446,5.,-6.82810388505459));
#15264=CARTESIAN_POINT('Ctrl Pts',(3.11823315918446,3.,-6.82810388505459));
#15265=CARTESIAN_POINT('',(2.43610329926014,3.,-4.92155514657497));
#15266=CARTESIAN_POINT('',(2.43610329926014,5.,-4.92155514657497));
#15267=CARTESIAN_POINT('Ctrl Pts',(2.43610329926014,3.,-4.92155514657497));
#15268=CARTESIAN_POINT('Ctrl Pts',(2.45614901994359,3.,-5.29823840029335));
#15269=CARTESIAN_POINT('Ctrl Pts',(2.49373837398707,3.,-6.00458767103617));
#15270=CARTESIAN_POINT('Ctrl Pts',(2.91951533048113,3.,-6.56605629421682));
#15271=CARTESIAN_POINT('Ctrl Pts',(3.11823315918446,3.,-6.82810388505459));
#15272=CARTESIAN_POINT('Ctrl Pts',(2.78057999908924,5.,-3.46180103719234));
#15273=CARTESIAN_POINT('Ctrl Pts',(2.78057999908924,3.,-3.46180103719234));
#15274=CARTESIAN_POINT('Ctrl Pts',(2.68022925180802,5.,-3.67715501383536));
#15275=CARTESIAN_POINT('Ctrl Pts',(2.68022925180802,3.,-3.67715501383536));
#15276=CARTESIAN_POINT('Ctrl Pts',(2.46498387752986,5.,-4.13907431748449));
#15277=CARTESIAN_POINT('Ctrl Pts',(2.46498387752986,3.,-4.13907431748449));
#15278=CARTESIAN_POINT('Ctrl Pts',(2.44615425720204,5.,-4.64923781864328));
#15279=CARTESIAN_POINT('Ctrl Pts',(2.44615425720204,3.,-4.64923781864328));
#15280=CARTESIAN_POINT('Ctrl Pts',(2.43610329926014,5.,-4.92155514657497));
#15281=CARTESIAN_POINT('Ctrl Pts',(2.43610329926014,3.,-4.92155514657497));
#15282=CARTESIAN_POINT('Ctrl Pts',(2.78057999908924,3.,-3.46180103719234));
#15283=CARTESIAN_POINT('Ctrl Pts',(2.68022925180802,3.,-3.67715501383536));
#15284=CARTESIAN_POINT('Ctrl Pts',(2.46498387752986,3.,-4.13907431748449));
#15285=CARTESIAN_POINT('Ctrl Pts',(2.44615425720204,3.,-4.64923781864328));
#15286=CARTESIAN_POINT('Ctrl Pts',(2.43610329926014,3.,-4.92155514657497));
#15287=CARTESIAN_POINT('Origin',(-3.49999956786633,3.,-5.21540641784668E-7));
#15288=CARTESIAN_POINT('',(10.7500002160668,3.,-7.5));
#15289=CARTESIAN_POINT('Origin',(-8.22426490485668,5.,-2.42496632039547));
#15290=CARTESIAN_POINT('',(-8.22426490485668,3.,-2.42496632039547));
#15291=CARTESIAN_POINT('',(-8.22426490485668,5.,-2.42496632039547));
#15292=CARTESIAN_POINT('',(-9.48961310088634,3.,-2.42496632039547));
#15293=CARTESIAN_POINT('',(-8.22426490485668,3.,-2.42496632039547));
#15294=CARTESIAN_POINT('',(-9.48961310088634,5.,-2.42496632039547));
#15295=CARTESIAN_POINT('Origin',(-8.22426490485668,5.,-6.23806320130825));
#15296=CARTESIAN_POINT('',(-8.22426490485668,3.,-6.23806320130825));
#15297=CARTESIAN_POINT('',(-8.22426490485668,5.,-6.23806320130825));
#15298=CARTESIAN_POINT('',(-8.22426490485668,3.,-6.23806320130825));
#15299=CARTESIAN_POINT('Origin',(-7.25105933845043,5.,-2.42496632039547));
#15300=CARTESIAN_POINT('',(-7.25105933845043,3.,-2.42496632039547));
#15301=CARTESIAN_POINT('',(-7.25105933845043,5.,-2.42496632039547));
#15302=CARTESIAN_POINT('',(-7.25105933845043,3.,-2.42496632039547));
#15303=CARTESIAN_POINT('Origin',(-6.10577754676342,5.,-2.42496632039547));
#15304=CARTESIAN_POINT('',(-6.10577754676342,3.,-2.42496632039547));
#15305=CARTESIAN_POINT('',(-6.10577754676342,5.,-2.42496632039547));
#15306=CARTESIAN_POINT('',(-6.10577754676342,3.,-2.42496632039547));
#15307=CARTESIAN_POINT('Origin',(-5.1308136433363,5.,-6.23806320130825));
#15308=CARTESIAN_POINT('',(-5.1308136433363,3.,-6.23806320130825));
#15309=CARTESIAN_POINT('',(-5.1308136433363,5.,-6.23806320130825));
#15310=CARTESIAN_POINT('',(-5.1308136433363,3.,-6.23806320130825));
#15311=CARTESIAN_POINT('Origin',(-5.1308136433363,5.,-2.42496632039547));
#15312=CARTESIAN_POINT('',(-5.1308136433363,3.,-2.42496632039547));
#15313=CARTESIAN_POINT('',(-5.1308136433363,5.,-2.42496632039547));
#15314=CARTESIAN_POINT('',(-5.1308136433363,3.,-2.42496632039547));
#15315=CARTESIAN_POINT('Origin',(-3.86546663939953,5.,-2.42496632039547));
#15316=CARTESIAN_POINT('',(-3.86546663939953,3.,-2.42496632039547));
#15317=CARTESIAN_POINT('',(-3.86546663939953,5.,-2.42496632039547));
#15318=CARTESIAN_POINT('',(-3.86546663939953,3.,-2.42496632039547));
#15319=CARTESIAN_POINT('Origin',(-3.86546663939953,5.,-7.42496632039547));
#15320=CARTESIAN_POINT('',(-3.86546663939953,3.,-7.42496632039547));
#15321=CARTESIAN_POINT('',(-3.86546663939953,5.,-7.42496632039547));
#15322=CARTESIAN_POINT('',(-3.86546663939953,3.,-7.42496632039547));
#15323=CARTESIAN_POINT('Origin',(-5.89612893760204,5.,-7.42496632039547));
#15324=CARTESIAN_POINT('',(-5.89612893760204,3.,-7.42496632039547));
#15325=CARTESIAN_POINT('',(-5.89612893760204,5.,-7.42496632039547));
#15326=CARTESIAN_POINT('',(-5.89612893760204,3.,-7.42496632039547));
#15327=CARTESIAN_POINT('Origin',(-6.67412810027599,5.,-4.38267432153225));
#15328=CARTESIAN_POINT('',(-6.67412810027599,3.,-4.38267432153225));
#15329=CARTESIAN_POINT('',(-6.67412810027599,5.,-4.38267432153225));
#15330=CARTESIAN_POINT('',(-6.67412810027599,3.,-4.38267432153225));
#15331=CARTESIAN_POINT('Origin',(-7.45772294700146,5.,-7.42496632039547));
#15332=CARTESIAN_POINT('',(-7.45772294700146,3.,-7.42496632039547));
#15333=CARTESIAN_POINT('',(-7.45772294700146,5.,-7.42496632039547));
#15334=CARTESIAN_POINT('',(-7.45772294700146,3.,-7.42496632039547));
#15335=CARTESIAN_POINT('Origin',(-9.48961310088634,5.,-7.42496632039547));
#15336=CARTESIAN_POINT('',(-9.48961310088634,3.,-7.42496632039547));
#15337=CARTESIAN_POINT('',(-9.48961310088634,5.,-7.42496632039547));
#15338=CARTESIAN_POINT('',(-9.48961310088634,3.,-7.42496632039547));
#15339=CARTESIAN_POINT('Origin',(-9.48961310088634,5.,-2.42496632039547));
#15340=CARTESIAN_POINT('',(-9.48961310088634,3.,-2.42496632039547));
#15341=CARTESIAN_POINT('Origin',(-3.49999956786633,3.,-5.21540641784668E-7));
#15342=CARTESIAN_POINT('Origin',(-18.9392041414976,5.,-2.42496632039547));
#15343=CARTESIAN_POINT('',(-18.9392041414976,3.,-2.42496632039547));
#15344=CARTESIAN_POINT('',(-18.9392041414976,5.,-2.42496632039547));
#15345=CARTESIAN_POINT('',(-18.9392041414976,3.,-2.42496632039547));
#15346=CARTESIAN_POINT('Origin',(-17.3907732218504,5.,-2.42496632039547));
#15347=CARTESIAN_POINT('',(-17.3907732218504,3.,-2.42496632039547));
#15348=CARTESIAN_POINT('',(-17.3907732218504,5.,-2.42496632039547));
#15349=CARTESIAN_POINT('',(-17.3907732218504,3.,-2.42496632039547));
#15350=CARTESIAN_POINT('Origin',(-17.3907732218504,5.,-4.51909981667995));
#15351=CARTESIAN_POINT('',(-17.3907732218504,3.,-4.51909981667995));
#15352=CARTESIAN_POINT('',(-17.3907732218504,5.,-4.51909981667995));
#15353=CARTESIAN_POINT('',(-17.3907732218504,3.,-4.51909981667995));
#15354=CARTESIAN_POINT('Origin',(-15.4467075318098,5.,-7.42496632039547));
#15355=CARTESIAN_POINT('',(-15.4467075318098,3.,-7.42496632039547));
#15356=CARTESIAN_POINT('',(-15.4467075318098,5.,-7.42496632039547));
#15357=CARTESIAN_POINT('',(-15.4467075318098,3.,-7.42496632039547));
#15358=CARTESIAN_POINT('Origin',(-17.1536802500486,5.,-7.42496632039547));
#15359=CARTESIAN_POINT('',(-17.1536802500486,3.,-7.42496632039547));
#15360=CARTESIAN_POINT('',(-17.1536802500486,5.,-7.42496632039547));
#15361=CARTESIAN_POINT('',(-17.1536802500486,3.,-7.42496632039547));
#15362=CARTESIAN_POINT('Origin',(-18.1630700081587,5.,-5.73824428021908));
#15363=CARTESIAN_POINT('',(-18.1630700081587,3.,-5.73824428021908));
#15364=CARTESIAN_POINT('',(-18.1630700081587,5.,-5.73824428021908));
#15365=CARTESIAN_POINT('',(-18.1630700081587,3.,-5.73824428021908));
#15366=CARTESIAN_POINT('Origin',(-19.1705416887999,5.,-7.42496632039547));
#15367=CARTESIAN_POINT('',(-19.1705416887999,3.,-7.42496632039547));
#15368=CARTESIAN_POINT('',(-19.1705416887999,5.,-7.42496632039547));
#15369=CARTESIAN_POINT('',(-19.1705416887999,3.,-7.42496632039547));
#15370=CARTESIAN_POINT('Origin',(-20.8866804093122,5.,-7.42496632039547));
#15371=CARTESIAN_POINT('',(-20.8866804093122,3.,-7.42496632039547));
#15372=CARTESIAN_POINT('Origin',(-3.49999956786633,3.,-5.21540641784668E-7));
#15373=CARTESIAN_POINT('Origin',(-4.44089209850063E-15,5.,-2.22044604925031E-15));
#15374=CARTESIAN_POINT('Origin',(-4.44089209850063E-15,5.,-2.22044604925031E-15));
#15375=CARTESIAN_POINT('Origin',(-4.44089209850063E-15,5.,-2.22044604925031E-15));
#15376=CARTESIAN_POINT('Origin',(-4.44089209850063E-15,5.,-2.22044604925031E-15));
#15377=CARTESIAN_POINT('Origin',(-4.44089209850063E-15,5.,-2.22044604925031E-15));
#15378=CARTESIAN_POINT('Origin',(-4.44089209850063E-15,5.,-2.22044604925031E-15));
#15379=CARTESIAN_POINT('Origin',(-4.44089209850063E-15,5.,-2.22044604925031E-15));
#15380=CARTESIAN_POINT('Origin',(20.0000002980232,0.,0.));
#15381=CARTESIAN_POINT('',(17.5000002980232,0.,3.06161699786838E-16));
#15382=CARTESIAN_POINT('Origin',(-25.,0.,7.5));
#15383=CARTESIAN_POINT('Origin',(25.,0.,-7.5));
#15384=UNCERTAINTY_MEASURE_WITH_UNIT(LENGTH_MEASURE(0.01),#15388,
'DISTANCE_ACCURACY_VALUE',
'Maximum model space distance between geometric entities at asserted c
onnectivities');
#15385=UNCERTAINTY_MEASURE_WITH_UNIT(LENGTH_MEASURE(0.01),#15388,
'DISTANCE_ACCURACY_VALUE',
'Maximum model space distance between geometric entities at asserted c
onnectivities');
#15386=(
GEOMETRIC_REPRESENTATION_CONTEXT(3)
GLOBAL_UNCERTAINTY_ASSIGNED_CONTEXT((#15384))
GLOBAL_UNIT_ASSIGNED_CONTEXT((#15388,#15390,#15391))
REPRESENTATION_CONTEXT('','3D')
);
#15387=(
GEOMETRIC_REPRESENTATION_CONTEXT(3)
GLOBAL_UNCERTAINTY_ASSIGNED_CONTEXT((#15385))
GLOBAL_UNIT_ASSIGNED_CONTEXT((#15388,#15390,#15391))
REPRESENTATION_CONTEXT('','3D')
);
#15388=(
LENGTH_UNIT()
NAMED_UNIT(*)
SI_UNIT(.MILLI.,.METRE.)
);
#15389=(
LENGTH_UNIT()
NAMED_UNIT(*)
SI_UNIT($,.METRE.)
);
#15390=(
NAMED_UNIT(*)
PLANE_ANGLE_UNIT()
SI_UNIT($,.RADIAN.)
);
#15391=(
NAMED_UNIT(*)
SI_UNIT($,.STERADIAN.)
SOLID_ANGLE_UNIT()
);
#15392=SHAPE_DEFINITION_REPRESENTATION(#15393,#15394);
#15393=PRODUCT_DEFINITION_SHAPE('',$,#15396);
#15394=SHAPE_REPRESENTATION('',(#7932),#15386);
#15395=PRODUCT_DEFINITION_CONTEXT('part definition',#15400,'design');
#15396=PRODUCT_DEFINITION('2026-09-01-12-04-57-916','FusionComponent',#15397,
#15395);
#15397=PRODUCT_DEFINITION_FORMATION('',$,#15402);
#15398=PRODUCT_RELATED_PRODUCT_CATEGORY('FusionComponent',
'FusionComponent',(#15402));
#15399=APPLICATION_PROTOCOL_DEFINITION('international standard',
'automotive_design',2009,#15400);
#15400=APPLICATION_CONTEXT(
'Core Data for Automotive Mechanical Design Process');
#15401=PRODUCT_CONTEXT('part definition',#15400,'mechanical');
#15402=PRODUCT('2026-09-01-12-04-57-916','FusionComponent',$,(#15401));
#15403=PRESENTATION_STYLE_ASSIGNMENT((#15404));
#15404=SURFACE_STYLE_USAGE(.BOTH.,#15405);
#15405=SURFACE_SIDE_STYLE('',(#15406));
#15406=SURFACE_STYLE_FILL_AREA(#15407);
#15407=FILL_AREA_STYLE('Acier - Satin\X\E9',(#15408));
#15408=FILL_AREA_STYLE_COLOUR('Acier - Satin\X\E9',#15409);
#15409=COLOUR_RGB('Acier - Satin\X\E9',0.627450980392157,0.627450980392157,
0.627450980392157);
ENDSEC;
END-ISO-10303-21;
